class	Upstream	Upstream	Upstream	Downstream	Downstream	Downstream	Downstream	Downstream
subject	DeulW	NbbW	AbbW	CmbW	PgbW	HnbW	PaglaW	FatulW
k__Archaea	0.00186417	0.00050628	0.00114811	0.00492450	0.00023482	0.00083954	0.00028261	0.00010501
k__Bacteria	0.98833103	0.99451825	0.99885189	0.99479499	0.99976518	0.99856310	0.97597810	0.95127586
k__Archaea|p__Aenigmarchaeota	0.00000000	0.00000000	0.00000000	0.00000000	0.00000000	0.00000000	0.00000000	0.00000000
k__Archaea|p__Asgardarchaeota	0.00000000	0.00000000	0.00000000	0.00000000	0.00000000	0.00000000	0.00000000	0.00000000
k__Archaea|p__Crenarchaeota	0.00012547	0.00012220	0.00000000	0.00007792	0.00000000	0.00001614	0.00000000	0.00000000
k__Archaea|p__Euryarchaeota	0.00008962	0.00003492	0.00069491	0.00004675	0.00000000	0.00000000	0.00003533	0.00000000
k__Archaea|p__Hadarchaeota	0.00000000	0.00000000	0.00000000	0.00000000	0.00000000	0.00000000	0.00000000	0.00000000
k__Archaea|p__Halobacterota	0.00107548	0.00022695	0.00033235	0.00448815	0.00023482	0.00075881	0.00024728	0.00006301
k__Archaea|p__Nanoarchaeota	0.00010755	0.00000000	0.00000000	0.00003117	0.00000000	0.00000000	0.00000000	0.00000000
k__Archaea|p__Thermoplasmatota	0.00007170	0.00006983	0.00000000	0.00012467	0.00000000	0.00000000	0.00000000	0.00000000
k__Archaea|p__unidentified_Archaea	0.00028679	0.00005237	0.00012085	0.00010909	0.00000000	0.00006458	0.00000000	0.00000000
k__Bacteria|p__Abditibacteriota	0.00000000	0.00000000	0.00000000	0.00000000	0.00000000	0.00000000	0.00000000	0.00000000
k__Bacteria|p__Acetothermia	0.00000000	0.00001746	0.00003021	0.00000000	0.00000000	0.00000000	0.00000000	0.00000000
k__Bacteria|p__Acidobacteriota	0.00690100	0.00295037	0.00027192	0.00561019	0.00137957	0.00926718	0.00093615	0.00042004
k__Bacteria|p__Actinobacteria	0.00670383	0.00796075	0.01281044	0.00254017	0.00946622	0.00206655	0.00339133	0.00312927
k__Bacteria|p__Actinobacteriota	0.00340569	0.00120459	0.00120853	0.00113762	0.00029353	0.00343887	0.00219023	0.00081907
k__Bacteria|p__Armatimonadota	0.00000000	0.00005237	0.00006043	0.00006234	0.00000000	0.00011301	0.00000000	0.00000000
k__Bacteria|p__Bacteroidota	0.15538906	0.04586163	0.30802465	0.11153361	0.06328427	0.18573112	0.07618122	0.18958311
k__Bacteria|p__Bdellovibrionota	0.00010755	0.00006983	0.00015107	0.00017142	0.00014676	0.00022603	0.00015897	0.00033603
k__Bacteria|p__Berkelbacteria	0.00000000	0.00000000	0.00003021	0.00000000	0.00000000	0.00000000	0.00000000	0.00000000
k__Bacteria|p__CK_2C2_2	0.00000000	0.00000000	0.00000000	0.00000000	0.00000000	0.00000000	0.00000000	0.00000000
k__Bacteria|p__Caldatribacteriota	0.00000000	0.00000000	0.00000000	0.00000000	0.00000000	0.00000000	0.00000000	0.00000000
k__Bacteria|p__Caldisericota	0.00000000	0.00008729	0.00018128	0.00009350	0.00002935	0.00003229	0.00000000	0.00000000
k__Bacteria|p__Calditrichota	0.00005377	0.00019204	0.00000000	0.00020259	0.00001468	0.00020988	0.00001766	0.00002100
k__Bacteria|p__Campylobacterota	0.05527971	0.02374260	0.00610309	0.04290234	0.03484157	0.09644973	0.03234125	0.04939620
k__Bacteria|p__Candidatus_Falkowbacteria	0.00003585	0.00000000	0.00000000	0.00000000	0.00000000	0.00000000	0.00000000	0.00000000
k__Bacteria|p__Candidatus_Kaiserbacteria	0.00000000	0.00000000	0.00000000	0.00000000	0.00000000	0.00000000	0.00001766	0.00004200
k__Bacteria|p__Candidatus_Magasanikbacteria	0.00000000	0.00000000	0.00000000	0.00000000	0.00000000	0.00000000	0.00000000	0.00000000
k__Bacteria|p__Candidatus_Moranbacteria	0.00005377	0.00001746	0.00003021	0.00006234	0.00005871	0.00019374	0.00116577	0.00010501
k__Bacteria|p__Candidatus_Nomurabacteria	0.00000000	0.00000000	0.00000000	0.00000000	0.00000000	0.00000000	0.00003533	0.00000000
k__Bacteria|p__Candidatus_Pacebacteria	0.00000000	0.00000000	0.00000000	0.00003117	0.00000000	0.00000000	0.00000000	0.00000000
k__Bacteria|p__Candidatus_Peregrinibacteria	0.00000000	0.00000000	0.00000000	0.00006234	0.00001468	0.00000000	0.00000000	0.00004200
k__Bacteria|p__Candidatus_Raymondbacteria	0.00000000	0.00000000	0.00000000	0.00000000	0.00000000	0.00000000	0.00000000	0.00000000
k__Bacteria|p__Candidatus_Woesebacteria	0.00000000	0.00000000	0.00000000	0.00000000	0.00000000	0.00000000	0.00000000	0.00000000
k__Bacteria|p__Candidatus_Yanofskybacteria	0.00000000	0.00000000	0.00000000	0.00000000	0.00000000	0.00000000	0.00000000	0.00000000
k__Bacteria|p__Candidatus_Yonathbacteria	0.00000000	0.00000000	0.00000000	0.00000000	0.00000000	0.00000000	0.00000000	0.00000000
k__Bacteria|p__Candidatus_Zambryskibacteria	0.00000000	0.00000000	0.00000000	0.00000000	0.00000000	0.00000000	0.00000000	0.00000000
k__Bacteria|p__Chlamydiae	0.00000000	0.00006983	0.00000000	0.00006234	0.00026417	0.00001614	0.00003533	0.00000000
k__Bacteria|p__Chloroflexi	0.00338776	0.00165849	0.00033235	0.00316352	0.00014676	0.00306753	0.00022962	0.00014701
k__Bacteria|p__Cloacimonadota	0.00000000	0.00000000	0.00000000	0.00004675	0.00000000	0.00004843	0.00000000	0.00000000
k__Bacteria|p__Cyanobacteria	0.00276040	0.00054119	0.00090640	0.00040518	0.00019079	0.00104942	0.00037093	0.00033603
k__Bacteria|p__DTB120	0.00000000	0.00000000	0.00000000	0.00000000	0.00000000	0.00004843	0.00003533	0.00000000
k__Bacteria|p__Dadabacteria	0.00001792	0.00000000	0.00000000	0.00000000	0.00000000	0.00000000	0.00000000	0.00000000
k__Bacteria|p__Deferribacteres	0.00003585	0.00000000	0.00000000	0.00001558	0.00000000	0.00000000	0.00015897	0.00000000
k__Bacteria|p__Deferrisomatota	0.00039434	0.00015712	0.00000000	0.00010909	0.00000000	0.00033904	0.00010598	0.00012601
k__Bacteria|p__Deinococcota	0.00005377	0.00001746	0.00000000	0.00000000	0.00001468	0.00000000	0.00003533	0.00000000
k__Bacteria|p__Desulfobacterota	0.15723530	0.12564376	0.01389812	0.06905203	0.06595535	0.04859620	0.04550031	0.01608737
k__Bacteria|p__Edwardsbacteria	0.00000000	0.00000000	0.00000000	0.00000000	0.00000000	0.00000000	0.00000000	0.00000000
k__Bacteria|p__Elusimicrobia	0.00016132	0.00000000	0.00000000	0.00009350	0.00007338	0.00017759	0.00003533	0.00002100
k__Bacteria|p__Elusimicrobiota	0.00028679	0.00001746	0.00000000	0.00037401	0.00010273	0.00019374	0.00021196	0.00016801
k__Bacteria|p__Entotheonellaeota	0.00000000	0.00000000	0.00000000	0.00000000	0.00000000	0.00000000	0.00000000	0.00000000
k__Bacteria|p__FCPU426	0.00000000	0.00000000	0.00000000	0.00000000	0.00000000	0.00003229	0.00000000	0.00000000
k__Bacteria|p__FW113	0.00000000	0.00000000	0.00000000	0.00000000	0.00000000	0.00000000	0.00000000	0.00000000
k__Bacteria|p__Fibrobacterota	0.00016132	0.00006983	0.00006043	0.00028051	0.00008806	0.00004843	0.00005299	0.00002100
k__Bacteria|p__Firmicutes	0.05104949	0.04855013	0.12233368	0.12323708	0.36062639	0.09018551	0.14794666	0.09247086
k__Bacteria|p__Fusobacteriota	0.00028679	0.00003492	0.00000000	0.00048310	0.00013209	0.00045206	0.00035326	0.00123911
k__Bacteria|p__GAL15	0.00012547	0.00000000	0.00000000	0.00001558	0.00000000	0.00001614	0.00000000	0.00000000
k__Bacteria|p__Gemmatimonadetes	0.00014340	0.00005237	0.00003021	0.00014025	0.00000000	0.00025832	0.00000000	0.00000000
k__Bacteria|p__Gemmatimonadota	0.00000000	0.00000000	0.00000000	0.00000000	0.00000000	0.00000000	0.00000000	0.00000000
k__Bacteria|p__Gracilibacteria	0.00066321	0.00144900	0.00036256	0.00197915	0.00293526	0.00156606	0.00077718	0.00273023
k__Bacteria|p__Hydrogenedentes	0.00030472	0.00013966	0.00009064	0.00014025	0.00004403	0.00006458	0.00010598	0.00000000
k__Bacteria|p__Kapabacteria	0.00026887	0.00019204	0.00021149	0.00007792	0.00036691	0.00035519	0.00012364	0.00006301
k__Bacteria|p__Kryptonia	0.00136228	0.00029678	0.00000000	0.00119996	0.00000000	0.00192125	0.00000000	0.00000000
k__Bacteria|p__LCP_89	0.00005377	0.00000000	0.00000000	0.00003117	0.00007338	0.00001614	0.00000000	0.00000000
k__Bacteria|p__Latescibacteria	0.00007170	0.00006983	0.00000000	0.00020259	0.00000000	0.00014530	0.00001766	0.00000000
k__Bacteria|p__Latescibacterota	0.00023302	0.00012220	0.00000000	0.00038960	0.00000000	0.00029061	0.00000000	0.00000000
k__Bacteria|p__MBNT15	0.00794063	0.00254884	0.00000000	0.00546993	0.00000000	0.01125301	0.00001766	0.00002100
k__Bacteria|p__Margulisbacteria	0.00000000	0.00000000	0.00000000	0.00000000	0.00000000	0.00000000	0.00000000	0.00000000
k__Bacteria|p__Methylomirabilota	0.00059151	0.00027932	0.00000000	0.00063894	0.00000000	0.00117858	0.00000000	0.00000000
k__Bacteria|p__Modulibacteria	0.00008962	0.00000000	0.00000000	0.00015584	0.00048432	0.00008072	0.00008832	0.00004200
k__Bacteria|p__Myxococcota	0.00127265	0.00041899	0.00018128	0.00112204	0.00001468	0.00180823	0.00008832	0.00006301
k__Bacteria|p__NB1_j	0.00043019	0.00019204	0.00000000	0.00014025	0.00000000	0.00077496	0.00000000	0.00000000
k__Bacteria|p__NKB15	0.00001792	0.00001746	0.00000000	0.00000000	0.00000000	0.00000000	0.00000000	0.00000000
k__Bacteria|p__Nitrospinota	0.00032264	0.00020949	0.00000000	0.00045193	0.00000000	0.00061351	0.00000000	0.00000000
k__Bacteria|p__Nitrospirota	0.00139813	0.00052373	0.00009064	0.00118437	0.00002935	0.00216342	0.00003533	0.00004200
k__Bacteria|p__Parcubacteria	0.00000000	0.00000000	0.00000000	0.00000000	0.00000000	0.00000000	0.00000000	0.00000000
k__Bacteria|p__Planctomycetes	0.00000000	0.00000000	0.00000000	0.00000000	0.00000000	0.00000000	0.00000000	0.00000000
k__Bacteria|p__Planctomycetota	0.00032264	0.00013966	0.00000000	0.00017142	0.00000000	0.00012916	0.00000000	0.00000000
k__Bacteria|p__Proteobacteria	0.33006507	0.67346939	0.48809596	0.50337390	0.27551844	0.41968711	0.56727016	0.55364906
k__Bacteria|p__SAR324_clade_Marine_group_B_	0.00012547	0.00005237	0.00000000	0.00001558	0.00010273	0.00016145	0.00010598	0.00004200
k__Bacteria|p__Schekmanbacteria	0.00000000	0.00000000	0.00000000	0.00000000	0.00000000	0.00000000	0.00000000	0.00000000
k__Bacteria|p__Spirochaetota	0.00657836	0.00027932	0.00054384	0.00154280	0.00121813	0.00142075	0.00049457	0.00039903
k__Bacteria|p__Sumerlaeota	0.00014340	0.00000000	0.00000000	0.00010909	0.00001468	0.00009687	0.00000000	0.00000000
k__Bacteria|p__Sva0485	0.00835290	0.00317732	0.00003021	0.00456607	0.00004403	0.00886356	0.00000000	0.00000000
k__Bacteria|p__Synergistota	0.00016132	0.00022695	0.00084597	0.00091945	0.00358102	0.00069423	0.00030027	0.00006301
k__Bacteria|p__TA06	0.00003585	0.00003492	0.00000000	0.00015584	0.00000000	0.00001614	0.00000000	0.00000000
k__Bacteria|p__Thermotogae	0.00005377	0.00000000	0.00000000	0.00000000	0.00000000	0.00000000	0.00000000	0.00000000
k__Bacteria|p__Verrucomicrobiota	0.00566420	0.00174578	0.00320261	0.00127788	0.00607599	0.00206655	0.02343902	0.00732962
k__Bacteria|p__WOR_1	0.00005377	0.00001746	0.00000000	0.00003117	0.00000000	0.00000000	0.00000000	0.00000000
k__Bacteria|p__WPS_2	0.00078869	0.00062848	0.00193365	0.00042076	0.00148231	0.00019374	0.00026495	0.00016801
k__Bacteria|p__WS2	0.00000000	0.00001746	0.00000000	0.00000000	0.00000000	0.00000000	0.00000000	0.00000000
k__Bacteria|p__WS4	0.00001792	0.00000000	0.00003021	0.00003117	0.00001468	0.00000000	0.00000000	0.00000000
k__Bacteria|p__Zixibacteria	0.00017925	0.00015712	0.00003021	0.00035843	0.00000000	0.00017759	0.00000000	0.00000000
k__Bacteria|p__unidentified_Bacteria	0.09322626	0.02616924	0.01960844	0.07971139	0.07272114	0.06984291	0.04021902	0.01497427
k__Archaea|p__Aenigmarchaeota|c__Aenigmarchaeia	0.00000000	0.00000000	0.00000000	0.00000000	0.00000000	0.00000000	0.00000000	0.00000000
k__Archaea|p__Asgardarchaeota|c__Lokiarchaeia	0.00000000	0.00000000	0.00000000	0.00000000	0.00000000	0.00000000	0.00000000	0.00000000
k__Archaea|p__Crenarchaeota|c__Bathyarchaeia	0.00010755	0.00012220	0.00000000	0.00004675	0.00000000	0.00001614	0.00000000	0.00000000
k__Archaea|p__Crenarchaeota|c__Methanomethylicia	0.00000000	0.00000000	0.00000000	0.00003117	0.00000000	0.00000000	0.00000000	0.00000000
k__Archaea|p__Crenarchaeota|c__Nitrososphaeria	0.00001792	0.00000000	0.00000000	0.00000000	0.00000000	0.00000000	0.00000000	0.00000000
k__Archaea|p__Euryarchaeota|c__Methanobacteria	0.00008962	0.00003492	0.00069491	0.00004675	0.00000000	0.00000000	0.00003533	0.00000000
k__Archaea|p__Euryarchaeota|c__Thermococci	0.00000000	0.00000000	0.00000000	0.00000000	0.00000000	0.00000000	0.00000000	0.00000000
k__Archaea|p__Hadarchaeota|c__Hadarchaeia	0.00000000	0.00000000	0.00000000	0.00000000	0.00000000	0.00000000	0.00000000	0.00000000
k__Archaea|p__Halobacterota|c__ANME_1	0.00000000	0.00000000	0.00000000	0.00000000	0.00000000	0.00000000	0.00000000	0.00000000
k__Archaea|p__Halobacterota|c__Methanocellia	0.00000000	0.00000000	0.00000000	0.00000000	0.00000000	0.00000000	0.00000000	0.00000000
k__Archaea|p__Halobacterota|c__Methanomicrobia	0.00073491	0.00013966	0.00015107	0.00104412	0.00004403	0.00032290	0.00007065	0.00002100
k__Archaea|p__Halobacterota|c__Methanosarcinia	0.00034057	0.00008729	0.00018128	0.00344403	0.00019079	0.00043591	0.00017663	0.00004200
k__Archaea|p__Nanoarchaeota|c__Nanoarchaeia	0.00010755	0.00000000	0.00000000	0.00003117	0.00000000	0.00000000	0.00000000	0.00000000
k__Archaea|p__Thermoplasmatota|c__Thermoplasmata	0.00007170	0.00006983	0.00000000	0.00012467	0.00000000	0.00000000	0.00000000	0.00000000
k__Archaea|p__unidentified_Archaea|c__Hydrothermarchaeia	0.00000000	0.00000000	0.00000000	0.00000000	0.00000000	0.00000000	0.00000000	0.00000000
k__Archaea|p__unidentified_Archaea|c__Methanocellia	0.00000000	0.00000000	0.00000000	0.00000000	0.00000000	0.00000000	0.00000000	0.00000000
k__Archaea|p__unidentified_Archaea|c__Methanomicrobia	0.00023302	0.00005237	0.00000000	0.00009350	0.00000000	0.00006458	0.00000000	0.00000000
k__Archaea|p__unidentified_Archaea|c__Thermoplasmata	0.00005377	0.00000000	0.00012085	0.00001558	0.00000000	0.00000000	0.00000000	0.00000000
k__Bacteria|p__Abditibacteriota|c__Abditibacteria	0.00000000	0.00000000	0.00000000	0.00000000	0.00000000	0.00000000	0.00000000	0.00000000
k__Bacteria|p__Acetothermia|c__Acetothermiia	0.00000000	0.00001746	0.00003021	0.00000000	0.00000000	0.00000000	0.00000000	0.00000000
k__Bacteria|p__Acidobacteriota|c__AT_s3_28	0.00003585	0.00000000	0.00000000	0.00003117	0.00000000	0.00004843	0.00000000	0.00000000
k__Bacteria|p__Acidobacteriota|c__Acidobacteriae	0.00064529	0.00022695	0.00003021	0.00076361	0.00089526	0.00090412	0.00030027	0.00012601
k__Bacteria|p__Acidobacteriota|c__Aminicenantia	0.00041227	0.00033170	0.00003021	0.00063894	0.00000000	0.00046820	0.00000000	0.00000000
k__Bacteria|p__Acidobacteriota|c__Blastocatellia	0.00010755	0.00003492	0.00000000	0.00003117	0.00000000	0.00017759	0.00000000	0.00000000
k__Bacteria|p__Acidobacteriota|c__Holophagae	0.00048397	0.00012220	0.00015107	0.00042076	0.00029353	0.00075881	0.00058288	0.00014701
k__Bacteria|p__Acidobacteriota|c__Subgroup_11	0.00005377	0.00001746	0.00000000	0.00003117	0.00000000	0.00006458	0.00000000	0.00000000
k__Bacteria|p__Acidobacteriota|c__Subgroup_18	0.00082454	0.00036661	0.00000000	0.00046752	0.00001468	0.00087183	0.00001766	0.00000000
k__Bacteria|p__Acidobacteriota|c__Subgroup_19	0.00008962	0.00005237	0.00000000	0.00014025	0.00000000	0.00020988	0.00000000	0.00000000
k__Bacteria|p__Acidobacteriota|c__Subgroup_20	0.00003585	0.00000000	0.00000000	0.00000000	0.00000000	0.00001614	0.00000000	0.00000000
k__Bacteria|p__Acidobacteriota|c__Subgroup_21	0.00010755	0.00003492	0.00000000	0.00009350	0.00000000	0.00017759	0.00000000	0.00000000
k__Bacteria|p__Acidobacteriota|c__Subgroup_22	0.00138020	0.00076814	0.00000000	0.00130904	0.00000000	0.00196968	0.00000000	0.00000000
k__Bacteria|p__Acidobacteriota|c__Subgroup_5	0.00001792	0.00000000	0.00000000	0.00000000	0.00000000	0.00000000	0.00000000	0.00000000
k__Bacteria|p__Acidobacteriota|c__Thermoanaerobaculia	0.00134435	0.00066340	0.00006043	0.00110645	0.00001468	0.00193739	0.00000000	0.00000000
k__Bacteria|p__Acidobacteriota|c__Vicinamibacteria	0.00125473	0.00031424	0.00000000	0.00045193	0.00000000	0.00159835	0.00001766	0.00014701
k__Bacteria|p__Acidobacteriota|c__c5LKS83	0.00007170	0.00000000	0.00000000	0.00006234	0.00016144	0.00000000	0.00001766	0.00000000
k__Bacteria|p__Acidobacteriota|c__unidentified_Acidobacteriota	0.00000000	0.00000000	0.00000000	0.00000000	0.00000000	0.00000000	0.00000000	0.00000000
k__Bacteria|p__Actinobacteria|c__unidentified_Actinobacteria	0.00670383	0.00796075	0.01281044	0.00254017	0.00946622	0.00206655	0.00339133	0.00312927
k__Bacteria|p__Actinobacteriota|c__Acidimicrobiia	0.00091416	0.00071577	0.00030213	0.00012467	0.00002935	0.00059736	0.00003533	0.00012601
k__Bacteria|p__Actinobacteriota|c__Coriobacteriia	0.00188209	0.00040153	0.00087619	0.00076361	0.00026417	0.00174365	0.00215491	0.00065106
k__Bacteria|p__Actinobacteriota|c__MB_A2_108	0.00035849	0.00005237	0.00000000	0.00021817	0.00000000	0.00059736	0.00000000	0.00000000
k__Bacteria|p__Actinobacteriota|c__RBG_16_55_12	0.00008962	0.00003492	0.00000000	0.00003117	0.00000000	0.00004843	0.00000000	0.00000000
k__Bacteria|p__Actinobacteriota|c__Rubrobacteria	0.00000000	0.00000000	0.00000000	0.00000000	0.00000000	0.00000000	0.00000000	0.00000000
k__Bacteria|p__Actinobacteriota|c__Thermoleophilia	0.00016132	0.00000000	0.00003021	0.00000000	0.00000000	0.00045206	0.00000000	0.00004200
k__Bacteria|p__Actinobacteriota|c__WCHB1_81	0.00000000	0.00000000	0.00000000	0.00000000	0.00000000	0.00000000	0.00000000	0.00000000
k__Bacteria|p__Armatimonadota|c__Chthonomonadetes	0.00000000	0.00001746	0.00000000	0.00000000	0.00000000	0.00001614	0.00000000	0.00000000
k__Bacteria|p__Armatimonadota|c__DG_56	0.00000000	0.00000000	0.00000000	0.00006234	0.00000000	0.00001614	0.00000000	0.00000000
k__Bacteria|p__Armatimonadota|c__Fimbriimonadia	0.00000000	0.00003492	0.00006043	0.00000000	0.00000000	0.00008072	0.00000000	0.00000000
k__Bacteria|p__Bacteroidota|c__Bacteroidia	0.14416821	0.04490145	0.30772252	0.11083233	0.06302009	0.18485930	0.07611057	0.18958311
k__Bacteria|p__Bacteroidota|c__Chlorobia	0.01077273	0.00073323	0.00024171	0.00004675	0.00014676	0.00000000	0.00001766	0.00000000
k__Bacteria|p__Bacteroidota|c__Ignavibacteria	0.00044812	0.00020949	0.00006043	0.00065452	0.00011741	0.00087183	0.00005299	0.00000000
k__Bacteria|p__Bacteroidota|c__OC31	0.00000000	0.00001746	0.00000000	0.00000000	0.00000000	0.00000000	0.00000000	0.00000000
k__Bacteria|p__Bacteroidota|c__Rhodothermia	0.00000000	0.00000000	0.00000000	0.00000000	0.00000000	0.00000000	0.00000000	0.00000000
k__Bacteria|p__Bdellovibrionota|c__Bdellovibrionia	0.00005377	0.00006983	0.00015107	0.00009350	0.00004403	0.00006458	0.00012364	0.00033603
k__Bacteria|p__Bdellovibrionota|c__Oligoflexia	0.00005377	0.00000000	0.00000000	0.00007792	0.00010273	0.00016145	0.00003533	0.00000000
k__Bacteria|p__Berkelbacteria|c__unidentified_Berkelbacteria	0.00000000	0.00000000	0.00003021	0.00000000	0.00000000	0.00000000	0.00000000	0.00000000
k__Bacteria|p__Caldatribacteriota|c__Caldatribacteriia	0.00000000	0.00000000	0.00000000	0.00000000	0.00000000	0.00000000	0.00000000	0.00000000
k__Bacteria|p__Caldisericota|c__Caldisericia	0.00000000	0.00008729	0.00018128	0.00009350	0.00002935	0.00003229	0.00000000	0.00000000
k__Bacteria|p__Calditrichota|c__Calditrichia	0.00005377	0.00019204	0.00000000	0.00020259	0.00001468	0.00020988	0.00001766	0.00002100
k__Bacteria|p__Campylobacterota|c__Campylobacteria	0.05527971	0.02374260	0.00610309	0.04290234	0.03484157	0.09644973	0.03234125	0.04939620
k__Bacteria|p__Candidatus_Falkowbacteria|c__ABY1	0.00003585	0.00000000	0.00000000	0.00000000	0.00000000	0.00000000	0.00000000	0.00000000
k__Bacteria|p__Candidatus_Kaiserbacteria|c__unidentified_Candidatus_Kaiserbacteria	0.00000000	0.00000000	0.00000000	0.00000000	0.00000000	0.00000000	0.00001766	0.00000000
k__Bacteria|p__Candidatus_Magasanikbacteria|c__ABY1	0.00000000	0.00000000	0.00000000	0.00000000	0.00000000	0.00000000	0.00000000	0.00000000
k__Bacteria|p__Candidatus_Pacebacteria|c__Microgenomatia	0.00000000	0.00000000	0.00000000	0.00003117	0.00000000	0.00000000	0.00000000	0.00000000
k__Bacteria|p__Candidatus_Raymondbacteria|c__Fibrobacteria	0.00000000	0.00000000	0.00000000	0.00000000	0.00000000	0.00000000	0.00000000	0.00000000
k__Bacteria|p__Candidatus_Woesebacteria|c__Microgenomatia	0.00000000	0.00000000	0.00000000	0.00000000	0.00000000	0.00000000	0.00000000	0.00000000
k__Bacteria|p__Candidatus_Zambryskibacteria|c__unidentified_Candidatus_Zambryskibacteria	0.00000000	0.00000000	0.00000000	0.00000000	0.00000000	0.00000000	0.00000000	0.00000000
k__Bacteria|p__Chlamydiae|c__unidentified_Chlamydiae	0.00000000	0.00006983	0.00000000	0.00006234	0.00026417	0.00001614	0.00003533	0.00000000
k__Bacteria|p__Chloroflexi|c__AD3	0.00000000	0.00000000	0.00000000	0.00000000	0.00000000	0.00000000	0.00000000	0.00000000
k__Bacteria|p__Chloroflexi|c__Anaerolineae	0.00190002	0.00075069	0.00030213	0.00124671	0.00014676	0.00187281	0.00014131	0.00010501
k__Bacteria|p__Chloroflexi|c__Chloroflexia	0.00003585	0.00000000	0.00003021	0.00000000	0.00000000	0.00000000	0.00005299	0.00004200
k__Bacteria|p__Chloroflexi|c__Dehalococcoidia	0.00082454	0.00073323	0.00000000	0.00160514	0.00000000	0.00019374	0.00000000	0.00000000
k__Bacteria|p__Chloroflexi|c__Gitt_GS_136	0.00000000	0.00000000	0.00000000	0.00000000	0.00000000	0.00000000	0.00001766	0.00000000
k__Bacteria|p__Chloroflexi|c__JG30_KF_CM66	0.00003585	0.00000000	0.00000000	0.00001558	0.00000000	0.00003229	0.00000000	0.00000000
k__Bacteria|p__Chloroflexi|c__KD4_96	0.00044812	0.00012220	0.00000000	0.00015584	0.00000000	0.00092026	0.00001766	0.00000000
k__Bacteria|p__Chloroflexi|c__Ktedonobacteria	0.00003585	0.00000000	0.00000000	0.00000000	0.00000000	0.00000000	0.00000000	0.00000000
k__Bacteria|p__Chloroflexi|c__NLS2_31	0.00000000	0.00003492	0.00000000	0.00000000	0.00000000	0.00003229	0.00000000	0.00000000
k__Bacteria|p__Chloroflexi|c__OLB14	0.00001792	0.00001746	0.00000000	0.00009350	0.00000000	0.00001614	0.00000000	0.00000000
k__Bacteria|p__Chloroflexi|c__P2_11E	0.00000000	0.00000000	0.00000000	0.00000000	0.00000000	0.00000000	0.00000000	0.00000000
k__Bacteria|p__Chloroflexi|c__SHA_26	0.00001792	0.00000000	0.00000000	0.00000000	0.00000000	0.00000000	0.00000000	0.00000000
k__Bacteria|p__Chloroflexi|c__SL56_marine_group	0.00003585	0.00000000	0.00000000	0.00000000	0.00000000	0.00000000	0.00000000	0.00000000
k__Bacteria|p__Chloroflexi|c__TK10	0.00001792	0.00000000	0.00000000	0.00000000	0.00000000	0.00000000	0.00000000	0.00000000
k__Bacteria|p__Cloacimonadota|c__Cloacimonadia	0.00000000	0.00000000	0.00000000	0.00004675	0.00000000	0.00004843	0.00000000	0.00000000
k__Bacteria|p__Cyanobacteria|c__Cyanobacteriia	0.00243776	0.00047136	0.00075533	0.00024934	0.00001468	0.00067809	0.00024728	0.00031503
k__Bacteria|p__Cyanobacteria|c__Sericytochromatia	0.00001792	0.00000000	0.00009064	0.00000000	0.00000000	0.00008072	0.00001766	0.00002100
k__Bacteria|p__Cyanobacteria|c__Vampirivibrionia	0.00030472	0.00006983	0.00006043	0.00015584	0.00017612	0.00029061	0.00010598	0.00000000
k__Bacteria|p__DTB120|c__unidentified_DTB120	0.00000000	0.00000000	0.00000000	0.00000000	0.00000000	0.00001614	0.00003533	0.00000000
k__Bacteria|p__Dadabacteria|c__Dadabacteriia	0.00001792	0.00000000	0.00000000	0.00000000	0.00000000	0.00000000	0.00000000	0.00000000
k__Bacteria|p__Deferribacteres|c__unidentified_Deferribacteres	0.00003585	0.00000000	0.00000000	0.00001558	0.00000000	0.00000000	0.00015897	0.00000000
k__Bacteria|p__Deferrisomatota|c__Defferrisomatia	0.00039434	0.00015712	0.00000000	0.00010909	0.00000000	0.00033904	0.00010598	0.00012601
k__Bacteria|p__Deinococcota|c__Deinococci	0.00005377	0.00001746	0.00000000	0.00000000	0.00001468	0.00000000	0.00003533	0.00000000
k__Bacteria|p__Desulfobacterota|c__Desulfarculia	0.00003585	0.00000000	0.00000000	0.00000000	0.00000000	0.00000000	0.00000000	0.00000000
k__Bacteria|p__Desulfobacterota|c__Desulfobaccia	0.00087831	0.00019204	0.00000000	0.00034284	0.00000000	0.00092026	0.00000000	0.00000000
k__Bacteria|p__Desulfobacterota|c__Desulfobacteria	0.00874724	0.00167595	0.00015107	0.01056585	0.00804262	0.00799173	0.00291442	0.00090308
k__Bacteria|p__Desulfobacterota|c__Desulfobulbia	0.02140207	0.00331698	0.00154088	0.00651405	0.01452955	0.00288994	0.00234920	0.00113410
k__Bacteria|p__Desulfobacterota|c__Desulfomonilia	0.00026887	0.00012220	0.00069491	0.00087270	0.00027885	0.00058122	0.00086550	0.00037803
k__Bacteria|p__Desulfobacterota|c__Desulfovibrionia	0.02396530	0.00940975	0.00362560	0.00829061	0.01593848	0.00566687	0.00499868	0.00216318
k__Bacteria|p__Desulfobacterota|c__Desulfuromonadia	0.10043198	0.11042056	0.00764397	0.03905313	0.02103116	0.02839891	0.02910889	0.01018587
k__Bacteria|p__Desulfobacterota|c__Syntrophia	0.00132643	0.00040153	0.00012085	0.00311677	0.00592923	0.00203426	0.00519297	0.00126011
k__Bacteria|p__Desulfobacterota|c__Syntrophobacteria	0.00012547	0.00005237	0.00003021	0.00007792	0.00001468	0.00006458	0.00005299	0.00006301
k__Bacteria|p__Desulfobacterota|c__Syntrophorhabdia	0.00005377	0.00005237	0.00009064	0.00018701	0.00019079	0.00004843	0.00000000	0.00000000
k__Bacteria|p__Edwardsbacteria|c__unidentified_Edwardsbacteria	0.00000000	0.00000000	0.00000000	0.00000000	0.00000000	0.00000000	0.00000000	0.00000000
k__Bacteria|p__Elusimicrobia|c__unidentified_Elusimicrobia	0.00016132	0.00000000	0.00000000	0.00009350	0.00007338	0.00017759	0.00003533	0.00002100
k__Bacteria|p__Elusimicrobiota|c__4_29	0.00000000	0.00000000	0.00000000	0.00000000	0.00000000	0.00000000	0.00000000	0.00000000
k__Bacteria|p__Elusimicrobiota|c__Endomicrobia	0.00016132	0.00000000	0.00000000	0.00026493	0.00010273	0.00011301	0.00021196	0.00016801
k__Bacteria|p__Elusimicrobiota|c__Lineage_IIa	0.00003585	0.00001746	0.00000000	0.00004675	0.00000000	0.00003229	0.00000000	0.00000000
k__Bacteria|p__Elusimicrobiota|c__Lineage_IIb	0.00005377	0.00000000	0.00000000	0.00001558	0.00000000	0.00004843	0.00000000	0.00000000
k__Bacteria|p__Elusimicrobiota|c__Lineage_IIc	0.00000000	0.00000000	0.00000000	0.00000000	0.00000000	0.00000000	0.00000000	0.00000000
k__Bacteria|p__Elusimicrobiota|c__Rs_M47	0.00000000	0.00000000	0.00000000	0.00000000	0.00000000	0.00000000	0.00000000	0.00000000
k__Bacteria|p__Entotheonellaeota|c__Entotheonellia	0.00000000	0.00000000	0.00000000	0.00000000	0.00000000	0.00000000	0.00000000	0.00000000
k__Bacteria|p__Fibrobacterota|c__Chitinivibrionia	0.00000000	0.00003492	0.00000000	0.00000000	0.00000000	0.00000000	0.00000000	0.00000000
k__Bacteria|p__Fibrobacterota|c__Fibrobacteria	0.00016132	0.00003492	0.00006043	0.00028051	0.00008806	0.00004843	0.00005299	0.00002100
k__Bacteria|p__Firmicutes|c__BRH_c20a	0.00905196	0.00061102	0.00359538	0.00285184	0.01730337	0.00247017	0.00084783	0.00042004
k__Bacteria|p__Firmicutes|c__Bacilli	0.01123877	0.01038739	0.01574113	0.01358912	0.00895255	0.00913802	0.03112249	0.03744618
k__Bacteria|p__Firmicutes|c__Clostridia	0.02683325	0.03297778	0.09659194	0.09448488	0.31702306	0.06509630	0.10832818	0.05256747
k__Bacteria|p__Firmicutes|c__Desulfitobacteriia	0.00231228	0.00137917	0.00108768	0.00158955	0.00474045	0.00098484	0.00065354	0.00027302
k__Bacteria|p__Firmicutes|c__Desulfotomaculia	0.00001792	0.00013966	0.00006043	0.00014025	0.00026417	0.00020988	0.00005299	0.00000000
k__Bacteria|p__Firmicutes|c__Dethiobacteria	0.00001792	0.00000000	0.00006043	0.00000000	0.00000000	0.00000000	0.00000000	0.00000000
k__Bacteria|p__Firmicutes|c__Limnochordia	0.00000000	0.00003492	0.00003021	0.00000000	0.00000000	0.00000000	0.00000000	0.00000000
k__Bacteria|p__Firmicutes|c__Negativicutes	0.00121888	0.00256630	0.00477370	0.00978666	0.01130076	0.01185037	0.00607613	0.00142812
k__Bacteria|p__Firmicutes|c__Syntrophomonadia	0.00003585	0.00006983	0.00009064	0.00009350	0.00030820	0.00016145	0.00003533	0.00000000
k__Bacteria|p__Firmicutes|c__TSAC18	0.00000000	0.00000000	0.00000000	0.00000000	0.00000000	0.00000000	0.00000000	0.00000000
k__Bacteria|p__Firmicutes|c__Thermacetogenia	0.00000000	0.00001746	0.00003021	0.00000000	0.00002935	0.00000000	0.00000000	0.00000000
k__Bacteria|p__Firmicutes|c__Thermoanaerobacteria	0.00010755	0.00001746	0.00000000	0.00000000	0.00000000	0.00000000	0.00000000	0.00004200
k__Bacteria|p__Firmicutes|c__unidentified_Firmicutes	0.00000000	0.00005237	0.00006043	0.00000000	0.00000000	0.00000000	0.00068886	0.00021002
k__Bacteria|p__Fusobacteriota|c__Fusobacteriia	0.00028679	0.00003492	0.00000000	0.00048310	0.00013209	0.00045206	0.00035326	0.00123911
k__Bacteria|p__Gemmatimonadetes|c__unidentified_Gemmatimonadetes	0.00014340	0.00005237	0.00003021	0.00014025	0.00000000	0.00025832	0.00000000	0.00000000
k__Bacteria|p__Gemmatimonadota|c__AKAU4049	0.00000000	0.00000000	0.00000000	0.00000000	0.00000000	0.00000000	0.00000000	0.00000000
k__Bacteria|p__Gemmatimonadota|c__BD2_11_terrestrial_group	0.00000000	0.00000000	0.00000000	0.00000000	0.00000000	0.00000000	0.00000000	0.00000000
k__Bacteria|p__Gemmatimonadota|c__Longimicrobia	0.00000000	0.00000000	0.00000000	0.00000000	0.00000000	0.00000000	0.00000000	0.00000000
k__Bacteria|p__Gemmatimonadota|c__S0134_terrestrial_group	0.00000000	0.00000000	0.00000000	0.00000000	0.00000000	0.00000000	0.00000000	0.00000000
k__Bacteria|p__Gracilibacteria|c__Candidatus_Peribacteria	0.00003585	0.00000000	0.00000000	0.00000000	0.00000000	0.00000000	0.00000000	0.00000000
k__Bacteria|p__Gracilibacteria|c__unidentified_Gracilibacteria	0.00062736	0.00132679	0.00036256	0.00193240	0.00293526	0.00154991	0.00074185	0.00109209
k__Bacteria|p__Hydrogenedentes|c__Hydrogenedentia	0.00030472	0.00013966	0.00009064	0.00014025	0.00004403	0.00006458	0.00010598	0.00000000
k__Bacteria|p__Kapabacteria|c__unidentified_Kapabacteria	0.00026887	0.00019204	0.00021149	0.00007792	0.00036691	0.00035519	0.00012364	0.00006301
k__Bacteria|p__Kryptonia|c__unidentified_Kryptonia	0.00136228	0.00029678	0.00000000	0.00119996	0.00000000	0.00192125	0.00000000	0.00000000
k__Bacteria|p__LCP_89|c__unidentified_LCP_89	0.00000000	0.00000000	0.00000000	0.00000000	0.00000000	0.00000000	0.00000000	0.00000000
k__Bacteria|p__Latescibacteria|c__unidentified_Latescibacteria	0.00007170	0.00006983	0.00000000	0.00020259	0.00000000	0.00014530	0.00001766	0.00000000
k__Bacteria|p__Latescibacterota|c__unidentified_Latescibacterota	0.00000000	0.00000000	0.00000000	0.00001558	0.00000000	0.00000000	0.00000000	0.00000000
k__Bacteria|p__MBNT15|c__unidentified_MBNT15	0.00000000	0.00000000	0.00000000	0.00007792	0.00000000	0.00001614	0.00000000	0.00000000
k__Bacteria|p__Methylomirabilota|c__Methylomirabilia	0.00059151	0.00027932	0.00000000	0.00063894	0.00000000	0.00117858	0.00000000	0.00000000
k__Bacteria|p__Modulibacteria|c__Moduliflexia	0.00008962	0.00000000	0.00000000	0.00015584	0.00048432	0.00008072	0.00008832	0.00004200
k__Bacteria|p__Myxococcota|c__Myxococcia	0.00048397	0.00024441	0.00006043	0.00040518	0.00000000	0.00087183	0.00001766	0.00002100
k__Bacteria|p__Myxococcota|c__Polyangia	0.00075284	0.00015712	0.00012085	0.00063894	0.00001468	0.00090412	0.00007065	0.00004200
k__Bacteria|p__Myxococcota|c__bacteriap25	0.00000000	0.00000000	0.00000000	0.00001558	0.00000000	0.00000000	0.00000000	0.00000000
k__Bacteria|p__Nitrospinota|c__P9X2b3D02	0.00032264	0.00020949	0.00000000	0.00045193	0.00000000	0.00058122	0.00000000	0.00000000
k__Bacteria|p__Nitrospirota|c__4_29_1	0.00078869	0.00036661	0.00000000	0.00056102	0.00000000	0.00096870	0.00000000	0.00000000
k__Bacteria|p__Nitrospirota|c__BMS9AB35	0.00000000	0.00000000	0.00000000	0.00000000	0.00000000	0.00003229	0.00000000	0.00000000
k__Bacteria|p__Nitrospirota|c__HDB_SIOI1093	0.00000000	0.00000000	0.00000000	0.00000000	0.00000000	0.00000000	0.00000000	0.00000000
k__Bacteria|p__Nitrospirota|c__Leptospirillia	0.00000000	0.00000000	0.00000000	0.00000000	0.00000000	0.00000000	0.00000000	0.00000000
k__Bacteria|p__Nitrospirota|c__Nitrospira	0.00059151	0.00015712	0.00009064	0.00062335	0.00002935	0.00111400	0.00003533	0.00004200
k__Bacteria|p__Nitrospirota|c__Thermodesulfovibrionia	0.00001792	0.00000000	0.00000000	0.00000000	0.00000000	0.00004843	0.00000000	0.00000000
k__Bacteria|p__Parcubacteria|c__unidentified_Parcubacteria	0.00000000	0.00000000	0.00000000	0.00000000	0.00000000	0.00000000	0.00000000	0.00000000
k__Bacteria|p__Planctomycetes|c__unidentified_Planctomycetes	0.00000000	0.00000000	0.00000000	0.00000000	0.00000000	0.00000000	0.00000000	0.00000000
k__Bacteria|p__Planctomycetota|c__OM190	0.00001792	0.00000000	0.00000000	0.00000000	0.00000000	0.00003229	0.00000000	0.00000000
k__Bacteria|p__Planctomycetota|c__Phycisphaerae	0.00003585	0.00008729	0.00000000	0.00010909	0.00000000	0.00001614	0.00000000	0.00000000
k__Bacteria|p__Planctomycetota|c__Pla3_lineage	0.00000000	0.00000000	0.00000000	0.00000000	0.00000000	0.00000000	0.00000000	0.00000000
k__Bacteria|p__Planctomycetota|c__Pla4_lineage	0.00007170	0.00005237	0.00000000	0.00000000	0.00000000	0.00004843	0.00000000	0.00000000
k__Bacteria|p__Planctomycetota|c__vadinHA49	0.00019717	0.00000000	0.00000000	0.00006234	0.00000000	0.00001614	0.00000000	0.00000000
k__Bacteria|p__Proteobacteria|c__Alphaproteobacteria	0.04343150	0.14568531	0.14490302	0.01329302	0.00722075	0.01453043	0.03260620	0.06861283
k__Bacteria|p__Proteobacteria|c__Gammaproteobacteria	0.28663357	0.52774917	0.33908393	0.49008088	0.26829769	0.40502753	0.53457564	0.48503623
k__Bacteria|p__Proteobacteria|c__Magnetococcia	0.00000000	0.00000000	0.00000000	0.00000000	0.00000000	0.00006458	0.00000000	0.00000000
k__Bacteria|p__SAR324_clade_Marine_group_B_|c__unidentified_SAR324_clade_Marine_group_B_	0.00012547	0.00001746	0.00000000	0.00000000	0.00000000	0.00008072	0.00000000	0.00000000
k__Bacteria|p__Schekmanbacteria|c__unidentified_Schekmanbacteria	0.00000000	0.00000000	0.00000000	0.00000000	0.00000000	0.00000000	0.00000000	0.00000000
k__Bacteria|p__Spirochaetota|c__Brachyspirae	0.00000000	0.00000000	0.00000000	0.00000000	0.00000000	0.00000000	0.00000000	0.00000000
k__Bacteria|p__Spirochaetota|c__Brevinematia	0.00000000	0.00000000	0.00000000	0.00000000	0.00000000	0.00000000	0.00000000	0.00000000
k__Bacteria|p__Spirochaetota|c__Leptospirae	0.00005377	0.00005237	0.00003021	0.00010909	0.00002935	0.00009687	0.00003533	0.00000000
k__Bacteria|p__Spirochaetota|c__MVP_15	0.00105756	0.00013966	0.00015107	0.00032726	0.00014676	0.00020988	0.00022962	0.00021002
k__Bacteria|p__Spirochaetota|c__Spirochaetia	0.00543118	0.00006983	0.00036256	0.00085711	0.00067511	0.00080725	0.00017663	0.00012601
k__Bacteria|p__Spirochaetota|c__V2072_189E03	0.00003585	0.00001746	0.00000000	0.00024934	0.00036691	0.00030675	0.00005299	0.00006301
k__Bacteria|p__Sumerlaeota|c__Sumerlaeia	0.00014340	0.00000000	0.00000000	0.00010909	0.00001468	0.00009687	0.00000000	0.00000000
k__Bacteria|p__Sva0485|c__unidentified_Sva0485	0.00000000	0.00000000	0.00000000	0.00000000	0.00000000	0.00000000	0.00000000	0.00000000
k__Bacteria|p__Synergistota|c__Synergistia	0.00016132	0.00022695	0.00084597	0.00091945	0.00358102	0.00069423	0.00030027	0.00006301
k__Bacteria|p__Thermotogae|c__unidentified_Thermotogae	0.00005377	0.00000000	0.00000000	0.00000000	0.00000000	0.00000000	0.00000000	0.00000000
k__Bacteria|p__Verrucomicrobiota|c__Kiritimatiellae	0.00100378	0.00038407	0.00057405	0.00038960	0.00076317	0.00061351	0.00038859	0.00004200
k__Bacteria|p__Verrucomicrobiota|c__Lentisphaeria	0.00028679	0.00005237	0.00009064	0.00003117	0.00005871	0.00012916	0.00000000	0.00000000
k__Bacteria|p__Verrucomicrobiota|c__Omnitrophia	0.00000000	0.00000000	0.00000000	0.00012467	0.00001468	0.00004843	0.00000000	0.00000000
k__Bacteria|p__Verrucomicrobiota|c__Verrucomicrobiae	0.00437362	0.00130933	0.00253792	0.00073244	0.00523944	0.00127545	0.02305043	0.00728762
k__Bacteria|p__WPS_2|c__unidentified_WPS_2	0.00075284	0.00062848	0.00193365	0.00042076	0.00148231	0.00019374	0.00026495	0.00016801
k__Bacteria|p__Zixibacteria|c__unidentified_Zixibacteria	0.00001792	0.00003492	0.00000000	0.00001558	0.00000000	0.00000000	0.00000000	0.00000000
k__Bacteria|p__unidentified_Bacteria|c__Acidimicrobiia	0.00014340	0.00017458	0.00015107	0.00015584	0.00000000	0.00022603	0.00003533	0.00004200
k__Bacteria|p__unidentified_Bacteria|c__Acidobacteriae	0.00000000	0.00000000	0.00000000	0.00000000	0.00000000	0.00001614	0.00000000	0.00000000
k__Bacteria|p__unidentified_Bacteria|c__Alphaproteobacteria	0.00444532	0.00148391	0.00208472	0.00051427	0.00052835	0.00172751	0.00086550	0.00094508
k__Bacteria|p__unidentified_Bacteria|c__Anaerolineae	0.00333399	0.00139662	0.00018128	0.00199473	0.00017612	0.00360032	0.00001766	0.00000000
k__Bacteria|p__unidentified_Bacteria|c__Babeliae	0.00026887	0.00012220	0.00006043	0.00018701	0.00024950	0.00033904	0.00014131	0.00008401
k__Bacteria|p__unidentified_Bacteria|c__Bacilli	0.00000000	0.00000000	0.00027192	0.00000000	0.00000000	0.00000000	0.00000000	0.00000000
k__Bacteria|p__unidentified_Bacteria|c__Bacteroidia	0.03681729	0.00752431	0.00299112	0.01005158	0.01802251	0.00619965	0.00856663	0.00312927
k__Bacteria|p__unidentified_Bacteria|c__CPR2	0.00001792	0.00005237	0.00000000	0.00000000	0.00000000	0.00008072	0.00000000	0.00000000
k__Bacteria|p__unidentified_Bacteria|c__Campylobacteria	0.00645288	0.00239172	0.00009064	0.03550001	0.02753276	0.01733964	0.00853131	0.00403234
k__Bacteria|p__unidentified_Bacteria|c__Chitinivibrionia	0.00000000	0.00001746	0.00000000	0.00004675	0.00000000	0.00000000	0.00000000	0.00000000
k__Bacteria|p__unidentified_Bacteria|c__Chloroflexia	0.00000000	0.00000000	0.00000000	0.00000000	0.00000000	0.00000000	0.00000000	0.00000000
k__Bacteria|p__unidentified_Bacteria|c__Clostridia	0.00229436	0.00101255	0.00284005	0.00333494	0.00855629	0.00253475	0.00446878	0.00142812
k__Bacteria|p__unidentified_Bacteria|c__Coriobacteriia	0.00000000	0.00000000	0.00006043	0.00000000	0.00000000	0.00001614	0.00000000	0.00006301
k__Bacteria|p__unidentified_Bacteria|c__Dehalococcoidia	0.00000000	0.00001746	0.00000000	0.00001558	0.00000000	0.00000000	0.00000000	0.00000000
k__Bacteria|p__unidentified_Bacteria|c__Desulfarculia	0.00000000	0.00000000	0.00000000	0.00000000	0.00000000	0.00000000	0.00001766	0.00000000
k__Bacteria|p__unidentified_Bacteria|c__Desulfitobacteriia	0.00032264	0.00031424	0.00024171	0.00018701	0.00029353	0.00016145	0.00007065	0.00002100
k__Bacteria|p__unidentified_Bacteria|c__Desulfobacteria	0.00051982	0.00005237	0.00003021	0.00054543	0.00004403	0.00025832	0.00065354	0.00008401
k__Bacteria|p__unidentified_Bacteria|c__Desulfobulbia	0.00001792	0.00000000	0.00000000	0.00003117	0.00001468	0.00001614	0.00001766	0.00000000
k__Bacteria|p__unidentified_Bacteria|c__Desulfovibrionia	0.00000000	0.00000000	0.00093661	0.00004675	0.00008806	0.00000000	0.00503400	0.00018902
k__Bacteria|p__unidentified_Bacteria|c__Desulfuromonadia	0.00005377	0.00008729	0.00000000	0.00000000	0.00000000	0.00004843	0.00000000	0.00000000
k__Bacteria|p__unidentified_Bacteria|c__Dethiobacteria	0.00005377	0.00000000	0.00000000	0.00000000	0.00000000	0.00000000	0.00000000	0.00000000
k__Bacteria|p__unidentified_Bacteria|c__Fibrobacteria	0.00001792	0.00000000	0.00000000	0.00009350	0.00000000	0.00001614	0.00001766	0.00014701
k__Bacteria|p__unidentified_Bacteria|c__Fusobacteriia	0.00016132	0.00006983	0.00015107	0.00054543	0.00071914	0.00037133	0.00012364	0.00010501
k__Bacteria|p__unidentified_Bacteria|c__Gammaproteobacteria	0.01131047	0.00310749	0.00157109	0.00369337	0.00165842	0.00713605	0.00598781	0.00298225
k__Bacteria|p__unidentified_Bacteria|c__Holophagae	0.00005377	0.00001746	0.00000000	0.00009350	0.00000000	0.00014530	0.00000000	0.00000000
k__Bacteria|p__unidentified_Bacteria|c__Kazania	0.00000000	0.00000000	0.00000000	0.00000000	0.00000000	0.00000000	0.00000000	0.00000000
k__Bacteria|p__unidentified_Bacteria|c__Ktedonobacteria	0.00000000	0.00001746	0.00000000	0.00001558	0.00000000	0.00001614	0.00000000	0.00000000
k__Bacteria|p__unidentified_Bacteria|c__Leptospirae	0.00000000	0.00000000	0.00000000	0.00000000	0.00000000	0.00003229	0.00000000	0.00000000
k__Bacteria|p__unidentified_Bacteria|c__Myxococcia	0.00000000	0.00000000	0.00000000	0.00000000	0.00000000	0.00000000	0.00000000	0.00000000
k__Bacteria|p__unidentified_Bacteria|c__Negativicutes	0.00772554	0.00101255	0.00129917	0.00409855	0.00375714	0.00411695	0.00151903	0.00048304
k__Bacteria|p__unidentified_Bacteria|c__Oligoflexia	0.00003585	0.00000000	0.00000000	0.00003117	0.00000000	0.00012916	0.00000000	0.00000000
k__Bacteria|p__unidentified_Bacteria|c__Phycisphaerae	0.00000000	0.00000000	0.00000000	0.00000000	0.00000000	0.00000000	0.00000000	0.00000000
k__Bacteria|p__unidentified_Bacteria|c__Polyangia	0.00026887	0.00005237	0.00000000	0.00004675	0.00000000	0.00022603	0.00000000	0.00000000
k__Bacteria|p__unidentified_Bacteria|c__Rhodothermia	0.00000000	0.00000000	0.00000000	0.00000000	0.00000000	0.00001614	0.00000000	0.00000000
k__Bacteria|p__unidentified_Bacteria|c__Saccharimonadia	0.00046604	0.00106493	0.00226600	0.00056102	0.00328749	0.00053278	0.00120110	0.00010501
k__Bacteria|p__unidentified_Bacteria|c__Spirochaetia	0.00399720	0.00064594	0.00015107	0.00112204	0.00114475	0.00066194	0.00093615	0.00014701
k__Bacteria|p__unidentified_Bacteria|c__Sumerlaeia	0.00005377	0.00000000	0.00000000	0.00000000	0.00000000	0.00000000	0.00000000	0.00000000
k__Bacteria|p__unidentified_Bacteria|c__Symbiobacteriia	0.00000000	0.00000000	0.00000000	0.00000000	0.00000000	0.00004843	0.00000000	0.00000000
k__Bacteria|p__unidentified_Bacteria|c__Synergistia	0.00035849	0.00041899	0.00359538	0.00743350	0.00603197	0.00466588	0.00173099	0.00081907
k__Bacteria|p__unidentified_Bacteria|c__Syntrophia	0.00030472	0.00010475	0.00006043	0.00038960	0.00004403	0.00025832	0.00001766	0.00000000
k__Bacteria|p__unidentified_Bacteria|c__Syntrophobacteria	0.00103963	0.00038407	0.00000000	0.00062335	0.00000000	0.00154991	0.00000000	0.00000000
k__Bacteria|p__unidentified_Bacteria|c__Syntrophomonadia	0.00000000	0.00000000	0.00000000	0.00003117	0.00000000	0.00000000	0.00000000	0.00000000
k__Bacteria|p__unidentified_Bacteria|c__Thermodesulfovibrionia	0.00928498	0.00314240	0.00015107	0.00575044	0.00000000	0.01189880	0.00005299	0.00000000
k__Bacteria|p__unidentified_Bacteria|c__Thermoleophilia	0.00041227	0.00015712	0.00006043	0.00029609	0.00004403	0.00025832	0.00003533	0.00002100
k__Bacteria|p__unidentified_Bacteria|c__Verrucomicrobiae	0.00032264	0.00010475	0.00006043	0.00007792	0.00000000	0.00008072	0.00001766	0.00000000
k__Bacteria|p__unidentified_Bacteria|c__Vicinamibacteria	0.00107548	0.00034916	0.00012085	0.00063894	0.00000000	0.00198582	0.00000000	0.00000000
k__Bacteria|p__unidentified_Bacteria|c__WWE3	0.00000000	0.00003492	0.00000000	0.00000000	0.00001468	0.00000000	0.00000000	0.00000000
k__Bacteria|p__unidentified_Bacteria|c__unidentified_Bacteria	0.00159530	0.00083797	0.00018128	0.00148047	0.00035223	0.00303524	0.00014131	0.00006301
k__Archaea|p__Aenigmarchaeota|c__Aenigmarchaeia|o__Aenigmarchaeales	0.00000000	0.00000000	0.00000000	0.00000000	0.00000000	0.00000000	0.00000000	0.00000000
k__Archaea|p__Crenarchaeota|c__Bathyarchaeia|o__unidentified_Bathyarchaeia	0.00000000	0.00000000	0.00000000	0.00000000	0.00000000	0.00000000	0.00000000	0.00000000
k__Archaea|p__Crenarchaeota|c__Methanomethylicia|o__Methanomethyliales	0.00000000	0.00000000	0.00000000	0.00003117	0.00000000	0.00000000	0.00000000	0.00000000
k__Archaea|p__Crenarchaeota|c__Nitrososphaeria|o__Caldiarchaeales	0.00000000	0.00000000	0.00000000	0.00000000	0.00000000	0.00000000	0.00000000	0.00000000
k__Archaea|p__Crenarchaeota|c__Nitrososphaeria|o__Group_1.1c	0.00000000	0.00000000	0.00000000	0.00000000	0.00000000	0.00000000	0.00000000	0.00000000
k__Archaea|p__Crenarchaeota|c__Nitrososphaeria|o__Marine_Benthic_Group_A	0.00000000	0.00000000	0.00000000	0.00000000	0.00000000	0.00000000	0.00000000	0.00000000
k__Archaea|p__Crenarchaeota|c__Nitrososphaeria|o__Nitrosopumilales	0.00001792	0.00000000	0.00000000	0.00000000	0.00000000	0.00000000	0.00000000	0.00000000
k__Archaea|p__Crenarchaeota|c__Nitrososphaeria|o__Nitrososphaerales	0.00000000	0.00000000	0.00000000	0.00000000	0.00000000	0.00000000	0.00000000	0.00000000
k__Archaea|p__Crenarchaeota|c__Nitrososphaeria|o__Nitrosotaleales	0.00000000	0.00000000	0.00000000	0.00000000	0.00000000	0.00000000	0.00000000	0.00000000
k__Archaea|p__Crenarchaeota|c__Nitrososphaeria|o__SCGC_AB_179_E04	0.00000000	0.00000000	0.00000000	0.00000000	0.00000000	0.00000000	0.00000000	0.00000000
k__Archaea|p__Euryarchaeota|c__Methanobacteria|o__Methanobacteriales	0.00008962	0.00003492	0.00069491	0.00004675	0.00000000	0.00000000	0.00003533	0.00000000
k__Archaea|p__Euryarchaeota|c__Thermococci|o__Methanofastidiosales	0.00000000	0.00000000	0.00000000	0.00000000	0.00000000	0.00000000	0.00000000	0.00000000
k__Archaea|p__Hadarchaeota|c__Hadarchaeia|o__unidentified_Hadarchaeia	0.00000000	0.00000000	0.00000000	0.00000000	0.00000000	0.00000000	0.00000000	0.00000000
k__Archaea|p__Halobacterota|c__ANME_1|o__ANME_1a	0.00000000	0.00000000	0.00000000	0.00000000	0.00000000	0.00000000	0.00000000	0.00000000
k__Archaea|p__Halobacterota|c__Methanocellia|o__Methanocellales	0.00000000	0.00000000	0.00000000	0.00000000	0.00000000	0.00000000	0.00000000	0.00000000
k__Archaea|p__Halobacterota|c__Methanomicrobia|o__Methanomicrobiales	0.00073491	0.00013966	0.00015107	0.00104412	0.00004403	0.00032290	0.00007065	0.00002100
k__Archaea|p__Halobacterota|c__Methanosarcinia|o__Methanosarciniales	0.00034057	0.00008729	0.00018128	0.00344403	0.00019079	0.00043591	0.00017663	0.00004200
k__Archaea|p__Nanoarchaeota|c__Nanoarchaeia|o__Woesearchaeales	0.00010755	0.00000000	0.00000000	0.00003117	0.00000000	0.00000000	0.00000000	0.00000000
k__Archaea|p__Thermoplasmatota|c__Thermoplasmata|o__Marine_Benthic_Group_D_and_DHVEG_1	0.00007170	0.00006983	0.00000000	0.00012467	0.00000000	0.00000000	0.00000000	0.00000000
k__Archaea|p__Thermoplasmatota|c__Thermoplasmata|o__Methanomassiliicoccales	0.00000000	0.00000000	0.00000000	0.00000000	0.00000000	0.00000000	0.00000000	0.00000000
k__Archaea|p__Thermoplasmatota|c__Thermoplasmata|o__SG8_5	0.00000000	0.00000000	0.00000000	0.00000000	0.00000000	0.00000000	0.00000000	0.00000000
k__Archaea|p__unidentified_Archaea|c__Hydrothermarchaeia|o__Hydrothermarchaeales	0.00000000	0.00000000	0.00000000	0.00000000	0.00000000	0.00000000	0.00000000	0.00000000
k__Archaea|p__unidentified_Archaea|c__Methanocellia|o__Methanocellales	0.00000000	0.00000000	0.00000000	0.00000000	0.00000000	0.00000000	0.00000000	0.00000000
k__Archaea|p__unidentified_Archaea|c__Methanomicrobia|o__Methanomicrobiales	0.00023302	0.00005237	0.00000000	0.00009350	0.00000000	0.00006458	0.00000000	0.00000000
k__Archaea|p__unidentified_Archaea|c__Thermoplasmata|o__Methanomassiliicoccales	0.00005377	0.00000000	0.00012085	0.00001558	0.00000000	0.00000000	0.00000000	0.00000000
k__Bacteria|p__Abditibacteriota|c__Abditibacteria|o__Abditibacteriales	0.00000000	0.00000000	0.00000000	0.00000000	0.00000000	0.00000000	0.00000000	0.00000000
k__Bacteria|p__Acidobacteriota|c__Acidobacteriae|o__AKIW659	0.00003585	0.00000000	0.00000000	0.00003117	0.00000000	0.00000000	0.00000000	0.00000000
k__Bacteria|p__Acidobacteriota|c__Acidobacteriae|o__Acidobacteriales	0.00000000	0.00000000	0.00000000	0.00000000	0.00000000	0.00000000	0.00000000	0.00000000
k__Bacteria|p__Acidobacteriota|c__Acidobacteriae|o__Bryobacterales	0.00001792	0.00003492	0.00000000	0.00007792	0.00000000	0.00017759	0.00000000	0.00000000
k__Bacteria|p__Acidobacteriota|c__Acidobacteriae|o__Elev_16S_1166	0.00000000	0.00000000	0.00000000	0.00003117	0.00000000	0.00000000	0.00000000	0.00000000
k__Bacteria|p__Acidobacteriota|c__Acidobacteriae|o__GOUTB8	0.00001792	0.00000000	0.00000000	0.00001558	0.00000000	0.00000000	0.00000000	0.00000000
k__Bacteria|p__Acidobacteriota|c__Acidobacteriae|o__PAUC26f	0.00000000	0.00000000	0.00000000	0.00000000	0.00000000	0.00000000	0.00000000	0.00000000
k__Bacteria|p__Acidobacteriota|c__Acidobacteriae|o__Solibacterales	0.00001792	0.00000000	0.00000000	0.00009350	0.00000000	0.00009687	0.00000000	0.00002100
k__Bacteria|p__Acidobacteriota|c__Acidobacteriae|o__Subgroup_12	0.00000000	0.00000000	0.00000000	0.00000000	0.00000000	0.00001614	0.00000000	0.00000000
k__Bacteria|p__Acidobacteriota|c__Acidobacteriae|o__Subgroup_13	0.00005377	0.00001746	0.00000000	0.00012467	0.00000000	0.00001614	0.00000000	0.00000000
k__Bacteria|p__Acidobacteriota|c__Acidobacteriae|o__Subgroup_15	0.00000000	0.00003492	0.00000000	0.00000000	0.00000000	0.00000000	0.00000000	0.00000000
k__Bacteria|p__Acidobacteriota|c__Acidobacteriae|o__Subgroup_2	0.00005377	0.00000000	0.00000000	0.00004675	0.00000000	0.00000000	0.00003533	0.00000000
k__Bacteria|p__Acidobacteriota|c__Acidobacteriae|o__unidentified_Acidobacteriae	0.00026887	0.00006983	0.00003021	0.00018701	0.00089526	0.00043591	0.00026495	0.00010501
k__Bacteria|p__Acidobacteriota|c__Aminicenantia|o__Aminicenantales	0.00041227	0.00033170	0.00003021	0.00063894	0.00000000	0.00046820	0.00000000	0.00000000
k__Bacteria|p__Acidobacteriota|c__Blastocatellia|o__11_24	0.00008962	0.00001746	0.00000000	0.00000000	0.00000000	0.00001614	0.00000000	0.00000000
k__Bacteria|p__Acidobacteriota|c__Blastocatellia|o__Blastocatellales	0.00001792	0.00001746	0.00000000	0.00001558	0.00000000	0.00006458	0.00000000	0.00000000
k__Bacteria|p__Acidobacteriota|c__Blastocatellia|o__DS_100	0.00000000	0.00000000	0.00000000	0.00000000	0.00000000	0.00009687	0.00000000	0.00000000
k__Bacteria|p__Acidobacteriota|c__Blastocatellia|o__Pyrinomonadales	0.00000000	0.00000000	0.00000000	0.00001558	0.00000000	0.00000000	0.00000000	0.00000000
k__Bacteria|p__Acidobacteriota|c__Holophagae|o__Holophagales	0.00021510	0.00003492	0.00015107	0.00024934	0.00026417	0.00038748	0.00056522	0.00014701
k__Bacteria|p__Acidobacteriota|c__Holophagae|o__Subgroup_7	0.00026887	0.00008729	0.00000000	0.00017142	0.00002935	0.00037133	0.00001766	0.00000000
k__Bacteria|p__Acidobacteriota|c__Thermoanaerobaculia|o__Thermoanaerobaculales	0.00134435	0.00066340	0.00006043	0.00110645	0.00001468	0.00193739	0.00000000	0.00000000
k__Bacteria|p__Acidobacteriota|c__Vicinamibacteria|o__Subgroup_17	0.00093208	0.00022695	0.00000000	0.00031168	0.00000000	0.00124316	0.00000000	0.00000000
k__Bacteria|p__Acidobacteriota|c__Vicinamibacteria|o__Subgroup_9	0.00001792	0.00000000	0.00000000	0.00000000	0.00000000	0.00001614	0.00000000	0.00000000
k__Bacteria|p__Acidobacteriota|c__Vicinamibacteria|o__Vicinamibacterales	0.00030472	0.00008729	0.00000000	0.00014025	0.00000000	0.00033904	0.00001766	0.00014701
k__Bacteria|p__Acidobacteriota|c__unidentified_Acidobacteriota|o__unidentified_Acidobacteriota	0.00000000	0.00000000	0.00000000	0.00000000	0.00000000	0.00000000	0.00000000	0.00000000
k__Bacteria|p__Actinobacteria|c__unidentified_Actinobacteria|o__Actinomycetales	0.00001792	0.00000000	0.00003021	0.00003117	0.00002935	0.00001614	0.00000000	0.00000000
k__Bacteria|p__Actinobacteria|c__unidentified_Actinobacteria|o__Bifidobacteriales	0.00150567	0.00099509	0.00108768	0.00087270	0.00664837	0.00077496	0.00164267	0.00067206
k__Bacteria|p__Actinobacteria|c__unidentified_Actinobacteria|o__Corynebacteriales	0.00021510	0.00005237	0.00036256	0.00010909	0.00004403	0.00000000	0.00005299	0.00042004
k__Bacteria|p__Actinobacteria|c__unidentified_Actinobacteria|o__Frankiales	0.00241983	0.00041899	0.00015107	0.00004675	0.00004403	0.00012916	0.00019429	0.00021002
k__Bacteria|p__Actinobacteria|c__unidentified_Actinobacteria|o__KIST_JJY010	0.00000000	0.00000000	0.00000000	0.00000000	0.00000000	0.00000000	0.00000000	0.00000000
k__Bacteria|p__Actinobacteria|c__unidentified_Actinobacteria|o__Micrococcales	0.00154152	0.00457394	0.00797631	0.00084153	0.00155569	0.00053278	0.00095381	0.00123911
k__Bacteria|p__Actinobacteria|c__unidentified_Actinobacteria|o__Micromonosporales	0.00000000	0.00000000	0.00000000	0.00000000	0.00000000	0.00000000	0.00000000	0.00000000
k__Bacteria|p__Actinobacteria|c__unidentified_Actinobacteria|o__Nitriliruptorales	0.00000000	0.00000000	0.00000000	0.00000000	0.00001468	0.00000000	0.00000000	0.00033603
k__Bacteria|p__Actinobacteria|c__unidentified_Actinobacteria|o__PeM15	0.00051982	0.00087289	0.00154088	0.00017142	0.00022014	0.00025832	0.00019429	0.00004200
k__Bacteria|p__Actinobacteria|c__unidentified_Actinobacteria|o__Propionibacteriales	0.00012547	0.00054119	0.00045320	0.00035843	0.00042561	0.00027446	0.00019429	0.00016801
k__Bacteria|p__Actinobacteria|c__unidentified_Actinobacteria|o__Pseudonocardiales	0.00000000	0.00000000	0.00006043	0.00001558	0.00000000	0.00000000	0.00001766	0.00000000
k__Bacteria|p__Actinobacteria|c__unidentified_Actinobacteria|o__Streptomycetales	0.00000000	0.00000000	0.00000000	0.00000000	0.00000000	0.00000000	0.00000000	0.00000000
k__Bacteria|p__Actinobacteria|c__unidentified_Actinobacteria|o__Streptosporangiales	0.00000000	0.00000000	0.00000000	0.00000000	0.00000000	0.00000000	0.00000000	0.00000000
k__Bacteria|p__Actinobacteriota|c__Acidimicrobiia|o__IMCC26256	0.00007170	0.00010475	0.00000000	0.00001558	0.00000000	0.00029061	0.00000000	0.00000000
k__Bacteria|p__Actinobacteriota|c__Acidimicrobiia|o__Microtrichales	0.00084246	0.00061102	0.00030213	0.00010909	0.00002935	0.00030675	0.00003533	0.00012601
k__Bacteria|p__Actinobacteriota|c__Coriobacteriia|o__CG2_30_50_142	0.00000000	0.00000000	0.00000000	0.00000000	0.00000000	0.00000000	0.00000000	0.00000000
k__Bacteria|p__Actinobacteriota|c__Coriobacteriia|o__Coriobacteriales	0.00086038	0.00017458	0.00060427	0.00068569	0.00024950	0.00062965	0.00206659	0.00065106
k__Bacteria|p__Actinobacteriota|c__Coriobacteriia|o__FS118_23B_02	0.00000000	0.00000000	0.00000000	0.00000000	0.00000000	0.00000000	0.00000000	0.00000000
k__Bacteria|p__Actinobacteriota|c__Coriobacteriia|o__OPB41	0.00100378	0.00022695	0.00027192	0.00007792	0.00001468	0.00101713	0.00008832	0.00000000
k__Bacteria|p__Actinobacteriota|c__Rubrobacteria|o__Rubrobacterales	0.00000000	0.00000000	0.00000000	0.00000000	0.00000000	0.00000000	0.00000000	0.00000000
k__Bacteria|p__Actinobacteriota|c__Thermoleophilia|o__Gaiellales	0.00010755	0.00000000	0.00003021	0.00000000	0.00000000	0.00043591	0.00000000	0.00000000
k__Bacteria|p__Actinobacteriota|c__Thermoleophilia|o__Solirubrobacterales	0.00005377	0.00000000	0.00000000	0.00000000	0.00000000	0.00001614	0.00000000	0.00004200
k__Bacteria|p__Armatimonadota|c__Chthonomonadetes|o__Chthonomonadales	0.00000000	0.00001746	0.00000000	0.00000000	0.00000000	0.00001614	0.00000000	0.00000000
k__Bacteria|p__Armatimonadota|c__Fimbriimonadia|o__Fimbriimonadales	0.00000000	0.00003492	0.00006043	0.00000000	0.00000000	0.00008072	0.00000000	0.00000000
k__Bacteria|p__Bacteroidota|c__Bacteroidia|o__Bacteroidales	0.11945007	0.02515668	0.13728926	0.07770107	0.04549657	0.16358030	0.02928553	0.01745248
k__Bacteria|p__Bacteroidota|c__Bacteroidia|o__Bacteroidetes_VC2.1_Bac22	0.00000000	0.00000000	0.00000000	0.00000000	0.00000000	0.00000000	0.00000000	0.00000000
k__Bacteria|p__Bacteroidota|c__Bacteroidia|o__Chitinophagales	0.00039434	0.00013966	0.00169195	0.00009350	0.00007338	0.00027446	0.00022962	0.00031503
k__Bacteria|p__Bacteroidota|c__Bacteroidia|o__Cytophagales	0.00025095	0.00010475	0.00024171	0.00001558	0.00001468	0.00051664	0.00007065	0.00010501
k__Bacteria|p__Bacteroidota|c__Bacteroidia|o__Flavobacteriales	0.00145190	0.01803390	0.16575020	0.02777042	0.01012666	0.01759796	0.04308046	0.17034548
k__Bacteria|p__Bacteroidota|c__Bacteroidia|o__Sphingobacteriales	0.01414257	0.00104747	0.00205450	0.00451932	0.00656031	0.00256704	0.00303806	0.00121810
k__Bacteria|p__Bacteroidota|c__Chlorobia|o__Chlorobiales	0.01077273	0.00073323	0.00024171	0.00004675	0.00014676	0.00000000	0.00001766	0.00000000
k__Bacteria|p__Bacteroidota|c__Ignavibacteria|o__Ignavibacteriales	0.00021510	0.00012220	0.00006043	0.00038960	0.00001468	0.00058122	0.00003533	0.00000000
k__Bacteria|p__Bacteroidota|c__Ignavibacteria|o__SJA_28	0.00023302	0.00008729	0.00000000	0.00026493	0.00010273	0.00029061	0.00001766	0.00000000
k__Bacteria|p__Bacteroidota|c__Rhodothermia|o__Balneolales	0.00000000	0.00000000	0.00000000	0.00000000	0.00000000	0.00000000	0.00000000	0.00000000
k__Bacteria|p__Bdellovibrionota|c__Bdellovibrionia|o__Bacteriovoracales	0.00000000	0.00005237	0.00003021	0.00001558	0.00000000	0.00001614	0.00010598	0.00023102
k__Bacteria|p__Bdellovibrionota|c__Bdellovibrionia|o__Bdellovibrionales	0.00005377	0.00001746	0.00012085	0.00007792	0.00004403	0.00004843	0.00001766	0.00010501
k__Bacteria|p__Bdellovibrionota|c__Oligoflexia|o__0319_6G20	0.00005377	0.00000000	0.00000000	0.00001558	0.00005871	0.00014530	0.00000000	0.00000000
k__Bacteria|p__Bdellovibrionota|c__Oligoflexia|o__053A03_B_DI_P58	0.00000000	0.00000000	0.00000000	0.00006234	0.00004403	0.00001614	0.00003533	0.00000000
k__Bacteria|p__Bdellovibrionota|c__Oligoflexia|o__Oligoflexales	0.00000000	0.00000000	0.00000000	0.00000000	0.00000000	0.00000000	0.00000000	0.00000000
k__Bacteria|p__Berkelbacteria|c__unidentified_Berkelbacteria|o__unidentified_Berkelbacteria	0.00000000	0.00000000	0.00003021	0.00000000	0.00000000	0.00000000	0.00000000	0.00000000
k__Bacteria|p__Caldatribacteriota|c__Caldatribacteriia|o__Caldatribacteriales	0.00000000	0.00000000	0.00000000	0.00000000	0.00000000	0.00000000	0.00000000	0.00000000
k__Bacteria|p__Caldisericota|c__Caldisericia|o__Caldisericales	0.00000000	0.00008729	0.00018128	0.00009350	0.00002935	0.00003229	0.00000000	0.00000000
k__Bacteria|p__Calditrichota|c__Calditrichia|o__Calditrichales	0.00005377	0.00019204	0.00000000	0.00020259	0.00001468	0.00020988	0.00001766	0.00002100
k__Bacteria|p__Campylobacterota|c__Campylobacteria|o__Campylobacterales	0.05527971	0.02374260	0.00610309	0.04290234	0.03484157	0.09644973	0.03234125	0.04939620
k__Bacteria|p__Candidatus_Falkowbacteria|c__ABY1|o__unidentified_ABY1	0.00000000	0.00000000	0.00000000	0.00000000	0.00000000	0.00000000	0.00000000	0.00000000
k__Bacteria|p__Candidatus_Kaiserbacteria|c__unidentified_Candidatus_Kaiserbacteria|o__unidentified_Candidatus_Kaiserbacteria	0.00000000	0.00000000	0.00000000	0.00000000	0.00000000	0.00000000	0.00001766	0.00000000
k__Bacteria|p__Candidatus_Raymondbacteria|c__Fibrobacteria|o__Fibrobacterales	0.00000000	0.00000000	0.00000000	0.00000000	0.00000000	0.00000000	0.00000000	0.00000000
k__Bacteria|p__Candidatus_Woesebacteria|c__Microgenomatia|o__unidentified_Microgenomatia	0.00000000	0.00000000	0.00000000	0.00000000	0.00000000	0.00000000	0.00000000	0.00000000
k__Bacteria|p__Candidatus_Zambryskibacteria|c__unidentified_Candidatus_Zambryskibacteria|o__unidentified_Candidatus_Zambryskibacteria	0.00000000	0.00000000	0.00000000	0.00000000	0.00000000	0.00000000	0.00000000	0.00000000
k__Bacteria|p__Chlamydiae|c__unidentified_Chlamydiae|o__Chlamydiales	0.00000000	0.00006983	0.00000000	0.00006234	0.00026417	0.00001614	0.00003533	0.00000000
k__Bacteria|p__Chloroflexi|c__Anaerolineae|o__1_20	0.00014340	0.00000000	0.00000000	0.00000000	0.00000000	0.00011301	0.00000000	0.00000000
k__Bacteria|p__Chloroflexi|c__Anaerolineae|o__ADurb.Bin180	0.00010755	0.00003492	0.00000000	0.00021817	0.00000000	0.00004843	0.00000000	0.00000000
k__Bacteria|p__Chloroflexi|c__Anaerolineae|o__Anaerolineales	0.00041227	0.00015712	0.00018128	0.00026493	0.00008806	0.00029061	0.00008832	0.00004200
k__Bacteria|p__Chloroflexi|c__Anaerolineae|o__MSB_5B2	0.00000000	0.00000000	0.00000000	0.00003117	0.00000000	0.00000000	0.00000000	0.00000000
k__Bacteria|p__Chloroflexi|c__Anaerolineae|o__MSB_5E12	0.00000000	0.00000000	0.00000000	0.00000000	0.00000000	0.00000000	0.00000000	0.00000000
k__Bacteria|p__Chloroflexi|c__Anaerolineae|o__RBG_13_54_9	0.00021510	0.00005237	0.00000000	0.00026493	0.00000000	0.00009687	0.00005299	0.00000000
k__Bacteria|p__Chloroflexi|c__Anaerolineae|o__SBR1031	0.00003585	0.00001746	0.00006043	0.00000000	0.00000000	0.00006458	0.00000000	0.00006301
k__Bacteria|p__Chloroflexi|c__Anaerolineae|o__SJA_15	0.00084246	0.00036661	0.00006043	0.00035843	0.00005871	0.00121087	0.00000000	0.00000000
k__Bacteria|p__Chloroflexi|c__Anaerolineae|o__Thermoflexales	0.00000000	0.00000000	0.00000000	0.00000000	0.00000000	0.00000000	0.00000000	0.00000000
k__Bacteria|p__Chloroflexi|c__Chloroflexia|o__Chloroflexales	0.00000000	0.00000000	0.00003021	0.00000000	0.00000000	0.00000000	0.00000000	0.00004200
k__Bacteria|p__Chloroflexi|c__Chloroflexia|o__Thermomicrobiales	0.00003585	0.00000000	0.00000000	0.00000000	0.00000000	0.00000000	0.00005299	0.00000000
k__Bacteria|p__Chloroflexi|c__Dehalococcoidia|o__661239	0.00000000	0.00000000	0.00000000	0.00000000	0.00000000	0.00000000	0.00000000	0.00000000
k__Bacteria|p__Chloroflexi|c__Dehalococcoidia|o__FS117_23B_02	0.00007170	0.00006983	0.00000000	0.00015584	0.00000000	0.00000000	0.00000000	0.00000000
k__Bacteria|p__Chloroflexi|c__Dehalococcoidia|o__FW22	0.00001792	0.00000000	0.00000000	0.00000000	0.00000000	0.00000000	0.00000000	0.00000000
k__Bacteria|p__Chloroflexi|c__Dehalococcoidia|o__GIF3	0.00000000	0.00005237	0.00000000	0.00001558	0.00000000	0.00000000	0.00000000	0.00000000
k__Bacteria|p__Chloroflexi|c__Dehalococcoidia|o__GIF9	0.00026887	0.00024441	0.00000000	0.00060777	0.00000000	0.00004843	0.00000000	0.00000000
k__Bacteria|p__Chloroflexi|c__Dehalococcoidia|o__MSBL5	0.00032264	0.00017458	0.00000000	0.00052985	0.00000000	0.00004843	0.00000000	0.00000000
k__Bacteria|p__Chloroflexi|c__Dehalococcoidia|o__Napoli_4B_65	0.00000000	0.00000000	0.00000000	0.00000000	0.00000000	0.00000000	0.00000000	0.00000000
k__Bacteria|p__Chloroflexi|c__Dehalococcoidia|o__RBG_13_46_9	0.00007170	0.00003492	0.00000000	0.00006234	0.00000000	0.00000000	0.00000000	0.00000000
k__Bacteria|p__Chloroflexi|c__Dehalococcoidia|o__S085	0.00005377	0.00008729	0.00000000	0.00014025	0.00000000	0.00001614	0.00000000	0.00000000
k__Bacteria|p__Chloroflexi|c__Dehalococcoidia|o__SAR202_clade	0.00000000	0.00001746	0.00000000	0.00000000	0.00000000	0.00000000	0.00000000	0.00000000
k__Bacteria|p__Chloroflexi|c__Dehalococcoidia|o__SPG12_343_353_B75	0.00000000	0.00000000	0.00000000	0.00000000	0.00000000	0.00000000	0.00000000	0.00000000
k__Bacteria|p__Chloroflexi|c__Dehalococcoidia|o__Sh765B_AG_111	0.00000000	0.00000000	0.00000000	0.00000000	0.00000000	0.00000000	0.00000000	0.00000000
k__Bacteria|p__Chloroflexi|c__Dehalococcoidia|o__Sh765B_TzT_20	0.00000000	0.00000000	0.00000000	0.00000000	0.00000000	0.00001614	0.00000000	0.00000000
k__Bacteria|p__Chloroflexi|c__Dehalococcoidia|o__t0.6.f	0.00000000	0.00000000	0.00000000	0.00000000	0.00000000	0.00000000	0.00000000	0.00000000
k__Bacteria|p__Chloroflexi|c__Dehalococcoidia|o__vadinBA26	0.00000000	0.00000000	0.00000000	0.00000000	0.00000000	0.00000000	0.00000000	0.00000000
k__Bacteria|p__Chloroflexi|c__Ktedonobacteria|o__C0119	0.00003585	0.00000000	0.00000000	0.00000000	0.00000000	0.00000000	0.00000000	0.00000000
k__Bacteria|p__Chloroflexi|c__Ktedonobacteria|o__Ktedonobacterales	0.00000000	0.00000000	0.00000000	0.00000000	0.00000000	0.00000000	0.00000000	0.00000000
k__Bacteria|p__Chloroflexi|c__TK10|o__unidentified_TK10	0.00000000	0.00000000	0.00000000	0.00000000	0.00000000	0.00000000	0.00000000	0.00000000
k__Bacteria|p__Cloacimonadota|c__Cloacimonadia|o__Cloacimonadales	0.00000000	0.00000000	0.00000000	0.00004675	0.00000000	0.00004843	0.00000000	0.00000000
k__Bacteria|p__Cyanobacteria|c__Cyanobacteriia|o__Chloroplast	0.00091416	0.00015712	0.00030213	0.00020259	0.00000000	0.00040362	0.00017663	0.00031503
k__Bacteria|p__Cyanobacteria|c__Cyanobacteriia|o__Cyanobacteriales	0.00019717	0.00000000	0.00000000	0.00000000	0.00000000	0.00000000	0.00007065	0.00000000
k__Bacteria|p__Cyanobacteria|c__Cyanobacteriia|o__Geitlerinematales	0.00000000	0.00000000	0.00000000	0.00000000	0.00000000	0.00000000	0.00000000	0.00000000
k__Bacteria|p__Cyanobacteria|c__Cyanobacteriia|o__Leptolyngbyales	0.00000000	0.00000000	0.00000000	0.00000000	0.00000000	0.00000000	0.00000000	0.00000000
k__Bacteria|p__Cyanobacteria|c__Cyanobacteriia|o__Pseudanabaenales	0.00000000	0.00000000	0.00000000	0.00000000	0.00000000	0.00000000	0.00000000	0.00000000
k__Bacteria|p__Cyanobacteria|c__Cyanobacteriia|o__Synechococcales	0.00132643	0.00031424	0.00045320	0.00004675	0.00001468	0.00027446	0.00000000	0.00000000
k__Bacteria|p__Cyanobacteria|c__Sericytochromatia|o__unidentified_Sericytochromatia	0.00000000	0.00000000	0.00009064	0.00000000	0.00000000	0.00000000	0.00001766	0.00002100
k__Bacteria|p__Cyanobacteria|c__Vampirivibrionia|o__Caenarcaniphilales	0.00000000	0.00000000	0.00000000	0.00001558	0.00000000	0.00000000	0.00000000	0.00000000
k__Bacteria|p__Cyanobacteria|c__Vampirivibrionia|o__Gastranaerophilales	0.00030472	0.00006983	0.00003021	0.00014025	0.00017612	0.00025832	0.00010598	0.00000000
k__Bacteria|p__Cyanobacteria|c__Vampirivibrionia|o__Obscuribacterales	0.00000000	0.00000000	0.00003021	0.00000000	0.00000000	0.00003229	0.00000000	0.00000000
k__Bacteria|p__Cyanobacteria|c__Vampirivibrionia|o__Vampirovibrionales	0.00000000	0.00000000	0.00000000	0.00000000	0.00000000	0.00000000	0.00000000	0.00000000
k__Bacteria|p__DTB120|c__unidentified_DTB120|o__unidentified_DTB120	0.00000000	0.00000000	0.00000000	0.00000000	0.00000000	0.00001614	0.00003533	0.00000000
k__Bacteria|p__Dadabacteria|c__Dadabacteriia|o__Dadabacteriales	0.00001792	0.00000000	0.00000000	0.00000000	0.00000000	0.00000000	0.00000000	0.00000000
k__Bacteria|p__Deferribacteres|c__unidentified_Deferribacteres|o__Deferribacterales	0.00003585	0.00000000	0.00000000	0.00001558	0.00000000	0.00000000	0.00015897	0.00000000
k__Bacteria|p__Deferrisomatota|c__Defferrisomatia|o__Defferrisomatales	0.00039434	0.00015712	0.00000000	0.00010909	0.00000000	0.00033904	0.00010598	0.00012601
k__Bacteria|p__Deinococcota|c__Deinococci|o__Deinococcales	0.00000000	0.00000000	0.00000000	0.00000000	0.00001468	0.00000000	0.00003533	0.00000000
k__Bacteria|p__Deinococcota|c__Deinococci|o__Thermales	0.00005377	0.00001746	0.00000000	0.00000000	0.00000000	0.00000000	0.00000000	0.00000000
k__Bacteria|p__Desulfobacterota|c__Desulfarculia|o__Desulfarculales	0.00003585	0.00000000	0.00000000	0.00000000	0.00000000	0.00000000	0.00000000	0.00000000
k__Bacteria|p__Desulfobacterota|c__Desulfobaccia|o__Desulfobaccales	0.00087831	0.00019204	0.00000000	0.00034284	0.00000000	0.00092026	0.00000000	0.00000000
k__Bacteria|p__Desulfobacterota|c__Desulfobacteria|o__Desulfatiglandales	0.00141605	0.00043644	0.00003021	0.00087270	0.00000000	0.00090412	0.00000000	0.00000000
k__Bacteria|p__Desulfobacterota|c__Desulfobacteria|o__Desulfobacterales	0.00733119	0.00123950	0.00012085	0.00969315	0.00804262	0.00708762	0.00291442	0.00090308
k__Bacteria|p__Desulfobacterota|c__Desulfobulbia|o__Desulfobulbales	0.02140207	0.00331698	0.00154088	0.00651405	0.01452955	0.00288994	0.00234920	0.00113410
k__Bacteria|p__Desulfobacterota|c__Desulfomonilia|o__Desulfomonilales	0.00026887	0.00012220	0.00069491	0.00087270	0.00027885	0.00058122	0.00086550	0.00037803
k__Bacteria|p__Desulfobacterota|c__Desulfovibrionia|o__Desulfovibrionales	0.02396530	0.00940975	0.00362560	0.00829061	0.01593848	0.00566687	0.00499868	0.00216318
k__Bacteria|p__Desulfobacterota|c__Desulfuromonadia|o__Bradymonadales	0.00000000	0.00000000	0.00003021	0.00001558	0.00000000	0.00000000	0.00007065	0.00006301
k__Bacteria|p__Desulfobacterota|c__Desulfuromonadia|o__Desulfuromonadales	0.02011149	0.00244409	0.00042299	0.00219732	0.00054302	0.00216342	0.00134240	0.00037803
k__Bacteria|p__Desulfobacterota|c__Desulfuromonadia|o__Geobacterales	0.08032049	0.10797647	0.00716055	0.03682463	0.02048813	0.02620320	0.02767818	0.00974483
k__Bacteria|p__Desulfobacterota|c__Syntrophia|o__Syntrophales	0.00132643	0.00040153	0.00012085	0.00311677	0.00592923	0.00203426	0.00519297	0.00126011
k__Bacteria|p__Desulfobacterota|c__Syntrophobacteria|o__Syntrophobacterales	0.00012547	0.00005237	0.00003021	0.00007792	0.00001468	0.00006458	0.00005299	0.00006301
k__Bacteria|p__Desulfobacterota|c__Syntrophorhabdia|o__Syntrophorhabdales	0.00005377	0.00005237	0.00009064	0.00018701	0.00019079	0.00004843	0.00000000	0.00000000
k__Bacteria|p__Edwardsbacteria|c__unidentified_Edwardsbacteria|o__unidentified_Edwardsbacteria	0.00000000	0.00000000	0.00000000	0.00000000	0.00000000	0.00000000	0.00000000	0.00000000
k__Bacteria|p__Elusimicrobia|c__unidentified_Elusimicrobia|o__Elusimicrobiales	0.00003585	0.00000000	0.00000000	0.00007792	0.00007338	0.00009687	0.00003533	0.00000000
k__Bacteria|p__Elusimicrobia|c__unidentified_Elusimicrobia|o__Lineage_IV	0.00012547	0.00000000	0.00000000	0.00001558	0.00000000	0.00000000	0.00000000	0.00002100
k__Bacteria|p__Elusimicrobia|c__unidentified_Elusimicrobia|o__MD2894_B20	0.00000000	0.00000000	0.00000000	0.00000000	0.00000000	0.00000000	0.00000000	0.00000000
k__Bacteria|p__Elusimicrobia|c__unidentified_Elusimicrobia|o__MVP_88	0.00000000	0.00000000	0.00000000	0.00000000	0.00000000	0.00008072	0.00000000	0.00000000
k__Bacteria|p__Elusimicrobiota|c__Endomicrobia|o__Endomicrobiales	0.00016132	0.00000000	0.00000000	0.00026493	0.00010273	0.00011301	0.00021196	0.00016801
k__Bacteria|p__Entotheonellaeota|c__Entotheonellia|o__Entotheonellales	0.00000000	0.00000000	0.00000000	0.00000000	0.00000000	0.00000000	0.00000000	0.00000000
k__Bacteria|p__Fibrobacterota|c__Chitinivibrionia|o__Chitinivibrionales	0.00000000	0.00003492	0.00000000	0.00000000	0.00000000	0.00000000	0.00000000	0.00000000
k__Bacteria|p__Fibrobacterota|c__Fibrobacteria|o__Fibrobacterales	0.00016132	0.00003492	0.00006043	0.00028051	0.00008806	0.00004843	0.00005299	0.00002100
k__Bacteria|p__Firmicutes|c__Bacilli|o__Acholeplasmatales	0.00005377	0.00000000	0.00000000	0.00007792	0.00023482	0.00008072	0.00007065	0.00002100
k__Bacteria|p__Firmicutes|c__Bacilli|o__Bacillales	0.00102171	0.00036661	0.00238685	0.00006234	0.00000000	0.00008072	0.00015897	0.00018902
k__Bacteria|p__Firmicutes|c__Bacilli|o__Brevibacillales	0.00017925	0.00000000	0.00006043	0.00000000	0.00000000	0.00000000	0.00000000	0.00000000
k__Bacteria|p__Firmicutes|c__Bacilli|o__Entomoplasmatales	0.00000000	0.00000000	0.00012085	0.00000000	0.00000000	0.00000000	0.00000000	0.00000000
k__Bacteria|p__Firmicutes|c__Bacilli|o__Erysipelotrichales	0.00700855	0.00839720	0.00830866	0.00864904	0.00614938	0.00577988	0.02117813	0.00823270
k__Bacteria|p__Firmicutes|c__Bacilli|o__Exiguobacterales	0.00007170	0.00003492	0.00169195	0.00000000	0.00000000	0.00000000	0.00003533	0.00000000
k__Bacteria|p__Firmicutes|c__Bacilli|o__Izemoplasmatales	0.00014340	0.00010475	0.00000000	0.00024934	0.00030820	0.00014530	0.00005299	0.00004200
k__Bacteria|p__Firmicutes|c__Bacilli|o__Lactobacillales	0.00270663	0.00129188	0.00138981	0.00455048	0.00220145	0.00297066	0.00948512	0.01864959
k__Bacteria|p__Firmicutes|c__Bacilli|o__Mycoplasmatales	0.00000000	0.00000000	0.00178259	0.00000000	0.00000000	0.00000000	0.00000000	0.00000000
k__Bacteria|p__Firmicutes|c__Bacilli|o__Paenibacillales	0.00000000	0.00000000	0.00000000	0.00000000	0.00000000	0.00000000	0.00005299	0.00018902
k__Bacteria|p__Firmicutes|c__Bacilli|o__RF39	0.00003585	0.00005237	0.00000000	0.00000000	0.00005871	0.00004843	0.00001766	0.00006301
k__Bacteria|p__Firmicutes|c__Bacilli|o__Staphylococcales	0.00001792	0.00000000	0.00000000	0.00000000	0.00000000	0.00000000	0.00007065	0.01005986
k__Bacteria|p__Firmicutes|c__Bacilli|o__Thermoactinomycetales	0.00000000	0.00000000	0.00000000	0.00000000	0.00000000	0.00000000	0.00000000	0.00000000
k__Bacteria|p__Firmicutes|c__Clostridia|o__Christensenellales	0.00190002	0.00113476	0.03329506	0.00355312	0.01108062	0.00245403	0.00137773	0.00115510
k__Bacteria|p__Firmicutes|c__Clostridia|o__Clostridia_UCG_014	0.00010755	0.00019204	0.00211493	0.00014025	0.00090993	0.00008072	0.00204893	0.00069306
k__Bacteria|p__Firmicutes|c__Clostridia|o__Clostridia_vadinBB60_group	0.00010755	0.00000000	0.00000000	0.00004675	0.00002935	0.00001614	0.00003533	0.00021002
k__Bacteria|p__Firmicutes|c__Clostridia|o__Clostridiales	0.00034057	0.00038407	0.00051363	0.00187006	0.00158504	0.00101713	0.00040625	0.00161714
k__Bacteria|p__Firmicutes|c__Clostridia|o__Eubacteriales	0.00068114	0.00017458	0.00024171	0.00034284	0.00068979	0.00006458	0.00014131	0.00016801
k__Bacteria|p__Firmicutes|c__Clostridia|o__Lachnospirales	0.00338776	0.00188544	0.01054444	0.00349078	0.01020004	0.00484348	0.03416056	0.00800168
k__Bacteria|p__Firmicutes|c__Clostridia|o__Monoglobales	0.00007170	0.00001746	0.00006043	0.00010909	0.00016144	0.00008072	0.00003533	0.00027302
k__Bacteria|p__Firmicutes|c__Clostridia|o__Oscillospirales	0.00777931	0.00825754	0.02988096	0.05552525	0.07693324	0.03886081	0.04899762	0.02579019
k__Bacteria|p__Firmicutes|c__Clostridia|o__Peptococcales	0.00007170	0.00005237	0.00000000	0.00023376	0.00044029	0.00020988	0.00015897	0.00002100
k__Bacteria|p__Firmicutes|c__Clostridia|o__Peptostreptococcales_Tissierellales	0.01202746	0.02079223	0.01957822	0.02893921	0.21481721	0.01733964	0.02086020	0.01444923
k__Bacteria|p__Firmicutes|c__Clostridia|o__Proteinivoracales	0.00010755	0.00000000	0.00000000	0.00000000	0.00000000	0.00000000	0.00000000	0.00000000
k__Bacteria|p__Firmicutes|c__Clostridia|o__Thermincolales	0.00000000	0.00000000	0.00000000	0.00000000	0.00000000	0.00000000	0.00000000	0.00000000
k__Bacteria|p__Firmicutes|c__Clostridia|o__unidentified_Clostridia	0.00000000	0.00003492	0.00000000	0.00000000	0.00000000	0.00000000	0.00000000	0.00000000
k__Bacteria|p__Firmicutes|c__Desulfitobacteriia|o__Desulfitobacteriales	0.00231228	0.00137917	0.00108768	0.00158955	0.00474045	0.00098484	0.00065354	0.00027302
k__Bacteria|p__Firmicutes|c__Desulfotomaculia|o__Desulfotomaculales	0.00001792	0.00013966	0.00006043	0.00014025	0.00026417	0.00020988	0.00005299	0.00000000
k__Bacteria|p__Firmicutes|c__Dethiobacteria|o__Dethiobacterales	0.00001792	0.00000000	0.00006043	0.00000000	0.00000000	0.00000000	0.00000000	0.00000000
k__Bacteria|p__Firmicutes|c__Limnochordia|o__MBA03	0.00000000	0.00001746	0.00003021	0.00000000	0.00000000	0.00000000	0.00000000	0.00000000
k__Bacteria|p__Firmicutes|c__Limnochordia|o__unidentified_Limnochordia	0.00000000	0.00001746	0.00000000	0.00000000	0.00000000	0.00000000	0.00000000	0.00000000
k__Bacteria|p__Firmicutes|c__Negativicutes|o__Acidaminococcales	0.00019717	0.00005237	0.00247749	0.00034284	0.00070446	0.00040362	0.00492802	0.00044104
k__Bacteria|p__Firmicutes|c__Negativicutes|o__Veillonellales_Selenomonadales	0.00102171	0.00251392	0.00229621	0.00944381	0.01059630	0.01144675	0.00114811	0.00098708
k__Bacteria|p__Firmicutes|c__Syntrophomonadia|o__Syntrophomonadales	0.00003585	0.00006983	0.00009064	0.00009350	0.00030820	0.00016145	0.00003533	0.00000000
k__Bacteria|p__Firmicutes|c__Thermacetogenia|o__Thermacetogeniales	0.00000000	0.00001746	0.00003021	0.00000000	0.00002935	0.00000000	0.00000000	0.00000000
k__Bacteria|p__Firmicutes|c__Thermoanaerobacteria|o__Thermoanaerobacterales	0.00010755	0.00001746	0.00000000	0.00000000	0.00000000	0.00000000	0.00000000	0.00004200
k__Bacteria|p__Firmicutes|c__unidentified_Firmicutes|o__DTU014	0.00000000	0.00003492	0.00003021	0.00000000	0.00000000	0.00000000	0.00000000	0.00000000
k__Bacteria|p__Firmicutes|c__unidentified_Firmicutes|o__Oscillospirales	0.00000000	0.00001746	0.00003021	0.00000000	0.00000000	0.00000000	0.00068886	0.00021002
k__Bacteria|p__Fusobacteriota|c__Fusobacteriia|o__Fusobacteriales	0.00028679	0.00003492	0.00000000	0.00048310	0.00013209	0.00045206	0.00035326	0.00123911
k__Bacteria|p__Gemmatimonadetes|c__unidentified_Gemmatimonadetes|o__Gemmatimonadales	0.00014340	0.00005237	0.00003021	0.00014025	0.00000000	0.00025832	0.00000000	0.00000000
k__Bacteria|p__Gemmatimonadota|c__Longimicrobia|o__Longimicrobiales	0.00000000	0.00000000	0.00000000	0.00000000	0.00000000	0.00000000	0.00000000	0.00000000
k__Bacteria|p__Gracilibacteria|c__Candidatus_Peribacteria|o__unidentified_Candidatus_Peribacteria	0.00003585	0.00000000	0.00000000	0.00000000	0.00000000	0.00000000	0.00000000	0.00000000
k__Bacteria|p__Gracilibacteria|c__unidentified_Gracilibacteria|o__Absconditabacteriales__SR1_	0.00016132	0.00066340	0.00030213	0.00155838	0.00283253	0.00100098	0.00045924	0.00033603
k__Bacteria|p__Gracilibacteria|c__unidentified_Gracilibacteria|o__JGI_0000069_P22	0.00046604	0.00064594	0.00006043	0.00037401	0.00007338	0.00054893	0.00022962	0.00039903
k__Bacteria|p__Gracilibacteria|c__unidentified_Gracilibacteria|o__unidentified_Gracilibacteria	0.00000000	0.00001746	0.00000000	0.00000000	0.00002935	0.00000000	0.00005299	0.00035703
k__Bacteria|p__Hydrogenedentes|c__Hydrogenedentia|o__Hydrogenedentiales	0.00030472	0.00013966	0.00009064	0.00014025	0.00004403	0.00006458	0.00010598	0.00000000
k__Bacteria|p__Kapabacteria|c__unidentified_Kapabacteria|o__Kapabacteriales	0.00026887	0.00019204	0.00021149	0.00007792	0.00036691	0.00035519	0.00012364	0.00006301
k__Bacteria|p__Kryptonia|c__unidentified_Kryptonia|o__Kryptoniales	0.00136228	0.00029678	0.00000000	0.00119996	0.00000000	0.00192125	0.00000000	0.00000000
k__Bacteria|p__LCP_89|c__unidentified_LCP_89|o__unidentified_LCP_89	0.00000000	0.00000000	0.00000000	0.00000000	0.00000000	0.00000000	0.00000000	0.00000000
k__Bacteria|p__Latescibacteria|c__unidentified_Latescibacteria|o__Latescibacterales	0.00007170	0.00006983	0.00000000	0.00020259	0.00000000	0.00014530	0.00001766	0.00000000
k__Bacteria|p__Latescibacterota|c__unidentified_Latescibacterota|o__unidentified_Latescibacterota	0.00000000	0.00000000	0.00000000	0.00001558	0.00000000	0.00000000	0.00000000	0.00000000
k__Bacteria|p__MBNT15|c__unidentified_MBNT15|o__unidentified_MBNT15	0.00000000	0.00000000	0.00000000	0.00007792	0.00000000	0.00001614	0.00000000	0.00000000
k__Bacteria|p__Methylomirabilota|c__Methylomirabilia|o__Methylomirabilales	0.00039434	0.00024441	0.00000000	0.00057660	0.00000000	0.00085568	0.00000000	0.00000000
k__Bacteria|p__Methylomirabilota|c__Methylomirabilia|o__Rokubacteriales	0.00019717	0.00003492	0.00000000	0.00006234	0.00000000	0.00032290	0.00000000	0.00000000
k__Bacteria|p__Modulibacteria|c__Moduliflexia|o__Moduliflexales	0.00008962	0.00000000	0.00000000	0.00015584	0.00048432	0.00008072	0.00008832	0.00004200
k__Bacteria|p__Myxococcota|c__Myxococcia|o__Myxococcales	0.00048397	0.00024441	0.00006043	0.00040518	0.00000000	0.00087183	0.00001766	0.00002100
k__Bacteria|p__Myxococcota|c__Polyangia|o__Blfdi19	0.00000000	0.00000000	0.00000000	0.00006234	0.00000000	0.00006458	0.00000000	0.00000000
k__Bacteria|p__Myxococcota|c__Polyangia|o__Haliangiales	0.00037642	0.00003492	0.00000000	0.00017142	0.00000000	0.00032290	0.00003533	0.00000000
k__Bacteria|p__Myxococcota|c__Polyangia|o__MidBa8	0.00000000	0.00000000	0.00000000	0.00000000	0.00000000	0.00000000	0.00000000	0.00000000
k__Bacteria|p__Myxococcota|c__Polyangia|o__Nannocystales	0.00000000	0.00000000	0.00000000	0.00001558	0.00000000	0.00000000	0.00000000	0.00004200
k__Bacteria|p__Myxococcota|c__Polyangia|o__PS_B29	0.00000000	0.00000000	0.00000000	0.00000000	0.00000000	0.00000000	0.00000000	0.00000000
k__Bacteria|p__Myxococcota|c__Polyangia|o__Polyangiales	0.00028679	0.00001746	0.00012085	0.00015584	0.00001468	0.00041977	0.00001766	0.00000000
k__Bacteria|p__Myxococcota|c__Polyangia|o__UASB_TL25	0.00007170	0.00006983	0.00000000	0.00009350	0.00000000	0.00001614	0.00000000	0.00000000
k__Bacteria|p__Myxococcota|c__Polyangia|o__VHS_B3_70	0.00000000	0.00000000	0.00000000	0.00000000	0.00000000	0.00000000	0.00000000	0.00000000
k__Bacteria|p__Myxococcota|c__Polyangia|o__VHS_B4_70	0.00001792	0.00000000	0.00000000	0.00000000	0.00000000	0.00000000	0.00000000	0.00000000
k__Bacteria|p__Myxococcota|c__Polyangia|o__mle1_27	0.00000000	0.00000000	0.00000000	0.00006234	0.00000000	0.00004843	0.00001766	0.00000000
k__Bacteria|p__Nitrospirota|c__Leptospirillia|o__Leptospirillales	0.00000000	0.00000000	0.00000000	0.00000000	0.00000000	0.00000000	0.00000000	0.00000000
k__Bacteria|p__Nitrospirota|c__Nitrospira|o__Nitrospirales	0.00059151	0.00015712	0.00009064	0.00062335	0.00002935	0.00111400	0.00003533	0.00004200
k__Bacteria|p__Nitrospirota|c__Thermodesulfovibrionia|o__Magnetobacteriales	0.00001792	0.00000000	0.00000000	0.00000000	0.00000000	0.00004843	0.00000000	0.00000000
k__Bacteria|p__Nitrospirota|c__Thermodesulfovibrionia|o__Thermodesulfovibrionales	0.00000000	0.00000000	0.00000000	0.00000000	0.00000000	0.00000000	0.00000000	0.00000000
k__Bacteria|p__Parcubacteria|c__unidentified_Parcubacteria|o__GWA2_38_13b	0.00000000	0.00000000	0.00000000	0.00000000	0.00000000	0.00000000	0.00000000	0.00000000
k__Bacteria|p__Planctomycetes|c__unidentified_Planctomycetes|o__Gemmatales	0.00000000	0.00000000	0.00000000	0.00000000	0.00000000	0.00000000	0.00000000	0.00000000
k__Bacteria|p__Planctomycetes|c__unidentified_Planctomycetes|o__Isosphaerales	0.00000000	0.00000000	0.00000000	0.00000000	0.00000000	0.00000000	0.00000000	0.00000000
k__Bacteria|p__Planctomycetes|c__unidentified_Planctomycetes|o__Pirellulales	0.00000000	0.00000000	0.00000000	0.00000000	0.00000000	0.00000000	0.00000000	0.00000000
k__Bacteria|p__Planctomycetota|c__OM190|o__unidentified_OM190	0.00001792	0.00000000	0.00000000	0.00000000	0.00000000	0.00000000	0.00000000	0.00000000
k__Bacteria|p__Planctomycetota|c__Phycisphaerae|o__CCM11a	0.00003585	0.00000000	0.00000000	0.00006234	0.00000000	0.00001614	0.00000000	0.00000000
k__Bacteria|p__Planctomycetota|c__Phycisphaerae|o__Phycisphaerales	0.00000000	0.00005237	0.00000000	0.00004675	0.00000000	0.00000000	0.00000000	0.00000000
k__Bacteria|p__Planctomycetota|c__Phycisphaerae|o__Pla1_lineage	0.00000000	0.00003492	0.00000000	0.00000000	0.00000000	0.00000000	0.00000000	0.00000000
k__Bacteria|p__Planctomycetota|c__Phycisphaerae|o__Tepidisphaerales	0.00000000	0.00000000	0.00000000	0.00000000	0.00000000	0.00000000	0.00000000	0.00000000
k__Bacteria|p__Planctomycetota|c__Phycisphaerae|o__mle1_8	0.00000000	0.00000000	0.00000000	0.00000000	0.00000000	0.00000000	0.00000000	0.00000000
k__Bacteria|p__Proteobacteria|c__Alphaproteobacteria|o__Acetobacterales	0.00044812	0.00139662	0.00743247	0.00063894	0.00032288	0.00056507	0.00045924	0.00044104
k__Bacteria|p__Proteobacteria|c__Alphaproteobacteria|o__Azospirillales	0.00035849	0.00015712	0.00006043	0.00010909	0.00013209	0.00012916	0.00024728	0.00115510
k__Bacteria|p__Proteobacteria|c__Alphaproteobacteria|o__Caulobacterales	0.00028679	0.00034916	0.00202429	0.00043635	0.00052835	0.00053278	0.00127175	0.00468340
k__Bacteria|p__Proteobacteria|c__Alphaproteobacteria|o__Defluviicoccales	0.00000000	0.00000000	0.00000000	0.00000000	0.00000000	0.00000000	0.00000000	0.00000000
k__Bacteria|p__Proteobacteria|c__Alphaproteobacteria|o__Dongiales	0.00007170	0.00008729	0.00000000	0.00006234	0.00000000	0.00030675	0.00005299	0.00000000
k__Bacteria|p__Proteobacteria|c__Alphaproteobacteria|o__Elsterales	0.00000000	0.00000000	0.00000000	0.00007792	0.00014676	0.00003229	0.00001766	0.00000000
k__Bacteria|p__Proteobacteria|c__Alphaproteobacteria|o__Ferrovibrionales	0.00000000	0.00000000	0.00000000	0.00000000	0.00000000	0.00000000	0.00001766	0.00000000
k__Bacteria|p__Proteobacteria|c__Alphaproteobacteria|o__Kiloniellales	0.00000000	0.00000000	0.00000000	0.00000000	0.00000000	0.00000000	0.00000000	0.00000000
k__Bacteria|p__Proteobacteria|c__Alphaproteobacteria|o__Micropepsales	0.00000000	0.00000000	0.00000000	0.00003117	0.00000000	0.00000000	0.00000000	0.00000000
k__Bacteria|p__Proteobacteria|c__Alphaproteobacteria|o__NRL2	0.00000000	0.00000000	0.00000000	0.00000000	0.00000000	0.00000000	0.00000000	0.00000000
k__Bacteria|p__Proteobacteria|c__Alphaproteobacteria|o__Paracaedibacterales	0.00007170	0.00000000	0.00000000	0.00000000	0.00002935	0.00000000	0.00001766	0.00000000
k__Bacteria|p__Proteobacteria|c__Alphaproteobacteria|o__Parvibaculales	0.00007170	0.00000000	0.00000000	0.00003117	0.00000000	0.00000000	0.00000000	0.00000000
k__Bacteria|p__Proteobacteria|c__Alphaproteobacteria|o__Reyranellales	0.00034057	0.00000000	0.00012085	0.00000000	0.00000000	0.00003229	0.00001766	0.00000000
k__Bacteria|p__Proteobacteria|c__Alphaproteobacteria|o__Rhizobiales	0.00098586	0.00129188	0.01154148	0.00113762	0.00217209	0.00172751	0.00314404	0.01216003
k__Bacteria|p__Proteobacteria|c__Alphaproteobacteria|o__Rhodobacterales	0.03627955	0.04416822	0.04897577	0.00766725	0.00246562	0.00742666	0.01058023	0.01894361
k__Bacteria|p__Proteobacteria|c__Alphaproteobacteria|o__Rhodospirillales	0.00191794	0.00015712	0.00003021	0.00032726	0.00010273	0.00045206	0.00040625	0.00033603
k__Bacteria|p__Proteobacteria|c__Alphaproteobacteria|o__Rickettsiales	0.00012547	0.00003492	0.00000000	0.00006234	0.00002935	0.00001614	0.00003533	0.00002100
k__Bacteria|p__Proteobacteria|c__Alphaproteobacteria|o__Sphingomonadales	0.00227643	0.09804298	0.07444559	0.00260250	0.00120346	0.00271235	0.01625011	0.03080962
k__Bacteria|p__Proteobacteria|c__Alphaproteobacteria|o__Tistrellales	0.00000000	0.00000000	0.00000000	0.00006234	0.00000000	0.00000000	0.00000000	0.00000000
k__Bacteria|p__Proteobacteria|c__Alphaproteobacteria|o__Zavarziniales	0.00000000	0.00000000	0.00000000	0.00000000	0.00004403	0.00000000	0.00001766	0.00000000
k__Bacteria|p__Proteobacteria|c__Gammaproteobacteria|o__1013_28_CG33	0.00003585	0.00000000	0.00000000	0.00000000	0.00000000	0.00000000	0.00001766	0.00000000
k__Bacteria|p__Proteobacteria|c__Gammaproteobacteria|o__Acidiferrobacterales	0.00010755	0.00008729	0.00000000	0.00004675	0.00001468	0.00020988	0.00001766	0.00000000
k__Bacteria|p__Proteobacteria|c__Gammaproteobacteria|o__Acidithiobacillales	0.00000000	0.00000000	0.00000000	0.00000000	0.00000000	0.00000000	0.00000000	0.00002100
k__Bacteria|p__Proteobacteria|c__Gammaproteobacteria|o__Beggiatoales	0.00000000	0.00000000	0.00000000	0.00001558	0.00000000	0.00000000	0.00005299	0.00000000
k__Bacteria|p__Proteobacteria|c__Gammaproteobacteria|o__Burkholderiales	0.12966714	0.43272638	0.13662457	0.18694385	0.07390992	0.22145982	0.34337190	0.28610732
k__Bacteria|p__Proteobacteria|c__Gammaproteobacteria|o__CCD24	0.00000000	0.00000000	0.00000000	0.00000000	0.00000000	0.00008072	0.00000000	0.00000000
k__Bacteria|p__Proteobacteria|c__Gammaproteobacteria|o__CCM19a	0.00010755	0.00001746	0.00000000	0.00000000	0.00000000	0.00014530	0.00000000	0.00000000
k__Bacteria|p__Proteobacteria|c__Gammaproteobacteria|o__Cardiobacteriales	0.00005377	0.00000000	0.00000000	0.00046752	0.00000000	0.00003229	0.00003533	0.00014701
k__Bacteria|p__Proteobacteria|c__Gammaproteobacteria|o__Chromatiales	0.00467834	0.00061102	0.00081576	0.00040518	0.00014676	0.00027446	0.00012364	0.00006301
k__Bacteria|p__Proteobacteria|c__Gammaproteobacteria|o__Competibacterales	0.00008962	0.00001746	0.00012085	0.00048310	0.00022014	0.00024217	0.00005299	0.00004200
k__Bacteria|p__Proteobacteria|c__Gammaproteobacteria|o__Coxiellales	0.00007170	0.00001746	0.00006043	0.00040518	0.00049899	0.00017759	0.00017663	0.00002100
k__Bacteria|p__Proteobacteria|c__Gammaproteobacteria|o__Diplorickettsiales	0.00021510	0.00005237	0.00006043	0.00000000	0.00000000	0.00056507	0.00000000	0.00000000
k__Bacteria|p__Proteobacteria|c__Gammaproteobacteria|o__Ectothiorhodospirales	0.00000000	0.00000000	0.00000000	0.00000000	0.00000000	0.00000000	0.00003533	0.00000000
k__Bacteria|p__Proteobacteria|c__Gammaproteobacteria|o__Enterobacterales	0.05474197	0.01471692	0.03927730	0.08421512	0.01294451	0.03806971	0.03396626	0.07760160
k__Bacteria|p__Proteobacteria|c__Gammaproteobacteria|o__Ga0077536	0.00007170	0.00000000	0.00000000	0.00001558	0.00000000	0.00008072	0.00000000	0.00000000
k__Bacteria|p__Proteobacteria|c__Gammaproteobacteria|o__HOC36	0.00005377	0.00000000	0.00000000	0.00000000	0.00000000	0.00000000	0.00000000	0.00000000
k__Bacteria|p__Proteobacteria|c__Gammaproteobacteria|o__Halothiobacillales	0.00466042	0.00031424	0.00006043	0.00554785	0.00312605	0.00707147	0.01197562	0.00216318
k__Bacteria|p__Proteobacteria|c__Gammaproteobacteria|o__Immundisolibacterales	0.00000000	0.00001746	0.00000000	0.00000000	0.00000000	0.00000000	0.00000000	0.00000000
k__Bacteria|p__Proteobacteria|c__Gammaproteobacteria|o__JG36_GS_52	0.00019717	0.00003492	0.00000000	0.00000000	0.00000000	0.00017759	0.00000000	0.00000000
k__Bacteria|p__Proteobacteria|c__Gammaproteobacteria|o__JG36_TzT_191	0.00000000	0.00000000	0.00000000	0.00000000	0.00000000	0.00000000	0.00000000	0.00000000
k__Bacteria|p__Proteobacteria|c__Gammaproteobacteria|o__KF_JG30_C25	0.00032264	0.00015712	0.00000000	0.00023376	0.00000000	0.00059736	0.00000000	0.00000000
k__Bacteria|p__Proteobacteria|c__Gammaproteobacteria|o__Legionellales	0.00003585	0.00001746	0.00009064	0.00004675	0.00011741	0.00004843	0.00000000	0.00002100
k__Bacteria|p__Proteobacteria|c__Gammaproteobacteria|o__MBMPE27	0.00000000	0.00000000	0.00000000	0.00000000	0.00000000	0.00001614	0.00000000	0.00000000
k__Bacteria|p__Proteobacteria|c__Gammaproteobacteria|o__Methylococcales	0.00190002	0.00209494	0.00135960	0.00180773	0.00073382	0.00322898	0.00028261	0.00016801
k__Bacteria|p__Proteobacteria|c__Gammaproteobacteria|o__Nitrosococcales	0.00023302	0.00010475	0.00003021	0.00003117	0.00000000	0.00006458	0.00003533	0.00000000
k__Bacteria|p__Proteobacteria|c__Gammaproteobacteria|o__PLTA13	0.00034057	0.00020949	0.00000000	0.00018701	0.00000000	0.00087183	0.00000000	0.00002100
k__Bacteria|p__Proteobacteria|c__Gammaproteobacteria|o__Pseudomonadales	0.02133037	0.01185384	0.08133422	0.12125793	0.01403056	0.06756648	0.08674380	0.08157093
k__Bacteria|p__Proteobacteria|c__Gammaproteobacteria|o__R7C24	0.00000000	0.00000000	0.00000000	0.00000000	0.00000000	0.00000000	0.00000000	0.00000000
k__Bacteria|p__Proteobacteria|c__Gammaproteobacteria|o__Run_SP154	0.06477980	0.05935651	0.05027494	0.08549300	0.15967830	0.06051115	0.03416056	0.01974168
k__Bacteria|p__Proteobacteria|c__Gammaproteobacteria|o__SZB30	0.00005377	0.00010475	0.00000000	0.00015584	0.00000000	0.00025832	0.00000000	0.00000000
k__Bacteria|p__Proteobacteria|c__Gammaproteobacteria|o__Salinisphaerales	0.00000000	0.00000000	0.00000000	0.00000000	0.00000000	0.00000000	0.00001766	0.00000000
k__Bacteria|p__Proteobacteria|c__Gammaproteobacteria|o__Steroidobacterales	0.00005377	0.00000000	0.00000000	0.00000000	0.00000000	0.00000000	0.00000000	0.00000000
k__Bacteria|p__Proteobacteria|c__Gammaproteobacteria|o__Tenderiales	0.00000000	0.00000000	0.00000000	0.00000000	0.00000000	0.00000000	0.00000000	0.00000000
k__Bacteria|p__Proteobacteria|c__Gammaproteobacteria|o__Thiotrichales	0.00037642	0.00010475	0.00024171	0.00042076	0.00042561	0.00064580	0.00031794	0.00075606
k__Bacteria|p__Proteobacteria|c__Gammaproteobacteria|o__WD260	0.00000000	0.00000000	0.00000000	0.00000000	0.00000000	0.00000000	0.00000000	0.00000000
k__Bacteria|p__Proteobacteria|c__Gammaproteobacteria|o__Xanthomonadales	0.00179247	0.00488818	0.02809837	0.00171422	0.00220145	0.00143690	0.02301510	0.01654941
k__Bacteria|p__Proteobacteria|c__Gammaproteobacteria|o__unidentified_Gammaproteobacteria	0.00035849	0.00003492	0.00000000	0.00001558	0.00004403	0.00022603	0.00000000	0.00002100
k__Bacteria|p__Proteobacteria|c__Magnetococcia|o__Magnetococcales	0.00000000	0.00000000	0.00000000	0.00000000	0.00000000	0.00006458	0.00000000	0.00000000
k__Bacteria|p__SAR324_clade_Marine_group_B_|c__unidentified_SAR324_clade_Marine_group_B_|o__unidentified_SAR324_clade_Marine_group_B_	0.00012547	0.00001746	0.00000000	0.00000000	0.00000000	0.00008072	0.00000000	0.00000000
k__Bacteria|p__Schekmanbacteria|c__unidentified_Schekmanbacteria|o__unidentified_Schekmanbacteria	0.00000000	0.00000000	0.00000000	0.00000000	0.00000000	0.00000000	0.00000000	0.00000000
k__Bacteria|p__Spirochaetota|c__Brachyspirae|o__Brachyspirales	0.00000000	0.00000000	0.00000000	0.00000000	0.00000000	0.00000000	0.00000000	0.00000000
k__Bacteria|p__Spirochaetota|c__Brevinematia|o__Brevinematales	0.00000000	0.00000000	0.00000000	0.00000000	0.00000000	0.00000000	0.00000000	0.00000000
k__Bacteria|p__Spirochaetota|c__Leptospirae|o__Leptospirales	0.00005377	0.00005237	0.00003021	0.00010909	0.00002935	0.00009687	0.00003533	0.00000000
k__Bacteria|p__Spirochaetota|c__Spirochaetia|o__Spirochaetales	0.00543118	0.00006983	0.00036256	0.00085711	0.00067511	0.00080725	0.00017663	0.00012601
k__Bacteria|p__Sumerlaeota|c__Sumerlaeia|o__Sumerlaeales	0.00014340	0.00000000	0.00000000	0.00010909	0.00001468	0.00009687	0.00000000	0.00000000
k__Bacteria|p__Sva0485|c__unidentified_Sva0485|o__unidentified_Sva0485	0.00000000	0.00000000	0.00000000	0.00000000	0.00000000	0.00000000	0.00000000	0.00000000
k__Bacteria|p__Synergistota|c__Synergistia|o__Synergistales	0.00016132	0.00022695	0.00084597	0.00091945	0.00358102	0.00069423	0.00030027	0.00006301
k__Bacteria|p__Thermotogae|c__unidentified_Thermotogae|o__Petrotogales	0.00005377	0.00000000	0.00000000	0.00000000	0.00000000	0.00000000	0.00000000	0.00000000
k__Bacteria|p__Verrucomicrobiota|c__Kiritimatiellae|o__WCHB1_41	0.00100378	0.00038407	0.00057405	0.00038960	0.00076317	0.00061351	0.00038859	0.00004200
k__Bacteria|p__Verrucomicrobiota|c__Lentisphaeria|o__Oligosphaerales	0.00025095	0.00003492	0.00006043	0.00000000	0.00005871	0.00008072	0.00000000	0.00000000
k__Bacteria|p__Verrucomicrobiota|c__Lentisphaeria|o__Victivallales	0.00003585	0.00001746	0.00003021	0.00003117	0.00000000	0.00004843	0.00000000	0.00000000
k__Bacteria|p__Verrucomicrobiota|c__Omnitrophia|o__Omnitrophales	0.00000000	0.00000000	0.00000000	0.00012467	0.00001468	0.00004843	0.00000000	0.00000000
k__Bacteria|p__Verrucomicrobiota|c__Verrucomicrobiae|o__Chthoniobacterales	0.00023302	0.00015712	0.00000000	0.00003117	0.00001468	0.00001614	0.00000000	0.00004200
k__Bacteria|p__Verrucomicrobiota|c__Verrucomicrobiae|o__LD1_PB3	0.00000000	0.00000000	0.00000000	0.00001558	0.00001468	0.00000000	0.00000000	0.00000000
k__Bacteria|p__Verrucomicrobiota|c__Verrucomicrobiae|o__Opitutales	0.00053774	0.00000000	0.00000000	0.00001558	0.00001468	0.00009687	0.00000000	0.00008401
k__Bacteria|p__Verrucomicrobiota|c__Verrucomicrobiae|o__Pedosphaerales	0.00320852	0.00052373	0.00009064	0.00065452	0.00000000	0.00087183	0.00008832	0.00000000
k__Bacteria|p__Verrucomicrobiota|c__Verrucomicrobiae|o__S_BQ2_57_soil_group	0.00014340	0.00001746	0.00000000	0.00001558	0.00000000	0.00009687	0.00000000	0.00000000
k__Bacteria|p__Verrucomicrobiota|c__Verrucomicrobiae|o__Verrucomicrobiales	0.00025095	0.00061102	0.00244728	0.00000000	0.00519542	0.00019374	0.02296211	0.00716161
k__Bacteria|p__WPS_2|c__unidentified_WPS_2|o__unidentified_WPS_2	0.00075284	0.00062848	0.00193365	0.00042076	0.00148231	0.00019374	0.00026495	0.00016801
k__Bacteria|p__Zixibacteria|c__unidentified_Zixibacteria|o__unidentified_Zixibacteria	0.00001792	0.00003492	0.00000000	0.00001558	0.00000000	0.00000000	0.00000000	0.00000000
k__Bacteria|p__unidentified_Bacteria|c__Acidimicrobiia|o__Actinomarinales	0.00003585	0.00000000	0.00000000	0.00012467	0.00000000	0.00001614	0.00000000	0.00000000
k__Bacteria|p__unidentified_Bacteria|c__Acidimicrobiia|o__Microtrichales	0.00008962	0.00013966	0.00009064	0.00000000	0.00000000	0.00017759	0.00003533	0.00002100
k__Bacteria|p__unidentified_Bacteria|c__Acidimicrobiia|o__unidentified_Acidimicrobiia	0.00000000	0.00000000	0.00000000	0.00000000	0.00000000	0.00000000	0.00000000	0.00000000
k__Bacteria|p__unidentified_Bacteria|c__Acidobacteriae|o__Acidobacteriales	0.00000000	0.00000000	0.00000000	0.00000000	0.00000000	0.00001614	0.00000000	0.00000000
k__Bacteria|p__unidentified_Bacteria|c__Alphaproteobacteria|o__Acetobacterales	0.00008962	0.00000000	0.00000000	0.00000000	0.00000000	0.00003229	0.00000000	0.00000000
k__Bacteria|p__unidentified_Bacteria|c__Alphaproteobacteria|o__Azospirillales	0.00000000	0.00000000	0.00000000	0.00000000	0.00000000	0.00000000	0.00000000	0.00000000
k__Bacteria|p__unidentified_Bacteria|c__Alphaproteobacteria|o__Caulobacterales	0.00000000	0.00000000	0.00003021	0.00000000	0.00000000	0.00000000	0.00000000	0.00000000
k__Bacteria|p__unidentified_Bacteria|c__Alphaproteobacteria|o__Defluviicoccales	0.00001792	0.00000000	0.00000000	0.00001558	0.00000000	0.00001614	0.00000000	0.00002100
k__Bacteria|p__unidentified_Bacteria|c__Alphaproteobacteria|o__Elsterales	0.00000000	0.00000000	0.00000000	0.00000000	0.00000000	0.00000000	0.00000000	0.00000000
k__Bacteria|p__unidentified_Bacteria|c__Alphaproteobacteria|o__Ferrovibrionales	0.00000000	0.00000000	0.00000000	0.00000000	0.00000000	0.00000000	0.00000000	0.00000000
k__Bacteria|p__unidentified_Bacteria|c__Alphaproteobacteria|o__Holosporales	0.00003585	0.00000000	0.00000000	0.00000000	0.00000000	0.00000000	0.00000000	0.00000000
k__Bacteria|p__unidentified_Bacteria|c__Alphaproteobacteria|o__Kiloniellales	0.00005377	0.00003492	0.00000000	0.00004675	0.00000000	0.00027446	0.00000000	0.00000000
k__Bacteria|p__unidentified_Bacteria|c__Alphaproteobacteria|o__Micavibrionales	0.00003585	0.00005237	0.00003021	0.00003117	0.00008806	0.00001614	0.00001766	0.00018902
k__Bacteria|p__unidentified_Bacteria|c__Alphaproteobacteria|o__Micropepsales	0.00000000	0.00000000	0.00000000	0.00000000	0.00000000	0.00000000	0.00001766	0.00000000
k__Bacteria|p__unidentified_Bacteria|c__Alphaproteobacteria|o__Paracaedibacterales	0.00000000	0.00001746	0.00006043	0.00000000	0.00000000	0.00000000	0.00003533	0.00006301
k__Bacteria|p__unidentified_Bacteria|c__Alphaproteobacteria|o__Puniceispirillales	0.00000000	0.00000000	0.00000000	0.00000000	0.00000000	0.00000000	0.00000000	0.00000000
k__Bacteria|p__unidentified_Bacteria|c__Alphaproteobacteria|o__Reyranellales	0.00000000	0.00000000	0.00000000	0.00000000	0.00000000	0.00000000	0.00000000	0.00000000
k__Bacteria|p__unidentified_Bacteria|c__Alphaproteobacteria|o__Rhizobiales	0.00023302	0.00104747	0.00181280	0.00012467	0.00005871	0.00029061	0.00017663	0.00042004
k__Bacteria|p__unidentified_Bacteria|c__Alphaproteobacteria|o__Rhodospirillales	0.00023302	0.00013966	0.00015107	0.00000000	0.00010273	0.00017759	0.00005299	0.00012601
k__Bacteria|p__unidentified_Bacteria|c__Alphaproteobacteria|o__Rickettsiales	0.00000000	0.00000000	0.00000000	0.00000000	0.00000000	0.00000000	0.00000000	0.00000000
k__Bacteria|p__unidentified_Bacteria|c__Alphaproteobacteria|o__Sneathiellales	0.00000000	0.00000000	0.00000000	0.00000000	0.00000000	0.00003229	0.00000000	0.00000000
k__Bacteria|p__unidentified_Bacteria|c__Alphaproteobacteria|o__Thalassobaculales	0.00306512	0.00005237	0.00000000	0.00012467	0.00026417	0.00004843	0.00045924	0.00012601
k__Bacteria|p__unidentified_Bacteria|c__Alphaproteobacteria|o__unidentified_Alphaproteobacteria	0.00000000	0.00000000	0.00000000	0.00000000	0.00001468	0.00000000	0.00000000	0.00000000
k__Bacteria|p__unidentified_Bacteria|c__Anaerolineae|o__Anaerolineales	0.00272455	0.00109984	0.00009064	0.00162072	0.00001468	0.00319669	0.00001766	0.00000000
k__Bacteria|p__unidentified_Bacteria|c__Anaerolineae|o__Ardenticatenales	0.00012547	0.00013966	0.00000000	0.00012467	0.00002935	0.00009687	0.00000000	0.00000000
k__Bacteria|p__unidentified_Bacteria|c__Anaerolineae|o__Caldilineales	0.00016132	0.00010475	0.00006043	0.00003117	0.00013209	0.00011301	0.00000000	0.00000000
k__Bacteria|p__unidentified_Bacteria|c__Babeliae|o__Babeliales	0.00026887	0.00012220	0.00006043	0.00018701	0.00024950	0.00033904	0.00014131	0.00008401
k__Bacteria|p__unidentified_Bacteria|c__Bacilli|o__Erysipelotrichales	0.00000000	0.00000000	0.00009064	0.00000000	0.00000000	0.00000000	0.00000000	0.00000000
k__Bacteria|p__unidentified_Bacteria|c__Bacilli|o__Mycoplasmatales	0.00000000	0.00000000	0.00018128	0.00000000	0.00000000	0.00000000	0.00000000	0.00000000
k__Bacteria|p__unidentified_Bacteria|c__Bacteroidia|o__Bacteroidales	0.03644088	0.00752431	0.00293069	0.00970874	0.01787575	0.00577988	0.00798375	0.00302426
k__Bacteria|p__unidentified_Bacteria|c__Bacteroidia|o__Chitinophagales	0.00019717	0.00000000	0.00006043	0.00014025	0.00002935	0.00016145	0.00035326	0.00010501
k__Bacteria|p__unidentified_Bacteria|c__Bacteroidia|o__Cytophagales	0.00017925	0.00000000	0.00000000	0.00001558	0.00000000	0.00024217	0.00000000	0.00000000
k__Bacteria|p__unidentified_Bacteria|c__Bacteroidia|o__Flavobacteriales	0.00000000	0.00000000	0.00000000	0.00018701	0.00011741	0.00001614	0.00022962	0.00000000
k__Bacteria|p__unidentified_Bacteria|c__Campylobacteria|o__Campylobacterales	0.00645288	0.00239172	0.00009064	0.03550001	0.02753276	0.01733964	0.00853131	0.00403234
k__Bacteria|p__unidentified_Bacteria|c__Chloroflexia|o__Chloroflexales	0.00000000	0.00000000	0.00000000	0.00000000	0.00000000	0.00000000	0.00000000	0.00000000
k__Bacteria|p__unidentified_Bacteria|c__Clostridia|o__Christensenellales	0.00028679	0.00017458	0.00021149	0.00059219	0.00190792	0.00025832	0.00019429	0.00018902
k__Bacteria|p__unidentified_Bacteria|c__Clostridia|o__Eubacteriales	0.00007170	0.00003492	0.00006043	0.00017142	0.00048432	0.00012916	0.00001766	0.00000000
k__Bacteria|p__unidentified_Bacteria|c__Clostridia|o__Lachnospirales	0.00000000	0.00000000	0.00009064	0.00000000	0.00044029	0.00000000	0.00171333	0.00035703
k__Bacteria|p__unidentified_Bacteria|c__Clostridia|o__Oscillospirales	0.00164907	0.00061102	0.00135960	0.00216615	0.00463772	0.00179209	0.00206659	0.00067206
k__Bacteria|p__unidentified_Bacteria|c__Clostridia|o__Peptococcales	0.00016132	0.00010475	0.00111789	0.00034284	0.00076317	0.00032290	0.00042392	0.00016801
k__Bacteria|p__unidentified_Bacteria|c__Clostridia|o__Peptostreptococcales_Tissierellales	0.00012547	0.00008729	0.00000000	0.00006234	0.00027885	0.00003229	0.00001766	0.00004200
k__Bacteria|p__unidentified_Bacteria|c__Clostridia|o__Proteinivoracales	0.00000000	0.00000000	0.00000000	0.00000000	0.00004403	0.00000000	0.00003533	0.00000000
k__Bacteria|p__unidentified_Bacteria|c__Coriobacteriia|o__Coriobacteriales	0.00000000	0.00000000	0.00006043	0.00000000	0.00000000	0.00001614	0.00000000	0.00006301
k__Bacteria|p__unidentified_Bacteria|c__Dehalococcoidia|o__Dehalococcoidales	0.00000000	0.00001746	0.00000000	0.00001558	0.00000000	0.00000000	0.00000000	0.00000000
k__Bacteria|p__unidentified_Bacteria|c__Desulfarculia|o__Desulfarculales	0.00000000	0.00000000	0.00000000	0.00000000	0.00000000	0.00000000	0.00001766	0.00000000
k__Bacteria|p__unidentified_Bacteria|c__Desulfitobacteriia|o__Desulfitobacteriales	0.00032264	0.00031424	0.00024171	0.00018701	0.00029353	0.00016145	0.00007065	0.00002100
k__Bacteria|p__unidentified_Bacteria|c__Desulfobacteria|o__Desulfobacterales	0.00051982	0.00005237	0.00003021	0.00054543	0.00004403	0.00025832	0.00065354	0.00008401
k__Bacteria|p__unidentified_Bacteria|c__Desulfobulbia|o__Desulfobulbales	0.00001792	0.00000000	0.00000000	0.00003117	0.00001468	0.00001614	0.00001766	0.00000000
k__Bacteria|p__unidentified_Bacteria|c__Desulfovibrionia|o__Desulfovibrionales	0.00000000	0.00000000	0.00093661	0.00004675	0.00008806	0.00000000	0.00503400	0.00018902
k__Bacteria|p__unidentified_Bacteria|c__Desulfuromonadia|o__Geobacterales	0.00005377	0.00008729	0.00000000	0.00000000	0.00000000	0.00004843	0.00000000	0.00000000
k__Bacteria|p__unidentified_Bacteria|c__Dethiobacteria|o__Dethiobacterales	0.00005377	0.00000000	0.00000000	0.00000000	0.00000000	0.00000000	0.00000000	0.00000000
k__Bacteria|p__unidentified_Bacteria|c__Fibrobacteria|o__Fibrobacterales	0.00001792	0.00000000	0.00000000	0.00009350	0.00000000	0.00001614	0.00001766	0.00014701
k__Bacteria|p__unidentified_Bacteria|c__Fusobacteriia|o__Fusobacteriales	0.00016132	0.00006983	0.00015107	0.00054543	0.00071914	0.00037133	0.00012364	0.00010501
k__Bacteria|p__unidentified_Bacteria|c__Gammaproteobacteria|o__Arenicellales	0.00000000	0.00000000	0.00000000	0.00000000	0.00000000	0.00000000	0.00000000	0.00000000
k__Bacteria|p__unidentified_Bacteria|c__Gammaproteobacteria|o__Beggiatoales	0.00000000	0.00000000	0.00000000	0.00000000	0.00000000	0.00000000	0.00000000	0.00000000
k__Bacteria|p__unidentified_Bacteria|c__Gammaproteobacteria|o__Burkholderiales	0.00573590	0.00239172	0.00108768	0.00204148	0.00055770	0.00392321	0.00496335	0.00247821
k__Bacteria|p__unidentified_Bacteria|c__Gammaproteobacteria|o__Chromatiales	0.00000000	0.00000000	0.00000000	0.00009350	0.00000000	0.00004843	0.00000000	0.00000000
k__Bacteria|p__unidentified_Bacteria|c__Gammaproteobacteria|o__Diplorickettsiales	0.00000000	0.00000000	0.00000000	0.00000000	0.00000000	0.00000000	0.00000000	0.00000000
k__Bacteria|p__unidentified_Bacteria|c__Gammaproteobacteria|o__Enterobacterales	0.00394343	0.00001746	0.00000000	0.00021817	0.00001468	0.00012916	0.00026495	0.00002100
k__Bacteria|p__unidentified_Bacteria|c__Gammaproteobacteria|o__Halothiobacillales	0.00000000	0.00001746	0.00003021	0.00026493	0.00102734	0.00024217	0.00054756	0.00031503
k__Bacteria|p__unidentified_Bacteria|c__Gammaproteobacteria|o__Methylococcales	0.00000000	0.00001746	0.00009064	0.00000000	0.00000000	0.00000000	0.00000000	0.00000000
k__Bacteria|p__unidentified_Bacteria|c__Gammaproteobacteria|o__Nitrosococcales	0.00000000	0.00000000	0.00000000	0.00000000	0.00000000	0.00000000	0.00000000	0.00000000
k__Bacteria|p__unidentified_Bacteria|c__Gammaproteobacteria|o__Pseudomonadales	0.00000000	0.00000000	0.00000000	0.00007792	0.00000000	0.00000000	0.00000000	0.00002100
k__Bacteria|p__unidentified_Bacteria|c__Gammaproteobacteria|o__Salinisphaerales	0.00000000	0.00000000	0.00000000	0.00000000	0.00004403	0.00000000	0.00008832	0.00000000
k__Bacteria|p__unidentified_Bacteria|c__Gammaproteobacteria|o__Steroidobacterales	0.00143397	0.00066340	0.00036256	0.00095061	0.00000000	0.00245403	0.00008832	0.00014701
k__Bacteria|p__unidentified_Bacteria|c__Gammaproteobacteria|o__Xanthomonadales	0.00005377	0.00000000	0.00000000	0.00001558	0.00001468	0.00027446	0.00003533	0.00000000
k__Bacteria|p__unidentified_Bacteria|c__Gammaproteobacteria|o__unidentified_Gammaproteobacteria	0.00014340	0.00000000	0.00000000	0.00003117	0.00000000	0.00006458	0.00000000	0.00000000
k__Bacteria|p__unidentified_Bacteria|c__Holophagae|o__Holophagales	0.00005377	0.00001746	0.00000000	0.00009350	0.00000000	0.00014530	0.00000000	0.00000000
k__Bacteria|p__unidentified_Bacteria|c__Kazania|o__unidentified_Kazania	0.00000000	0.00000000	0.00000000	0.00000000	0.00000000	0.00000000	0.00000000	0.00000000
k__Bacteria|p__unidentified_Bacteria|c__Ktedonobacteria|o__Ktedonobacterales	0.00000000	0.00001746	0.00000000	0.00001558	0.00000000	0.00001614	0.00000000	0.00000000
k__Bacteria|p__unidentified_Bacteria|c__Leptospirae|o__Leptospirales	0.00000000	0.00000000	0.00000000	0.00000000	0.00000000	0.00003229	0.00000000	0.00000000
k__Bacteria|p__unidentified_Bacteria|c__Myxococcia|o__Myxococcales	0.00000000	0.00000000	0.00000000	0.00000000	0.00000000	0.00000000	0.00000000	0.00000000
k__Bacteria|p__unidentified_Bacteria|c__Negativicutes|o__Acidaminococcales	0.00014340	0.00000000	0.00015107	0.00059219	0.00080720	0.00020988	0.00005299	0.00002100
k__Bacteria|p__unidentified_Bacteria|c__Negativicutes|o__Veillonellales_Selenomonadales	0.00758214	0.00101255	0.00114811	0.00350637	0.00294994	0.00390707	0.00146604	0.00046204
k__Bacteria|p__unidentified_Bacteria|c__Oligoflexia|o__Oligoflexales	0.00003585	0.00000000	0.00000000	0.00003117	0.00000000	0.00012916	0.00000000	0.00000000
k__Bacteria|p__unidentified_Bacteria|c__Phycisphaerae|o__Phycisphaerales	0.00000000	0.00000000	0.00000000	0.00000000	0.00000000	0.00000000	0.00000000	0.00000000
k__Bacteria|p__unidentified_Bacteria|c__Polyangia|o__Polyangiales	0.00026887	0.00005237	0.00000000	0.00004675	0.00000000	0.00022603	0.00000000	0.00000000
k__Bacteria|p__unidentified_Bacteria|c__Rhodothermia|o__Rhodothermales	0.00000000	0.00000000	0.00000000	0.00000000	0.00000000	0.00001614	0.00000000	0.00000000
k__Bacteria|p__unidentified_Bacteria|c__Saccharimonadia|o__Saccharimonadales	0.00046604	0.00106493	0.00226600	0.00056102	0.00328749	0.00053278	0.00120110	0.00010501
k__Bacteria|p__unidentified_Bacteria|c__Spirochaetia|o__Spirochaetales	0.00399720	0.00064594	0.00015107	0.00112204	0.00114475	0.00066194	0.00093615	0.00014701
k__Bacteria|p__unidentified_Bacteria|c__Symbiobacteriia|o__Symbiobacteriales	0.00000000	0.00000000	0.00000000	0.00000000	0.00000000	0.00004843	0.00000000	0.00000000
k__Bacteria|p__unidentified_Bacteria|c__Synergistia|o__Synergistales	0.00035849	0.00041899	0.00359538	0.00743350	0.00603197	0.00466588	0.00173099	0.00081907
k__Bacteria|p__unidentified_Bacteria|c__Syntrophia|o__Syntrophales	0.00030472	0.00010475	0.00006043	0.00038960	0.00004403	0.00025832	0.00001766	0.00000000
k__Bacteria|p__unidentified_Bacteria|c__Syntrophobacteria|o__Syntrophobacterales	0.00103963	0.00038407	0.00000000	0.00062335	0.00000000	0.00154991	0.00000000	0.00000000
k__Bacteria|p__unidentified_Bacteria|c__Syntrophomonadia|o__Syntrophomonadales	0.00000000	0.00000000	0.00000000	0.00003117	0.00000000	0.00000000	0.00000000	0.00000000
k__Bacteria|p__unidentified_Bacteria|c__Thermodesulfovibrionia|o__unidentified_Thermodesulfovibrionia	0.00046604	0.00017458	0.00000000	0.00028051	0.00000000	0.00041977	0.00000000	0.00000000
k__Bacteria|p__unidentified_Bacteria|c__Thermoleophilia|o__Gaiellales	0.00041227	0.00015712	0.00006043	0.00029609	0.00004403	0.00025832	0.00003533	0.00002100
k__Bacteria|p__unidentified_Bacteria|c__Verrucomicrobiae|o__Methylacidiphilales	0.00017925	0.00005237	0.00000000	0.00003117	0.00000000	0.00003229	0.00000000	0.00000000
k__Bacteria|p__unidentified_Bacteria|c__Verrucomicrobiae|o__Opitutales	0.00005377	0.00000000	0.00000000	0.00000000	0.00000000	0.00000000	0.00000000	0.00000000
k__Bacteria|p__unidentified_Bacteria|c__Verrucomicrobiae|o__Pedosphaerales	0.00005377	0.00001746	0.00000000	0.00001558	0.00000000	0.00001614	0.00000000	0.00000000
k__Bacteria|p__unidentified_Bacteria|c__Verrucomicrobiae|o__Verrucomicrobiales	0.00003585	0.00003492	0.00006043	0.00003117	0.00000000	0.00003229	0.00001766	0.00000000
k__Bacteria|p__unidentified_Bacteria|c__Vicinamibacteria|o__Vicinamibacterales	0.00107548	0.00034916	0.00012085	0.00063894	0.00000000	0.00198582	0.00000000	0.00000000
k__Bacteria|p__unidentified_Bacteria|c__unidentified_Bacteria|o__Actinomycetales	0.00000000	0.00000000	0.00000000	0.00004675	0.00002935	0.00003229	0.00000000	0.00000000
k__Bacteria|p__unidentified_Bacteria|c__unidentified_Bacteria|o__Bifidobacteriales	0.00000000	0.00000000	0.00006043	0.00000000	0.00000000	0.00000000	0.00001766	0.00000000
k__Bacteria|p__unidentified_Bacteria|c__unidentified_Bacteria|o__Gemmatales	0.00000000	0.00006983	0.00000000	0.00000000	0.00000000	0.00000000	0.00000000	0.00000000
k__Bacteria|p__unidentified_Bacteria|c__unidentified_Bacteria|o__Gemmatimonadales	0.00111133	0.00041899	0.00000000	0.00104412	0.00000000	0.00269620	0.00000000	0.00002100
k__Bacteria|p__unidentified_Bacteria|c__unidentified_Bacteria|o__Micromonosporales	0.00000000	0.00000000	0.00000000	0.00000000	0.00000000	0.00000000	0.00000000	0.00000000
k__Bacteria|p__unidentified_Bacteria|c__unidentified_Bacteria|o__Planctomycetales	0.00000000	0.00000000	0.00000000	0.00000000	0.00000000	0.00000000	0.00000000	0.00000000
k__Bacteria|p__unidentified_Bacteria|c__unidentified_Bacteria|o__Propionibacteriales	0.00000000	0.00000000	0.00000000	0.00000000	0.00000000	0.00000000	0.00000000	0.00000000
k__Bacteria|p__unidentified_Bacteria|c__unidentified_Bacteria|o__unidentified_Bacteria	0.00048397	0.00034916	0.00012085	0.00038960	0.00032288	0.00030675	0.00012364	0.00004200
k__Archaea|p__Crenarchaeota|c__Bathyarchaeia|o__unidentified_Bathyarchaeia|f__unidentified_Bathyarchaeia	0.00000000	0.00000000	0.00000000	0.00000000	0.00000000	0.00000000	0.00000000	0.00000000
k__Archaea|p__Crenarchaeota|c__Methanomethylicia|o__Methanomethyliales|f__Methanomethyliaceae	0.00000000	0.00000000	0.00000000	0.00003117	0.00000000	0.00000000	0.00000000	0.00000000
k__Archaea|p__Crenarchaeota|c__Nitrososphaeria|o__Caldiarchaeales|f__Caldiarchaeaceae	0.00000000	0.00000000	0.00000000	0.00000000	0.00000000	0.00000000	0.00000000	0.00000000
k__Archaea|p__Crenarchaeota|c__Nitrososphaeria|o__Nitrosopumilales|f__Nitrosopumilaceae	0.00001792	0.00000000	0.00000000	0.00000000	0.00000000	0.00000000	0.00000000	0.00000000
k__Archaea|p__Crenarchaeota|c__Nitrososphaeria|o__Nitrososphaerales|f__Nitrososphaeraceae	0.00000000	0.00000000	0.00000000	0.00000000	0.00000000	0.00000000	0.00000000	0.00000000
k__Archaea|p__Crenarchaeota|c__Nitrososphaeria|o__Nitrosotaleales|f__Nitrosotaleaceae	0.00000000	0.00000000	0.00000000	0.00000000	0.00000000	0.00000000	0.00000000	0.00000000
k__Archaea|p__Euryarchaeota|c__Methanobacteria|o__Methanobacteriales|f__Methanobacteriaceae	0.00008962	0.00003492	0.00069491	0.00004675	0.00000000	0.00000000	0.00003533	0.00000000
k__Archaea|p__Euryarchaeota|c__Thermococci|o__Methanofastidiosales|f__Methanofastidiosaceae	0.00000000	0.00000000	0.00000000	0.00000000	0.00000000	0.00000000	0.00000000	0.00000000
k__Archaea|p__Hadarchaeota|c__Hadarchaeia|o__unidentified_Hadarchaeia|f__Hadarchaeales	0.00000000	0.00000000	0.00000000	0.00000000	0.00000000	0.00000000	0.00000000	0.00000000
k__Archaea|p__Halobacterota|c__Methanocellia|o__Methanocellales|f__Methanocellaceae	0.00000000	0.00000000	0.00000000	0.00000000	0.00000000	0.00000000	0.00000000	0.00000000
k__Archaea|p__Halobacterota|c__Methanomicrobia|o__Methanomicrobiales|f__Methanocorpusculaceae	0.00001792	0.00000000	0.00000000	0.00000000	0.00000000	0.00000000	0.00000000	0.00000000
k__Archaea|p__Halobacterota|c__Methanomicrobia|o__Methanomicrobiales|f__Methanoregulaceae	0.00059151	0.00012220	0.00000000	0.00042076	0.00000000	0.00019374	0.00001766	0.00002100
k__Archaea|p__Halobacterota|c__Methanomicrobia|o__Methanomicrobiales|f__Methanospirillaceae	0.00012547	0.00001746	0.00015107	0.00062335	0.00004403	0.00012916	0.00005299	0.00000000
k__Archaea|p__Halobacterota|c__Methanomicrobia|o__Methanomicrobiales|f__Rice_Cluster_II	0.00000000	0.00000000	0.00000000	0.00000000	0.00000000	0.00000000	0.00000000	0.00000000
k__Archaea|p__Halobacterota|c__Methanosarcinia|o__Methanosarciniales|f__Methanoperedenaceae	0.00000000	0.00001746	0.00000000	0.00000000	0.00000000	0.00000000	0.00000000	0.00000000
k__Archaea|p__Halobacterota|c__Methanosarcinia|o__Methanosarciniales|f__Methanosaetaceae	0.00019717	0.00006983	0.00018128	0.00328819	0.00013209	0.00025832	0.00017663	0.00004200
k__Archaea|p__Halobacterota|c__Methanosarcinia|o__Methanosarciniales|f__Methanosarcinaceae	0.00014340	0.00000000	0.00000000	0.00015584	0.00005871	0.00017759	0.00000000	0.00000000
k__Archaea|p__Nanoarchaeota|c__Nanoarchaeia|o__Woesearchaeales|f__GW2011_GWC1_47_15	0.00000000	0.00000000	0.00000000	0.00000000	0.00000000	0.00000000	0.00000000	0.00000000
k__Archaea|p__Nanoarchaeota|c__Nanoarchaeia|o__Woesearchaeales|f__SCGC_AAA011_D5	0.00000000	0.00000000	0.00000000	0.00000000	0.00000000	0.00000000	0.00000000	0.00000000
k__Archaea|p__Thermoplasmatota|c__Thermoplasmata|o__Methanomassiliicoccales|f__Methanomassiliicoccaceae	0.00000000	0.00000000	0.00000000	0.00000000	0.00000000	0.00000000	0.00000000	0.00000000
k__Archaea|p__unidentified_Archaea|c__Methanomicrobia|o__Methanomicrobiales|f__Methanomicrobiaceae	0.00021510	0.00005237	0.00000000	0.00007792	0.00000000	0.00006458	0.00000000	0.00000000
k__Archaea|p__unidentified_Archaea|c__Thermoplasmata|o__Methanomassiliicoccales|f__Methanomassiliicoccaceae	0.00003585	0.00000000	0.00000000	0.00001558	0.00000000	0.00000000	0.00000000	0.00000000
k__Archaea|p__unidentified_Archaea|c__Thermoplasmata|o__Methanomassiliicoccales|f__Methanomethylophilaceae	0.00000000	0.00000000	0.00012085	0.00000000	0.00000000	0.00000000	0.00000000	0.00000000
k__Bacteria|p__Abditibacteriota|c__Abditibacteria|o__Abditibacteriales|f__Abditibacteriaceae	0.00000000	0.00000000	0.00000000	0.00000000	0.00000000	0.00000000	0.00000000	0.00000000
k__Bacteria|p__Acidobacteriota|c__Acidobacteriae|o__Acidobacteriales|f__Acidobacteriaceae__Subgroup_1_	0.00000000	0.00000000	0.00000000	0.00000000	0.00000000	0.00000000	0.00000000	0.00000000
k__Bacteria|p__Acidobacteriota|c__Acidobacteriae|o__Acidobacteriales|f__Koribacteraceae	0.00000000	0.00000000	0.00000000	0.00000000	0.00000000	0.00000000	0.00000000	0.00000000
k__Bacteria|p__Acidobacteriota|c__Acidobacteriae|o__Bryobacterales|f__Bryobacteraceae	0.00001792	0.00003492	0.00000000	0.00007792	0.00000000	0.00017759	0.00000000	0.00000000
k__Bacteria|p__Acidobacteriota|c__Acidobacteriae|o__Solibacterales|f__Solibacteraceae	0.00001792	0.00000000	0.00000000	0.00009350	0.00000000	0.00009687	0.00000000	0.00002100
k__Bacteria|p__Acidobacteriota|c__Acidobacteriae|o__unidentified_Acidobacteriae|f__unidentified_Acidobacteriae	0.00026887	0.00006983	0.00003021	0.00018701	0.00089526	0.00043591	0.00026495	0.00010501
k__Bacteria|p__Acidobacteriota|c__Blastocatellia|o__Blastocatellales|f__Blastocatellaceae	0.00001792	0.00001746	0.00000000	0.00001558	0.00000000	0.00006458	0.00000000	0.00000000
k__Bacteria|p__Acidobacteriota|c__Blastocatellia|o__Pyrinomonadales|f__Pyrinomonadaceae	0.00000000	0.00000000	0.00000000	0.00001558	0.00000000	0.00000000	0.00000000	0.00000000
k__Bacteria|p__Acidobacteriota|c__Holophagae|o__Holophagales|f__Holophagaceae	0.00021510	0.00003492	0.00015107	0.00024934	0.00026417	0.00038748	0.00056522	0.00014701
k__Bacteria|p__Acidobacteriota|c__Holophagae|o__Subgroup_7|f__unidentified_Subgroup_7	0.00000000	0.00000000	0.00000000	0.00003117	0.00000000	0.00000000	0.00000000	0.00000000
k__Bacteria|p__Acidobacteriota|c__Thermoanaerobaculia|o__Thermoanaerobaculales|f__Thermoanaerobaculaceae	0.00134435	0.00066340	0.00006043	0.00110645	0.00001468	0.00193739	0.00000000	0.00000000
k__Bacteria|p__Acidobacteriota|c__Vicinamibacteria|o__Vicinamibacterales|f__Vicinamibacteraceae	0.00030472	0.00008729	0.00000000	0.00014025	0.00000000	0.00033904	0.00001766	0.00014701
k__Bacteria|p__Acidobacteriota|c__unidentified_Acidobacteriota|o__unidentified_Acidobacteriota|f__unidentified_Acidobacteriota	0.00000000	0.00000000	0.00000000	0.00000000	0.00000000	0.00000000	0.00000000	0.00000000
k__Bacteria|p__Actinobacteria|c__unidentified_Actinobacteria|o__Actinomycetales|f__Actinomycetaceae	0.00001792	0.00000000	0.00003021	0.00003117	0.00002935	0.00001614	0.00000000	0.00000000
k__Bacteria|p__Actinobacteria|c__unidentified_Actinobacteria|o__Bifidobacteriales|f__Bifidobacteriaceae	0.00150567	0.00099509	0.00108768	0.00087270	0.00664837	0.00077496	0.00164267	0.00067206
k__Bacteria|p__Actinobacteria|c__unidentified_Actinobacteria|o__Corynebacteriales|f__Corynebacteriaceae	0.00005377	0.00000000	0.00003021	0.00006234	0.00000000	0.00000000	0.00003533	0.00039903
k__Bacteria|p__Actinobacteria|c__unidentified_Actinobacteria|o__Corynebacteriales|f__Dietziaceae	0.00001792	0.00000000	0.00000000	0.00003117	0.00000000	0.00000000	0.00000000	0.00002100
k__Bacteria|p__Actinobacteria|c__unidentified_Actinobacteria|o__Corynebacteriales|f__Mycobacteriaceae	0.00008962	0.00003492	0.00033235	0.00001558	0.00004403	0.00000000	0.00000000	0.00000000
k__Bacteria|p__Actinobacteria|c__unidentified_Actinobacteria|o__Corynebacteriales|f__Nocardiaceae	0.00005377	0.00001746	0.00000000	0.00000000	0.00000000	0.00000000	0.00001766	0.00000000
k__Bacteria|p__Actinobacteria|c__unidentified_Actinobacteria|o__Corynebacteriales|f__Tsukamurellaceae	0.00000000	0.00000000	0.00000000	0.00000000	0.00000000	0.00000000	0.00000000	0.00000000
k__Bacteria|p__Actinobacteria|c__unidentified_Actinobacteria|o__Frankiales|f__Acidothermaceae	0.00000000	0.00000000	0.00000000	0.00000000	0.00000000	0.00000000	0.00000000	0.00000000
k__Bacteria|p__Actinobacteria|c__unidentified_Actinobacteria|o__Frankiales|f__Geodermatophilaceae	0.00000000	0.00000000	0.00000000	0.00000000	0.00000000	0.00000000	0.00000000	0.00000000
k__Bacteria|p__Actinobacteria|c__unidentified_Actinobacteria|o__Frankiales|f__Sporichthyaceae	0.00241983	0.00041899	0.00015107	0.00004675	0.00004403	0.00012916	0.00019429	0.00021002
k__Bacteria|p__Actinobacteria|c__unidentified_Actinobacteria|o__Micrococcales|f__AKAU3644	0.00000000	0.00000000	0.00000000	0.00000000	0.00000000	0.00000000	0.00000000	0.00000000
k__Bacteria|p__Actinobacteria|c__unidentified_Actinobacteria|o__Micrococcales|f__Beutenbergiaceae	0.00000000	0.00000000	0.00000000	0.00000000	0.00000000	0.00000000	0.00000000	0.00000000
k__Bacteria|p__Actinobacteria|c__unidentified_Actinobacteria|o__Micrococcales|f__Bogoriellaceae	0.00000000	0.00000000	0.00000000	0.00007792	0.00013209	0.00004843	0.00003533	0.00000000
k__Bacteria|p__Actinobacteria|c__unidentified_Actinobacteria|o__Micrococcales|f__Brevibacteriaceae	0.00001792	0.00003492	0.00000000	0.00000000	0.00000000	0.00000000	0.00000000	0.00000000
k__Bacteria|p__Actinobacteria|c__unidentified_Actinobacteria|o__Micrococcales|f__Cellulomonadaceae	0.00023302	0.00012220	0.00012085	0.00012467	0.00023482	0.00000000	0.00005299	0.00004200
k__Bacteria|p__Actinobacteria|c__unidentified_Actinobacteria|o__Micrococcales|f__Demequinaceae	0.00003585	0.00003492	0.00018128	0.00007792	0.00004403	0.00004843	0.00012364	0.00056705
k__Bacteria|p__Actinobacteria|c__unidentified_Actinobacteria|o__Micrococcales|f__Dermatophilaceae	0.00000000	0.00000000	0.00000000	0.00000000	0.00000000	0.00000000	0.00000000	0.00000000
k__Bacteria|p__Actinobacteria|c__unidentified_Actinobacteria|o__Micrococcales|f__Intrasporangiaceae	0.00000000	0.00000000	0.00003021	0.00006234	0.00010273	0.00003229	0.00019429	0.00002100
k__Bacteria|p__Actinobacteria|c__unidentified_Actinobacteria|o__Micrococcales|f__Jonesiaceae	0.00000000	0.00000000	0.00000000	0.00000000	0.00000000	0.00000000	0.00000000	0.00000000
k__Bacteria|p__Actinobacteria|c__unidentified_Actinobacteria|o__Micrococcales|f__Microbacteriaceae	0.00118303	0.00434699	0.00749290	0.00048310	0.00101267	0.00035519	0.00054756	0.00044104
k__Bacteria|p__Actinobacteria|c__unidentified_Actinobacteria|o__Micrococcales|f__Micrococcaceae	0.00005377	0.00001746	0.00015107	0.00001558	0.00000000	0.00004843	0.00000000	0.00016801
k__Bacteria|p__Actinobacteria|c__unidentified_Actinobacteria|o__Micromonosporales|f__Micromonosporaceae	0.00000000	0.00000000	0.00000000	0.00000000	0.00000000	0.00000000	0.00000000	0.00000000
k__Bacteria|p__Actinobacteria|c__unidentified_Actinobacteria|o__Nitriliruptorales|f__Nitriliruptoraceae	0.00000000	0.00000000	0.00000000	0.00000000	0.00001468	0.00000000	0.00000000	0.00033603
k__Bacteria|p__Actinobacteria|c__unidentified_Actinobacteria|o__Propionibacteriales|f__Nocardioidaceae	0.00003585	0.00045390	0.00036256	0.00000000	0.00023482	0.00000000	0.00010598	0.00006301
k__Bacteria|p__Actinobacteria|c__unidentified_Actinobacteria|o__Propionibacteriales|f__Propionibacteriaceae	0.00008962	0.00008729	0.00009064	0.00035843	0.00019079	0.00027446	0.00008832	0.00010501
k__Bacteria|p__Actinobacteria|c__unidentified_Actinobacteria|o__Pseudonocardiales|f__Pseudonocardiaceae	0.00000000	0.00000000	0.00006043	0.00001558	0.00000000	0.00000000	0.00001766	0.00000000
k__Bacteria|p__Actinobacteria|c__unidentified_Actinobacteria|o__Streptomycetales|f__Streptomycetaceae	0.00000000	0.00000000	0.00000000	0.00000000	0.00000000	0.00000000	0.00000000	0.00000000
k__Bacteria|p__Actinobacteria|c__unidentified_Actinobacteria|o__Streptosporangiales|f__Nocardiopsaceae	0.00000000	0.00000000	0.00000000	0.00000000	0.00000000	0.00000000	0.00000000	0.00000000
k__Bacteria|p__Actinobacteria|c__unidentified_Actinobacteria|o__Streptosporangiales|f__Streptosporangiaceae	0.00000000	0.00000000	0.00000000	0.00000000	0.00000000	0.00000000	0.00000000	0.00000000
k__Bacteria|p__Actinobacteria|c__unidentified_Actinobacteria|o__Streptosporangiales|f__Thermomonosporaceae	0.00000000	0.00000000	0.00000000	0.00000000	0.00000000	0.00000000	0.00000000	0.00000000
k__Bacteria|p__Actinobacteriota|c__Acidimicrobiia|o__Microtrichales|f__Iamiaceae	0.00007170	0.00003492	0.00003021	0.00001558	0.00000000	0.00009687	0.00001766	0.00000000
k__Bacteria|p__Actinobacteriota|c__Acidimicrobiia|o__Microtrichales|f__Ilumatobacteraceae	0.00073491	0.00052373	0.00027192	0.00009350	0.00001468	0.00016145	0.00001766	0.00012601
k__Bacteria|p__Actinobacteriota|c__Acidimicrobiia|o__Microtrichales|f__Microtrichaceae	0.00003585	0.00005237	0.00000000	0.00000000	0.00001468	0.00000000	0.00000000	0.00000000
k__Bacteria|p__Actinobacteriota|c__Coriobacteriia|o__Coriobacteriales|f__Atopobiaceae	0.00028679	0.00010475	0.00027192	0.00028051	0.00007338	0.00020988	0.00019429	0.00000000
k__Bacteria|p__Actinobacteriota|c__Coriobacteriia|o__Coriobacteriales|f__Coriobacteriaceae	0.00044812	0.00003492	0.00000000	0.00032726	0.00007338	0.00025832	0.00031794	0.00050404
k__Bacteria|p__Actinobacteriota|c__Coriobacteriia|o__Coriobacteriales|f__Eggerthellaceae	0.00012547	0.00003492	0.00033235	0.00007792	0.00010273	0.00016145	0.00155436	0.00014701
k__Bacteria|p__Actinobacteriota|c__Rubrobacteria|o__Rubrobacterales|f__Rubrobacteriaceae	0.00000000	0.00000000	0.00000000	0.00000000	0.00000000	0.00000000	0.00000000	0.00000000
k__Bacteria|p__Actinobacteriota|c__Thermoleophilia|o__Gaiellales|f__Gaiellaceae	0.00010755	0.00000000	0.00003021	0.00000000	0.00000000	0.00043591	0.00000000	0.00000000
k__Bacteria|p__Actinobacteriota|c__Thermoleophilia|o__Solirubrobacterales|f__67_14	0.00005377	0.00000000	0.00000000	0.00000000	0.00000000	0.00000000	0.00000000	0.00004200
k__Bacteria|p__Actinobacteriota|c__Thermoleophilia|o__Solirubrobacterales|f__Solirubrobacteraceae	0.00000000	0.00000000	0.00000000	0.00000000	0.00000000	0.00001614	0.00000000	0.00000000
k__Bacteria|p__Armatimonadota|c__Fimbriimonadia|o__Fimbriimonadales|f__Fimbriimonadaceae	0.00000000	0.00003492	0.00006043	0.00000000	0.00000000	0.00008072	0.00000000	0.00000000
k__Bacteria|p__Bacteroidota|c__Bacteroidia|o__Bacteroidales|f__Bacteroidaceae	0.01647278	0.00106493	0.00586138	0.00553227	0.00110072	0.00280922	0.00492802	0.00468340
k__Bacteria|p__Bacteroidota|c__Bacteroidia|o__Bacteroidales|f__Bacteroidales_BS11_gut_group	0.00000000	0.00000000	0.00030213	0.00000000	0.00000000	0.00000000	0.00000000	0.00000000
k__Bacteria|p__Bacteroidota|c__Bacteroidia|o__Bacteroidales|f__Bacteroidales_RF16_group	0.00000000	0.00000000	0.00000000	0.00000000	0.00000000	0.00000000	0.00000000	0.00000000
k__Bacteria|p__Bacteroidota|c__Bacteroidia|o__Bacteroidales|f__Bacteroidales_UCG_001	0.00000000	0.00000000	0.00024171	0.00001558	0.00000000	0.00000000	0.00000000	0.00000000
k__Bacteria|p__Bacteroidota|c__Bacteroidia|o__Bacteroidales|f__Bacteroidetes_BD2_2	0.00155945	0.00003492	0.00000000	0.00060777	0.00369843	0.00022603	0.00031794	0.00014701
k__Bacteria|p__Bacteroidota|c__Bacteroidia|o__Bacteroidales|f__Bacteroidetes_vadinHA17	0.00738497	0.00029678	0.00021149	0.00154280	0.00328749	0.00080725	0.00047691	0.00010501
k__Bacteria|p__Bacteroidota|c__Bacteroidia|o__Bacteroidales|f__Barnesiellaceae	0.00001792	0.00000000	0.00003021	0.00001558	0.00004403	0.00001614	0.00000000	0.00002100
k__Bacteria|p__Bacteroidota|c__Bacteroidia|o__Bacteroidales|f__Dysgonomonadaceae	0.00035849	0.00012220	0.00610309	0.00024934	0.00002935	0.00012916	0.00015897	0.00018902
k__Bacteria|p__Bacteroidota|c__Bacteroidia|o__Bacteroidales|f__F082	0.00000000	0.00001746	0.00619373	0.00003117	0.00001468	0.00000000	0.00005299	0.00000000
k__Bacteria|p__Bacteroidota|c__Bacteroidia|o__Bacteroidales|f__FTLpost3	0.00008962	0.00001746	0.00000000	0.00001558	0.00024950	0.00001614	0.00007065	0.00002100
k__Bacteria|p__Bacteroidota|c__Bacteroidia|o__Bacteroidales|f__GZKB124	0.00003585	0.00000000	0.00000000	0.00024934	0.00044029	0.00004843	0.00007065	0.00000000
k__Bacteria|p__Bacteroidota|c__Bacteroidia|o__Bacteroidales|f__LKC2.127_25	0.00003585	0.00000000	0.00000000	0.00003117	0.00004403	0.00001614	0.00000000	0.00000000
k__Bacteria|p__Bacteroidota|c__Bacteroidia|o__Bacteroidales|f__M2PB4_65_termite_group	0.00046604	0.00015712	0.00000000	0.00029609	0.00017612	0.00029061	0.00024728	0.00002100
k__Bacteria|p__Bacteroidota|c__Bacteroidia|o__Bacteroidales|f__ML635J_40_aquatic_group	0.00001792	0.00000000	0.00000000	0.00000000	0.00000000	0.00000000	0.00000000	0.00000000
k__Bacteria|p__Bacteroidota|c__Bacteroidia|o__Bacteroidales|f__Marinifilaceae	0.00000000	0.00003492	0.00003021	0.00000000	0.00002935	0.00001614	0.00081251	0.00014701
k__Bacteria|p__Bacteroidota|c__Bacteroidia|o__Bacteroidales|f__Marinilabiliaceae	0.00023302	0.00003492	0.00003021	0.00014025	0.00007338	0.00004843	0.00007065	0.00004200
k__Bacteria|p__Bacteroidota|c__Bacteroidia|o__Bacteroidales|f__Muribaculaceae	0.00019717	0.00019204	0.02329446	0.00006234	0.00039626	0.00017759	0.00810739	0.00027302
k__Bacteria|p__Bacteroidota|c__Bacteroidia|o__Bacteroidales|f__Paludibacteraceae	0.01606051	0.00237426	0.00111789	0.00738674	0.00237756	0.00710376	0.00388590	0.00300326
k__Bacteria|p__Bacteroidota|c__Bacteroidia|o__Bacteroidales|f__PeH15	0.00000000	0.00000000	0.00003021	0.00000000	0.00000000	0.00000000	0.00000000	0.00000000
k__Bacteria|p__Bacteroidota|c__Bacteroidia|o__Bacteroidales|f__Porphyromonadaceae	0.00000000	0.00001746	0.00000000	0.00000000	0.00000000	0.00000000	0.00000000	0.00000000
k__Bacteria|p__Bacteroidota|c__Bacteroidia|o__Bacteroidales|f__Prevotellaceae	0.02853609	0.01096350	0.04263097	0.04126603	0.01689244	0.13883014	0.00392122	0.00378032
k__Bacteria|p__Bacteroidota|c__Bacteroidia|o__Bacteroidales|f__Prolixibacteraceae	0.00349531	0.00031424	0.00196386	0.00183889	0.00563570	0.00116243	0.00123642	0.00071406
k__Bacteria|p__Bacteroidota|c__Bacteroidia|o__Bacteroidales|f__Rikenellaceae	0.00754629	0.00244409	0.01933652	0.00352195	0.00642823	0.00237330	0.00289676	0.00218419
k__Bacteria|p__Bacteroidota|c__Bacteroidia|o__Bacteroidales|f__Rs_E47_termite_group	0.00000000	0.00000000	0.00003021	0.00000000	0.00013209	0.00008072	0.00012364	0.00002100
k__Bacteria|p__Bacteroidota|c__Bacteroidia|o__Bacteroidales|f__SB_5	0.00001792	0.00001746	0.00000000	0.00006234	0.00000000	0.00012916	0.00012364	0.00000000
k__Bacteria|p__Bacteroidota|c__Bacteroidia|o__Bacteroidales|f__Tannerellaceae	0.03644088	0.00700058	0.00341410	0.01410338	0.00427081	0.00896043	0.00171333	0.00205817
k__Bacteria|p__Bacteroidota|c__Bacteroidia|o__Bacteroidales|f__Williamwhitmaniaceae	0.00019717	0.00003492	0.00003021	0.00046752	0.00005871	0.00022603	0.00007065	0.00004200
k__Bacteria|p__Bacteroidota|c__Bacteroidia|o__Bacteroidales|f__p_251_o5	0.00021510	0.00001746	0.02317361	0.00023376	0.00002935	0.00004843	0.00000000	0.00000000
k__Bacteria|p__Bacteroidota|c__Bacteroidia|o__Bacteroidales|f__p_2534_18B5_gut_group	0.00000000	0.00000000	0.00000000	0.00000000	0.00000000	0.00000000	0.00000000	0.00000000
k__Bacteria|p__Bacteroidota|c__Bacteroidia|o__Bacteroidales|f__unidentified_Bacteroidales	0.00000000	0.00000000	0.00000000	0.00000000	0.00000000	0.00000000	0.00000000	0.00000000
k__Bacteria|p__Bacteroidota|c__Bacteroidia|o__Chitinophagales|f__37_13	0.00000000	0.00000000	0.00000000	0.00000000	0.00000000	0.00000000	0.00000000	0.00000000
k__Bacteria|p__Bacteroidota|c__Bacteroidia|o__Chitinophagales|f__Chitinophagaceae	0.00034057	0.00013966	0.00166173	0.00009350	0.00005871	0.00027446	0.00022962	0.00029402
k__Bacteria|p__Bacteroidota|c__Bacteroidia|o__Chitinophagales|f__Saprospiraceae	0.00005377	0.00000000	0.00003021	0.00000000	0.00001468	0.00000000	0.00000000	0.00002100
k__Bacteria|p__Bacteroidota|c__Bacteroidia|o__Cytophagales|f__Cyclobacteriaceae	0.00003585	0.00001746	0.00006043	0.00000000	0.00000000	0.00000000	0.00000000	0.00002100
k__Bacteria|p__Bacteroidota|c__Bacteroidia|o__Cytophagales|f__Hymenobacteraceae	0.00000000	0.00000000	0.00000000	0.00000000	0.00000000	0.00000000	0.00000000	0.00000000
k__Bacteria|p__Bacteroidota|c__Bacteroidia|o__Cytophagales|f__Microscillaceae	0.00021510	0.00006983	0.00000000	0.00001558	0.00000000	0.00050049	0.00000000	0.00000000
k__Bacteria|p__Bacteroidota|c__Bacteroidia|o__Cytophagales|f__Spirosomaceae	0.00000000	0.00001746	0.00018128	0.00000000	0.00001468	0.00001614	0.00007065	0.00008401
k__Bacteria|p__Bacteroidota|c__Bacteroidia|o__Flavobacteriales|f__Crocinitomicaceae	0.00007170	0.00019204	0.00015107	0.00003117	0.00000000	0.00008072	0.00003533	0.00016801
k__Bacteria|p__Bacteroidota|c__Bacteroidia|o__Flavobacteriales|f__Flavobacteriaceae	0.00016132	0.00183307	0.00380688	0.00074802	0.00127684	0.00050049	0.00144838	0.00867374
k__Bacteria|p__Bacteroidota|c__Bacteroidia|o__Flavobacteriales|f__NS9_marine_group	0.00021510	0.00000000	0.00000000	0.00003117	0.00000000	0.00011301	0.00000000	0.00000000
k__Bacteria|p__Bacteroidota|c__Bacteroidia|o__Flavobacteriales|f__Weeksellaceae	0.00100378	0.01600880	0.16179225	0.02692889	0.00880579	0.01690373	0.04159675	0.16150373
k__Bacteria|p__Bacteroidota|c__Bacteroidia|o__Sphingobacteriales|f__ADurb.Bin408	0.00039434	0.00000000	0.00000000	0.00004675	0.00008806	0.00001614	0.00019429	0.00002100
k__Bacteria|p__Bacteroidota|c__Bacteroidia|o__Sphingobacteriales|f__AKYH767	0.00003585	0.00003492	0.00000000	0.00009350	0.00000000	0.00017759	0.00000000	0.00000000
k__Bacteria|p__Bacteroidota|c__Bacteroidia|o__Sphingobacteriales|f__CMW_169	0.00007170	0.00000000	0.00000000	0.00000000	0.00004403	0.00000000	0.00000000	0.00000000
k__Bacteria|p__Bacteroidota|c__Bacteroidia|o__Sphingobacteriales|f__KD1_131	0.00014340	0.00000000	0.00000000	0.00003117	0.00017612	0.00003229	0.00003533	0.00000000
k__Bacteria|p__Bacteroidota|c__Bacteroidia|o__Sphingobacteriales|f__KD3_93	0.00000000	0.00000000	0.00000000	0.00000000	0.00000000	0.00000000	0.00000000	0.00000000
k__Bacteria|p__Bacteroidota|c__Bacteroidia|o__Sphingobacteriales|f__Lentimicrobiaceae	0.01308502	0.00082052	0.00018128	0.00364662	0.00557700	0.00193739	0.00210192	0.00029402
k__Bacteria|p__Bacteroidota|c__Bacteroidia|o__Sphingobacteriales|f__LiUU_11_161	0.00000000	0.00000000	0.00000000	0.00000000	0.00000000	0.00000000	0.00000000	0.00002100
k__Bacteria|p__Bacteroidota|c__Bacteroidia|o__Sphingobacteriales|f__NS11_12_marine_group	0.00001792	0.00000000	0.00000000	0.00004675	0.00000000	0.00004843	0.00000000	0.00002100
k__Bacteria|p__Bacteroidota|c__Bacteroidia|o__Sphingobacteriales|f__S15A_MN91	0.00008962	0.00001746	0.00006043	0.00010909	0.00033756	0.00006458	0.00001766	0.00000000
k__Bacteria|p__Bacteroidota|c__Bacteroidia|o__Sphingobacteriales|f__ST_12K33	0.00000000	0.00000000	0.00000000	0.00004675	0.00011741	0.00001614	0.00000000	0.00004200
k__Bacteria|p__Bacteroidota|c__Bacteroidia|o__Sphingobacteriales|f__Sphingobacteriaceae	0.00025095	0.00013966	0.00181280	0.00035843	0.00005871	0.00003229	0.00049457	0.00075606
k__Bacteria|p__Bacteroidota|c__Bacteroidia|o__Sphingobacteriales|f__Z4MB62	0.00000000	0.00000000	0.00000000	0.00010909	0.00014676	0.00006458	0.00019429	0.00002100
k__Bacteria|p__Bacteroidota|c__Bacteroidia|o__Sphingobacteriales|f__env.OPS_17	0.00005377	0.00000000	0.00000000	0.00000000	0.00000000	0.00009687	0.00000000	0.00000000
k__Bacteria|p__Bacteroidota|c__Chlorobia|o__Chlorobiales|f__Chlorobiaceae	0.01077273	0.00073323	0.00024171	0.00004675	0.00014676	0.00000000	0.00001766	0.00000000
k__Bacteria|p__Bacteroidota|c__Ignavibacteria|o__Ignavibacteriales|f__BSN166	0.00000000	0.00000000	0.00000000	0.00000000	0.00000000	0.00000000	0.00000000	0.00000000
k__Bacteria|p__Bacteroidota|c__Ignavibacteria|o__Ignavibacteriales|f__BSV40	0.00000000	0.00000000	0.00000000	0.00000000	0.00000000	0.00000000	0.00000000	0.00000000
k__Bacteria|p__Bacteroidota|c__Ignavibacteria|o__Ignavibacteriales|f__Ignavibacteriaceae	0.00014340	0.00010475	0.00003021	0.00034284	0.00000000	0.00054893	0.00000000	0.00000000
k__Bacteria|p__Bacteroidota|c__Ignavibacteria|o__Ignavibacteriales|f__LD_RB_34	0.00007170	0.00001746	0.00000000	0.00004675	0.00000000	0.00003229	0.00000000	0.00000000
k__Bacteria|p__Bacteroidota|c__Ignavibacteria|o__Ignavibacteriales|f__Melioribacteraceae	0.00000000	0.00000000	0.00000000	0.00000000	0.00000000	0.00000000	0.00000000	0.00000000
k__Bacteria|p__Bacteroidota|c__Ignavibacteria|o__Ignavibacteriales|f__PHOS_HE36	0.00000000	0.00000000	0.00003021	0.00000000	0.00001468	0.00000000	0.00003533	0.00000000
k__Bacteria|p__Bacteroidota|c__Ignavibacteria|o__Ignavibacteriales|f__SR_FBR_L83	0.00000000	0.00000000	0.00000000	0.00000000	0.00000000	0.00000000	0.00000000	0.00000000
k__Bacteria|p__Bacteroidota|c__Ignavibacteria|o__Ignavibacteriales|f__UA_50	0.00000000	0.00000000	0.00000000	0.00000000	0.00000000	0.00000000	0.00000000	0.00000000
k__Bacteria|p__Bacteroidota|c__Rhodothermia|o__Balneolales|f__Balneolaceae	0.00000000	0.00000000	0.00000000	0.00000000	0.00000000	0.00000000	0.00000000	0.00000000
k__Bacteria|p__Bdellovibrionota|c__Bdellovibrionia|o__Bacteriovoracales|f__Bacteriovoracaceae	0.00000000	0.00005237	0.00003021	0.00001558	0.00000000	0.00001614	0.00010598	0.00023102
k__Bacteria|p__Bdellovibrionota|c__Bdellovibrionia|o__Bdellovibrionales|f__Bdellovibrionaceae	0.00005377	0.00001746	0.00012085	0.00007792	0.00004403	0.00004843	0.00001766	0.00010501
k__Bacteria|p__Bdellovibrionota|c__Oligoflexia|o__0319_6G20|f__unidentified_0319_6G20	0.00000000	0.00000000	0.00000000	0.00000000	0.00000000	0.00000000	0.00000000	0.00000000
k__Bacteria|p__Bdellovibrionota|c__Oligoflexia|o__Oligoflexales|f__Oligoflexaceae	0.00000000	0.00000000	0.00000000	0.00000000	0.00000000	0.00000000	0.00000000	0.00000000
k__Bacteria|p__Berkelbacteria|c__unidentified_Berkelbacteria|o__unidentified_Berkelbacteria|f__unidentified_Berkelbacteria	0.00000000	0.00000000	0.00003021	0.00000000	0.00000000	0.00000000	0.00000000	0.00000000
k__Bacteria|p__Caldatribacteriota|c__Caldatribacteriia|o__Caldatribacteriales|f__Caldatribacteriaceae	0.00000000	0.00000000	0.00000000	0.00000000	0.00000000	0.00000000	0.00000000	0.00000000
k__Bacteria|p__Caldisericota|c__Caldisericia|o__Caldisericales|f__Caldisericaceae	0.00000000	0.00003492	0.00015107	0.00009350	0.00002935	0.00003229	0.00000000	0.00000000
k__Bacteria|p__Caldisericota|c__Caldisericia|o__Caldisericales|f__WCHB1_02	0.00000000	0.00005237	0.00003021	0.00000000	0.00000000	0.00000000	0.00000000	0.00000000
k__Bacteria|p__Calditrichota|c__Calditrichia|o__Calditrichales|f__Calditrichaceae	0.00005377	0.00019204	0.00000000	0.00020259	0.00001468	0.00020988	0.00001766	0.00002100
k__Bacteria|p__Campylobacterota|c__Campylobacteria|o__Campylobacterales|f__Arcobacteraceae	0.01159727	0.01078892	0.00450178	0.02446664	0.00472577	0.07500928	0.01089817	0.00684658
k__Bacteria|p__Campylobacterota|c__Campylobacteria|o__Campylobacterales|f__Campylobacteraceae	0.00000000	0.00000000	0.00012085	0.00000000	0.00002935	0.00001614	0.00000000	0.00000000
k__Bacteria|p__Campylobacterota|c__Campylobacteria|o__Campylobacterales|f__Helicobacteraceae	0.00035849	0.00000000	0.00003021	0.00000000	0.00002935	0.00001614	0.00192528	0.00004200
k__Bacteria|p__Campylobacterota|c__Campylobacteria|o__Campylobacterales|f__Sulfurimonadaceae	0.01335389	0.00618006	0.00012085	0.01256058	0.01627603	0.01617721	0.01549059	0.03433792
k__Bacteria|p__Campylobacterota|c__Campylobacteria|o__Campylobacterales|f__Sulfurospirillaceae	0.02991629	0.00647684	0.00108768	0.00451932	0.00738219	0.00484348	0.00374459	0.00672057
k__Bacteria|p__Campylobacterota|c__Campylobacteria|o__Campylobacterales|f__Sulfurovaceae	0.00005377	0.00029678	0.00024171	0.00130904	0.00638420	0.00038748	0.00028261	0.00144912
k__Bacteria|p__Candidatus_Falkowbacteria|c__ABY1|o__unidentified_ABY1|f__unidentified_ABY1	0.00000000	0.00000000	0.00000000	0.00000000	0.00000000	0.00000000	0.00000000	0.00000000
k__Bacteria|p__Candidatus_Kaiserbacteria|c__unidentified_Candidatus_Kaiserbacteria|o__unidentified_Candidatus_Kaiserbacteria|f__unidentified_Candidatus_Kaiserbacteria	0.00000000	0.00000000	0.00000000	0.00000000	0.00000000	0.00000000	0.00001766	0.00000000
k__Bacteria|p__Candidatus_Woesebacteria|c__Microgenomatia|o__unidentified_Microgenomatia|f__unidentified_Microgenomatia	0.00000000	0.00000000	0.00000000	0.00000000	0.00000000	0.00000000	0.00000000	0.00000000
k__Bacteria|p__Candidatus_Zambryskibacteria|c__unidentified_Candidatus_Zambryskibacteria|o__unidentified_Candidatus_Zambryskibacteria|f__unidentified_Candidatus_Zambryskibacteria	0.00000000	0.00000000	0.00000000	0.00000000	0.00000000	0.00000000	0.00000000	0.00000000
k__Bacteria|p__Chlamydiae|c__unidentified_Chlamydiae|o__Chlamydiales|f__Parachlamydiaceae	0.00000000	0.00003492	0.00000000	0.00006234	0.00026417	0.00001614	0.00003533	0.00000000
k__Bacteria|p__Chlamydiae|c__unidentified_Chlamydiae|o__Chlamydiales|f__cvE6	0.00000000	0.00003492	0.00000000	0.00000000	0.00000000	0.00000000	0.00000000	0.00000000
k__Bacteria|p__Chloroflexi|c__Anaerolineae|o__Anaerolineales|f__Anaerolineaceae	0.00041227	0.00015712	0.00018128	0.00026493	0.00008806	0.00029061	0.00008832	0.00004200
k__Bacteria|p__Chloroflexi|c__Anaerolineae|o__SBR1031|f__A4b	0.00000000	0.00000000	0.00000000	0.00000000	0.00000000	0.00000000	0.00000000	0.00000000
k__Bacteria|p__Chloroflexi|c__Anaerolineae|o__SBR1031|f__unidentified_SBR1031	0.00000000	0.00001746	0.00000000	0.00000000	0.00000000	0.00001614	0.00000000	0.00006301
k__Bacteria|p__Chloroflexi|c__Anaerolineae|o__Thermoflexales|f__Thermoflexaceae	0.00000000	0.00000000	0.00000000	0.00000000	0.00000000	0.00000000	0.00000000	0.00000000
k__Bacteria|p__Chloroflexi|c__Chloroflexia|o__Chloroflexales|f__Chloroflexaceae	0.00000000	0.00000000	0.00003021	0.00000000	0.00000000	0.00000000	0.00000000	0.00000000
k__Bacteria|p__Chloroflexi|c__Chloroflexia|o__Chloroflexales|f__Herpetosiphonaceae	0.00000000	0.00000000	0.00000000	0.00000000	0.00000000	0.00000000	0.00000000	0.00004200
k__Bacteria|p__Chloroflexi|c__Chloroflexia|o__Chloroflexales|f__Roseiflexaceae	0.00000000	0.00000000	0.00000000	0.00000000	0.00000000	0.00000000	0.00000000	0.00000000
k__Bacteria|p__Chloroflexi|c__Chloroflexia|o__Thermomicrobiales|f__AKYG1722	0.00000000	0.00000000	0.00000000	0.00000000	0.00000000	0.00000000	0.00003533	0.00000000
k__Bacteria|p__Chloroflexi|c__Chloroflexia|o__Thermomicrobiales|f__JG30_KF_CM45	0.00003585	0.00000000	0.00000000	0.00000000	0.00000000	0.00000000	0.00001766	0.00000000
k__Bacteria|p__Chloroflexi|c__Chloroflexia|o__Thermomicrobiales|f__Thermomicrobiaceae	0.00000000	0.00000000	0.00000000	0.00000000	0.00000000	0.00000000	0.00000000	0.00000000
k__Bacteria|p__Chloroflexi|c__Dehalococcoidia|o__GIF3|f__unidentified_GIF3	0.00000000	0.00000000	0.00000000	0.00000000	0.00000000	0.00000000	0.00000000	0.00000000
k__Bacteria|p__Chloroflexi|c__Dehalococcoidia|o__GIF9|f__AB_539_J10	0.00014340	0.00017458	0.00000000	0.00049868	0.00000000	0.00001614	0.00000000	0.00000000
k__Bacteria|p__Chloroflexi|c__Dehalococcoidia|o__RBG_13_46_9|f__unidentified_RBG_13_46_9	0.00003585	0.00000000	0.00000000	0.00000000	0.00000000	0.00000000	0.00000000	0.00000000
k__Bacteria|p__Chloroflexi|c__Ktedonobacteria|o__Ktedonobacterales|f__JG30_KF_AS9	0.00000000	0.00000000	0.00000000	0.00000000	0.00000000	0.00000000	0.00000000	0.00000000
k__Bacteria|p__Chloroflexi|c__TK10|o__unidentified_TK10|f__unidentified_TK10	0.00000000	0.00000000	0.00000000	0.00000000	0.00000000	0.00000000	0.00000000	0.00000000
k__Bacteria|p__Cloacimonadota|c__Cloacimonadia|o__Cloacimonadales|f__PBS_18	0.00000000	0.00000000	0.00000000	0.00004675	0.00000000	0.00004843	0.00000000	0.00000000
k__Bacteria|p__Cyanobacteria|c__Cyanobacteriia|o__Chloroplast|f__unidentified_Chloroplast	0.00091416	0.00015712	0.00030213	0.00020259	0.00000000	0.00040362	0.00017663	0.00031503
k__Bacteria|p__Cyanobacteria|c__Cyanobacteriia|o__Cyanobacteriales|f__Chroococcidiopsaceae	0.00000000	0.00000000	0.00000000	0.00000000	0.00000000	0.00000000	0.00000000	0.00000000
k__Bacteria|p__Cyanobacteria|c__Cyanobacteriia|o__Cyanobacteriales|f__Cyanobacteriaceae	0.00000000	0.00000000	0.00000000	0.00000000	0.00000000	0.00000000	0.00000000	0.00000000
k__Bacteria|p__Cyanobacteria|c__Cyanobacteriia|o__Cyanobacteriales|f__Microcystaceae	0.00019717	0.00000000	0.00000000	0.00000000	0.00000000	0.00000000	0.00000000	0.00000000
k__Bacteria|p__Cyanobacteria|c__Cyanobacteriia|o__Cyanobacteriales|f__Oscillatoriaceae	0.00000000	0.00000000	0.00000000	0.00000000	0.00000000	0.00000000	0.00003533	0.00000000
k__Bacteria|p__Cyanobacteria|c__Cyanobacteriia|o__Cyanobacteriales|f__Phormidiaceae	0.00000000	0.00000000	0.00000000	0.00000000	0.00000000	0.00000000	0.00003533	0.00000000
k__Bacteria|p__Cyanobacteria|c__Cyanobacteriia|o__Geitlerinematales|f__Geitlerinemataceae	0.00000000	0.00000000	0.00000000	0.00000000	0.00000000	0.00000000	0.00000000	0.00000000
k__Bacteria|p__Cyanobacteria|c__Cyanobacteriia|o__Leptolyngbyales|f__Leptolyngbyaceae	0.00000000	0.00000000	0.00000000	0.00000000	0.00000000	0.00000000	0.00000000	0.00000000
k__Bacteria|p__Cyanobacteria|c__Cyanobacteriia|o__Pseudanabaenales|f__Pseudanabaenaceae	0.00000000	0.00000000	0.00000000	0.00000000	0.00000000	0.00000000	0.00000000	0.00000000
k__Bacteria|p__Cyanobacteria|c__Cyanobacteriia|o__Synechococcales|f__Cyanobiaceae	0.00132643	0.00031424	0.00045320	0.00004675	0.00001468	0.00027446	0.00000000	0.00000000
k__Bacteria|p__Cyanobacteria|c__Sericytochromatia|o__unidentified_Sericytochromatia|f__unidentified_Sericytochromatia	0.00000000	0.00000000	0.00009064	0.00000000	0.00000000	0.00000000	0.00001766	0.00002100
k__Bacteria|p__Cyanobacteria|c__Vampirivibrionia|o__Gastranaerophilales|f__unidentified_Gastranaerophilales	0.00000000	0.00001746	0.00000000	0.00000000	0.00002935	0.00001614	0.00000000	0.00000000
k__Bacteria|p__Cyanobacteria|c__Vampirivibrionia|o__Obscuribacterales|f__Obscuribacteraceae	0.00000000	0.00000000	0.00003021	0.00000000	0.00000000	0.00003229	0.00000000	0.00000000
k__Bacteria|p__Cyanobacteria|c__Vampirivibrionia|o__Vampirovibrionales|f__Vampirovibrionaceae	0.00000000	0.00000000	0.00000000	0.00000000	0.00000000	0.00000000	0.00000000	0.00000000
k__Bacteria|p__DTB120|c__unidentified_DTB120|o__unidentified_DTB120|f__unidentified_DTB120	0.00000000	0.00000000	0.00000000	0.00000000	0.00000000	0.00001614	0.00003533	0.00000000
k__Bacteria|p__Deferribacteres|c__unidentified_Deferribacteres|o__Deferribacterales|f__Deferribacteraceae	0.00003585	0.00000000	0.00000000	0.00001558	0.00000000	0.00000000	0.00015897	0.00000000
k__Bacteria|p__Deferrisomatota|c__Defferrisomatia|o__Defferrisomatales|f__Defferrisomataceae	0.00039434	0.00015712	0.00000000	0.00010909	0.00000000	0.00033904	0.00010598	0.00012601
k__Bacteria|p__Deinococcota|c__Deinococci|o__Deinococcales|f__Deinococcaceae	0.00000000	0.00000000	0.00000000	0.00000000	0.00001468	0.00000000	0.00003533	0.00000000
k__Bacteria|p__Deinococcota|c__Deinococci|o__Deinococcales|f__Trueperaceae	0.00000000	0.00000000	0.00000000	0.00000000	0.00000000	0.00000000	0.00000000	0.00000000
k__Bacteria|p__Deinococcota|c__Deinococci|o__Thermales|f__Thermaceae	0.00005377	0.00001746	0.00000000	0.00000000	0.00000000	0.00000000	0.00000000	0.00000000
k__Bacteria|p__Desulfobacterota|c__Desulfarculia|o__Desulfarculales|f__Desulfarculaceae	0.00003585	0.00000000	0.00000000	0.00000000	0.00000000	0.00000000	0.00000000	0.00000000
k__Bacteria|p__Desulfobacterota|c__Desulfobaccia|o__Desulfobaccales|f__Desulfobaccaceae	0.00087831	0.00019204	0.00000000	0.00034284	0.00000000	0.00092026	0.00000000	0.00000000
k__Bacteria|p__Desulfobacterota|c__Desulfobacteria|o__Desulfatiglandales|f__Desulfatiglandaceae	0.00141605	0.00043644	0.00003021	0.00087270	0.00000000	0.00090412	0.00000000	0.00000000
k__Bacteria|p__Desulfobacterota|c__Desulfobacteria|o__Desulfobacterales|f__Desulfobacteraceae	0.00448117	0.00029678	0.00003021	0.00735558	0.00679513	0.00419768	0.00120110	0.00021002
k__Bacteria|p__Desulfobacterota|c__Desulfobacteria|o__Desulfobacterales|f__Desulfococcaceae	0.00008962	0.00001746	0.00000000	0.00001558	0.00002935	0.00001614	0.00012364	0.00000000
k__Bacteria|p__Desulfobacterota|c__Desulfobacteria|o__Desulfobacterales|f__Desulforegulaceae	0.00008962	0.00001746	0.00000000	0.00014025	0.00023482	0.00014530	0.00003533	0.00004200
k__Bacteria|p__Desulfobacterota|c__Desulfobacteria|o__Desulfobacterales|f__Desulfosarcinaceae	0.00154152	0.00062848	0.00009064	0.00179214	0.00063108	0.00226029	0.00121876	0.00054605
k__Bacteria|p__Desulfobacterota|c__Desulfobacteria|o__Desulfobacterales|f__unidentified_Desulfobacterales	0.00109341	0.00020949	0.00000000	0.00032726	0.00002935	0.00038748	0.00015897	0.00002100
k__Bacteria|p__Desulfobacterota|c__Desulfobulbia|o__Desulfobulbales|f__Desulfobulbaceae	0.00562835	0.00078560	0.00054384	0.00423881	0.01103659	0.00184052	0.00151903	0.00052504
k__Bacteria|p__Desulfobacterota|c__Desulfobulbia|o__Desulfobulbales|f__Desulfocapsaceae	0.01571994	0.00253138	0.00099704	0.00221291	0.00347829	0.00104942	0.00083017	0.00060905
k__Bacteria|p__Desulfobacterota|c__Desulfobulbia|o__Desulfobulbales|f__Desulfurivibrionaceae	0.00005377	0.00000000	0.00000000	0.00006234	0.00001468	0.00000000	0.00000000	0.00000000
k__Bacteria|p__Desulfobacterota|c__Desulfomonilia|o__Desulfomonilales|f__Desulfomonilaceae	0.00026887	0.00012220	0.00069491	0.00087270	0.00027885	0.00058122	0.00086550	0.00037803
k__Bacteria|p__Desulfobacterota|c__Desulfovibrionia|o__Desulfovibrionales|f__Desulfomicrobiaceae	0.01805015	0.00558649	0.00108768	0.00470632	0.00911399	0.00258319	0.00293209	0.00079807
k__Bacteria|p__Desulfobacterota|c__Desulfovibrionia|o__Desulfovibrionales|f__Desulfovibrionaceae	0.00582552	0.00382326	0.00247749	0.00358429	0.00679513	0.00308368	0.00206659	0.00136512
k__Bacteria|p__Desulfobacterota|c__Desulfuromonadia|o__Desulfuromonadales|f__Desulfuromonadaceae	0.00098586	0.00001746	0.00000000	0.00017142	0.00000000	0.00006458	0.00001766	0.00000000
k__Bacteria|p__Desulfobacterota|c__Desulfuromonadia|o__Desulfuromonadales|f__Geothermobacteraceae	0.01851619	0.00242663	0.00042299	0.00202590	0.00054302	0.00198582	0.00132474	0.00037803
k__Bacteria|p__Desulfobacterota|c__Desulfuromonadia|o__Desulfuromonadales|f__MA_28_I98C	0.00005377	0.00000000	0.00000000	0.00000000	0.00000000	0.00011301	0.00000000	0.00000000
k__Bacteria|p__Desulfobacterota|c__Desulfuromonadia|o__Desulfuromonadales|f__Syntrophotaleaceae	0.00055567	0.00000000	0.00000000	0.00000000	0.00000000	0.00000000	0.00000000	0.00000000
k__Bacteria|p__Desulfobacterota|c__Desulfuromonadia|o__Geobacterales|f__Geobacteraceae	0.08032049	0.10797647	0.00716055	0.03677788	0.02045878	0.02610633	0.02767818	0.00974483
k__Bacteria|p__Desulfobacterota|c__Syntrophia|o__Syntrophales|f__Smithellaceae	0.00100378	0.00033170	0.00006043	0.00268042	0.00545959	0.00182438	0.00468074	0.00117610
k__Bacteria|p__Desulfobacterota|c__Syntrophia|o__Syntrophales|f__Syntrophaceae	0.00032264	0.00006983	0.00006043	0.00043635	0.00046964	0.00020988	0.00051223	0.00008401
k__Bacteria|p__Desulfobacterota|c__Syntrophobacteria|o__Syntrophobacterales|f__Syntrophobacteraceae	0.00012547	0.00005237	0.00003021	0.00007792	0.00001468	0.00006458	0.00005299	0.00006301
k__Bacteria|p__Desulfobacterota|c__Syntrophorhabdia|o__Syntrophorhabdales|f__Syntrophorhabdaceae	0.00005377	0.00005237	0.00009064	0.00018701	0.00019079	0.00004843	0.00000000	0.00000000
k__Bacteria|p__Edwardsbacteria|c__unidentified_Edwardsbacteria|o__unidentified_Edwardsbacteria|f__unidentified_Edwardsbacteria	0.00000000	0.00000000	0.00000000	0.00000000	0.00000000	0.00000000	0.00000000	0.00000000
k__Bacteria|p__Elusimicrobia|c__unidentified_Elusimicrobia|o__Elusimicrobiales|f__Elusimicrobiaceae	0.00003585	0.00000000	0.00000000	0.00007792	0.00007338	0.00009687	0.00003533	0.00000000
k__Bacteria|p__Elusimicrobia|c__unidentified_Elusimicrobia|o__Lineage_IV|f__unidentified_Lineage_IV	0.00001792	0.00000000	0.00000000	0.00001558	0.00000000	0.00000000	0.00000000	0.00000000
k__Bacteria|p__Elusimicrobiota|c__Endomicrobia|o__Endomicrobiales|f__Endomicrobiaceae	0.00016132	0.00000000	0.00000000	0.00026493	0.00010273	0.00011301	0.00021196	0.00016801
k__Bacteria|p__Entotheonellaeota|c__Entotheonellia|o__Entotheonellales|f__Entotheonellaceae	0.00000000	0.00000000	0.00000000	0.00000000	0.00000000	0.00000000	0.00000000	0.00000000
k__Bacteria|p__Fibrobacterota|c__Chitinivibrionia|o__Chitinivibrionales|f__Chitinivibrionaceae	0.00000000	0.00003492	0.00000000	0.00000000	0.00000000	0.00000000	0.00000000	0.00000000
k__Bacteria|p__Fibrobacterota|c__Fibrobacteria|o__Fibrobacterales|f__B122	0.00000000	0.00000000	0.00000000	0.00000000	0.00000000	0.00000000	0.00000000	0.00000000
k__Bacteria|p__Fibrobacterota|c__Fibrobacteria|o__Fibrobacterales|f__B5_096	0.00000000	0.00000000	0.00000000	0.00000000	0.00000000	0.00000000	0.00000000	0.00000000
k__Bacteria|p__Fibrobacterota|c__Fibrobacteria|o__Fibrobacterales|f__Fibrobacteraceae	0.00008962	0.00003492	0.00006043	0.00026493	0.00008806	0.00003229	0.00005299	0.00002100
k__Bacteria|p__Fibrobacterota|c__Fibrobacteria|o__Fibrobacterales|f__unidentified_Fibrobacterales	0.00000000	0.00000000	0.00000000	0.00001558	0.00000000	0.00000000	0.00000000	0.00000000
k__Bacteria|p__Firmicutes|c__Bacilli|o__Acholeplasmatales|f__Acholeplasmataceae	0.00005377	0.00000000	0.00000000	0.00007792	0.00023482	0.00008072	0.00007065	0.00002100
k__Bacteria|p__Firmicutes|c__Bacilli|o__Bacillales|f__Bacillaceae	0.00096793	0.00034916	0.00021149	0.00004675	0.00000000	0.00003229	0.00015897	0.00000000
k__Bacteria|p__Firmicutes|c__Bacilli|o__Bacillales|f__Planococcaceae	0.00005377	0.00001746	0.00217536	0.00001558	0.00000000	0.00004843	0.00000000	0.00016801
k__Bacteria|p__Firmicutes|c__Bacilli|o__Bacillales|f__Salisediminibacteriaceae	0.00000000	0.00000000	0.00000000	0.00000000	0.00000000	0.00000000	0.00000000	0.00002100
k__Bacteria|p__Firmicutes|c__Bacilli|o__Brevibacillales|f__Brevibacillaceae	0.00017925	0.00000000	0.00006043	0.00000000	0.00000000	0.00000000	0.00000000	0.00000000
k__Bacteria|p__Firmicutes|c__Bacilli|o__Entomoplasmatales|f__unidentified_Entomoplasmatales	0.00000000	0.00000000	0.00012085	0.00000000	0.00000000	0.00000000	0.00000000	0.00000000
k__Bacteria|p__Firmicutes|c__Bacilli|o__Erysipelotrichales|f__Erysipelatoclostridiaceae	0.00130850	0.00015712	0.00018128	0.00081036	0.00130619	0.00083954	0.00234920	0.00174315
k__Bacteria|p__Firmicutes|c__Bacilli|o__Erysipelotrichales|f__Erysipelotrichaceae	0.00562835	0.00822262	0.00812738	0.00782309	0.00484318	0.00494034	0.01881127	0.00640554
k__Bacteria|p__Firmicutes|c__Bacilli|o__Exiguobacterales|f__Exiguobacteraceae	0.00007170	0.00003492	0.00169195	0.00000000	0.00000000	0.00000000	0.00003533	0.00000000
k__Bacteria|p__Firmicutes|c__Bacilli|o__Izemoplasmatales|f__Izemoplasmataceae	0.00003585	0.00000000	0.00000000	0.00021817	0.00014676	0.00011301	0.00003533	0.00000000
k__Bacteria|p__Firmicutes|c__Bacilli|o__Lactobacillales|f__Aerococcaceae	0.00003585	0.00000000	0.00000000	0.00006234	0.00004403	0.00000000	0.00003533	0.00002100
k__Bacteria|p__Firmicutes|c__Bacilli|o__Lactobacillales|f__Carnobacteriaceae	0.00007170	0.00001746	0.00000000	0.00006234	0.00002935	0.00000000	0.00001766	0.00004200
k__Bacteria|p__Firmicutes|c__Bacilli|o__Lactobacillales|f__Enterococcaceae	0.00012547	0.00001746	0.00000000	0.00006234	0.00007338	0.00000000	0.00010598	0.00527145
k__Bacteria|p__Firmicutes|c__Bacilli|o__Lactobacillales|f__Lactobacillaceae	0.00028679	0.00008729	0.00012085	0.00045193	0.00017612	0.00030675	0.00823103	0.00556547
k__Bacteria|p__Firmicutes|c__Bacilli|o__Lactobacillales|f__Streptococcaceae	0.00218681	0.00116967	0.00126896	0.00391155	0.00187857	0.00266391	0.00107745	0.00772866
k__Bacteria|p__Firmicutes|c__Bacilli|o__Lactobacillales|f__Vagococcaceae	0.00000000	0.00000000	0.00000000	0.00000000	0.00000000	0.00000000	0.00001766	0.00002100
k__Bacteria|p__Firmicutes|c__Bacilli|o__Mycoplasmatales|f__Mycoplasmataceae	0.00000000	0.00000000	0.00178259	0.00000000	0.00000000	0.00000000	0.00000000	0.00000000
k__Bacteria|p__Firmicutes|c__Bacilli|o__Paenibacillales|f__Paenibacillaceae	0.00000000	0.00000000	0.00000000	0.00000000	0.00000000	0.00000000	0.00005299	0.00018902
k__Bacteria|p__Firmicutes|c__Bacilli|o__Staphylococcales|f__Gemellaceae	0.00000000	0.00000000	0.00000000	0.00000000	0.00000000	0.00000000	0.00003533	0.00000000
k__Bacteria|p__Firmicutes|c__Bacilli|o__Staphylococcales|f__Staphylococcaceae	0.00001792	0.00000000	0.00000000	0.00000000	0.00000000	0.00000000	0.00003533	0.01005986
k__Bacteria|p__Firmicutes|c__Bacilli|o__Thermoactinomycetales|f__Thermoactinomycetaceae	0.00000000	0.00000000	0.00000000	0.00000000	0.00000000	0.00000000	0.00000000	0.00000000
k__Bacteria|p__Firmicutes|c__Clostridia|o__Christensenellales|f__Christensenellaceae	0.00190002	0.00113476	0.03329506	0.00355312	0.01108062	0.00245403	0.00137773	0.00115510
k__Bacteria|p__Firmicutes|c__Clostridia|o__Clostridia_UCG_014|f__unidentified_Clostridia_UCG_014	0.00000000	0.00000000	0.00000000	0.00000000	0.00000000	0.00000000	0.00000000	0.00000000
k__Bacteria|p__Firmicutes|c__Clostridia|o__Clostridia_vadinBB60_group|f__unidentified_Clostridia_vadinBB60_group	0.00000000	0.00000000	0.00000000	0.00000000	0.00000000	0.00001614	0.00000000	0.00004200
k__Bacteria|p__Firmicutes|c__Clostridia|o__Clostridiales|f__Caloramatoraceae	0.00000000	0.00000000	0.00000000	0.00000000	0.00002935	0.00003229	0.00000000	0.00000000
k__Bacteria|p__Firmicutes|c__Clostridia|o__Clostridiales|f__Clostridiaceae	0.00034057	0.00038407	0.00051363	0.00187006	0.00155569	0.00098484	0.00040625	0.00161714
k__Bacteria|p__Firmicutes|c__Clostridia|o__Eubacteriales|f__Alkalibacteraceae	0.00050189	0.00013966	0.00021149	0.00021817	0.00042561	0.00004843	0.00005299	0.00004200
k__Bacteria|p__Firmicutes|c__Clostridia|o__Eubacteriales|f__Anaerofustaceae	0.00000000	0.00000000	0.00003021	0.00003117	0.00016144	0.00000000	0.00000000	0.00012601
k__Bacteria|p__Firmicutes|c__Clostridia|o__Eubacteriales|f__Eubacteriaceae	0.00017925	0.00003492	0.00000000	0.00009350	0.00010273	0.00001614	0.00008832	0.00000000
k__Bacteria|p__Firmicutes|c__Clostridia|o__Lachnospirales|f__Defluviitaleaceae	0.00003585	0.00000000	0.00000000	0.00000000	0.00029353	0.00003229	0.00044158	0.00027302
k__Bacteria|p__Firmicutes|c__Clostridia|o__Lachnospirales|f__Lachnospiraceae	0.00335192	0.00188544	0.01051423	0.00349078	0.00990651	0.00481119	0.03371898	0.00772866
k__Bacteria|p__Firmicutes|c__Clostridia|o__Monoglobales|f__Monoglobaceae	0.00007170	0.00001746	0.00006043	0.00010909	0.00016144	0.00008072	0.00003533	0.00027302
k__Bacteria|p__Firmicutes|c__Clostridia|o__Oscillospirales|f__Butyricicoccaceae	0.00021510	0.00003492	0.00006043	0.00007792	0.00013209	0.00008072	0.00014131	0.00039903
k__Bacteria|p__Firmicutes|c__Clostridia|o__Oscillospirales|f__Ethanoligenenaceae	0.00007170	0.00015712	0.00012085	0.00024934	0.00038158	0.00012916	0.00007065	0.00000000
k__Bacteria|p__Firmicutes|c__Clostridia|o__Oscillospirales|f__Hungateiclostridiaceae	0.00405098	0.00501039	0.00377666	0.04682947	0.04363268	0.02902856	0.02361565	0.01150898
k__Bacteria|p__Firmicutes|c__Clostridia|o__Oscillospirales|f__Oscillospiraceae	0.00078869	0.00073323	0.02060547	0.00238433	0.00771974	0.00219571	0.00916718	0.00285624
k__Bacteria|p__Firmicutes|c__Clostridia|o__Oscillospirales|f__Ruminococcaceae	0.00220474	0.00197273	0.00374645	0.00532968	0.02000382	0.00668400	0.00347964	0.00617452
k__Bacteria|p__Firmicutes|c__Clostridia|o__Oscillospirales|f__UCG_010	0.00023302	0.00010475	0.00015107	0.00006234	0.00048432	0.00014530	0.00028261	0.00018902
k__Bacteria|p__Firmicutes|c__Clostridia|o__Oscillospirales|f___Clostridium__methylpentosum_group	0.00000000	0.00000000	0.00009064	0.00000000	0.00000000	0.00000000	0.00000000	0.00000000
k__Bacteria|p__Firmicutes|c__Clostridia|o__Oscillospirales|f___Eubacterium__coprostanoligenes_group	0.00007170	0.00006983	0.00120853	0.00045193	0.00409469	0.00050049	0.01162236	0.00457839
k__Bacteria|p__Firmicutes|c__Clostridia|o__Oscillospirales|f__unidentified_Oscillospirales	0.00012547	0.00012220	0.00003021	0.00012467	0.00046964	0.00009687	0.00019429	0.00008401
k__Bacteria|p__Firmicutes|c__Clostridia|o__Peptococcales|f__Peptococcaceae	0.00007170	0.00005237	0.00000000	0.00023376	0.00044029	0.00020988	0.00015897	0.00002100
k__Bacteria|p__Firmicutes|c__Clostridia|o__Peptostreptococcales_Tissierellales|f__Acidaminobacteraceae	0.00077076	0.00047136	0.00117832	0.00020259	0.00099799	0.00029061	0.00047691	0.00195317
k__Bacteria|p__Firmicutes|c__Clostridia|o__Peptostreptococcales_Tissierellales|f__Anaerovoracaceae	0.00898026	0.01874967	0.01622455	0.02734965	0.20919618	0.01577358	0.01515499	0.00879975
k__Bacteria|p__Firmicutes|c__Clostridia|o__Peptostreptococcales_Tissierellales|f__Family_XI	0.00069906	0.00078560	0.00045320	0.00038960	0.00044029	0.00022603	0.00000000	0.00012601
k__Bacteria|p__Firmicutes|c__Clostridia|o__Peptostreptococcales_Tissierellales|f__Fusibacteraceae	0.00082454	0.00033170	0.00042299	0.00015584	0.00161439	0.00025832	0.00019429	0.00123911
k__Bacteria|p__Firmicutes|c__Clostridia|o__Peptostreptococcales_Tissierellales|f__Peptostreptococcaceae	0.00046604	0.00022695	0.00111789	0.00070127	0.00170245	0.00069423	0.00492802	0.00228919
k__Bacteria|p__Firmicutes|c__Clostridia|o__Peptostreptococcales_Tissierellales|f__Sedimentibacteraceae	0.00016132	0.00005237	0.00018128	0.00006234	0.00054302	0.00000000	0.00003533	0.00000000
k__Bacteria|p__Firmicutes|c__Clostridia|o__Peptostreptococcales_Tissierellales|f__Thermotaleaceae	0.00003585	0.00000000	0.00000000	0.00000000	0.00000000	0.00000000	0.00000000	0.00000000
k__Bacteria|p__Firmicutes|c__Clostridia|o__Peptostreptococcales_Tissierellales|f__unidentified_Peptostreptococcales_Tissierellales	0.00000000	0.00000000	0.00000000	0.00004675	0.00002935	0.00004843	0.00001766	0.00004200
k__Bacteria|p__Firmicutes|c__Clostridia|o__Proteinivoracales|f__unidentified_Proteinivoracales	0.00010755	0.00000000	0.00000000	0.00000000	0.00000000	0.00000000	0.00000000	0.00000000
k__Bacteria|p__Firmicutes|c__Clostridia|o__Thermincolales|f__Thermincolaceae	0.00000000	0.00000000	0.00000000	0.00000000	0.00000000	0.00000000	0.00000000	0.00000000
k__Bacteria|p__Firmicutes|c__Clostridia|o__unidentified_Clostridia|f__Gracilibacteraceae	0.00000000	0.00003492	0.00000000	0.00000000	0.00000000	0.00000000	0.00000000	0.00000000
k__Bacteria|p__Firmicutes|c__Desulfitobacteriia|o__Desulfitobacteriales|f__Desulfitobacteriaceae	0.00001792	0.00001746	0.00000000	0.00000000	0.00000000	0.00000000	0.00000000	0.00000000
k__Bacteria|p__Firmicutes|c__Desulfitobacteriia|o__Desulfitobacteriales|f__Syntrophobotulaceae	0.00168492	0.00010475	0.00063448	0.00014025	0.00077784	0.00022603	0.00028261	0.00002100
k__Bacteria|p__Firmicutes|c__Desulfitobacteriia|o__Desulfitobacteriales|f__unidentified_Desulfitobacteriales	0.00060944	0.00125696	0.00045320	0.00144930	0.00396260	0.00075881	0.00037093	0.00025202
k__Bacteria|p__Firmicutes|c__Desulfotomaculia|o__Desulfotomaculales|f__Desulfurisporaceae	0.00001792	0.00013966	0.00006043	0.00014025	0.00026417	0.00020988	0.00005299	0.00000000
k__Bacteria|p__Firmicutes|c__Dethiobacteria|o__Dethiobacterales|f__Dethiobacteraceae	0.00001792	0.00000000	0.00006043	0.00000000	0.00000000	0.00000000	0.00000000	0.00000000
k__Bacteria|p__Firmicutes|c__Limnochordia|o__unidentified_Limnochordia|f__unidentified_Limnochordia	0.00000000	0.00001746	0.00000000	0.00000000	0.00000000	0.00000000	0.00000000	0.00000000
k__Bacteria|p__Firmicutes|c__Negativicutes|o__Acidaminococcales|f__Acidaminococcaceae	0.00019717	0.00005237	0.00247749	0.00034284	0.00070446	0.00040362	0.00492802	0.00044104
k__Bacteria|p__Firmicutes|c__Negativicutes|o__Veillonellales_Selenomonadales|f__Selenomonadaceae	0.00017925	0.00078560	0.00102725	0.00392713	0.00337555	0.00431069	0.00030027	0.00027302
k__Bacteria|p__Firmicutes|c__Negativicutes|o__Veillonellales_Selenomonadales|f__Sporomusaceae	0.00021510	0.00038407	0.00048341	0.00088828	0.00054302	0.00069423	0.00008832	0.00010501
k__Bacteria|p__Firmicutes|c__Negativicutes|o__Veillonellales_Selenomonadales|f__Veillonellaceae	0.00062736	0.00134425	0.00078555	0.00462840	0.00667772	0.00644182	0.00075952	0.00060905
k__Bacteria|p__Firmicutes|c__Syntrophomonadia|o__Syntrophomonadales|f__Syntrophomonadaceae	0.00003585	0.00006983	0.00009064	0.00009350	0.00030820	0.00016145	0.00003533	0.00000000
k__Bacteria|p__Firmicutes|c__Thermacetogenia|o__Thermacetogeniales|f__Thermacetogeniaceae	0.00000000	0.00001746	0.00003021	0.00000000	0.00002935	0.00000000	0.00000000	0.00000000
k__Bacteria|p__Firmicutes|c__Thermoanaerobacteria|o__Thermoanaerobacterales|f__SRB2	0.00010755	0.00001746	0.00000000	0.00000000	0.00000000	0.00000000	0.00000000	0.00000000
k__Bacteria|p__Firmicutes|c__Thermoanaerobacteria|o__Thermoanaerobacterales|f__Thermoanaerobacteraceae	0.00000000	0.00000000	0.00000000	0.00000000	0.00000000	0.00000000	0.00000000	0.00004200
k__Bacteria|p__Firmicutes|c__unidentified_Firmicutes|o__Oscillospirales|f__Ruminococcaceae	0.00000000	0.00001746	0.00003021	0.00000000	0.00000000	0.00000000	0.00068886	0.00021002
k__Bacteria|p__Fusobacteriota|c__Fusobacteriia|o__Fusobacteriales|f__Fusobacteriaceae	0.00000000	0.00001746	0.00000000	0.00004675	0.00001468	0.00004843	0.00022962	0.00004200
k__Bacteria|p__Fusobacteriota|c__Fusobacteriia|o__Fusobacteriales|f__Leptotrichiaceae	0.00028679	0.00001746	0.00000000	0.00043635	0.00011741	0.00040362	0.00012364	0.00119710
k__Bacteria|p__Gemmatimonadetes|c__unidentified_Gemmatimonadetes|o__Gemmatimonadales|f__Gemmatimonadaceae	0.00014340	0.00005237	0.00003021	0.00014025	0.00000000	0.00025832	0.00000000	0.00000000
k__Bacteria|p__Gemmatimonadota|c__Longimicrobia|o__Longimicrobiales|f__Longimicrobiaceae	0.00000000	0.00000000	0.00000000	0.00000000	0.00000000	0.00000000	0.00000000	0.00000000
k__Bacteria|p__Gracilibacteria|c__Candidatus_Peribacteria|o__unidentified_Candidatus_Peribacteria|f__unidentified_Candidatus_Peribacteria	0.00003585	0.00000000	0.00000000	0.00000000	0.00000000	0.00000000	0.00000000	0.00000000
k__Bacteria|p__Gracilibacteria|c__unidentified_Gracilibacteria|o__JGI_0000069_P22|f__unidentified_JGI_0000069_P22	0.00000000	0.00000000	0.00000000	0.00000000	0.00000000	0.00000000	0.00000000	0.00000000
k__Bacteria|p__Gracilibacteria|c__unidentified_Gracilibacteria|o__unidentified_Gracilibacteria|f__unidentified_Gracilibacteria	0.00000000	0.00001746	0.00000000	0.00000000	0.00002935	0.00000000	0.00005299	0.00035703
k__Bacteria|p__Hydrogenedentes|c__Hydrogenedentia|o__Hydrogenedentiales|f__Hydrogenedensaceae	0.00030472	0.00013966	0.00009064	0.00014025	0.00004403	0.00006458	0.00010598	0.00000000
k__Bacteria|p__Kapabacteria|c__unidentified_Kapabacteria|o__Kapabacteriales|f__unidentified_Kapabacteriales	0.00000000	0.00000000	0.00000000	0.00000000	0.00002935	0.00000000	0.00000000	0.00000000
k__Bacteria|p__Kryptonia|c__unidentified_Kryptonia|o__Kryptoniales|f__BSV26	0.00136228	0.00029678	0.00000000	0.00119996	0.00000000	0.00192125	0.00000000	0.00000000
k__Bacteria|p__Kryptonia|c__unidentified_Kryptonia|o__Kryptoniales|f__MSB_3C8	0.00000000	0.00000000	0.00000000	0.00000000	0.00000000	0.00000000	0.00000000	0.00000000
k__Bacteria|p__LCP_89|c__unidentified_LCP_89|o__unidentified_LCP_89|f__unidentified_LCP_89	0.00000000	0.00000000	0.00000000	0.00000000	0.00000000	0.00000000	0.00000000	0.00000000
k__Bacteria|p__Latescibacteria|c__unidentified_Latescibacteria|o__Latescibacterales|f__Latescibacteraceae	0.00007170	0.00006983	0.00000000	0.00020259	0.00000000	0.00014530	0.00001766	0.00000000
k__Bacteria|p__Latescibacterota|c__unidentified_Latescibacterota|o__unidentified_Latescibacterota|f__unidentified_Latescibacterota	0.00000000	0.00000000	0.00000000	0.00001558	0.00000000	0.00000000	0.00000000	0.00000000
k__Bacteria|p__MBNT15|c__unidentified_MBNT15|o__unidentified_MBNT15|f__unidentified_MBNT15	0.00000000	0.00000000	0.00000000	0.00007792	0.00000000	0.00001614	0.00000000	0.00000000
k__Bacteria|p__Methylomirabilota|c__Methylomirabilia|o__Methylomirabilales|f__Methylomirabilaceae	0.00039434	0.00024441	0.00000000	0.00057660	0.00000000	0.00085568	0.00000000	0.00000000
k__Bacteria|p__Methylomirabilota|c__Methylomirabilia|o__Rokubacteriales|f__WX65	0.00000000	0.00000000	0.00000000	0.00000000	0.00000000	0.00000000	0.00000000	0.00000000
k__Bacteria|p__Methylomirabilota|c__Methylomirabilia|o__Rokubacteriales|f__unidentified_Rokubacteriales	0.00000000	0.00000000	0.00000000	0.00000000	0.00000000	0.00000000	0.00000000	0.00000000
k__Bacteria|p__Modulibacteria|c__Moduliflexia|o__Moduliflexales|f__Moduliflexaceae	0.00008962	0.00000000	0.00000000	0.00015584	0.00048432	0.00008072	0.00008832	0.00004200
k__Bacteria|p__Myxococcota|c__Myxococcia|o__Myxococcales|f__Anaeromyxobacteraceae	0.00044812	0.00017458	0.00006043	0.00032726	0.00000000	0.00083954	0.00000000	0.00002100
k__Bacteria|p__Myxococcota|c__Myxococcia|o__Myxococcales|f__Myxococcaceae	0.00003585	0.00006983	0.00000000	0.00007792	0.00000000	0.00003229	0.00001766	0.00000000
k__Bacteria|p__Myxococcota|c__Polyangia|o__Blfdi19|f__unidentified_Blfdi19	0.00000000	0.00000000	0.00000000	0.00000000	0.00000000	0.00000000	0.00000000	0.00000000
k__Bacteria|p__Myxococcota|c__Polyangia|o__Haliangiales|f__Haliangiaceae	0.00037642	0.00003492	0.00000000	0.00017142	0.00000000	0.00032290	0.00003533	0.00000000
k__Bacteria|p__Myxococcota|c__Polyangia|o__Nannocystales|f__Nannocystaceae	0.00000000	0.00000000	0.00000000	0.00001558	0.00000000	0.00000000	0.00000000	0.00004200
k__Bacteria|p__Myxococcota|c__Polyangia|o__Polyangiales|f__BIrii41	0.00003585	0.00000000	0.00000000	0.00001558	0.00000000	0.00014530	0.00000000	0.00000000
k__Bacteria|p__Myxococcota|c__Polyangia|o__Polyangiales|f__Eel_36e1D6	0.00000000	0.00001746	0.00000000	0.00000000	0.00000000	0.00001614	0.00000000	0.00000000
k__Bacteria|p__Myxococcota|c__Polyangia|o__Polyangiales|f__Phaselicystidaceae	0.00000000	0.00000000	0.00000000	0.00009350	0.00001468	0.00011301	0.00001766	0.00000000
k__Bacteria|p__Myxococcota|c__Polyangia|o__Polyangiales|f__Polyangiaceae	0.00010755	0.00000000	0.00012085	0.00003117	0.00000000	0.00011301	0.00000000	0.00000000
k__Bacteria|p__Myxococcota|c__Polyangia|o__Polyangiales|f__Sandaracinaceae	0.00007170	0.00000000	0.00000000	0.00001558	0.00000000	0.00001614	0.00000000	0.00000000
k__Bacteria|p__Myxococcota|c__Polyangia|o__mle1_27|f__unidentified_mle1_27	0.00000000	0.00000000	0.00000000	0.00000000	0.00000000	0.00003229	0.00000000	0.00000000
k__Bacteria|p__Nitrospirota|c__Leptospirillia|o__Leptospirillales|f__Leptospirillaceae	0.00000000	0.00000000	0.00000000	0.00000000	0.00000000	0.00000000	0.00000000	0.00000000
k__Bacteria|p__Nitrospirota|c__Nitrospira|o__Nitrospirales|f__Nitrospiraceae	0.00059151	0.00015712	0.00009064	0.00062335	0.00002935	0.00111400	0.00003533	0.00004200
k__Bacteria|p__Nitrospirota|c__Thermodesulfovibrionia|o__Magnetobacteriales|f__Magnetobacteriaceae	0.00001792	0.00000000	0.00000000	0.00000000	0.00000000	0.00004843	0.00000000	0.00000000
k__Bacteria|p__Nitrospirota|c__Thermodesulfovibrionia|o__Thermodesulfovibrionales|f__Thermodesulfovibrionaceae	0.00000000	0.00000000	0.00000000	0.00000000	0.00000000	0.00000000	0.00000000	0.00000000
k__Bacteria|p__Planctomycetes|c__unidentified_Planctomycetes|o__Gemmatales|f__Gemmataceae	0.00000000	0.00000000	0.00000000	0.00000000	0.00000000	0.00000000	0.00000000	0.00000000
k__Bacteria|p__Planctomycetes|c__unidentified_Planctomycetes|o__Isosphaerales|f__Isosphaeraceae	0.00000000	0.00000000	0.00000000	0.00000000	0.00000000	0.00000000	0.00000000	0.00000000
k__Bacteria|p__Planctomycetes|c__unidentified_Planctomycetes|o__Pirellulales|f__Pirellulaceae	0.00000000	0.00000000	0.00000000	0.00000000	0.00000000	0.00000000	0.00000000	0.00000000
k__Bacteria|p__Planctomycetota|c__OM190|o__unidentified_OM190|f__unidentified_OM190	0.00001792	0.00000000	0.00000000	0.00000000	0.00000000	0.00000000	0.00000000	0.00000000
k__Bacteria|p__Planctomycetota|c__Phycisphaerae|o__Phycisphaerales|f__Phycisphaeraceae	0.00000000	0.00005237	0.00000000	0.00004675	0.00000000	0.00000000	0.00000000	0.00000000
k__Bacteria|p__Planctomycetota|c__Phycisphaerae|o__Tepidisphaerales|f__WD2101_soil_group	0.00000000	0.00000000	0.00000000	0.00000000	0.00000000	0.00000000	0.00000000	0.00000000
k__Bacteria|p__Proteobacteria|c__Alphaproteobacteria|o__Acetobacterales|f__Acetobacteraceae	0.00043019	0.00139662	0.00743247	0.00063894	0.00032288	0.00054893	0.00045924	0.00044104
k__Bacteria|p__Proteobacteria|c__Alphaproteobacteria|o__Azospirillales|f__Azospirillaceae	0.00035849	0.00015712	0.00006043	0.00010909	0.00013209	0.00012916	0.00024728	0.00115510
k__Bacteria|p__Proteobacteria|c__Alphaproteobacteria|o__Azospirillales|f__unidentified_Azospirillales	0.00000000	0.00000000	0.00000000	0.00000000	0.00000000	0.00000000	0.00000000	0.00000000
k__Bacteria|p__Proteobacteria|c__Alphaproteobacteria|o__Caulobacterales|f__Caulobacteraceae	0.00021510	0.00024441	0.00187322	0.00034284	0.00051367	0.00030675	0.00120110	0.00445238
k__Bacteria|p__Proteobacteria|c__Alphaproteobacteria|o__Caulobacterales|f__Hyphomonadaceae	0.00005377	0.00010475	0.00015107	0.00009350	0.00001468	0.00022603	0.00007065	0.00023102
k__Bacteria|p__Proteobacteria|c__Alphaproteobacteria|o__Caulobacterales|f__Parvularculaceae	0.00001792	0.00000000	0.00000000	0.00000000	0.00000000	0.00000000	0.00000000	0.00000000
k__Bacteria|p__Proteobacteria|c__Alphaproteobacteria|o__Defluviicoccales|f__Defluviicoccaceae	0.00000000	0.00000000	0.00000000	0.00000000	0.00000000	0.00000000	0.00000000	0.00000000
k__Bacteria|p__Proteobacteria|c__Alphaproteobacteria|o__Dongiales|f__Dongiaceae	0.00007170	0.00008729	0.00000000	0.00006234	0.00000000	0.00030675	0.00005299	0.00000000
k__Bacteria|p__Proteobacteria|c__Alphaproteobacteria|o__Elsterales|f__Elsteraceae	0.00000000	0.00000000	0.00000000	0.00007792	0.00014676	0.00003229	0.00001766	0.00000000
k__Bacteria|p__Proteobacteria|c__Alphaproteobacteria|o__Ferrovibrionales|f__Ferrovibrionaceae	0.00000000	0.00000000	0.00000000	0.00000000	0.00000000	0.00000000	0.00001766	0.00000000
k__Bacteria|p__Proteobacteria|c__Alphaproteobacteria|o__Kiloniellales|f__Kiloniellaceae	0.00000000	0.00000000	0.00000000	0.00000000	0.00000000	0.00000000	0.00000000	0.00000000
k__Bacteria|p__Proteobacteria|c__Alphaproteobacteria|o__Micropepsales|f__Micropepsaceae	0.00000000	0.00000000	0.00000000	0.00003117	0.00000000	0.00000000	0.00000000	0.00000000
k__Bacteria|p__Proteobacteria|c__Alphaproteobacteria|o__Paracaedibacterales|f__Paracaedibacteraceae	0.00007170	0.00000000	0.00000000	0.00000000	0.00002935	0.00000000	0.00001766	0.00000000
k__Bacteria|p__Proteobacteria|c__Alphaproteobacteria|o__Parvibaculales|f__Parvibaculaceae	0.00007170	0.00000000	0.00000000	0.00003117	0.00000000	0.00000000	0.00000000	0.00000000
k__Bacteria|p__Proteobacteria|c__Alphaproteobacteria|o__Reyranellales|f__Reyranellaceae	0.00034057	0.00000000	0.00012085	0.00000000	0.00000000	0.00003229	0.00001766	0.00000000
k__Bacteria|p__Proteobacteria|c__Alphaproteobacteria|o__Rhizobiales|f__A0839	0.00010755	0.00000000	0.00000000	0.00001558	0.00000000	0.00022603	0.00000000	0.00000000
k__Bacteria|p__Proteobacteria|c__Alphaproteobacteria|o__Rhizobiales|f__Amb_16S_1323	0.00000000	0.00000000	0.00000000	0.00000000	0.00000000	0.00000000	0.00000000	0.00000000
k__Bacteria|p__Proteobacteria|c__Alphaproteobacteria|o__Rhizobiales|f__Ancalomicrobiaceae	0.00000000	0.00001746	0.00000000	0.00000000	0.00001468	0.00000000	0.00001766	0.00031503
k__Bacteria|p__Proteobacteria|c__Alphaproteobacteria|o__Rhizobiales|f__Beijerinckiaceae	0.00032264	0.00026187	0.00208472	0.00034284	0.00020547	0.00020988	0.00008832	0.00008401
k__Bacteria|p__Proteobacteria|c__Alphaproteobacteria|o__Rhizobiales|f__Devosiaceae	0.00001792	0.00001746	0.00048341	0.00001558	0.00007338	0.00004843	0.00005299	0.00039903
k__Bacteria|p__Proteobacteria|c__Alphaproteobacteria|o__Rhizobiales|f__Hyphomicrobiaceae	0.00014340	0.00003492	0.00012085	0.00001558	0.00000000	0.00019374	0.00005299	0.00012601
k__Bacteria|p__Proteobacteria|c__Alphaproteobacteria|o__Rhizobiales|f__KF_JG30_B3	0.00001792	0.00000000	0.00000000	0.00000000	0.00000000	0.00000000	0.00000000	0.00000000
k__Bacteria|p__Proteobacteria|c__Alphaproteobacteria|o__Rhizobiales|f__Kaistiaceae	0.00000000	0.00000000	0.00000000	0.00000000	0.00000000	0.00000000	0.00005299	0.00000000
k__Bacteria|p__Proteobacteria|c__Alphaproteobacteria|o__Rhizobiales|f__Labraceae	0.00000000	0.00000000	0.00006043	0.00000000	0.00000000	0.00000000	0.00000000	0.00000000
k__Bacteria|p__Proteobacteria|c__Alphaproteobacteria|o__Rhizobiales|f__Pleomorphomonadaceae	0.00000000	0.00001746	0.00009064	0.00006234	0.00007338	0.00004843	0.00008832	0.00027302
k__Bacteria|p__Proteobacteria|c__Alphaproteobacteria|o__Rhizobiales|f__Rhizobiaceae	0.00008962	0.00048882	0.00543840	0.00056102	0.00139425	0.00077496	0.00217257	0.00774966
k__Bacteria|p__Proteobacteria|c__Alphaproteobacteria|o__Rhizobiales|f__Rhodomicrobiaceae	0.00008962	0.00001746	0.00012085	0.00000000	0.00001468	0.00001614	0.00000000	0.00000000
k__Bacteria|p__Proteobacteria|c__Alphaproteobacteria|o__Rhizobiales|f__Stappiaceae	0.00001792	0.00005237	0.00024171	0.00004675	0.00014676	0.00001614	0.00051223	0.00294025
k__Bacteria|p__Proteobacteria|c__Alphaproteobacteria|o__Rhizobiales|f__Xanthobacteraceae	0.00007170	0.00012220	0.00196386	0.00003117	0.00011741	0.00003229	0.00008832	0.00023102
k__Bacteria|p__Proteobacteria|c__Alphaproteobacteria|o__Rhizobiales|f__unidentified_Rhizobiales	0.00003585	0.00026187	0.00093661	0.00004675	0.00011741	0.00012916	0.00001766	0.00004200
k__Bacteria|p__Proteobacteria|c__Alphaproteobacteria|o__Rhodobacterales|f__Rhodobacteraceae	0.03627955	0.04416822	0.04897577	0.00766725	0.00246562	0.00742666	0.01058023	0.01894361
k__Bacteria|p__Proteobacteria|c__Alphaproteobacteria|o__Rhodospirillales|f__Magnetospirillaceae	0.00138020	0.00000000	0.00003021	0.00003117	0.00002935	0.00001614	0.00003533	0.00010501
k__Bacteria|p__Proteobacteria|c__Alphaproteobacteria|o__Rhodospirillales|f__Rhodospirillaceae	0.00053774	0.00015712	0.00000000	0.00029609	0.00007338	0.00043591	0.00037093	0.00023102
k__Bacteria|p__Proteobacteria|c__Alphaproteobacteria|o__Rickettsiales|f__AB1	0.00000000	0.00001746	0.00000000	0.00000000	0.00000000	0.00000000	0.00000000	0.00000000
k__Bacteria|p__Proteobacteria|c__Alphaproteobacteria|o__Rickettsiales|f__Fokiniaceae	0.00000000	0.00000000	0.00000000	0.00000000	0.00000000	0.00000000	0.00000000	0.00000000
k__Bacteria|p__Proteobacteria|c__Alphaproteobacteria|o__Rickettsiales|f__Mitochondria	0.00000000	0.00000000	0.00000000	0.00004675	0.00000000	0.00000000	0.00000000	0.00002100
k__Bacteria|p__Proteobacteria|c__Alphaproteobacteria|o__Rickettsiales|f__Rickettsiaceae	0.00003585	0.00001746	0.00000000	0.00000000	0.00000000	0.00000000	0.00000000	0.00000000
k__Bacteria|p__Proteobacteria|c__Alphaproteobacteria|o__Rickettsiales|f__SM1B06	0.00000000	0.00000000	0.00000000	0.00000000	0.00000000	0.00000000	0.00000000	0.00000000
k__Bacteria|p__Proteobacteria|c__Alphaproteobacteria|o__Rickettsiales|f__SM2D12	0.00008962	0.00000000	0.00000000	0.00001558	0.00002935	0.00000000	0.00003533	0.00000000
k__Bacteria|p__Proteobacteria|c__Alphaproteobacteria|o__Rickettsiales|f__unidentified_Rickettsiales	0.00000000	0.00000000	0.00000000	0.00000000	0.00000000	0.00001614	0.00000000	0.00000000
k__Bacteria|p__Proteobacteria|c__Alphaproteobacteria|o__Sphingomonadales|f__Sphingomonadaceae	0.00227643	0.09804298	0.07444559	0.00260250	0.00120346	0.00271235	0.01625011	0.03080962
k__Bacteria|p__Proteobacteria|c__Alphaproteobacteria|o__Tistrellales|f__Geminicoccaceae	0.00000000	0.00000000	0.00000000	0.00000000	0.00000000	0.00000000	0.00000000	0.00000000
k__Bacteria|p__Proteobacteria|c__Alphaproteobacteria|o__Tistrellales|f__Tistrellaceae	0.00000000	0.00000000	0.00000000	0.00006234	0.00000000	0.00000000	0.00000000	0.00000000
k__Bacteria|p__Proteobacteria|c__Alphaproteobacteria|o__Zavarziniales|f__Zavarziniaceae	0.00000000	0.00000000	0.00000000	0.00000000	0.00004403	0.00000000	0.00001766	0.00000000
k__Bacteria|p__Proteobacteria|c__Gammaproteobacteria|o__Acidiferrobacterales|f__Acidiferrobacteraceae	0.00010755	0.00008729	0.00000000	0.00004675	0.00001468	0.00020988	0.00001766	0.00000000
k__Bacteria|p__Proteobacteria|c__Gammaproteobacteria|o__Acidithiobacillales|f__Acidithiobacillaceae	0.00000000	0.00000000	0.00000000	0.00000000	0.00000000	0.00000000	0.00000000	0.00002100
k__Bacteria|p__Proteobacteria|c__Gammaproteobacteria|o__Beggiatoales|f__Beggiatoaceae	0.00000000	0.00000000	0.00000000	0.00001558	0.00000000	0.00000000	0.00005299	0.00000000
k__Bacteria|p__Proteobacteria|c__Gammaproteobacteria|o__Burkholderiales|f__A21b	0.00000000	0.00000000	0.00000000	0.00000000	0.00000000	0.00000000	0.00000000	0.00000000
k__Bacteria|p__Proteobacteria|c__Gammaproteobacteria|o__Burkholderiales|f__Alcaligenaceae	0.00048397	0.01115553	0.00456221	0.00085711	0.00042561	0.00045206	0.00178398	0.00107109
k__Bacteria|p__Proteobacteria|c__Gammaproteobacteria|o__Burkholderiales|f__Aquaspirillaceae	0.00139813	0.00097764	0.00093661	0.00509592	0.00118878	0.01059107	0.00579352	0.00201617
k__Bacteria|p__Proteobacteria|c__Gammaproteobacteria|o__Burkholderiales|f__B1_7BS	0.00043019	0.00019204	0.00000000	0.00032726	0.00000000	0.00119472	0.00001766	0.00000000
k__Bacteria|p__Proteobacteria|c__Gammaproteobacteria|o__Burkholderiales|f__Burkholderiaceae	0.00281417	0.01120790	0.00362560	0.00065452	0.00011741	0.00024217	0.00591716	0.07646750
k__Bacteria|p__Proteobacteria|c__Gammaproteobacteria|o__Burkholderiales|f__Chitinibacteraceae	0.00191794	0.00022695	0.00000000	0.00135579	0.00063108	0.00083954	0.00097147	0.00459939
k__Bacteria|p__Proteobacteria|c__Gammaproteobacteria|o__Burkholderiales|f__Chitinimonadaceae	0.00001792	0.00000000	0.00000000	0.00001558	0.00002935	0.00016145	0.00137773	0.00014701
k__Bacteria|p__Proteobacteria|c__Gammaproteobacteria|o__Burkholderiales|f__Chromobacteriaceae	0.00051982	0.00015712	0.00021149	0.00068569	0.00033756	0.00235716	0.00823103	0.00756064
k__Bacteria|p__Proteobacteria|c__Gammaproteobacteria|o__Burkholderiales|f__Comamonadaceae	0.05135421	0.04694401	0.08722581	0.07039225	0.02665219	0.08009493	0.24159675	0.14279114
k__Bacteria|p__Proteobacteria|c__Gammaproteobacteria|o__Burkholderiales|f__Gallionellaceae	0.00005377	0.00013966	0.00000000	0.00007792	0.00000000	0.00011301	0.00000000	0.00002100
k__Bacteria|p__Proteobacteria|c__Gammaproteobacteria|o__Burkholderiales|f__Hydrogenophilaceae	0.00034057	0.00015712	0.00036256	0.00119996	0.00341958	0.00062965	0.00754217	0.00075606
k__Bacteria|p__Proteobacteria|c__Gammaproteobacteria|o__Burkholderiales|f__MWH_UniP1_aquatic_group	0.00132643	0.00064594	0.00018128	0.00018701	0.00010273	0.00011301	0.00086550	0.00027302
k__Bacteria|p__Proteobacteria|c__Gammaproteobacteria|o__Burkholderiales|f__Methylophilaceae	0.00270663	0.00317732	0.00018128	0.00169864	0.00058705	0.00256704	0.00325002	0.00170114
k__Bacteria|p__Proteobacteria|c__Gammaproteobacteria|o__Burkholderiales|f__Neisseriaceae	0.00003585	0.00000000	0.00000000	0.00004675	0.00000000	0.00009687	0.00019429	0.00008401
k__Bacteria|p__Proteobacteria|c__Gammaproteobacteria|o__Burkholderiales|f__Nitrosomonadaceae	0.00222266	0.00064594	0.00006043	0.00115320	0.00002935	0.00410081	0.00031794	0.00016801
k__Bacteria|p__Proteobacteria|c__Gammaproteobacteria|o__Burkholderiales|f__Oxalobacteraceae	0.00019717	0.00010475	0.00072512	0.00010909	0.00013209	0.00008072	0.00026495	0.00151213
k__Bacteria|p__Proteobacteria|c__Gammaproteobacteria|o__Burkholderiales|f__Rhodocyclaceae	0.06126656	0.35556293	0.03725301	0.09967430	0.03981684	0.11175511	0.06212135	0.04156253
k__Bacteria|p__Proteobacteria|c__Gammaproteobacteria|o__Burkholderiales|f__SC_I_84	0.00145190	0.00052373	0.00000000	0.00098178	0.00001468	0.00269620	0.00005299	0.00004200
k__Bacteria|p__Proteobacteria|c__Gammaproteobacteria|o__Burkholderiales|f__Sulfuricellaceae	0.00003585	0.00003492	0.00009064	0.00024934	0.00002935	0.00003229	0.00001766	0.00000000
k__Bacteria|p__Proteobacteria|c__Gammaproteobacteria|o__Burkholderiales|f__Sutterellaceae	0.00023302	0.00003492	0.00003021	0.00034284	0.00008806	0.00051664	0.00173099	0.00079807
k__Bacteria|p__Proteobacteria|c__Gammaproteobacteria|o__Burkholderiales|f__T34	0.00000000	0.00040153	0.00024171	0.00112204	0.00023482	0.00145304	0.00084783	0.00394834
k__Bacteria|p__Proteobacteria|c__Gammaproteobacteria|o__Burkholderiales|f__TRA3_20	0.00060944	0.00015712	0.00000000	0.00021817	0.00002935	0.00069423	0.00003533	0.00000000
k__Bacteria|p__Proteobacteria|c__Gammaproteobacteria|o__Cardiobacteriales|f__Cardiobacteriaceae	0.00000000	0.00000000	0.00000000	0.00000000	0.00000000	0.00000000	0.00000000	0.00000000
k__Bacteria|p__Proteobacteria|c__Gammaproteobacteria|o__Cardiobacteriales|f__Wohlfahrtiimonadaceae	0.00005377	0.00000000	0.00000000	0.00046752	0.00000000	0.00003229	0.00003533	0.00014701
k__Bacteria|p__Proteobacteria|c__Gammaproteobacteria|o__Chromatiales|f__Chromatiaceae	0.00467834	0.00061102	0.00081576	0.00040518	0.00014676	0.00027446	0.00012364	0.00006301
k__Bacteria|p__Proteobacteria|c__Gammaproteobacteria|o__Competibacterales|f__Competibacteraceae	0.00008962	0.00001746	0.00012085	0.00048310	0.00022014	0.00024217	0.00005299	0.00004200
k__Bacteria|p__Proteobacteria|c__Gammaproteobacteria|o__Coxiellales|f__Coxiellaceae	0.00007170	0.00001746	0.00006043	0.00040518	0.00049899	0.00017759	0.00017663	0.00002100
k__Bacteria|p__Proteobacteria|c__Gammaproteobacteria|o__Diplorickettsiales|f__Diplorickettsiaceae	0.00021510	0.00005237	0.00006043	0.00000000	0.00000000	0.00056507	0.00000000	0.00000000
k__Bacteria|p__Proteobacteria|c__Gammaproteobacteria|o__Ectothiorhodospirales|f__Ectothiorhodospiraceae	0.00000000	0.00000000	0.00000000	0.00000000	0.00000000	0.00000000	0.00000000	0.00000000
k__Bacteria|p__Proteobacteria|c__Gammaproteobacteria|o__Ectothiorhodospirales|f__Thioalkalispiraceae	0.00000000	0.00000000	0.00000000	0.00000000	0.00000000	0.00000000	0.00003533	0.00000000
k__Bacteria|p__Proteobacteria|c__Gammaproteobacteria|o__Enterobacterales|f__Aeromonadaceae	0.01179444	0.00432953	0.00199408	0.05293833	0.00179051	0.01908329	0.00950278	0.02161084
k__Bacteria|p__Proteobacteria|c__Gammaproteobacteria|o__Enterobacterales|f__Alteromonadaceae	0.00109341	0.00006983	0.00009064	0.00049868	0.00005871	0.00053278	0.00183697	0.00354930
k__Bacteria|p__Proteobacteria|c__Gammaproteobacteria|o__Enterobacterales|f__Budviciaceae	0.00003585	0.00000000	0.01827905	0.00000000	0.00000000	0.00000000	0.00000000	0.00004200
k__Bacteria|p__Proteobacteria|c__Gammaproteobacteria|o__Enterobacterales|f__Enterobacteriaceae	0.03844844	0.00790838	0.00703970	0.01821752	0.00481383	0.00928333	0.01948247	0.02354300
k__Bacteria|p__Proteobacteria|c__Gammaproteobacteria|o__Enterobacterales|f__Erwiniaceae	0.00150567	0.00075069	0.00132939	0.00185448	0.00023482	0.00056507	0.00162501	0.00613252
k__Bacteria|p__Proteobacteria|c__Gammaproteobacteria|o__Enterobacterales|f__Hafniaceae	0.00000000	0.00000000	0.00000000	0.00000000	0.00000000	0.00000000	0.00000000	0.00000000
k__Bacteria|p__Proteobacteria|c__Gammaproteobacteria|o__Enterobacterales|f__Idiomarinaceae	0.00000000	0.00000000	0.00000000	0.00000000	0.00000000	0.00001614	0.00000000	0.00000000
k__Bacteria|p__Proteobacteria|c__Gammaproteobacteria|o__Enterobacterales|f__Morganellaceae	0.00005377	0.00012220	0.00000000	0.00048310	0.00001468	0.00001614	0.00017663	0.01911162
k__Bacteria|p__Proteobacteria|c__Gammaproteobacteria|o__Enterobacterales|f__Pasteurellaceae	0.00008962	0.00006983	0.00003021	0.00004675	0.00002935	0.00009687	0.00001766	0.00023102
k__Bacteria|p__Proteobacteria|c__Gammaproteobacteria|o__Enterobacterales|f__Pectobacteriaceae	0.00017925	0.00000000	0.00003021	0.00000000	0.00000000	0.00000000	0.00003533	0.00050404
k__Bacteria|p__Proteobacteria|c__Gammaproteobacteria|o__Enterobacterales|f__Pseudoalteromonadaceae	0.00000000	0.00000000	0.00000000	0.00000000	0.00000000	0.00000000	0.00000000	0.00000000
k__Bacteria|p__Proteobacteria|c__Gammaproteobacteria|o__Enterobacterales|f__Shewanellaceae	0.00003585	0.00001746	0.00752311	0.00021817	0.00011741	0.00006458	0.00017663	0.00134411
k__Bacteria|p__Proteobacteria|c__Gammaproteobacteria|o__Enterobacterales|f__Succinivibrionaceae	0.00080661	0.00050628	0.00220557	0.00531409	0.00576779	0.00710376	0.00061821	0.00037803
k__Bacteria|p__Proteobacteria|c__Gammaproteobacteria|o__Enterobacterales|f__Thorselliaceae	0.00007170	0.00047136	0.00000000	0.00000000	0.00000000	0.00000000	0.00000000	0.00000000
k__Bacteria|p__Proteobacteria|c__Gammaproteobacteria|o__Enterobacterales|f__Vibrionaceae	0.00001792	0.00000000	0.00030213	0.00012467	0.00000000	0.00003229	0.00001766	0.00027302
k__Bacteria|p__Proteobacteria|c__Gammaproteobacteria|o__Enterobacterales|f__Yersiniaceae	0.00000000	0.00000000	0.00000000	0.00045193	0.00000000	0.00008072	0.00001766	0.00023102
k__Bacteria|p__Proteobacteria|c__Gammaproteobacteria|o__Halothiobacillales|f__Halothiobacillaceae	0.00466042	0.00031424	0.00006043	0.00554785	0.00312605	0.00707147	0.01197562	0.00216318
k__Bacteria|p__Proteobacteria|c__Gammaproteobacteria|o__Immundisolibacterales|f__Immundisolibacteraceae	0.00000000	0.00001746	0.00000000	0.00000000	0.00000000	0.00000000	0.00000000	0.00000000
k__Bacteria|p__Proteobacteria|c__Gammaproteobacteria|o__Legionellales|f__Legionellaceae	0.00003585	0.00001746	0.00009064	0.00004675	0.00011741	0.00004843	0.00000000	0.00002100
k__Bacteria|p__Proteobacteria|c__Gammaproteobacteria|o__Methylococcales|f__Methylococcaceae	0.00084246	0.00143154	0.00132939	0.00065452	0.00070446	0.00125930	0.00015897	0.00008401
k__Bacteria|p__Proteobacteria|c__Gammaproteobacteria|o__Methylococcales|f__Methylomonadaceae	0.00105756	0.00066340	0.00003021	0.00115320	0.00002935	0.00196968	0.00012364	0.00008401
k__Bacteria|p__Proteobacteria|c__Gammaproteobacteria|o__Nitrosococcales|f__Methylophagaceae	0.00000000	0.00000000	0.00000000	0.00000000	0.00000000	0.00000000	0.00000000	0.00000000
k__Bacteria|p__Proteobacteria|c__Gammaproteobacteria|o__Nitrosococcales|f__Nitrosococcaceae	0.00023302	0.00010475	0.00003021	0.00003117	0.00000000	0.00006458	0.00003533	0.00000000
k__Bacteria|p__Proteobacteria|c__Gammaproteobacteria|o__Pseudomonadales|f__Alcanivoracaceae	0.00000000	0.00000000	0.00000000	0.00000000	0.00000000	0.00000000	0.00000000	0.00000000
k__Bacteria|p__Proteobacteria|c__Gammaproteobacteria|o__Pseudomonadales|f__Alcanivoracaceae1	0.00000000	0.00000000	0.00000000	0.00000000	0.00000000	0.00000000	0.00000000	0.00000000
k__Bacteria|p__Proteobacteria|c__Gammaproteobacteria|o__Pseudomonadales|f__Cellvibrionaceae	0.00001792	0.00000000	0.00009064	0.00003117	0.00007338	0.00001614	0.00044158	0.00119710
k__Bacteria|p__Proteobacteria|c__Gammaproteobacteria|o__Pseudomonadales|f__Halieaceae	0.00000000	0.00001746	0.00000000	0.00010909	0.00000000	0.00008072	0.00000000	0.00000000
k__Bacteria|p__Proteobacteria|c__Gammaproteobacteria|o__Pseudomonadales|f__Halomonadaceae	0.00003585	0.00001746	0.00006043	0.00006234	0.00000000	0.00006458	0.00001766	0.00016801
k__Bacteria|p__Proteobacteria|c__Gammaproteobacteria|o__Pseudomonadales|f__KI89A_clade	0.00017925	0.00001746	0.00000000	0.00009350	0.00000000	0.00050049	0.00000000	0.00000000
k__Bacteria|p__Proteobacteria|c__Gammaproteobacteria|o__Pseudomonadales|f__Marinobacteraceae	0.00000000	0.00000000	0.00000000	0.00000000	0.00000000	0.00000000	0.00000000	0.00000000
k__Bacteria|p__Proteobacteria|c__Gammaproteobacteria|o__Pseudomonadales|f__Moraxellaceae	0.00286795	0.00967162	0.07924950	0.11549190	0.00823341	0.05665251	0.03050428	0.06737373
k__Bacteria|p__Proteobacteria|c__Gammaproteobacteria|o__Pseudomonadales|f__Nitrincolaceae	0.00000000	0.00000000	0.00000000	0.00000000	0.00000000	0.00000000	0.00000000	0.00008401
k__Bacteria|p__Proteobacteria|c__Gammaproteobacteria|o__Pseudomonadales|f__Porticoccaceae	0.00003585	0.00000000	0.00000000	0.00001558	0.00000000	0.00004843	0.00000000	0.00000000
k__Bacteria|p__Proteobacteria|c__Gammaproteobacteria|o__Pseudomonadales|f__Pseudohongiellaceae	0.00000000	0.00001746	0.00000000	0.00000000	0.00002935	0.00000000	0.00000000	0.00002100
k__Bacteria|p__Proteobacteria|c__Gammaproteobacteria|o__Pseudomonadales|f__Pseudomonadaceae	0.01717184	0.00167595	0.00184301	0.00470632	0.00563570	0.00755582	0.05560364	0.01251706
k__Bacteria|p__Proteobacteria|c__Gammaproteobacteria|o__Pseudomonadales|f__Saccharospirillaceae	0.00001792	0.00000000	0.00000000	0.00000000	0.00000000	0.00001614	0.00007065	0.00014701
k__Bacteria|p__Proteobacteria|c__Gammaproteobacteria|o__Pseudomonadales|f__Spongiibacteraceae	0.00098586	0.00041899	0.00003021	0.00074802	0.00005871	0.00247017	0.00010598	0.00006301
k__Bacteria|p__Proteobacteria|c__Gammaproteobacteria|o__Salinisphaerales|f__Solimonadaceae	0.00000000	0.00000000	0.00000000	0.00000000	0.00000000	0.00000000	0.00001766	0.00000000
k__Bacteria|p__Proteobacteria|c__Gammaproteobacteria|o__Steroidobacterales|f__Steroidobacteraceae	0.00000000	0.00000000	0.00000000	0.00000000	0.00000000	0.00000000	0.00000000	0.00000000
k__Bacteria|p__Proteobacteria|c__Gammaproteobacteria|o__Steroidobacterales|f__Woeseiaceae	0.00005377	0.00000000	0.00000000	0.00000000	0.00000000	0.00000000	0.00000000	0.00000000
k__Bacteria|p__Proteobacteria|c__Gammaproteobacteria|o__Tenderiales|f__Tenderiaceae	0.00000000	0.00000000	0.00000000	0.00000000	0.00000000	0.00000000	0.00000000	0.00000000
k__Bacteria|p__Proteobacteria|c__Gammaproteobacteria|o__Thiotrichales|f__Thiotrichaceae	0.00037642	0.00010475	0.00024171	0.00042076	0.00042561	0.00064580	0.00031794	0.00075606
k__Bacteria|p__Proteobacteria|c__Gammaproteobacteria|o__Xanthomonadales|f__Rhodanobacteraceae	0.00057359	0.00003492	0.00413922	0.00015584	0.00024950	0.00012916	0.00088316	0.00065106
k__Bacteria|p__Proteobacteria|c__Gammaproteobacteria|o__Xanthomonadales|f__Xanthomonadaceae	0.00121888	0.00485327	0.02395915	0.00155838	0.00195195	0.00130774	0.02213194	0.01589835
k__Bacteria|p__Proteobacteria|c__Gammaproteobacteria|o__unidentified_Gammaproteobacteria|f__unidentified_Gammaproteobacteria	0.00035849	0.00003492	0.00000000	0.00001558	0.00004403	0.00022603	0.00000000	0.00002100
k__Bacteria|p__Proteobacteria|c__Magnetococcia|o__Magnetococcales|f__Magnetococcaceae	0.00000000	0.00000000	0.00000000	0.00000000	0.00000000	0.00006458	0.00000000	0.00000000
k__Bacteria|p__SAR324_clade_Marine_group_B_|c__unidentified_SAR324_clade_Marine_group_B_|o__unidentified_SAR324_clade_Marine_group_B_|f__unidentified_SAR324_clade_Marine_group_B_	0.00012547	0.00001746	0.00000000	0.00000000	0.00000000	0.00008072	0.00000000	0.00000000
k__Bacteria|p__Schekmanbacteria|c__unidentified_Schekmanbacteria|o__unidentified_Schekmanbacteria|f__unidentified_Schekmanbacteria	0.00000000	0.00000000	0.00000000	0.00000000	0.00000000	0.00000000	0.00000000	0.00000000
k__Bacteria|p__Spirochaetota|c__Brachyspirae|o__Brachyspirales|f__unidentified_Brachyspirales	0.00000000	0.00000000	0.00000000	0.00000000	0.00000000	0.00000000	0.00000000	0.00000000
k__Bacteria|p__Spirochaetota|c__Brevinematia|o__Brevinematales|f__Brevinemataceae	0.00000000	0.00000000	0.00000000	0.00000000	0.00000000	0.00000000	0.00000000	0.00000000
k__Bacteria|p__Spirochaetota|c__Leptospirae|o__Leptospirales|f__Leptospiraceae	0.00005377	0.00005237	0.00003021	0.00010909	0.00002935	0.00009687	0.00003533	0.00000000
k__Bacteria|p__Spirochaetota|c__Spirochaetia|o__Spirochaetales|f__Spirochaetaceae	0.00543118	0.00006983	0.00036256	0.00085711	0.00067511	0.00080725	0.00017663	0.00012601
k__Bacteria|p__Sumerlaeota|c__Sumerlaeia|o__Sumerlaeales|f__Sumerlaeaceae	0.00014340	0.00000000	0.00000000	0.00010909	0.00001468	0.00009687	0.00000000	0.00000000
k__Bacteria|p__Sva0485|c__unidentified_Sva0485|o__unidentified_Sva0485|f__unidentified_Sva0485	0.00000000	0.00000000	0.00000000	0.00000000	0.00000000	0.00000000	0.00000000	0.00000000
k__Bacteria|p__Synergistota|c__Synergistia|o__Synergistales|f__Synergistaceae	0.00016132	0.00022695	0.00084597	0.00091945	0.00358102	0.00069423	0.00030027	0.00006301
k__Bacteria|p__Thermotogae|c__unidentified_Thermotogae|o__Petrotogales|f__Petrotogaceae	0.00005377	0.00000000	0.00000000	0.00000000	0.00000000	0.00000000	0.00000000	0.00000000
k__Bacteria|p__Verrucomicrobiota|c__Kiritimatiellae|o__WCHB1_41|f__unidentified_WCHB1_41	0.00046604	0.00015712	0.00024171	0.00001558	0.00020547	0.00022603	0.00022962	0.00002100
k__Bacteria|p__Verrucomicrobiota|c__Lentisphaeria|o__Oligosphaerales|f__Lenti_02	0.00025095	0.00003492	0.00003021	0.00000000	0.00002935	0.00001614	0.00000000	0.00000000
k__Bacteria|p__Verrucomicrobiota|c__Lentisphaeria|o__Oligosphaerales|f__Oligosphaeraceae	0.00000000	0.00000000	0.00003021	0.00000000	0.00002935	0.00006458	0.00000000	0.00000000
k__Bacteria|p__Verrucomicrobiota|c__Lentisphaeria|o__Victivallales|f__Victivallaceae	0.00003585	0.00000000	0.00000000	0.00000000	0.00000000	0.00001614	0.00000000	0.00000000
k__Bacteria|p__Verrucomicrobiota|c__Lentisphaeria|o__Victivallales|f__vadinBE97	0.00000000	0.00001746	0.00003021	0.00003117	0.00000000	0.00003229	0.00000000	0.00000000
k__Bacteria|p__Verrucomicrobiota|c__Omnitrophia|o__Omnitrophales|f__Omnitrophaceae	0.00000000	0.00000000	0.00000000	0.00006234	0.00001468	0.00004843	0.00000000	0.00000000
k__Bacteria|p__Verrucomicrobiota|c__Verrucomicrobiae|o__Chthoniobacterales|f__Chthoniobacteraceae	0.00017925	0.00012220	0.00000000	0.00000000	0.00000000	0.00001614	0.00000000	0.00000000
k__Bacteria|p__Verrucomicrobiota|c__Verrucomicrobiae|o__Chthoniobacterales|f__Terrimicrobiaceae	0.00005377	0.00003492	0.00000000	0.00003117	0.00001468	0.00000000	0.00000000	0.00004200
k__Bacteria|p__Verrucomicrobiota|c__Verrucomicrobiae|o__Chthoniobacterales|f__Xiphinematobacteraceae	0.00000000	0.00000000	0.00000000	0.00000000	0.00000000	0.00000000	0.00000000	0.00000000
k__Bacteria|p__Verrucomicrobiota|c__Verrucomicrobiae|o__Opitutales|f__Opitutaceae	0.00048397	0.00000000	0.00000000	0.00001558	0.00001468	0.00009687	0.00000000	0.00008401
k__Bacteria|p__Verrucomicrobiota|c__Verrucomicrobiae|o__Pedosphaerales|f__Pedosphaeraceae	0.00320852	0.00052373	0.00009064	0.00065452	0.00000000	0.00087183	0.00008832	0.00000000
k__Bacteria|p__Verrucomicrobiota|c__Verrucomicrobiae|o__Verrucomicrobiales|f__Akkermansiaceae	0.00000000	0.00000000	0.00009064	0.00000000	0.00515139	0.00001614	0.02296211	0.00705660
k__Bacteria|p__Verrucomicrobiota|c__Verrucomicrobiae|o__Verrucomicrobiales|f__DEV007	0.00003585	0.00000000	0.00006043	0.00000000	0.00000000	0.00001614	0.00000000	0.00000000
k__Bacteria|p__Verrucomicrobiota|c__Verrucomicrobiae|o__Verrucomicrobiales|f__Rubritaleaceae	0.00012547	0.00019204	0.00093661	0.00000000	0.00004403	0.00016145	0.00000000	0.00010501
k__Bacteria|p__Verrucomicrobiota|c__Verrucomicrobiae|o__Verrucomicrobiales|f__Verrucomicrobiaceae	0.00008962	0.00041899	0.00135960	0.00000000	0.00000000	0.00000000	0.00000000	0.00000000
k__Bacteria|p__WPS_2|c__unidentified_WPS_2|o__unidentified_WPS_2|f__unidentified_WPS_2	0.00075284	0.00062848	0.00193365	0.00042076	0.00148231	0.00019374	0.00026495	0.00016801
k__Bacteria|p__Zixibacteria|c__unidentified_Zixibacteria|o__unidentified_Zixibacteria|f__unidentified_Zixibacteria	0.00001792	0.00003492	0.00000000	0.00001558	0.00000000	0.00000000	0.00000000	0.00000000
k__Bacteria|p__unidentified_Bacteria|c__Acidimicrobiia|o__Microtrichales|f__Ilumatobacteraceae	0.00000000	0.00000000	0.00000000	0.00000000	0.00000000	0.00000000	0.00000000	0.00000000
k__Bacteria|p__unidentified_Bacteria|c__Acidimicrobiia|o__Microtrichales|f__Microtrichaceae	0.00001792	0.00000000	0.00000000	0.00000000	0.00000000	0.00009687	0.00000000	0.00000000
k__Bacteria|p__unidentified_Bacteria|c__Acidimicrobiia|o__unidentified_Acidimicrobiia|f__unidentified_Acidimicrobiia	0.00000000	0.00000000	0.00000000	0.00000000	0.00000000	0.00000000	0.00000000	0.00000000
k__Bacteria|p__unidentified_Bacteria|c__Acidobacteriae|o__Acidobacteriales|f__Acidobacteriaceae__Subgroup_1_	0.00000000	0.00000000	0.00000000	0.00000000	0.00000000	0.00000000	0.00000000	0.00000000
k__Bacteria|p__unidentified_Bacteria|c__Alphaproteobacteria|o__Acetobacterales|f__Acetobacteraceae	0.00008962	0.00000000	0.00000000	0.00000000	0.00000000	0.00003229	0.00000000	0.00000000
k__Bacteria|p__unidentified_Bacteria|c__Alphaproteobacteria|o__Caulobacterales|f__Caulobacteraceae	0.00000000	0.00000000	0.00003021	0.00000000	0.00000000	0.00000000	0.00000000	0.00000000
k__Bacteria|p__unidentified_Bacteria|c__Alphaproteobacteria|o__Caulobacterales|f__Hyphomonadaceae	0.00000000	0.00000000	0.00000000	0.00000000	0.00000000	0.00000000	0.00000000	0.00000000
k__Bacteria|p__unidentified_Bacteria|c__Alphaproteobacteria|o__Elsterales|f__Elsteraceae	0.00000000	0.00000000	0.00000000	0.00000000	0.00000000	0.00000000	0.00000000	0.00000000
k__Bacteria|p__unidentified_Bacteria|c__Alphaproteobacteria|o__Holosporales|f__Holosporaceae	0.00003585	0.00000000	0.00000000	0.00000000	0.00000000	0.00000000	0.00000000	0.00000000
k__Bacteria|p__unidentified_Bacteria|c__Alphaproteobacteria|o__Kiloniellales|f__Fodinicurvataceae	0.00005377	0.00003492	0.00000000	0.00004675	0.00000000	0.00027446	0.00000000	0.00000000
k__Bacteria|p__unidentified_Bacteria|c__Alphaproteobacteria|o__Micavibrionales|f__Micavibrionaceae	0.00001792	0.00000000	0.00000000	0.00000000	0.00000000	0.00000000	0.00000000	0.00004200
k__Bacteria|p__unidentified_Bacteria|c__Alphaproteobacteria|o__Micavibrionales|f__unidentified_Micavibrionales	0.00000000	0.00000000	0.00000000	0.00000000	0.00000000	0.00001614	0.00000000	0.00000000
k__Bacteria|p__unidentified_Bacteria|c__Alphaproteobacteria|o__Micropepsales|f__Micropepsaceae	0.00000000	0.00000000	0.00000000	0.00000000	0.00000000	0.00000000	0.00001766	0.00000000
k__Bacteria|p__unidentified_Bacteria|c__Alphaproteobacteria|o__Paracaedibacterales|f__Paracaedibacteraceae	0.00000000	0.00001746	0.00006043	0.00000000	0.00000000	0.00000000	0.00003533	0.00006301
k__Bacteria|p__unidentified_Bacteria|c__Alphaproteobacteria|o__Reyranellales|f__Reyranellaceae	0.00000000	0.00000000	0.00000000	0.00000000	0.00000000	0.00000000	0.00000000	0.00000000
k__Bacteria|p__unidentified_Bacteria|c__Alphaproteobacteria|o__Rhizobiales|f__Devosiaceae	0.00000000	0.00000000	0.00009064	0.00000000	0.00000000	0.00001614	0.00000000	0.00012601
k__Bacteria|p__unidentified_Bacteria|c__Alphaproteobacteria|o__Rhizobiales|f__Hyphomicrobiaceae	0.00000000	0.00000000	0.00000000	0.00000000	0.00000000	0.00000000	0.00000000	0.00000000
k__Bacteria|p__unidentified_Bacteria|c__Alphaproteobacteria|o__Rhizobiales|f__Methyloligellaceae	0.00000000	0.00000000	0.00000000	0.00000000	0.00000000	0.00000000	0.00000000	0.00000000
k__Bacteria|p__unidentified_Bacteria|c__Alphaproteobacteria|o__Rhizobiales|f__Pleomorphomonadaceae	0.00001792	0.00001746	0.00000000	0.00001558	0.00000000	0.00001614	0.00003533	0.00000000
k__Bacteria|p__unidentified_Bacteria|c__Alphaproteobacteria|o__Rhizobiales|f__Xanthobacteraceae	0.00000000	0.00000000	0.00003021	0.00000000	0.00000000	0.00001614	0.00000000	0.00000000
k__Bacteria|p__unidentified_Bacteria|c__Alphaproteobacteria|o__Rhodospirillales|f__Rhodospirillaceae	0.00003585	0.00000000	0.00000000	0.00000000	0.00000000	0.00016145	0.00000000	0.00002100
k__Bacteria|p__unidentified_Bacteria|c__Alphaproteobacteria|o__Rhodospirillales|f__unidentified_Rhodospirillales	0.00000000	0.00000000	0.00000000	0.00000000	0.00000000	0.00000000	0.00000000	0.00000000
k__Bacteria|p__unidentified_Bacteria|c__Alphaproteobacteria|o__Sneathiellales|f__Sneathiellaceae	0.00000000	0.00000000	0.00000000	0.00000000	0.00000000	0.00003229	0.00000000	0.00000000
k__Bacteria|p__unidentified_Bacteria|c__Alphaproteobacteria|o__unidentified_Alphaproteobacteria|f__unidentified_Alphaproteobacteria	0.00000000	0.00000000	0.00000000	0.00000000	0.00001468	0.00000000	0.00000000	0.00000000
k__Bacteria|p__unidentified_Bacteria|c__Anaerolineae|o__Anaerolineales|f__Anaerolineaceae	0.00272455	0.00109984	0.00009064	0.00162072	0.00001468	0.00319669	0.00001766	0.00000000
k__Bacteria|p__unidentified_Bacteria|c__Anaerolineae|o__Ardenticatenales|f__Ardenticatenaceae	0.00000000	0.00000000	0.00000000	0.00000000	0.00000000	0.00000000	0.00000000	0.00000000
k__Bacteria|p__unidentified_Bacteria|c__Anaerolineae|o__Caldilineales|f__Caldilineaceae	0.00016132	0.00010475	0.00006043	0.00003117	0.00013209	0.00011301	0.00000000	0.00000000
k__Bacteria|p__unidentified_Bacteria|c__Babeliae|o__Babeliales|f__Babeliaceae	0.00001792	0.00000000	0.00006043	0.00000000	0.00000000	0.00000000	0.00000000	0.00000000
k__Bacteria|p__unidentified_Bacteria|c__Babeliae|o__Babeliales|f__UBA12409	0.00003585	0.00006983	0.00000000	0.00000000	0.00000000	0.00009687	0.00000000	0.00000000
k__Bacteria|p__unidentified_Bacteria|c__Babeliae|o__Babeliales|f__Vermiphilaceae	0.00007170	0.00000000	0.00000000	0.00000000	0.00000000	0.00008072	0.00000000	0.00000000
k__Bacteria|p__unidentified_Bacteria|c__Babeliae|o__Babeliales|f__unidentified_Babeliales	0.00001792	0.00000000	0.00000000	0.00003117	0.00001468	0.00001614	0.00003533	0.00000000
k__Bacteria|p__unidentified_Bacteria|c__Bacilli|o__Erysipelotrichales|f__Erysipelotrichaceae	0.00000000	0.00000000	0.00009064	0.00000000	0.00000000	0.00000000	0.00000000	0.00000000
k__Bacteria|p__unidentified_Bacteria|c__Bacilli|o__Mycoplasmatales|f__Mycoplasmataceae	0.00000000	0.00000000	0.00018128	0.00000000	0.00000000	0.00000000	0.00000000	0.00000000
k__Bacteria|p__unidentified_Bacteria|c__Bacteroidia|o__Bacteroidales|f__Barnesiellaceae	0.00127265	0.00005237	0.00006043	0.00000000	0.00002935	0.00000000	0.00001766	0.00000000
k__Bacteria|p__unidentified_Bacteria|c__Bacteroidia|o__Bacteroidales|f__Dysgonomonadaceae	0.00982272	0.00057611	0.00009064	0.00101295	0.00074849	0.00072652	0.00058288	0.00054605
k__Bacteria|p__unidentified_Bacteria|c__Bacteroidia|o__Bacteroidales|f__Marinifilaceae	0.00003585	0.00000000	0.00000000	0.00001558	0.00008806	0.00001614	0.00000000	0.00000000
k__Bacteria|p__unidentified_Bacteria|c__Bacteroidia|o__Bacteroidales|f__Marinilabiliaceae	0.00016132	0.00003492	0.00003021	0.00009350	0.00017612	0.00009687	0.00035326	0.00008401
k__Bacteria|p__unidentified_Bacteria|c__Bacteroidia|o__Bacteroidales|f__Paludibacteraceae	0.00811988	0.00048882	0.00015107	0.00266484	0.00127684	0.00151762	0.00095381	0.00039903
k__Bacteria|p__unidentified_Bacteria|c__Bacteroidia|o__Bacteroidales|f__Prevotellaceae	0.00030472	0.00000000	0.00003021	0.00006234	0.00013209	0.00037133	0.00001766	0.00004200
k__Bacteria|p__unidentified_Bacteria|c__Bacteroidia|o__Bacteroidales|f__Prolixibacteraceae	0.01036047	0.00015712	0.00078555	0.00079478	0.00281785	0.00033904	0.00148371	0.00010501
k__Bacteria|p__unidentified_Bacteria|c__Bacteroidia|o__Bacteroidales|f__Rikenellaceae	0.00616609	0.00612769	0.00138981	0.00497125	0.01250422	0.00259933	0.00455710	0.00178515
k__Bacteria|p__unidentified_Bacteria|c__Bacteroidia|o__Chitinophagales|f__Chitinophagaceae	0.00000000	0.00000000	0.00000000	0.00000000	0.00001468	0.00001614	0.00000000	0.00000000
k__Bacteria|p__unidentified_Bacteria|c__Bacteroidia|o__Chitinophagales|f__Saprospiraceae	0.00012547	0.00000000	0.00003021	0.00009350	0.00000000	0.00011301	0.00008832	0.00000000
k__Bacteria|p__unidentified_Bacteria|c__Bacteroidia|o__Cytophagales|f__Cyclobacteriaceae	0.00001792	0.00000000	0.00000000	0.00000000	0.00000000	0.00001614	0.00000000	0.00000000
k__Bacteria|p__unidentified_Bacteria|c__Bacteroidia|o__Cytophagales|f__Microscillaceae	0.00016132	0.00000000	0.00000000	0.00001558	0.00000000	0.00022603	0.00000000	0.00000000
k__Bacteria|p__unidentified_Bacteria|c__Bacteroidia|o__Cytophagales|f__Spirosomaceae	0.00000000	0.00000000	0.00000000	0.00000000	0.00000000	0.00000000	0.00000000	0.00000000
k__Bacteria|p__unidentified_Bacteria|c__Bacteroidia|o__Flavobacteriales|f__Flavobacteriaceae	0.00000000	0.00000000	0.00000000	0.00000000	0.00011741	0.00001614	0.00005299	0.00000000
k__Bacteria|p__unidentified_Bacteria|c__Bacteroidia|o__Flavobacteriales|f__Weeksellaceae	0.00000000	0.00000000	0.00000000	0.00018701	0.00000000	0.00000000	0.00017663	0.00000000
k__Bacteria|p__unidentified_Bacteria|c__Campylobacteria|o__Campylobacterales|f__Arcobacteraceae	0.00625571	0.00237426	0.00009064	0.03511041	0.02747406	0.01704903	0.00840767	0.00399034
k__Bacteria|p__unidentified_Bacteria|c__Chloroflexia|o__Chloroflexales|f__Roseiflexaceae	0.00000000	0.00000000	0.00000000	0.00000000	0.00000000	0.00000000	0.00000000	0.00000000
k__Bacteria|p__unidentified_Bacteria|c__Clostridia|o__Christensenellales|f__Christensenellaceae	0.00028679	0.00017458	0.00021149	0.00059219	0.00190792	0.00025832	0.00019429	0.00018902
k__Bacteria|p__unidentified_Bacteria|c__Clostridia|o__Eubacteriales|f__Eubacteriaceae	0.00007170	0.00003492	0.00006043	0.00017142	0.00048432	0.00012916	0.00001766	0.00000000
k__Bacteria|p__unidentified_Bacteria|c__Clostridia|o__Lachnospirales|f__Lachnospiraceae	0.00000000	0.00000000	0.00009064	0.00000000	0.00044029	0.00000000	0.00171333	0.00035703
k__Bacteria|p__unidentified_Bacteria|c__Clostridia|o__Oscillospirales|f__Butyricicoccaceae	0.00000000	0.00000000	0.00000000	0.00000000	0.00000000	0.00000000	0.00000000	0.00000000
k__Bacteria|p__unidentified_Bacteria|c__Clostridia|o__Oscillospirales|f__Hungateiclostridiaceae	0.00136228	0.00024441	0.00030213	0.00099737	0.00136490	0.00093641	0.00074185	0.00018902
k__Bacteria|p__unidentified_Bacteria|c__Clostridia|o__Oscillospirales|f__Oscillospiraceae	0.00000000	0.00001746	0.00027192	0.00003117	0.00000000	0.00000000	0.00058288	0.00008401
k__Bacteria|p__unidentified_Bacteria|c__Clostridia|o__Oscillospirales|f__Ruminococcaceae	0.00019717	0.00020949	0.00078555	0.00048310	0.00127684	0.00046820	0.00061821	0.00029402
k__Bacteria|p__unidentified_Bacteria|c__Clostridia|o__Peptococcales|f__Peptococcaceae	0.00016132	0.00010475	0.00111789	0.00034284	0.00076317	0.00032290	0.00042392	0.00016801
k__Bacteria|p__unidentified_Bacteria|c__Clostridia|o__Peptostreptococcales_Tissierellales|f__Anaerovoracaceae	0.00012547	0.00008729	0.00000000	0.00006234	0.00027885	0.00003229	0.00001766	0.00004200
k__Bacteria|p__unidentified_Bacteria|c__Coriobacteriia|o__Coriobacteriales|f__Eggerthellaceae	0.00000000	0.00000000	0.00000000	0.00000000	0.00000000	0.00001614	0.00000000	0.00004200
k__Bacteria|p__unidentified_Bacteria|c__Desulfarculia|o__Desulfarculales|f__Desulfarculaceae	0.00000000	0.00000000	0.00000000	0.00000000	0.00000000	0.00000000	0.00001766	0.00000000
k__Bacteria|p__unidentified_Bacteria|c__Desulfobacteria|o__Desulfobacterales|f__Desulfobacteraceae	0.00051982	0.00003492	0.00003021	0.00054543	0.00004403	0.00024217	0.00065354	0.00008401
k__Bacteria|p__unidentified_Bacteria|c__Desulfobacteria|o__Desulfobacterales|f__Desulfosarcinaceae	0.00000000	0.00000000	0.00000000	0.00000000	0.00000000	0.00000000	0.00000000	0.00000000
k__Bacteria|p__unidentified_Bacteria|c__Desulfobulbia|o__Desulfobulbales|f__Desulfobulbaceae	0.00000000	0.00000000	0.00000000	0.00001558	0.00001468	0.00001614	0.00001766	0.00000000
k__Bacteria|p__unidentified_Bacteria|c__Desulfovibrionia|o__Desulfovibrionales|f__Desulfovibrionaceae	0.00000000	0.00000000	0.00093661	0.00004675	0.00008806	0.00000000	0.00503400	0.00018902
k__Bacteria|p__unidentified_Bacteria|c__Desulfuromonadia|o__Geobacterales|f__Geobacteraceae	0.00005377	0.00008729	0.00000000	0.00000000	0.00000000	0.00004843	0.00000000	0.00000000
k__Bacteria|p__unidentified_Bacteria|c__Dethiobacteria|o__Dethiobacterales|f__Dethiobacteraceae	0.00005377	0.00000000	0.00000000	0.00000000	0.00000000	0.00000000	0.00000000	0.00000000
k__Bacteria|p__unidentified_Bacteria|c__Fibrobacteria|o__Fibrobacterales|f__Fibrobacteraceae	0.00001792	0.00000000	0.00000000	0.00009350	0.00000000	0.00001614	0.00001766	0.00014701
k__Bacteria|p__unidentified_Bacteria|c__Fusobacteriia|o__Fusobacteriales|f__Leptotrichiaceae	0.00016132	0.00006983	0.00015107	0.00054543	0.00071914	0.00037133	0.00012364	0.00010501
k__Bacteria|p__unidentified_Bacteria|c__Gammaproteobacteria|o__Arenicellales|f__Arenicellaceae	0.00000000	0.00000000	0.00000000	0.00000000	0.00000000	0.00000000	0.00000000	0.00000000
k__Bacteria|p__unidentified_Bacteria|c__Gammaproteobacteria|o__Beggiatoales|f__Beggiatoaceae	0.00000000	0.00000000	0.00000000	0.00000000	0.00000000	0.00000000	0.00000000	0.00000000
k__Bacteria|p__unidentified_Bacteria|c__Gammaproteobacteria|o__Burkholderiales|f__Alcaligenaceae	0.00000000	0.00026187	0.00003021	0.00004675	0.00004403	0.00008072	0.00003533	0.00008401
k__Bacteria|p__unidentified_Bacteria|c__Gammaproteobacteria|o__Burkholderiales|f__Gallionellaceae	0.00000000	0.00000000	0.00000000	0.00000000	0.00000000	0.00000000	0.00001766	0.00006301
k__Bacteria|p__unidentified_Bacteria|c__Gammaproteobacteria|o__Burkholderiales|f__Hydrogenophilaceae	0.00145190	0.00033170	0.00021149	0.00052985	0.00019079	0.00064580	0.00100680	0.00025202
k__Bacteria|p__unidentified_Bacteria|c__Gammaproteobacteria|o__Burkholderiales|f__Methylophilaceae	0.00017925	0.00040153	0.00009064	0.00006234	0.00001468	0.00008072	0.00019429	0.00004200
k__Bacteria|p__unidentified_Bacteria|c__Gammaproteobacteria|o__Burkholderiales|f__Neisseriaceae	0.00059151	0.00000000	0.00039277	0.00000000	0.00000000	0.00000000	0.00000000	0.00000000
k__Bacteria|p__unidentified_Bacteria|c__Gammaproteobacteria|o__Burkholderiales|f__Nitrosomonadaceae	0.00050189	0.00027932	0.00000000	0.00043635	0.00000000	0.00059736	0.00000000	0.00000000
k__Bacteria|p__unidentified_Bacteria|c__Gammaproteobacteria|o__Burkholderiales|f__Oxalobacteraceae	0.00023302	0.00005237	0.00006043	0.00004675	0.00004403	0.00003229	0.00007065	0.00000000
k__Bacteria|p__unidentified_Bacteria|c__Gammaproteobacteria|o__Burkholderiales|f__Rhodocyclaceae	0.00152360	0.00012220	0.00009064	0.00004675	0.00023482	0.00017759	0.00351497	0.00201617
k__Bacteria|p__unidentified_Bacteria|c__Gammaproteobacteria|o__Burkholderiales|f__Sutterellaceae	0.00125473	0.00094272	0.00021149	0.00087270	0.00002935	0.00230872	0.00012364	0.00002100
k__Bacteria|p__unidentified_Bacteria|c__Gammaproteobacteria|o__Chromatiales|f__Chromatiaceae	0.00000000	0.00000000	0.00000000	0.00009350	0.00000000	0.00004843	0.00000000	0.00000000
k__Bacteria|p__unidentified_Bacteria|c__Gammaproteobacteria|o__Diplorickettsiales|f__Diplorickettsiaceae	0.00000000	0.00000000	0.00000000	0.00000000	0.00000000	0.00000000	0.00000000	0.00000000
k__Bacteria|p__unidentified_Bacteria|c__Gammaproteobacteria|o__Enterobacterales|f__unidentified_Enterobacterales	0.00394343	0.00001746	0.00000000	0.00021817	0.00001468	0.00012916	0.00026495	0.00002100
k__Bacteria|p__unidentified_Bacteria|c__Gammaproteobacteria|o__Halothiobacillales|f__Halothiobacillaceae	0.00000000	0.00001746	0.00003021	0.00026493	0.00102734	0.00024217	0.00054756	0.00031503
k__Bacteria|p__unidentified_Bacteria|c__Gammaproteobacteria|o__Methylococcales|f__Methylococcaceae	0.00000000	0.00000000	0.00006043	0.00000000	0.00000000	0.00000000	0.00000000	0.00000000
k__Bacteria|p__unidentified_Bacteria|c__Gammaproteobacteria|o__Methylococcales|f__Methylomonadaceae	0.00000000	0.00001746	0.00003021	0.00000000	0.00000000	0.00000000	0.00000000	0.00000000
k__Bacteria|p__unidentified_Bacteria|c__Gammaproteobacteria|o__Nitrosococcales|f__Methylophagaceae	0.00000000	0.00000000	0.00000000	0.00000000	0.00000000	0.00000000	0.00000000	0.00000000
k__Bacteria|p__unidentified_Bacteria|c__Gammaproteobacteria|o__Pseudomonadales|f__Cellvibrionaceae	0.00000000	0.00000000	0.00000000	0.00003117	0.00000000	0.00000000	0.00000000	0.00000000
k__Bacteria|p__unidentified_Bacteria|c__Gammaproteobacteria|o__Pseudomonadales|f__Moraxellaceae	0.00000000	0.00000000	0.00000000	0.00004675	0.00000000	0.00000000	0.00000000	0.00002100
k__Bacteria|p__unidentified_Bacteria|c__Gammaproteobacteria|o__Salinisphaerales|f__Solimonadaceae	0.00000000	0.00000000	0.00000000	0.00000000	0.00004403	0.00000000	0.00008832	0.00000000
k__Bacteria|p__unidentified_Bacteria|c__Gammaproteobacteria|o__Steroidobacterales|f__Steroidobacteraceae	0.00143397	0.00066340	0.00036256	0.00095061	0.00000000	0.00245403	0.00008832	0.00014701
k__Bacteria|p__unidentified_Bacteria|c__Gammaproteobacteria|o__Xanthomonadales|f__Rhodanobacteraceae	0.00005377	0.00000000	0.00000000	0.00001558	0.00000000	0.00022603	0.00003533	0.00000000
k__Bacteria|p__unidentified_Bacteria|c__Gammaproteobacteria|o__unidentified_Gammaproteobacteria|f__unidentified_Gammaproteobacteria	0.00014340	0.00000000	0.00000000	0.00003117	0.00000000	0.00006458	0.00000000	0.00000000
k__Bacteria|p__unidentified_Bacteria|c__Holophagae|o__Holophagales|f__Holophagaceae	0.00005377	0.00001746	0.00000000	0.00009350	0.00000000	0.00014530	0.00000000	0.00000000
k__Bacteria|p__unidentified_Bacteria|c__Kazania|o__unidentified_Kazania|f__unidentified_Kazania	0.00000000	0.00000000	0.00000000	0.00000000	0.00000000	0.00000000	0.00000000	0.00000000
k__Bacteria|p__unidentified_Bacteria|c__Ktedonobacteria|o__Ktedonobacterales|f__Ktedonobacteraceae	0.00000000	0.00001746	0.00000000	0.00001558	0.00000000	0.00001614	0.00000000	0.00000000
k__Bacteria|p__unidentified_Bacteria|c__Leptospirae|o__Leptospirales|f__Leptospiraceae	0.00000000	0.00000000	0.00000000	0.00000000	0.00000000	0.00003229	0.00000000	0.00000000
k__Bacteria|p__unidentified_Bacteria|c__Myxococcia|o__Myxococcales|f__Myxococcaceae	0.00000000	0.00000000	0.00000000	0.00000000	0.00000000	0.00000000	0.00000000	0.00000000
k__Bacteria|p__unidentified_Bacteria|c__Negativicutes|o__Acidaminococcales|f__Acidaminococcaceae	0.00014340	0.00000000	0.00015107	0.00059219	0.00080720	0.00020988	0.00005299	0.00002100
k__Bacteria|p__unidentified_Bacteria|c__Negativicutes|o__Veillonellales_Selenomonadales|f__Selenomonadaceae	0.00003585	0.00010475	0.00003021	0.00038960	0.00027885	0.00024217	0.00001766	0.00000000
k__Bacteria|p__unidentified_Bacteria|c__Negativicutes|o__Veillonellales_Selenomonadales|f__Sporomusaceae	0.00754629	0.00090781	0.00111789	0.00311677	0.00267109	0.00366490	0.00144838	0.00046204
k__Bacteria|p__unidentified_Bacteria|c__Oligoflexia|o__Oligoflexales|f__Oligoflexaceae	0.00003585	0.00000000	0.00000000	0.00003117	0.00000000	0.00012916	0.00000000	0.00000000
k__Bacteria|p__unidentified_Bacteria|c__Phycisphaerae|o__Phycisphaerales|f__Phycisphaeraceae	0.00000000	0.00000000	0.00000000	0.00000000	0.00000000	0.00000000	0.00000000	0.00000000
k__Bacteria|p__unidentified_Bacteria|c__Polyangia|o__Polyangiales|f__Polyangiaceae	0.00000000	0.00000000	0.00000000	0.00000000	0.00000000	0.00000000	0.00000000	0.00000000
k__Bacteria|p__unidentified_Bacteria|c__Polyangia|o__Polyangiales|f__Sandaracinaceae	0.00026887	0.00005237	0.00000000	0.00004675	0.00000000	0.00022603	0.00000000	0.00000000
k__Bacteria|p__unidentified_Bacteria|c__Rhodothermia|o__Rhodothermales|f__Rhodothermaceae	0.00000000	0.00000000	0.00000000	0.00000000	0.00000000	0.00001614	0.00000000	0.00000000
k__Bacteria|p__unidentified_Bacteria|c__Saccharimonadia|o__Saccharimonadales|f__LWQ8	0.00000000	0.00008729	0.00006043	0.00000000	0.00001468	0.00003229	0.00000000	0.00000000
k__Bacteria|p__unidentified_Bacteria|c__Saccharimonadia|o__Saccharimonadales|f__Saccharimonadaceae	0.00007170	0.00024441	0.00096683	0.00031168	0.00189324	0.00019374	0.00102446	0.00006301
k__Bacteria|p__unidentified_Bacteria|c__Saccharimonadia|o__Saccharimonadales|f__WWH38	0.00000000	0.00000000	0.00000000	0.00000000	0.00000000	0.00000000	0.00000000	0.00000000
k__Bacteria|p__unidentified_Bacteria|c__Saccharimonadia|o__Saccharimonadales|f__YM_S32_TM7_50_20	0.00000000	0.00000000	0.00000000	0.00000000	0.00000000	0.00000000	0.00000000	0.00000000
k__Bacteria|p__unidentified_Bacteria|c__Saccharimonadia|o__Saccharimonadales|f__unidentified_Saccharimonadales	0.00001792	0.00001746	0.00003021	0.00000000	0.00014676	0.00000000	0.00003533	0.00000000
k__Bacteria|p__unidentified_Bacteria|c__Spirochaetia|o__Spirochaetales|f__Spirochaetaceae	0.00399720	0.00064594	0.00015107	0.00112204	0.00114475	0.00066194	0.00093615	0.00014701
k__Bacteria|p__unidentified_Bacteria|c__Symbiobacteriia|o__Symbiobacteriales|f__Symbiobacteraceae	0.00000000	0.00000000	0.00000000	0.00000000	0.00000000	0.00004843	0.00000000	0.00000000
k__Bacteria|p__unidentified_Bacteria|c__Synergistia|o__Synergistales|f__Synergistaceae	0.00035849	0.00041899	0.00359538	0.00743350	0.00603197	0.00466588	0.00173099	0.00081907
k__Bacteria|p__unidentified_Bacteria|c__Syntrophobacteria|o__Syntrophobacterales|f__Syntrophobacteraceae	0.00019717	0.00003492	0.00000000	0.00015584	0.00000000	0.00029061	0.00000000	0.00000000
k__Bacteria|p__unidentified_Bacteria|c__Syntrophobacteria|o__Syntrophobacterales|f__unidentified_Syntrophobacterales	0.00003585	0.00000000	0.00000000	0.00000000	0.00000000	0.00004843	0.00000000	0.00000000
k__Bacteria|p__unidentified_Bacteria|c__Syntrophomonadia|o__Syntrophomonadales|f__Syntrophomonadaceae	0.00000000	0.00000000	0.00000000	0.00003117	0.00000000	0.00000000	0.00000000	0.00000000
k__Bacteria|p__unidentified_Bacteria|c__Thermodesulfovibrionia|o__unidentified_Thermodesulfovibrionia|f__unidentified_Thermodesulfovibrionia	0.00046604	0.00017458	0.00000000	0.00028051	0.00000000	0.00041977	0.00000000	0.00000000
k__Bacteria|p__unidentified_Bacteria|c__Thermoleophilia|o__Gaiellales|f__unidentified_Gaiellales	0.00000000	0.00000000	0.00000000	0.00000000	0.00000000	0.00000000	0.00000000	0.00000000
k__Bacteria|p__unidentified_Bacteria|c__Verrucomicrobiae|o__Methylacidiphilales|f__Methylacidiphilaceae	0.00017925	0.00005237	0.00000000	0.00003117	0.00000000	0.00003229	0.00000000	0.00000000
k__Bacteria|p__unidentified_Bacteria|c__Verrucomicrobiae|o__Opitutales|f__Puniceicoccaceae	0.00005377	0.00000000	0.00000000	0.00000000	0.00000000	0.00000000	0.00000000	0.00000000
k__Bacteria|p__unidentified_Bacteria|c__Verrucomicrobiae|o__Pedosphaerales|f__Pedosphaeraceae	0.00005377	0.00001746	0.00000000	0.00001558	0.00000000	0.00001614	0.00000000	0.00000000
k__Bacteria|p__unidentified_Bacteria|c__Verrucomicrobiae|o__Verrucomicrobiales|f__Rubritaleaceae	0.00000000	0.00000000	0.00000000	0.00000000	0.00000000	0.00000000	0.00000000	0.00000000
k__Bacteria|p__unidentified_Bacteria|c__Verrucomicrobiae|o__Verrucomicrobiales|f__Verrucomicrobiaceae	0.00003585	0.00003492	0.00006043	0.00003117	0.00000000	0.00003229	0.00001766	0.00000000
k__Bacteria|p__unidentified_Bacteria|c__Vicinamibacteria|o__Vicinamibacterales|f__unidentified_Vicinamibacterales	0.00000000	0.00000000	0.00000000	0.00000000	0.00000000	0.00000000	0.00000000	0.00000000
k__Bacteria|p__unidentified_Bacteria|c__unidentified_Bacteria|o__Actinomycetales|f__Actinomycetaceae	0.00000000	0.00000000	0.00000000	0.00004675	0.00002935	0.00003229	0.00000000	0.00000000
k__Bacteria|p__unidentified_Bacteria|c__unidentified_Bacteria|o__Bifidobacteriales|f__Bifidobacteriaceae	0.00000000	0.00000000	0.00006043	0.00000000	0.00000000	0.00000000	0.00001766	0.00000000
k__Bacteria|p__unidentified_Bacteria|c__unidentified_Bacteria|o__Gemmatales|f__Gemmataceae	0.00000000	0.00006983	0.00000000	0.00000000	0.00000000	0.00000000	0.00000000	0.00000000
k__Bacteria|p__unidentified_Bacteria|c__unidentified_Bacteria|o__Gemmatimonadales|f__Gemmatimonadaceae	0.00111133	0.00041899	0.00000000	0.00104412	0.00000000	0.00269620	0.00000000	0.00002100
k__Bacteria|p__unidentified_Bacteria|c__unidentified_Bacteria|o__Micromonosporales|f__Micromonosporaceae	0.00000000	0.00000000	0.00000000	0.00000000	0.00000000	0.00000000	0.00000000	0.00000000
k__Bacteria|p__unidentified_Bacteria|c__unidentified_Bacteria|o__Propionibacteriales|f__Propionibacteriaceae	0.00000000	0.00000000	0.00000000	0.00000000	0.00000000	0.00000000	0.00000000	0.00000000
k__Bacteria|p__unidentified_Bacteria|c__unidentified_Bacteria|o__unidentified_Bacteria|f__unidentified_Bacteria	0.00048397	0.00034916	0.00012085	0.00038960	0.00032288	0.00030675	0.00012364	0.00004200
k__Archaea|p__Crenarchaeota|c__Bathyarchaeia|o__unidentified_Bathyarchaeia|f__unidentified_Bathyarchaeia|g__unidentified_Bathyarchaeia	0.00000000	0.00000000	0.00000000	0.00000000	0.00000000	0.00000000	0.00000000	0.00000000
k__Archaea|p__Crenarchaeota|c__Methanomethylicia|o__Methanomethyliales|f__Methanomethyliaceae|g__Candidatus_Methanomethylicus	0.00000000	0.00000000	0.00000000	0.00003117	0.00000000	0.00000000	0.00000000	0.00000000
k__Archaea|p__Crenarchaeota|c__Nitrososphaeria|o__Caldiarchaeales|f__Caldiarchaeaceae|g__Candidatus_Caldiarchaeum	0.00000000	0.00000000	0.00000000	0.00000000	0.00000000	0.00000000	0.00000000	0.00000000
k__Archaea|p__Crenarchaeota|c__Nitrososphaeria|o__Nitrosopumilales|f__Nitrosopumilaceae|g__Candidatus_Nitrosotenuis	0.00001792	0.00000000	0.00000000	0.00000000	0.00000000	0.00000000	0.00000000	0.00000000
k__Archaea|p__Crenarchaeota|c__Nitrososphaeria|o__Nitrosopumilales|f__Nitrosopumilaceae|g__Nitrosarchaeum	0.00000000	0.00000000	0.00000000	0.00000000	0.00000000	0.00000000	0.00000000	0.00000000
k__Archaea|p__Crenarchaeota|c__Nitrososphaeria|o__Nitrososphaerales|f__Nitrososphaeraceae|g__Candidatus_Nitrososphaera	0.00000000	0.00000000	0.00000000	0.00000000	0.00000000	0.00000000	0.00000000	0.00000000
k__Archaea|p__Crenarchaeota|c__Nitrososphaeria|o__Nitrosotaleales|f__Nitrosotaleaceae|g__Candidatus_Nitrosotalea	0.00000000	0.00000000	0.00000000	0.00000000	0.00000000	0.00000000	0.00000000	0.00000000
k__Archaea|p__Euryarchaeota|c__Methanobacteria|o__Methanobacteriales|f__Methanobacteriaceae|g__Methanobacterium	0.00003585	0.00000000	0.00000000	0.00000000	0.00000000	0.00000000	0.00000000	0.00000000
k__Archaea|p__Euryarchaeota|c__Methanobacteria|o__Methanobacteriales|f__Methanobacteriaceae|g__Methanobrevibacter	0.00005377	0.00003492	0.00069491	0.00004675	0.00000000	0.00000000	0.00003533	0.00000000
k__Archaea|p__Euryarchaeota|c__Thermococci|o__Methanofastidiosales|f__Methanofastidiosaceae|g__Candidatus_Methanofastidiosum	0.00000000	0.00000000	0.00000000	0.00000000	0.00000000	0.00000000	0.00000000	0.00000000
k__Archaea|p__Halobacterota|c__Methanomicrobia|o__Methanomicrobiales|f__Methanocorpusculaceae|g__Methanocorpusculum	0.00001792	0.00000000	0.00000000	0.00000000	0.00000000	0.00000000	0.00000000	0.00000000
k__Archaea|p__Halobacterota|c__Methanomicrobia|o__Methanomicrobiales|f__Methanoregulaceae|g__Methanolinea	0.00025095	0.00005237	0.00000000	0.00032726	0.00000000	0.00011301	0.00000000	0.00000000
k__Archaea|p__Halobacterota|c__Methanomicrobia|o__Methanomicrobiales|f__Methanoregulaceae|g__Methanoregula	0.00030472	0.00006983	0.00000000	0.00009350	0.00000000	0.00006458	0.00001766	0.00002100
k__Archaea|p__Halobacterota|c__Methanomicrobia|o__Methanomicrobiales|f__Methanoregulaceae|g__Methanosphaerula	0.00000000	0.00000000	0.00000000	0.00000000	0.00000000	0.00000000	0.00000000	0.00000000
k__Archaea|p__Halobacterota|c__Methanomicrobia|o__Methanomicrobiales|f__Methanospirillaceae|g__Methanospirillum	0.00012547	0.00001746	0.00015107	0.00062335	0.00004403	0.00012916	0.00005299	0.00000000
k__Archaea|p__Halobacterota|c__Methanosarcinia|o__Methanosarciniales|f__Methanoperedenaceae|g__Candidatus_Methanoperedens	0.00000000	0.00001746	0.00000000	0.00000000	0.00000000	0.00000000	0.00000000	0.00000000
k__Archaea|p__Halobacterota|c__Methanosarcinia|o__Methanosarciniales|f__Methanosaetaceae|g__Methanosaeta	0.00019717	0.00006983	0.00018128	0.00328819	0.00013209	0.00025832	0.00017663	0.00004200
k__Archaea|p__Halobacterota|c__Methanosarcinia|o__Methanosarciniales|f__Methanosarcinaceae|g__Methanosarcina	0.00000000	0.00000000	0.00000000	0.00000000	0.00000000	0.00000000	0.00000000	0.00000000
k__Archaea|p__Nanoarchaeota|c__Nanoarchaeia|o__Woesearchaeales|f__SCGC_AAA011_D5|g__unidentified_SCGC_AAA011_D5	0.00000000	0.00000000	0.00000000	0.00000000	0.00000000	0.00000000	0.00000000	0.00000000
k__Archaea|p__Thermoplasmatota|c__Thermoplasmata|o__Methanomassiliicoccales|f__Methanomassiliicoccaceae|g__Methanomassiliicoccus	0.00000000	0.00000000	0.00000000	0.00000000	0.00000000	0.00000000	0.00000000	0.00000000
k__Bacteria|p__Abditibacteriota|c__Abditibacteria|o__Abditibacteriales|f__Abditibacteriaceae|g__Abditibacterium	0.00000000	0.00000000	0.00000000	0.00000000	0.00000000	0.00000000	0.00000000	0.00000000
k__Bacteria|p__Acidobacteriota|c__Acidobacteriae|o__Acidobacteriales|f__Acidobacteriaceae__Subgroup_1_|g__Occallatibacter	0.00000000	0.00000000	0.00000000	0.00000000	0.00000000	0.00000000	0.00000000	0.00000000
k__Bacteria|p__Acidobacteriota|c__Acidobacteriae|o__Acidobacteriales|f__Koribacteraceae|g__Candidatus_Koribacter	0.00000000	0.00000000	0.00000000	0.00000000	0.00000000	0.00000000	0.00000000	0.00000000
k__Bacteria|p__Acidobacteriota|c__Acidobacteriae|o__Bryobacterales|f__Bryobacteraceae|g__Bryobacter	0.00001792	0.00003492	0.00000000	0.00007792	0.00000000	0.00017759	0.00000000	0.00000000
k__Bacteria|p__Acidobacteriota|c__Acidobacteriae|o__Solibacterales|f__Solibacteraceae|g__Candidatus_Solibacter	0.00001792	0.00000000	0.00000000	0.00009350	0.00000000	0.00009687	0.00000000	0.00002100
k__Bacteria|p__Acidobacteriota|c__Acidobacteriae|o__unidentified_Acidobacteriae|f__unidentified_Acidobacteriae|g__Paludibaculum	0.00026887	0.00006983	0.00003021	0.00018701	0.00089526	0.00043591	0.00026495	0.00010501
k__Bacteria|p__Acidobacteriota|c__Blastocatellia|o__Blastocatellales|f__Blastocatellaceae|g__Aridibacter	0.00001792	0.00000000	0.00000000	0.00000000	0.00000000	0.00003229	0.00000000	0.00000000
k__Bacteria|p__Acidobacteriota|c__Blastocatellia|o__Pyrinomonadales|f__Pyrinomonadaceae|g__RB41	0.00000000	0.00000000	0.00000000	0.00001558	0.00000000	0.00000000	0.00000000	0.00000000
k__Bacteria|p__Acidobacteriota|c__Holophagae|o__Holophagales|f__Holophagaceae|g__Geothrix	0.00005377	0.00000000	0.00009064	0.00000000	0.00005871	0.00008072	0.00047691	0.00014701
k__Bacteria|p__Acidobacteriota|c__Holophagae|o__Holophagales|f__Holophagaceae|g__Holophaga	0.00005377	0.00000000	0.00000000	0.00010909	0.00014676	0.00011301	0.00005299	0.00000000
k__Bacteria|p__Acidobacteriota|c__Holophagae|o__Subgroup_7|f__unidentified_Subgroup_7|g__unidentified_Subgroup_7	0.00000000	0.00000000	0.00000000	0.00003117	0.00000000	0.00000000	0.00000000	0.00000000
k__Bacteria|p__Acidobacteriota|c__Thermoanaerobaculia|o__Thermoanaerobaculales|f__Thermoanaerobaculaceae|g__Subgroup_10	0.00014340	0.00005237	0.00000000	0.00004675	0.00000000	0.00030675	0.00000000	0.00000000
k__Bacteria|p__Acidobacteriota|c__Thermoanaerobaculia|o__Thermoanaerobaculales|f__Thermoanaerobaculaceae|g__Subgroup_23	0.00007170	0.00006983	0.00006043	0.00001558	0.00000000	0.00016145	0.00000000	0.00000000
k__Bacteria|p__Acidobacteriota|c__Thermoanaerobaculia|o__Thermoanaerobaculales|f__Thermoanaerobaculaceae|g__TPD_58	0.00008962	0.00000000	0.00000000	0.00020259	0.00001468	0.00011301	0.00000000	0.00000000
k__Bacteria|p__Acidobacteriota|c__Thermoanaerobaculia|o__Thermoanaerobaculales|f__Thermoanaerobaculaceae|g__Thermoanaerobaculum	0.00103963	0.00054119	0.00000000	0.00084153	0.00000000	0.00135617	0.00000000	0.00000000
k__Bacteria|p__Acidobacteriota|c__Vicinamibacteria|o__Vicinamibacterales|f__Vicinamibacteraceae|g__Luteitalea	0.00010755	0.00008729	0.00000000	0.00003117	0.00000000	0.00020988	0.00000000	0.00000000
k__Bacteria|p__Acidobacteriota|c__unidentified_Acidobacteriota|o__unidentified_Acidobacteriota|f__unidentified_Acidobacteriota|g__unidentified_Acidobacteriota	0.00000000	0.00000000	0.00000000	0.00000000	0.00000000	0.00000000	0.00000000	0.00000000
k__Bacteria|p__Actinobacteria|c__unidentified_Actinobacteria|o__Actinomycetales|f__Actinomycetaceae|g__Actinomyces	0.00001792	0.00000000	0.00003021	0.00003117	0.00001468	0.00001614	0.00000000	0.00000000
k__Bacteria|p__Actinobacteria|c__unidentified_Actinobacteria|o__Actinomycetales|f__Actinomycetaceae|g__F0332	0.00000000	0.00000000	0.00000000	0.00000000	0.00000000	0.00000000	0.00000000	0.00000000
k__Bacteria|p__Actinobacteria|c__unidentified_Actinobacteria|o__Bifidobacteriales|f__Bifidobacteriaceae|g__Bifidobacterium	0.00150567	0.00099509	0.00108768	0.00087270	0.00664837	0.00077496	0.00164267	0.00067206
k__Bacteria|p__Actinobacteria|c__unidentified_Actinobacteria|o__Bifidobacteriales|f__Bifidobacteriaceae|g__Gardnerella	0.00000000	0.00000000	0.00000000	0.00000000	0.00000000	0.00000000	0.00000000	0.00000000
k__Bacteria|p__Actinobacteria|c__unidentified_Actinobacteria|o__Bifidobacteriales|f__Bifidobacteriaceae|g__Scardovia	0.00000000	0.00000000	0.00000000	0.00000000	0.00000000	0.00000000	0.00000000	0.00000000
k__Bacteria|p__Actinobacteria|c__unidentified_Actinobacteria|o__Corynebacteriales|f__Corynebacteriaceae|g__Corynebacterium	0.00005377	0.00000000	0.00003021	0.00006234	0.00000000	0.00000000	0.00003533	0.00039903
k__Bacteria|p__Actinobacteria|c__unidentified_Actinobacteria|o__Corynebacteriales|f__Corynebacteriaceae|g__Lawsonella	0.00000000	0.00000000	0.00000000	0.00000000	0.00000000	0.00000000	0.00000000	0.00000000
k__Bacteria|p__Actinobacteria|c__unidentified_Actinobacteria|o__Corynebacteriales|f__Dietziaceae|g__Dietzia	0.00001792	0.00000000	0.00000000	0.00003117	0.00000000	0.00000000	0.00000000	0.00002100
k__Bacteria|p__Actinobacteria|c__unidentified_Actinobacteria|o__Corynebacteriales|f__Mycobacteriaceae|g__Mycobacterium	0.00008962	0.00003492	0.00033235	0.00001558	0.00004403	0.00000000	0.00000000	0.00000000
k__Bacteria|p__Actinobacteria|c__unidentified_Actinobacteria|o__Corynebacteriales|f__Nocardiaceae|g__Gordonia	0.00000000	0.00000000	0.00000000	0.00000000	0.00000000	0.00000000	0.00000000	0.00000000
k__Bacteria|p__Actinobacteria|c__unidentified_Actinobacteria|o__Corynebacteriales|f__Nocardiaceae|g__Nocardia	0.00000000	0.00000000	0.00000000	0.00000000	0.00000000	0.00000000	0.00000000	0.00000000
k__Bacteria|p__Actinobacteria|c__unidentified_Actinobacteria|o__Corynebacteriales|f__Nocardiaceae|g__Rhodococcus	0.00005377	0.00001746	0.00000000	0.00000000	0.00000000	0.00000000	0.00001766	0.00000000
k__Bacteria|p__Actinobacteria|c__unidentified_Actinobacteria|o__Corynebacteriales|f__Nocardiaceae|g__Williamsia	0.00000000	0.00000000	0.00000000	0.00000000	0.00000000	0.00000000	0.00000000	0.00000000
k__Bacteria|p__Actinobacteria|c__unidentified_Actinobacteria|o__Corynebacteriales|f__Tsukamurellaceae|g__Tsukamurella	0.00000000	0.00000000	0.00000000	0.00000000	0.00000000	0.00000000	0.00000000	0.00000000
k__Bacteria|p__Actinobacteria|c__unidentified_Actinobacteria|o__Frankiales|f__Acidothermaceae|g__Acidothermus	0.00000000	0.00000000	0.00000000	0.00000000	0.00000000	0.00000000	0.00000000	0.00000000
k__Bacteria|p__Actinobacteria|c__unidentified_Actinobacteria|o__Frankiales|f__Geodermatophilaceae|g__Blastococcus	0.00000000	0.00000000	0.00000000	0.00000000	0.00000000	0.00000000	0.00000000	0.00000000
k__Bacteria|p__Actinobacteria|c__unidentified_Actinobacteria|o__Frankiales|f__Sporichthyaceae|g__Longivirga	0.00000000	0.00000000	0.00000000	0.00000000	0.00000000	0.00001614	0.00000000	0.00000000
k__Bacteria|p__Actinobacteria|c__unidentified_Actinobacteria|o__Frankiales|f__Sporichthyaceae|g__hgcI_clade	0.00240191	0.00040153	0.00015107	0.00004675	0.00004403	0.00011301	0.00017663	0.00021002
k__Bacteria|p__Actinobacteria|c__unidentified_Actinobacteria|o__Micrococcales|f__Beutenbergiaceae|g__Miniimonas	0.00000000	0.00000000	0.00000000	0.00000000	0.00000000	0.00000000	0.00000000	0.00000000
k__Bacteria|p__Actinobacteria|c__unidentified_Actinobacteria|o__Micrococcales|f__Beutenbergiaceae|g__Salana	0.00000000	0.00000000	0.00000000	0.00000000	0.00000000	0.00000000	0.00000000	0.00000000
k__Bacteria|p__Actinobacteria|c__unidentified_Actinobacteria|o__Micrococcales|f__Bogoriellaceae|g__Georgenia	0.00000000	0.00000000	0.00000000	0.00007792	0.00013209	0.00004843	0.00003533	0.00000000
k__Bacteria|p__Actinobacteria|c__unidentified_Actinobacteria|o__Micrococcales|f__Brevibacteriaceae|g__Brevibacterium	0.00001792	0.00003492	0.00000000	0.00000000	0.00000000	0.00000000	0.00000000	0.00000000
k__Bacteria|p__Actinobacteria|c__unidentified_Actinobacteria|o__Micrococcales|f__Cellulomonadaceae|g__Actinotalea	0.00007170	0.00003492	0.00009064	0.00012467	0.00007338	0.00000000	0.00000000	0.00004200
k__Bacteria|p__Actinobacteria|c__unidentified_Actinobacteria|o__Micrococcales|f__Cellulomonadaceae|g__Cellulomonas	0.00016132	0.00008729	0.00003021	0.00000000	0.00016144	0.00000000	0.00005299	0.00000000
k__Bacteria|p__Actinobacteria|c__unidentified_Actinobacteria|o__Micrococcales|f__Demequinaceae|g__Demequina	0.00003585	0.00003492	0.00018128	0.00007792	0.00004403	0.00004843	0.00012364	0.00056705
k__Bacteria|p__Actinobacteria|c__unidentified_Actinobacteria|o__Micrococcales|f__Intrasporangiaceae|g__Oryzihumus	0.00000000	0.00000000	0.00000000	0.00000000	0.00000000	0.00000000	0.00000000	0.00000000
k__Bacteria|p__Actinobacteria|c__unidentified_Actinobacteria|o__Micrococcales|f__Jonesiaceae|g__Jonesia	0.00000000	0.00000000	0.00000000	0.00000000	0.00000000	0.00000000	0.00000000	0.00000000
k__Bacteria|p__Actinobacteria|c__unidentified_Actinobacteria|o__Micrococcales|f__Microbacteriaceae|g__Agromyces	0.00000000	0.00000000	0.00000000	0.00000000	0.00000000	0.00000000	0.00000000	0.00000000
k__Bacteria|p__Actinobacteria|c__unidentified_Actinobacteria|o__Micrococcales|f__Microbacteriaceae|g__Aurantimicrobium	0.00019717	0.00031424	0.00036256	0.00009350	0.00017612	0.00006458	0.00005299	0.00008401
k__Bacteria|p__Actinobacteria|c__unidentified_Actinobacteria|o__Micrococcales|f__Microbacteriaceae|g__Candidatus_Aquiluna	0.00017925	0.00178070	0.00202429	0.00007792	0.00001468	0.00022603	0.00014131	0.00004200
k__Bacteria|p__Actinobacteria|c__unidentified_Actinobacteria|o__Micrococcales|f__Microbacteriaceae|g__MWH_Ta3	0.00003585	0.00005237	0.00024171	0.00000000	0.00004403	0.00000000	0.00000000	0.00002100
k__Bacteria|p__Actinobacteria|c__unidentified_Actinobacteria|o__Micrococcales|f__Microbacteriaceae|g__Microbacterium	0.00008962	0.00012220	0.00021149	0.00007792	0.00004403	0.00001614	0.00010598	0.00004200
k__Bacteria|p__Actinobacteria|c__unidentified_Actinobacteria|o__Micrococcales|f__Microbacteriaceae|g__Rhodoluna	0.00005377	0.00123950	0.00145024	0.00004675	0.00001468	0.00001614	0.00000000	0.00000000
k__Bacteria|p__Actinobacteria|c__unidentified_Actinobacteria|o__Micrococcales|f__Micrococcaceae|g__Arthrobacter	0.00000000	0.00000000	0.00000000	0.00000000	0.00000000	0.00000000	0.00000000	0.00000000
k__Bacteria|p__Actinobacteria|c__unidentified_Actinobacteria|o__Micrococcales|f__Micrococcaceae|g__Enteractinococcus	0.00000000	0.00000000	0.00000000	0.00000000	0.00000000	0.00000000	0.00000000	0.00000000
k__Bacteria|p__Actinobacteria|c__unidentified_Actinobacteria|o__Micrococcales|f__Micrococcaceae|g__Glutamicibacter	0.00000000	0.00001746	0.00003021	0.00000000	0.00000000	0.00000000	0.00000000	0.00006301
k__Bacteria|p__Actinobacteria|c__unidentified_Actinobacteria|o__Micrococcales|f__Micrococcaceae|g__Micrococcus	0.00001792	0.00000000	0.00009064	0.00000000	0.00000000	0.00000000	0.00000000	0.00000000
k__Bacteria|p__Actinobacteria|c__unidentified_Actinobacteria|o__Micrococcales|f__Micrococcaceae|g__Rothia	0.00003585	0.00000000	0.00003021	0.00001558	0.00000000	0.00004843	0.00000000	0.00010501
k__Bacteria|p__Actinobacteria|c__unidentified_Actinobacteria|o__Micromonosporales|f__Micromonosporaceae|g__Dactylosporangium	0.00000000	0.00000000	0.00000000	0.00000000	0.00000000	0.00000000	0.00000000	0.00000000
k__Bacteria|p__Actinobacteria|c__unidentified_Actinobacteria|o__Micromonosporales|f__Micromonosporaceae|g__Micromonospora	0.00000000	0.00000000	0.00000000	0.00000000	0.00000000	0.00000000	0.00000000	0.00000000
k__Bacteria|p__Actinobacteria|c__unidentified_Actinobacteria|o__Micromonosporales|f__Micromonosporaceae|g__Salinispora	0.00000000	0.00000000	0.00000000	0.00000000	0.00000000	0.00000000	0.00000000	0.00000000
k__Bacteria|p__Actinobacteria|c__unidentified_Actinobacteria|o__Propionibacteriales|f__Nocardioidaceae|g__Aeromicrobium	0.00003585	0.00045390	0.00036256	0.00000000	0.00011741	0.00000000	0.00001766	0.00000000
k__Bacteria|p__Actinobacteria|c__unidentified_Actinobacteria|o__Propionibacteriales|f__Nocardioidaceae|g__Marmoricola	0.00000000	0.00000000	0.00000000	0.00000000	0.00002935	0.00000000	0.00003533	0.00004200
k__Bacteria|p__Actinobacteria|c__unidentified_Actinobacteria|o__Propionibacteriales|f__Nocardioidaceae|g__Nocardioides	0.00000000	0.00000000	0.00000000	0.00000000	0.00008806	0.00000000	0.00005299	0.00002100
k__Bacteria|p__Actinobacteria|c__unidentified_Actinobacteria|o__Propionibacteriales|f__Propionibacteriaceae|g__Aestuariimicrobium	0.00000000	0.00000000	0.00000000	0.00000000	0.00000000	0.00000000	0.00000000	0.00000000
k__Bacteria|p__Actinobacteria|c__unidentified_Actinobacteria|o__Propionibacteriales|f__Propionibacteriaceae|g__Brooklawnia	0.00000000	0.00000000	0.00003021	0.00014025	0.00004403	0.00011301	0.00000000	0.00002100
k__Bacteria|p__Actinobacteria|c__unidentified_Actinobacteria|o__Propionibacteriales|f__Propionibacteriaceae|g__Cutibacterium	0.00008962	0.00001746	0.00003021	0.00000000	0.00000000	0.00000000	0.00001766	0.00006301
k__Bacteria|p__Actinobacteria|c__unidentified_Actinobacteria|o__Propionibacteriales|f__Propionibacteriaceae|g__Propioniciclava	0.00000000	0.00001746	0.00000000	0.00009350	0.00001468	0.00003229	0.00000000	0.00000000
k__Bacteria|p__Actinobacteria|c__unidentified_Actinobacteria|o__Propionibacteriales|f__Propionibacteriaceae|g__Propionicimonas	0.00000000	0.00005237	0.00003021	0.00006234	0.00013209	0.00009687	0.00007065	0.00000000
k__Bacteria|p__Actinobacteria|c__unidentified_Actinobacteria|o__Propionibacteriales|f__Propionibacteriaceae|g__Pseudopropionibacterium	0.00000000	0.00000000	0.00000000	0.00000000	0.00000000	0.00000000	0.00000000	0.00000000
k__Bacteria|p__Actinobacteria|c__unidentified_Actinobacteria|o__Propionibacteriales|f__Propionibacteriaceae|g__Tessaracoccus	0.00000000	0.00000000	0.00000000	0.00006234	0.00000000	0.00003229	0.00000000	0.00002100
k__Bacteria|p__Actinobacteria|c__unidentified_Actinobacteria|o__Pseudonocardiales|f__Pseudonocardiaceae|g__Pseudonocardia	0.00000000	0.00000000	0.00006043	0.00000000	0.00000000	0.00000000	0.00001766	0.00000000
k__Bacteria|p__Actinobacteria|c__unidentified_Actinobacteria|o__Pseudonocardiales|f__Pseudonocardiaceae|g__Saccharopolyspora	0.00000000	0.00000000	0.00000000	0.00001558	0.00000000	0.00000000	0.00000000	0.00000000
k__Bacteria|p__Actinobacteria|c__unidentified_Actinobacteria|o__Streptomycetales|f__Streptomycetaceae|g__Streptomyces	0.00000000	0.00000000	0.00000000	0.00000000	0.00000000	0.00000000	0.00000000	0.00000000
k__Bacteria|p__Actinobacteria|c__unidentified_Actinobacteria|o__Streptosporangiales|f__Nocardiopsaceae|g__Thermobifida	0.00000000	0.00000000	0.00000000	0.00000000	0.00000000	0.00000000	0.00000000	0.00000000
k__Bacteria|p__Actinobacteria|c__unidentified_Actinobacteria|o__Streptosporangiales|f__Streptosporangiaceae|g__Streptosporangium	0.00000000	0.00000000	0.00000000	0.00000000	0.00000000	0.00000000	0.00000000	0.00000000
k__Bacteria|p__Actinobacteria|c__unidentified_Actinobacteria|o__Streptosporangiales|f__Thermomonosporaceae|g__Actinomadura	0.00000000	0.00000000	0.00000000	0.00000000	0.00000000	0.00000000	0.00000000	0.00000000
k__Bacteria|p__Actinobacteriota|c__Acidimicrobiia|o__Microtrichales|f__Iamiaceae|g__Iamia	0.00007170	0.00003492	0.00003021	0.00001558	0.00000000	0.00009687	0.00001766	0.00000000
k__Bacteria|p__Actinobacteriota|c__Acidimicrobiia|o__Microtrichales|f__Ilumatobacteraceae|g__CL500_29_marine_group	0.00073491	0.00052373	0.00027192	0.00009350	0.00000000	0.00012916	0.00001766	0.00012601
k__Bacteria|p__Actinobacteriota|c__Acidimicrobiia|o__Microtrichales|f__Ilumatobacteraceae|g__Ilumatobacter	0.00000000	0.00000000	0.00000000	0.00000000	0.00001468	0.00003229	0.00000000	0.00000000
k__Bacteria|p__Actinobacteriota|c__Acidimicrobiia|o__Microtrichales|f__Microtrichaceae|g__IMCC26207	0.00003585	0.00005237	0.00000000	0.00000000	0.00001468	0.00000000	0.00000000	0.00000000
k__Bacteria|p__Actinobacteriota|c__Coriobacteriia|o__Coriobacteriales|f__Atopobiaceae|g__Atopobium	0.00007170	0.00003492	0.00000000	0.00001558	0.00000000	0.00006458	0.00001766	0.00000000
k__Bacteria|p__Actinobacteriota|c__Coriobacteriia|o__Coriobacteriales|f__Atopobiaceae|g__Coriobacteriaceae_UCG_002	0.00000000	0.00000000	0.00000000	0.00000000	0.00000000	0.00000000	0.00012364	0.00000000
k__Bacteria|p__Actinobacteriota|c__Coriobacteriia|o__Coriobacteriales|f__Atopobiaceae|g__Coriobacteriaceae_UCG_003	0.00000000	0.00000000	0.00006043	0.00001558	0.00000000	0.00001614	0.00001766	0.00000000
k__Bacteria|p__Actinobacteriota|c__Coriobacteriia|o__Coriobacteriales|f__Atopobiaceae|g__Libanicoccus	0.00001792	0.00000000	0.00000000	0.00009350	0.00005871	0.00004843	0.00000000	0.00000000
k__Bacteria|p__Actinobacteriota|c__Coriobacteriia|o__Coriobacteriales|f__Atopobiaceae|g__Olsenella	0.00019717	0.00006983	0.00021149	0.00015584	0.00001468	0.00008072	0.00003533	0.00000000
k__Bacteria|p__Actinobacteriota|c__Coriobacteriia|o__Coriobacteriales|f__Coriobacteriaceae|g__Collinsella	0.00044812	0.00003492	0.00000000	0.00032726	0.00007338	0.00025832	0.00031794	0.00050404
k__Bacteria|p__Actinobacteriota|c__Coriobacteriia|o__Coriobacteriales|f__Eggerthellaceae|g__Cryptobacterium	0.00000000	0.00000000	0.00000000	0.00000000	0.00000000	0.00000000	0.00000000	0.00000000
k__Bacteria|p__Actinobacteriota|c__Coriobacteriia|o__Coriobacteriales|f__Eggerthellaceae|g__DNF00809	0.00001792	0.00000000	0.00018128	0.00000000	0.00000000	0.00000000	0.00000000	0.00000000
k__Bacteria|p__Actinobacteriota|c__Coriobacteriia|o__Coriobacteriales|f__Eggerthellaceae|g__Enterorhabdus	0.00000000	0.00000000	0.00003021	0.00001558	0.00001468	0.00008072	0.00120110	0.00014701
k__Bacteria|p__Actinobacteriota|c__Coriobacteriia|o__Coriobacteriales|f__Eggerthellaceae|g__Gordonibacter	0.00000000	0.00000000	0.00000000	0.00000000	0.00000000	0.00000000	0.00010598	0.00000000
k__Bacteria|p__Actinobacteriota|c__Coriobacteriia|o__Coriobacteriales|f__Eggerthellaceae|g__Paraeggerthella	0.00000000	0.00000000	0.00000000	0.00000000	0.00004403	0.00000000	0.00000000	0.00000000
k__Bacteria|p__Actinobacteriota|c__Coriobacteriia|o__Coriobacteriales|f__Eggerthellaceae|g__Parvibacter	0.00000000	0.00000000	0.00000000	0.00000000	0.00002935	0.00000000	0.00012364	0.00000000
k__Bacteria|p__Actinobacteriota|c__Coriobacteriia|o__Coriobacteriales|f__Eggerthellaceae|g__Senegalimassilia	0.00010755	0.00003492	0.00006043	0.00004675	0.00001468	0.00008072	0.00003533	0.00000000
k__Bacteria|p__Actinobacteriota|c__Coriobacteriia|o__Coriobacteriales|f__Eggerthellaceae|g__Slackia	0.00000000	0.00000000	0.00000000	0.00000000	0.00000000	0.00000000	0.00000000	0.00000000
k__Bacteria|p__Actinobacteriota|c__Rubrobacteria|o__Rubrobacterales|f__Rubrobacteriaceae|g__Rubrobacter	0.00000000	0.00000000	0.00000000	0.00000000	0.00000000	0.00000000	0.00000000	0.00000000
k__Bacteria|p__Actinobacteriota|c__Thermoleophilia|o__Gaiellales|f__Gaiellaceae|g__Gaiella	0.00010755	0.00000000	0.00003021	0.00000000	0.00000000	0.00043591	0.00000000	0.00000000
k__Bacteria|p__Actinobacteriota|c__Thermoleophilia|o__Solirubrobacterales|f__Solirubrobacteraceae|g__Conexibacter	0.00000000	0.00000000	0.00000000	0.00000000	0.00000000	0.00001614	0.00000000	0.00000000
k__Bacteria|p__Bacteroidota|c__Bacteroidia|o__Bacteroidales|f__Bacteroidaceae|g__Bacteroides	0.01647278	0.00106493	0.00586138	0.00553227	0.00110072	0.00280922	0.00492802	0.00468340
k__Bacteria|p__Bacteroidota|c__Bacteroidia|o__Bacteroidales|f__Bacteroidetes_BD2_2|g__unidentified_Bacteroidetes_BD2_2	0.00000000	0.00000000	0.00000000	0.00006234	0.00002935	0.00000000	0.00000000	0.00000000
k__Bacteria|p__Bacteroidota|c__Bacteroidia|o__Bacteroidales|f__Barnesiellaceae|g__Barnesiella	0.00001792	0.00000000	0.00003021	0.00001558	0.00004403	0.00001614	0.00000000	0.00002100
k__Bacteria|p__Bacteroidota|c__Bacteroidia|o__Bacteroidales|f__Dysgonomonadaceae|g__Dysgonomonas	0.00021510	0.00000000	0.00601245	0.00017142	0.00001468	0.00004843	0.00008832	0.00018902
k__Bacteria|p__Bacteroidota|c__Bacteroidia|o__Bacteroidales|f__Dysgonomonadaceae|g__Fermentimonas	0.00000000	0.00000000	0.00000000	0.00000000	0.00000000	0.00000000	0.00000000	0.00000000
k__Bacteria|p__Bacteroidota|c__Bacteroidia|o__Bacteroidales|f__Dysgonomonadaceae|g__Petrimonas	0.00005377	0.00005237	0.00006043	0.00001558	0.00000000	0.00000000	0.00001766	0.00000000
k__Bacteria|p__Bacteroidota|c__Bacteroidia|o__Bacteroidales|f__Dysgonomonadaceae|g__Proteiniphilum	0.00001792	0.00001746	0.00003021	0.00003117	0.00001468	0.00000000	0.00000000	0.00000000
k__Bacteria|p__Bacteroidota|c__Bacteroidia|o__Bacteroidales|f__F082|g__unidentified_F082	0.00000000	0.00000000	0.00027192	0.00000000	0.00000000	0.00000000	0.00000000	0.00000000
k__Bacteria|p__Bacteroidota|c__Bacteroidia|o__Bacteroidales|f__Marinifilaceae|g__Butyricimonas	0.00000000	0.00003492	0.00000000	0.00000000	0.00000000	0.00000000	0.00000000	0.00014701
k__Bacteria|p__Bacteroidota|c__Bacteroidia|o__Bacteroidales|f__Marinifilaceae|g__Odoribacter	0.00000000	0.00000000	0.00003021	0.00000000	0.00002935	0.00001614	0.00081251	0.00000000
k__Bacteria|p__Bacteroidota|c__Bacteroidia|o__Bacteroidales|f__Marinilabiliaceae|g__Mangroviflexus	0.00014340	0.00000000	0.00003021	0.00000000	0.00000000	0.00000000	0.00000000	0.00000000
k__Bacteria|p__Bacteroidota|c__Bacteroidia|o__Bacteroidales|f__Marinilabiliaceae|g__Ruminofilibacter	0.00000000	0.00000000	0.00000000	0.00000000	0.00000000	0.00001614	0.00003533	0.00000000
k__Bacteria|p__Bacteroidota|c__Bacteroidia|o__Bacteroidales|f__Marinilabiliaceae|g___Cytophaga__xylanolytica_group	0.00008962	0.00003492	0.00000000	0.00014025	0.00007338	0.00003229	0.00003533	0.00004200
k__Bacteria|p__Bacteroidota|c__Bacteroidia|o__Bacteroidales|f__Muribaculaceae|g__Muribaculum	0.00000000	0.00000000	0.00000000	0.00000000	0.00000000	0.00000000	0.00003533	0.00000000
k__Bacteria|p__Bacteroidota|c__Bacteroidia|o__Bacteroidales|f__Paludibacteraceae|g__F0058	0.00000000	0.00000000	0.00000000	0.00000000	0.00000000	0.00000000	0.00000000	0.00000000
k__Bacteria|p__Bacteroidota|c__Bacteroidia|o__Bacteroidales|f__Paludibacteraceae|g__Microbacter	0.00003585	0.00000000	0.00000000	0.00000000	0.00000000	0.00003229	0.00000000	0.00000000
k__Bacteria|p__Bacteroidota|c__Bacteroidia|o__Bacteroidales|f__Paludibacteraceae|g__Paludibacter	0.01602466	0.00237426	0.00111789	0.00733999	0.00237756	0.00707147	0.00388590	0.00300326
k__Bacteria|p__Bacteroidota|c__Bacteroidia|o__Bacteroidales|f__Porphyromonadaceae|g__Falsiporphyromonas	0.00000000	0.00000000	0.00000000	0.00000000	0.00000000	0.00000000	0.00000000	0.00000000
k__Bacteria|p__Bacteroidota|c__Bacteroidia|o__Bacteroidales|f__Porphyromonadaceae|g__Porphyromonas	0.00000000	0.00001746	0.00000000	0.00000000	0.00000000	0.00000000	0.00000000	0.00000000
k__Bacteria|p__Bacteroidota|c__Bacteroidia|o__Bacteroidales|f__Prevotellaceae|g__Alloprevotella	0.00041227	0.00031424	0.00018128	0.00029609	0.00010273	0.00111400	0.00037093	0.00006301
k__Bacteria|p__Bacteroidota|c__Bacteroidia|o__Bacteroidales|f__Prevotellaceae|g__Paraprevotella	0.00000000	0.00000000	0.00003021	0.00000000	0.00000000	0.00000000	0.00000000	0.00006301
k__Bacteria|p__Bacteroidota|c__Bacteroidia|o__Bacteroidales|f__Prevotellaceae|g__Prevotella	0.00084246	0.00017458	0.02015228	0.00112204	0.00111540	0.00306753	0.00028261	0.00016801
k__Bacteria|p__Bacteroidota|c__Bacteroidia|o__Bacteroidales|f__Prevotellaceae|g__Prevotella_7	0.00154152	0.00015712	0.00039277	0.00123112	0.00064576	0.00175980	0.00019429	0.00012601
k__Bacteria|p__Bacteroidota|c__Bacteroidia|o__Bacteroidales|f__Prevotellaceae|g__Prevotella_9	0.02530965	0.01019535	0.00649586	0.03847652	0.01488178	0.13263049	0.00249051	0.00333928
k__Bacteria|p__Bacteroidota|c__Bacteroidia|o__Bacteroidales|f__Prevotellaceae|g__Prevotellaceae_Ga6A1_group	0.00000000	0.00001746	0.00000000	0.00000000	0.00000000	0.00000000	0.00000000	0.00000000
k__Bacteria|p__Bacteroidota|c__Bacteroidia|o__Bacteroidales|f__Prevotellaceae|g__Prevotellaceae_NK3B31_group	0.00000000	0.00000000	0.00966826	0.00000000	0.00002935	0.00000000	0.00001766	0.00000000
k__Bacteria|p__Bacteroidota|c__Bacteroidia|o__Bacteroidales|f__Prevotellaceae|g__Prevotellaceae_UCG_001	0.00000000	0.00000000	0.00262856	0.00000000	0.00000000	0.00000000	0.00007065	0.00002100
k__Bacteria|p__Bacteroidota|c__Bacteroidia|o__Bacteroidales|f__Prevotellaceae|g__Prevotellaceae_UCG_003	0.00000000	0.00000000	0.00051363	0.00000000	0.00000000	0.00000000	0.00000000	0.00000000
k__Bacteria|p__Bacteroidota|c__Bacteroidia|o__Bacteroidales|f__Prevotellaceae|g__Prevotellaceae_UCG_004	0.00000000	0.00000000	0.00054384	0.00001558	0.00000000	0.00001614	0.00000000	0.00000000
k__Bacteria|p__Bacteroidota|c__Bacteroidia|o__Bacteroidales|f__Prevotellaceae|g__unidentified_Prevotellaceae	0.00000000	0.00000000	0.00000000	0.00000000	0.00000000	0.00000000	0.00000000	0.00000000
k__Bacteria|p__Bacteroidota|c__Bacteroidia|o__Bacteroidales|f__Prolixibacteraceae|g__BSV13	0.00055567	0.00024441	0.00018128	0.00084153	0.00374246	0.00071038	0.00042392	0.00014701
k__Bacteria|p__Bacteroidota|c__Bacteroidia|o__Bacteroidales|f__Prolixibacteraceae|g__Draconibacterium	0.00000000	0.00003492	0.00000000	0.00000000	0.00011741	0.00000000	0.00001766	0.00002100
k__Bacteria|p__Bacteroidota|c__Bacteroidia|o__Bacteroidales|f__Prolixibacteraceae|g__Meniscus	0.00000000	0.00000000	0.00000000	0.00001558	0.00001468	0.00000000	0.00000000	0.00000000
k__Bacteria|p__Bacteroidota|c__Bacteroidia|o__Bacteroidales|f__Prolixibacteraceae|g__Roseimarinus	0.00016132	0.00000000	0.00163152	0.00038960	0.00017612	0.00014530	0.00017663	0.00031503
k__Bacteria|p__Bacteroidota|c__Bacteroidia|o__Bacteroidales|f__Prolixibacteraceae|g__WCHB1_32	0.00258115	0.00001746	0.00003021	0.00038960	0.00029353	0.00004843	0.00010598	0.00008401
k__Bacteria|p__Bacteroidota|c__Bacteroidia|o__Bacteroidales|f__Rikenellaceae|g__Alistipes	0.00003585	0.00003492	0.00000000	0.00003117	0.00005871	0.00001614	0.00068886	0.00117610
k__Bacteria|p__Bacteroidota|c__Bacteroidia|o__Bacteroidales|f__Rikenellaceae|g__Anaerocella	0.00035849	0.00015712	0.00012085	0.00006234	0.00019079	0.00017759	0.00003533	0.00000000
k__Bacteria|p__Bacteroidota|c__Bacteroidia|o__Bacteroidales|f__Rikenellaceae|g__Bact_08	0.00200756	0.00164103	0.00045320	0.00252458	0.00435887	0.00140461	0.00180164	0.00088207
k__Bacteria|p__Bacteroidota|c__Bacteroidia|o__Bacteroidales|f__Rikenellaceae|g__DMER64	0.00021510	0.00012220	0.00006043	0.00032726	0.00026417	0.00004843	0.00003533	0.00000000
k__Bacteria|p__Bacteroidota|c__Bacteroidia|o__Bacteroidales|f__Rikenellaceae|g__Rikenella	0.00000000	0.00000000	0.00000000	0.00000000	0.00000000	0.00000000	0.00000000	0.00000000
k__Bacteria|p__Bacteroidota|c__Bacteroidia|o__Bacteroidales|f__Rikenellaceae|g__Rikenellaceae_RC9_gut_group	0.00025095	0.00001746	0.01782585	0.00015584	0.00051367	0.00020988	0.00019429	0.00008401
k__Bacteria|p__Bacteroidota|c__Bacteroidia|o__Bacteroidales|f__Rikenellaceae|g__U29_B03	0.00005377	0.00000000	0.00009064	0.00000000	0.00001468	0.00001614	0.00000000	0.00000000
k__Bacteria|p__Bacteroidota|c__Bacteroidia|o__Bacteroidales|f__Rikenellaceae|g__dgA_11_gut_group	0.00014340	0.00003492	0.00003021	0.00021817	0.00024950	0.00022603	0.00003533	0.00004200
k__Bacteria|p__Bacteroidota|c__Bacteroidia|o__Bacteroidales|f__Rs_E47_termite_group|g__GWE2_42_42	0.00000000	0.00000000	0.00000000	0.00000000	0.00013209	0.00008072	0.00012364	0.00002100
k__Bacteria|p__Bacteroidota|c__Bacteroidia|o__Bacteroidales|f__Tannerellaceae|g__Macellibacteroides	0.03608238	0.00694820	0.00338389	0.01393196	0.00400663	0.00865368	0.00150137	0.00048304
k__Bacteria|p__Bacteroidota|c__Bacteroidia|o__Bacteroidales|f__Tannerellaceae|g__Parabacteroides	0.00035849	0.00005237	0.00003021	0.00017142	0.00026417	0.00030675	0.00021196	0.00157513
k__Bacteria|p__Bacteroidota|c__Bacteroidia|o__Bacteroidales|f__Tannerellaceae|g__Tannerella	0.00000000	0.00000000	0.00000000	0.00000000	0.00000000	0.00000000	0.00000000	0.00000000
k__Bacteria|p__Bacteroidota|c__Bacteroidia|o__Bacteroidales|f__Williamwhitmaniaceae|g__Acetobacteroides	0.00001792	0.00000000	0.00003021	0.00001558	0.00001468	0.00008072	0.00000000	0.00004200
k__Bacteria|p__Bacteroidota|c__Bacteroidia|o__Bacteroidales|f__Williamwhitmaniaceae|g__Blvii28_wastewater_sludge_group	0.00017925	0.00000000	0.00000000	0.00034284	0.00004403	0.00009687	0.00007065	0.00000000
k__Bacteria|p__Bacteroidota|c__Bacteroidia|o__Bacteroidales|f__Williamwhitmaniaceae|g__Williamwhitmania	0.00000000	0.00003492	0.00000000	0.00010909	0.00000000	0.00004843	0.00000000	0.00000000
k__Bacteria|p__Bacteroidota|c__Bacteroidia|o__Bacteroidales|f__unidentified_Bacteroidales|g__Phocaeicola	0.00000000	0.00000000	0.00000000	0.00000000	0.00000000	0.00000000	0.00000000	0.00000000
k__Bacteria|p__Bacteroidota|c__Bacteroidia|o__Chitinophagales|f__37_13|g__unidentified_37_13	0.00000000	0.00000000	0.00000000	0.00000000	0.00000000	0.00000000	0.00000000	0.00000000
k__Bacteria|p__Bacteroidota|c__Bacteroidia|o__Chitinophagales|f__Chitinophagaceae|g__Aurantisolimonas	0.00010755	0.00001746	0.00006043	0.00000000	0.00000000	0.00006458	0.00010598	0.00014701
k__Bacteria|p__Bacteroidota|c__Bacteroidia|o__Chitinophagales|f__Chitinophagaceae|g__Chitinophaga	0.00000000	0.00000000	0.00003021	0.00000000	0.00000000	0.00000000	0.00000000	0.00000000
k__Bacteria|p__Bacteroidota|c__Bacteroidia|o__Chitinophagales|f__Chitinophagaceae|g__Cnuella	0.00000000	0.00000000	0.00000000	0.00000000	0.00000000	0.00000000	0.00000000	0.00000000
k__Bacteria|p__Bacteroidota|c__Bacteroidia|o__Chitinophagales|f__Chitinophagaceae|g__Dinghuibacter	0.00003585	0.00001746	0.00000000	0.00000000	0.00002935	0.00004843	0.00000000	0.00000000
k__Bacteria|p__Bacteroidota|c__Bacteroidia|o__Chitinophagales|f__Chitinophagaceae|g__Edaphobaculum	0.00000000	0.00000000	0.00000000	0.00000000	0.00000000	0.00000000	0.00000000	0.00000000
k__Bacteria|p__Bacteroidota|c__Bacteroidia|o__Chitinophagales|f__Chitinophagaceae|g__Ferruginibacter	0.00000000	0.00000000	0.00000000	0.00000000	0.00000000	0.00000000	0.00000000	0.00000000
k__Bacteria|p__Bacteroidota|c__Bacteroidia|o__Chitinophagales|f__Chitinophagaceae|g__Flavihumibacter	0.00000000	0.00000000	0.00006043	0.00000000	0.00000000	0.00000000	0.00008832	0.00012601
k__Bacteria|p__Bacteroidota|c__Bacteroidia|o__Chitinophagales|f__Chitinophagaceae|g__Hydrotalea	0.00000000	0.00000000	0.00000000	0.00000000	0.00000000	0.00000000	0.00000000	0.00000000
k__Bacteria|p__Bacteroidota|c__Bacteroidia|o__Chitinophagales|f__Chitinophagaceae|g__Lacibacter	0.00012547	0.00001746	0.00009064	0.00009350	0.00000000	0.00008072	0.00000000	0.00000000
k__Bacteria|p__Bacteroidota|c__Bacteroidia|o__Chitinophagales|f__Chitinophagaceae|g__Parasegetibacter	0.00000000	0.00000000	0.00003021	0.00000000	0.00000000	0.00000000	0.00001766	0.00000000
k__Bacteria|p__Bacteroidota|c__Bacteroidia|o__Chitinophagales|f__Chitinophagaceae|g__Sediminibacterium	0.00001792	0.00006983	0.00015107	0.00000000	0.00001468	0.00008072	0.00000000	0.00000000
k__Bacteria|p__Bacteroidota|c__Bacteroidia|o__Chitinophagales|f__Chitinophagaceae|g__Taibaiella	0.00001792	0.00000000	0.00000000	0.00000000	0.00000000	0.00000000	0.00000000	0.00000000
k__Bacteria|p__Bacteroidota|c__Bacteroidia|o__Chitinophagales|f__Chitinophagaceae|g__Terrimonas	0.00003585	0.00000000	0.00009064	0.00000000	0.00001468	0.00000000	0.00001766	0.00000000
k__Bacteria|p__Bacteroidota|c__Bacteroidia|o__Chitinophagales|f__Chitinophagaceae|g__UTBCD1	0.00000000	0.00000000	0.00000000	0.00000000	0.00000000	0.00000000	0.00000000	0.00000000
k__Bacteria|p__Bacteroidota|c__Bacteroidia|o__Chitinophagales|f__Chitinophagaceae|g__Vibrionimonas	0.00000000	0.00000000	0.00111789	0.00000000	0.00000000	0.00000000	0.00000000	0.00000000
k__Bacteria|p__Bacteroidota|c__Bacteroidia|o__Chitinophagales|f__Saprospiraceae|g__Candidatus_Aquirestis	0.00001792	0.00000000	0.00000000	0.00000000	0.00001468	0.00000000	0.00000000	0.00002100
k__Bacteria|p__Bacteroidota|c__Bacteroidia|o__Chitinophagales|f__Saprospiraceae|g__Haliscomenobacter	0.00000000	0.00000000	0.00000000	0.00000000	0.00000000	0.00000000	0.00000000	0.00000000
k__Bacteria|p__Bacteroidota|c__Bacteroidia|o__Chitinophagales|f__Saprospiraceae|g__Phaeodactylibacter	0.00003585	0.00000000	0.00003021	0.00000000	0.00000000	0.00000000	0.00000000	0.00000000
k__Bacteria|p__Bacteroidota|c__Bacteroidia|o__Cytophagales|f__Cyclobacteriaceae|g__Algoriphagus	0.00001792	0.00001746	0.00006043	0.00000000	0.00000000	0.00000000	0.00000000	0.00002100
k__Bacteria|p__Bacteroidota|c__Bacteroidia|o__Cytophagales|f__Hymenobacteraceae|g__Adhaeribacter	0.00000000	0.00000000	0.00000000	0.00000000	0.00000000	0.00000000	0.00000000	0.00000000
k__Bacteria|p__Bacteroidota|c__Bacteroidia|o__Cytophagales|f__Hymenobacteraceae|g__Pontibacter	0.00000000	0.00000000	0.00000000	0.00000000	0.00000000	0.00000000	0.00000000	0.00000000
k__Bacteria|p__Bacteroidota|c__Bacteroidia|o__Cytophagales|f__Microscillaceae|g__Chryseolinea	0.00001792	0.00000000	0.00000000	0.00000000	0.00000000	0.00000000	0.00000000	0.00000000
k__Bacteria|p__Bacteroidota|c__Bacteroidia|o__Cytophagales|f__Microscillaceae|g__OLB12	0.00014340	0.00001746	0.00000000	0.00001558	0.00000000	0.00045206	0.00000000	0.00000000
k__Bacteria|p__Bacteroidota|c__Bacteroidia|o__Cytophagales|f__Microscillaceae|g__Ohtaekwangia	0.00003585	0.00000000	0.00000000	0.00000000	0.00000000	0.00000000	0.00000000	0.00000000
k__Bacteria|p__Bacteroidota|c__Bacteroidia|o__Cytophagales|f__Spirosomaceae|g__Dyadobacter	0.00000000	0.00001746	0.00006043	0.00000000	0.00001468	0.00001614	0.00003533	0.00000000
k__Bacteria|p__Bacteroidota|c__Bacteroidia|o__Cytophagales|f__Spirosomaceae|g__Flectobacillus	0.00000000	0.00000000	0.00000000	0.00000000	0.00000000	0.00000000	0.00000000	0.00008401
k__Bacteria|p__Bacteroidota|c__Bacteroidia|o__Cytophagales|f__Spirosomaceae|g__Lacihabitans	0.00000000	0.00000000	0.00003021	0.00000000	0.00000000	0.00000000	0.00000000	0.00000000
k__Bacteria|p__Bacteroidota|c__Bacteroidia|o__Cytophagales|f__Spirosomaceae|g__Leadbetterella	0.00000000	0.00000000	0.00000000	0.00000000	0.00000000	0.00000000	0.00003533	0.00000000
k__Bacteria|p__Bacteroidota|c__Bacteroidia|o__Cytophagales|f__Spirosomaceae|g__Persicitalea	0.00000000	0.00000000	0.00000000	0.00000000	0.00000000	0.00000000	0.00000000	0.00000000
k__Bacteria|p__Bacteroidota|c__Bacteroidia|o__Cytophagales|f__Spirosomaceae|g__Runella	0.00000000	0.00000000	0.00009064	0.00000000	0.00000000	0.00000000	0.00000000	0.00000000
k__Bacteria|p__Bacteroidota|c__Bacteroidia|o__Cytophagales|f__Spirosomaceae|g__Taeseokella	0.00000000	0.00000000	0.00000000	0.00000000	0.00000000	0.00000000	0.00000000	0.00000000
k__Bacteria|p__Bacteroidota|c__Bacteroidia|o__Flavobacteriales|f__Crocinitomicaceae|g__Fluviicola	0.00007170	0.00019204	0.00015107	0.00003117	0.00000000	0.00008072	0.00003533	0.00016801
k__Bacteria|p__Bacteroidota|c__Bacteroidia|o__Flavobacteriales|f__Crocinitomicaceae|g__Wandonia	0.00000000	0.00000000	0.00000000	0.00000000	0.00000000	0.00000000	0.00000000	0.00000000
k__Bacteria|p__Bacteroidota|c__Bacteroidia|o__Flavobacteriales|f__Flavobacteriaceae|g__Arenibacter	0.00000000	0.00000000	0.00000000	0.00000000	0.00000000	0.00000000	0.00000000	0.00000000
k__Bacteria|p__Bacteroidota|c__Bacteroidia|o__Flavobacteriales|f__Flavobacteriaceae|g__Capnocytophaga	0.00000000	0.00000000	0.00000000	0.00000000	0.00000000	0.00000000	0.00000000	0.00000000
k__Bacteria|p__Bacteroidota|c__Bacteroidia|o__Flavobacteriales|f__Flavobacteriaceae|g__Flavobacterium	0.00016132	0.00183307	0.00380688	0.00074802	0.00127684	0.00050049	0.00139539	0.00865274
k__Bacteria|p__Bacteroidota|c__Bacteroidia|o__Flavobacteriales|f__Flavobacteriaceae|g__Myroides	0.00000000	0.00000000	0.00000000	0.00000000	0.00000000	0.00000000	0.00005299	0.00002100
k__Bacteria|p__Bacteroidota|c__Bacteroidia|o__Flavobacteriales|f__Flavobacteriaceae|g__Vitellibacter	0.00000000	0.00000000	0.00000000	0.00000000	0.00000000	0.00000000	0.00000000	0.00000000
k__Bacteria|p__Bacteroidota|c__Bacteroidia|o__Flavobacteriales|f__Weeksellaceae|g__Bergeyella	0.00000000	0.00003492	0.00000000	0.00000000	0.00000000	0.00000000	0.00000000	0.00000000
k__Bacteria|p__Bacteroidota|c__Bacteroidia|o__Flavobacteriales|f__Weeksellaceae|g__Chryseobacterium	0.00007170	0.00006983	0.00114811	0.00006234	0.00005871	0.00008072	0.00031794	0.00197417
k__Bacteria|p__Bacteroidota|c__Bacteroidia|o__Flavobacteriales|f__Weeksellaceae|g__Cloacibacterium	0.00093208	0.01590405	0.16031180	0.02622762	0.00868838	0.01670999	0.04103153	0.15902552
k__Bacteria|p__Bacteroidota|c__Bacteroidia|o__Flavobacteriales|f__Weeksellaceae|g__Empedobacter	0.00000000	0.00000000	0.00027192	0.00054543	0.00005871	0.00011301	0.00015897	0.00048304
k__Bacteria|p__Bacteroidota|c__Bacteroidia|o__Flavobacteriales|f__Weeksellaceae|g__Moheibacter	0.00000000	0.00000000	0.00000000	0.00004675	0.00000000	0.00000000	0.00000000	0.00000000
k__Bacteria|p__Bacteroidota|c__Bacteroidia|o__Flavobacteriales|f__Weeksellaceae|g__Soonwooa	0.00000000	0.00000000	0.00000000	0.00000000	0.00000000	0.00000000	0.00007065	0.00002100
k__Bacteria|p__Bacteroidota|c__Bacteroidia|o__Flavobacteriales|f__Weeksellaceae|g__Weeksella	0.00000000	0.00000000	0.00000000	0.00003117	0.00000000	0.00000000	0.00001766	0.00000000
k__Bacteria|p__Bacteroidota|c__Bacteroidia|o__Sphingobacteriales|f__Lentimicrobiaceae|g__Lentimicrobium	0.01256520	0.00055865	0.00015107	0.00210382	0.00286188	0.00111400	0.00098914	0.00018902
k__Bacteria|p__Bacteroidota|c__Bacteroidia|o__Sphingobacteriales|f__Sphingobacteriaceae|g__Arcticibacter	0.00000000	0.00000000	0.00000000	0.00000000	0.00000000	0.00000000	0.00000000	0.00002100
k__Bacteria|p__Bacteroidota|c__Bacteroidia|o__Sphingobacteriales|f__Sphingobacteriaceae|g__Mucilaginibacter	0.00000000	0.00000000	0.00000000	0.00000000	0.00000000	0.00000000	0.00000000	0.00000000
k__Bacteria|p__Bacteroidota|c__Bacteroidia|o__Sphingobacteriales|f__Sphingobacteriaceae|g__Nubsella	0.00000000	0.00000000	0.00000000	0.00000000	0.00000000	0.00000000	0.00001766	0.00008401
k__Bacteria|p__Bacteroidota|c__Bacteroidia|o__Sphingobacteriales|f__Sphingobacteriaceae|g__Pedobacter	0.00000000	0.00001746	0.00003021	0.00000000	0.00000000	0.00000000	0.00003533	0.00000000
k__Bacteria|p__Bacteroidota|c__Bacteroidia|o__Sphingobacteriales|f__Sphingobacteriaceae|g__Solitalea	0.00000000	0.00003492	0.00000000	0.00001558	0.00000000	0.00000000	0.00005299	0.00002100
k__Bacteria|p__Bacteroidota|c__Bacteroidia|o__Sphingobacteriales|f__Sphingobacteriaceae|g__Sphingobacterium	0.00025095	0.00008729	0.00178259	0.00034284	0.00005871	0.00003229	0.00038859	0.00063005
k__Bacteria|p__Bacteroidota|c__Chlorobia|o__Chlorobiales|f__Chlorobiaceae|g__Chlorobaculum	0.00080661	0.00000000	0.00000000	0.00001558	0.00004403	0.00000000	0.00000000	0.00000000
k__Bacteria|p__Bacteroidota|c__Chlorobia|o__Chlorobiales|f__Chlorobiaceae|g__Chlorobium	0.00996612	0.00073323	0.00024171	0.00003117	0.00010273	0.00000000	0.00001766	0.00000000
k__Bacteria|p__Bacteroidota|c__Ignavibacteria|o__Ignavibacteriales|f__Ignavibacteriaceae|g__Ignavibacterium	0.00014340	0.00010475	0.00003021	0.00034284	0.00000000	0.00054893	0.00000000	0.00000000
k__Bacteria|p__Bacteroidota|c__Ignavibacteria|o__Ignavibacteriales|f__Melioribacteraceae|g__IheB3_7	0.00000000	0.00000000	0.00000000	0.00000000	0.00000000	0.00000000	0.00000000	0.00000000
k__Bacteria|p__Bacteroidota|c__Rhodothermia|o__Balneolales|f__Balneolaceae|g__Balneola	0.00000000	0.00000000	0.00000000	0.00000000	0.00000000	0.00000000	0.00000000	0.00000000
k__Bacteria|p__Bdellovibrionota|c__Bdellovibrionia|o__Bacteriovoracales|f__Bacteriovoracaceae|g__Bacteriovorax	0.00000000	0.00000000	0.00003021	0.00001558	0.00000000	0.00000000	0.00010598	0.00023102
k__Bacteria|p__Bdellovibrionota|c__Bdellovibrionia|o__Bacteriovoracales|f__Bacteriovoracaceae|g__Peredibacter	0.00000000	0.00005237	0.00000000	0.00000000	0.00000000	0.00001614	0.00000000	0.00000000
k__Bacteria|p__Bdellovibrionota|c__Bdellovibrionia|o__Bdellovibrionales|f__Bdellovibrionaceae|g__Bdellovibrio	0.00003585	0.00000000	0.00012085	0.00003117	0.00004403	0.00004843	0.00001766	0.00010501
k__Bacteria|p__Bdellovibrionota|c__Oligoflexia|o__0319_6G20|f__unidentified_0319_6G20|g__unidentified_0319_6G20	0.00000000	0.00000000	0.00000000	0.00000000	0.00000000	0.00000000	0.00000000	0.00000000
k__Bacteria|p__Bdellovibrionota|c__Oligoflexia|o__Oligoflexales|f__Oligoflexaceae|g__Oligoflexus	0.00000000	0.00000000	0.00000000	0.00000000	0.00000000	0.00000000	0.00000000	0.00000000
k__Bacteria|p__Berkelbacteria|c__unidentified_Berkelbacteria|o__unidentified_Berkelbacteria|f__unidentified_Berkelbacteria|g__unidentified_Berkelbacteria	0.00000000	0.00000000	0.00003021	0.00000000	0.00000000	0.00000000	0.00000000	0.00000000
k__Bacteria|p__Caldatribacteriota|c__Caldatribacteriia|o__Caldatribacteriales|f__Caldatribacteriaceae|g__Candidatus_Caldatribacterium	0.00000000	0.00000000	0.00000000	0.00000000	0.00000000	0.00000000	0.00000000	0.00000000
k__Bacteria|p__Caldisericota|c__Caldisericia|o__Caldisericales|f__Caldisericaceae|g__Caldisericum	0.00000000	0.00003492	0.00015107	0.00009350	0.00002935	0.00003229	0.00000000	0.00000000
k__Bacteria|p__Calditrichota|c__Calditrichia|o__Calditrichales|f__Calditrichaceae|g__Calorithrix	0.00001792	0.00010475	0.00000000	0.00009350	0.00000000	0.00014530	0.00000000	0.00000000
k__Bacteria|p__Calditrichota|c__Calditrichia|o__Calditrichales|f__Calditrichaceae|g__JdFR_76	0.00000000	0.00000000	0.00000000	0.00000000	0.00000000	0.00000000	0.00000000	0.00000000
k__Bacteria|p__Calditrichota|c__Calditrichia|o__Calditrichales|f__Calditrichaceae|g__SM23_31	0.00000000	0.00000000	0.00000000	0.00000000	0.00000000	0.00000000	0.00000000	0.00000000
k__Bacteria|p__Campylobacterota|c__Campylobacteria|o__Campylobacterales|f__Arcobacteraceae|g__Arcobacter	0.00634534	0.00471360	0.00187322	0.01941748	0.00397728	0.06496715	0.00863729	0.00371732
k__Bacteria|p__Campylobacterota|c__Campylobacteria|o__Campylobacterales|f__Arcobacteraceae|g__Malaciobacter	0.00000000	0.00000000	0.00226600	0.00000000	0.00000000	0.00000000	0.00000000	0.00000000
k__Bacteria|p__Campylobacterota|c__Campylobacteria|o__Campylobacterales|f__Arcobacteraceae|g__Pseudarcobacter	0.00374626	0.00480089	0.00015107	0.00213499	0.00046964	0.00374562	0.00074185	0.00077707
k__Bacteria|p__Campylobacterota|c__Campylobacteria|o__Campylobacterales|f__Campylobacteraceae|g__Campylobacter	0.00000000	0.00000000	0.00012085	0.00000000	0.00002935	0.00001614	0.00000000	0.00000000
k__Bacteria|p__Campylobacterota|c__Campylobacteria|o__Campylobacterales|f__Helicobacteraceae|g__Helicobacter	0.00000000	0.00000000	0.00003021	0.00000000	0.00002935	0.00001614	0.00192528	0.00004200
k__Bacteria|p__Campylobacterota|c__Campylobacteria|o__Campylobacterales|f__Helicobacteraceae|g__Wolinella	0.00035849	0.00000000	0.00000000	0.00000000	0.00000000	0.00000000	0.00000000	0.00000000
k__Bacteria|p__Campylobacterota|c__Campylobacteria|o__Campylobacterales|f__Sulfurimonadaceae|g__Sulfuricurvum	0.01143595	0.00614514	0.00012085	0.01220215	0.01375171	0.01554755	0.01043893	0.02906647
k__Bacteria|p__Campylobacterota|c__Campylobacteria|o__Campylobacterales|f__Sulfurimonadaceae|g__Sulfurimonas	0.00191794	0.00003492	0.00000000	0.00035843	0.00252433	0.00062965	0.00505166	0.00527145
k__Bacteria|p__Campylobacterota|c__Campylobacteria|o__Campylobacterales|f__Sulfurospirillaceae|g__Sulfurospirillum	0.02991629	0.00647684	0.00108768	0.00451932	0.00738219	0.00484348	0.00374459	0.00672057
k__Bacteria|p__Campylobacterota|c__Campylobacteria|o__Campylobacterales|f__Sulfurovaceae|g__Sulfurovum	0.00005377	0.00029678	0.00024171	0.00130904	0.00638420	0.00038748	0.00028261	0.00144912
k__Bacteria|p__Candidatus_Falkowbacteria|c__ABY1|o__unidentified_ABY1|f__unidentified_ABY1|g__unidentified_ABY1	0.00000000	0.00000000	0.00000000	0.00000000	0.00000000	0.00000000	0.00000000	0.00000000
k__Bacteria|p__Candidatus_Kaiserbacteria|c__unidentified_Candidatus_Kaiserbacteria|o__unidentified_Candidatus_Kaiserbacteria|f__unidentified_Candidatus_Kaiserbacteria|g__unidentified_Candidatus_Kaiserbacteria	0.00000000	0.00000000	0.00000000	0.00000000	0.00000000	0.00000000	0.00001766	0.00000000
k__Bacteria|p__Candidatus_Woesebacteria|c__Microgenomatia|o__unidentified_Microgenomatia|f__unidentified_Microgenomatia|g__unidentified_Microgenomatia	0.00000000	0.00000000	0.00000000	0.00000000	0.00000000	0.00000000	0.00000000	0.00000000
k__Bacteria|p__Candidatus_Zambryskibacteria|c__unidentified_Candidatus_Zambryskibacteria|o__unidentified_Candidatus_Zambryskibacteria|f__unidentified_Candidatus_Zambryskibacteria|g__unidentified_Candidatus_Zambryskibacteria	0.00000000	0.00000000	0.00000000	0.00000000	0.00000000	0.00000000	0.00000000	0.00000000
k__Bacteria|p__Chlamydiae|c__unidentified_Chlamydiae|o__Chlamydiales|f__Parachlamydiaceae|g__Neochlamydia	0.00000000	0.00003492	0.00000000	0.00006234	0.00020547	0.00000000	0.00003533	0.00000000
k__Bacteria|p__Chloroflexi|c__Anaerolineae|o__Anaerolineales|f__Anaerolineaceae|g__Anaerolinea	0.00014340	0.00010475	0.00003021	0.00009350	0.00000000	0.00001614	0.00000000	0.00000000
k__Bacteria|p__Chloroflexi|c__Anaerolineae|o__Anaerolineales|f__Anaerolineaceae|g__Anaerolineaceae_UCG_001	0.00000000	0.00000000	0.00000000	0.00000000	0.00000000	0.00001614	0.00000000	0.00000000
k__Bacteria|p__Chloroflexi|c__Anaerolineae|o__Anaerolineales|f__Anaerolineaceae|g__Bellilinea	0.00000000	0.00000000	0.00000000	0.00000000	0.00000000	0.00000000	0.00000000	0.00000000
k__Bacteria|p__Chloroflexi|c__Anaerolineae|o__Anaerolineales|f__Anaerolineaceae|g__Flexilinea	0.00000000	0.00000000	0.00000000	0.00000000	0.00000000	0.00003229	0.00000000	0.00000000
k__Bacteria|p__Chloroflexi|c__Anaerolineae|o__Anaerolineales|f__Anaerolineaceae|g__GWD2_49_16	0.00003585	0.00003492	0.00000000	0.00000000	0.00000000	0.00004843	0.00000000	0.00000000
k__Bacteria|p__Chloroflexi|c__Anaerolineae|o__Anaerolineales|f__Anaerolineaceae|g__Leptolinea	0.00000000	0.00000000	0.00000000	0.00000000	0.00000000	0.00000000	0.00001766	0.00000000
k__Bacteria|p__Chloroflexi|c__Anaerolineae|o__Anaerolineales|f__Anaerolineaceae|g__Levilinea	0.00000000	0.00000000	0.00009064	0.00000000	0.00000000	0.00000000	0.00000000	0.00000000
k__Bacteria|p__Chloroflexi|c__Anaerolineae|o__Anaerolineales|f__Anaerolineaceae|g__Longilinea	0.00003585	0.00000000	0.00003021	0.00000000	0.00008806	0.00001614	0.00001766	0.00002100
k__Bacteria|p__Chloroflexi|c__Anaerolineae|o__Anaerolineales|f__Anaerolineaceae|g__Pelolinea	0.00000000	0.00001746	0.00000000	0.00000000	0.00000000	0.00000000	0.00000000	0.00000000
k__Bacteria|p__Chloroflexi|c__Anaerolineae|o__Anaerolineales|f__Anaerolineaceae|g__RBG_16_58_14	0.00019717	0.00000000	0.00000000	0.00004675	0.00000000	0.00012916	0.00000000	0.00000000
k__Bacteria|p__Chloroflexi|c__Anaerolineae|o__Anaerolineales|f__Anaerolineaceae|g__UTCFX1	0.00000000	0.00000000	0.00000000	0.00001558	0.00000000	0.00000000	0.00000000	0.00000000
k__Bacteria|p__Chloroflexi|c__Anaerolineae|o__SBR1031|f__A4b|g__OLB15	0.00000000	0.00000000	0.00000000	0.00000000	0.00000000	0.00000000	0.00000000	0.00000000
k__Bacteria|p__Chloroflexi|c__Anaerolineae|o__SBR1031|f__unidentified_SBR1031|g__unidentified_SBR1031	0.00000000	0.00001746	0.00000000	0.00000000	0.00000000	0.00001614	0.00000000	0.00006301
k__Bacteria|p__Chloroflexi|c__Anaerolineae|o__Thermoflexales|f__Thermoflexaceae|g__Thermoflexus	0.00000000	0.00000000	0.00000000	0.00000000	0.00000000	0.00000000	0.00000000	0.00000000
k__Bacteria|p__Chloroflexi|c__Chloroflexia|o__Chloroflexales|f__Herpetosiphonaceae|g__Herpetosiphon	0.00000000	0.00000000	0.00000000	0.00000000	0.00000000	0.00000000	0.00000000	0.00004200
k__Bacteria|p__Chloroflexi|c__Chloroflexia|o__Chloroflexales|f__Roseiflexaceae|g__Kouleothrix	0.00000000	0.00000000	0.00000000	0.00000000	0.00000000	0.00000000	0.00000000	0.00000000
k__Bacteria|p__Chloroflexi|c__Chloroflexia|o__Thermomicrobiales|f__Thermomicrobiaceae|g__Sphaerobacter	0.00000000	0.00000000	0.00000000	0.00000000	0.00000000	0.00000000	0.00000000	0.00000000
k__Bacteria|p__Chloroflexi|c__Dehalococcoidia|o__GIF3|f__unidentified_GIF3|g__unidentified_GIF3	0.00000000	0.00000000	0.00000000	0.00000000	0.00000000	0.00000000	0.00000000	0.00000000
k__Bacteria|p__Chloroflexi|c__Dehalococcoidia|o__GIF9|f__AB_539_J10|g__SCGC_AB_539_J10	0.00014340	0.00017458	0.00000000	0.00049868	0.00000000	0.00001614	0.00000000	0.00000000
k__Bacteria|p__Chloroflexi|c__Dehalococcoidia|o__RBG_13_46_9|f__unidentified_RBG_13_46_9|g__unidentified_RBG_13_46_9	0.00003585	0.00000000	0.00000000	0.00000000	0.00000000	0.00000000	0.00000000	0.00000000
k__Bacteria|p__Chloroflexi|c__TK10|o__unidentified_TK10|f__unidentified_TK10|g__unidentified_TK10	0.00000000	0.00000000	0.00000000	0.00000000	0.00000000	0.00000000	0.00000000	0.00000000
k__Bacteria|p__Cyanobacteria|c__Cyanobacteriia|o__Chloroplast|f__unidentified_Chloroplast|g__unidentified_Chloroplast	0.00091416	0.00015712	0.00030213	0.00020259	0.00000000	0.00040362	0.00017663	0.00031503
k__Bacteria|p__Cyanobacteria|c__Cyanobacteriia|o__Cyanobacteriales|f__Chroococcidiopsaceae|g__Chroococcidiopsis_PCC_7203	0.00000000	0.00000000	0.00000000	0.00000000	0.00000000	0.00000000	0.00000000	0.00000000
k__Bacteria|p__Cyanobacteria|c__Cyanobacteriia|o__Cyanobacteriales|f__Cyanobacteriaceae|g__Symphothece_PCC_7002	0.00000000	0.00000000	0.00000000	0.00000000	0.00000000	0.00000000	0.00000000	0.00000000
k__Bacteria|p__Cyanobacteria|c__Cyanobacteriia|o__Cyanobacteriales|f__Microcystaceae|g__Microcystis_PCC_7914	0.00007170	0.00000000	0.00000000	0.00000000	0.00000000	0.00000000	0.00000000	0.00000000
k__Bacteria|p__Cyanobacteria|c__Cyanobacteriia|o__Cyanobacteriales|f__Microcystaceae|g__Pleurocapsa_PCC_7327	0.00000000	0.00000000	0.00000000	0.00000000	0.00000000	0.00000000	0.00000000	0.00000000
k__Bacteria|p__Cyanobacteria|c__Cyanobacteriia|o__Cyanobacteriales|f__Microcystaceae|g__Snowella_0TU37S04	0.00012547	0.00000000	0.00000000	0.00000000	0.00000000	0.00000000	0.00000000	0.00000000
k__Bacteria|p__Cyanobacteria|c__Cyanobacteriia|o__Cyanobacteriales|f__Oscillatoriaceae|g__Planktothricoides_SR001	0.00000000	0.00000000	0.00000000	0.00000000	0.00000000	0.00000000	0.00003533	0.00000000
k__Bacteria|p__Cyanobacteria|c__Cyanobacteriia|o__Cyanobacteriales|f__Phormidiaceae|g__Planktothrix_NIVA_CYA_15	0.00000000	0.00000000	0.00000000	0.00000000	0.00000000	0.00000000	0.00003533	0.00000000
k__Bacteria|p__Cyanobacteria|c__Cyanobacteriia|o__Geitlerinematales|f__Geitlerinemataceae|g__Geitlerinema	0.00000000	0.00000000	0.00000000	0.00000000	0.00000000	0.00000000	0.00000000	0.00000000
k__Bacteria|p__Cyanobacteria|c__Cyanobacteriia|o__Leptolyngbyales|f__Leptolyngbyaceae|g__Leptolyngbya_BN43	0.00000000	0.00000000	0.00000000	0.00000000	0.00000000	0.00000000	0.00000000	0.00000000
k__Bacteria|p__Cyanobacteria|c__Cyanobacteriia|o__Leptolyngbyales|f__Leptolyngbyaceae|g__Leptolyngbya_PCC_6306	0.00000000	0.00000000	0.00000000	0.00000000	0.00000000	0.00000000	0.00000000	0.00000000
k__Bacteria|p__Cyanobacteria|c__Cyanobacteriia|o__Pseudanabaenales|f__Pseudanabaenaceae|g__Pseudanabaena_PCC_7429	0.00000000	0.00000000	0.00000000	0.00000000	0.00000000	0.00000000	0.00000000	0.00000000
k__Bacteria|p__Cyanobacteria|c__Cyanobacteriia|o__Synechococcales|f__Cyanobiaceae|g__Cyanobium_PCC_6307	0.00132643	0.00031424	0.00045320	0.00004675	0.00001468	0.00027446	0.00000000	0.00000000
k__Bacteria|p__Cyanobacteria|c__Cyanobacteriia|o__Synechococcales|f__Cyanobiaceae|g__Synechococcus_CC9902	0.00000000	0.00000000	0.00000000	0.00000000	0.00000000	0.00000000	0.00000000	0.00000000
k__Bacteria|p__Cyanobacteria|c__Sericytochromatia|o__unidentified_Sericytochromatia|f__unidentified_Sericytochromatia|g__unidentified_Sericytochromatia	0.00000000	0.00000000	0.00009064	0.00000000	0.00000000	0.00000000	0.00001766	0.00002100
k__Bacteria|p__Cyanobacteria|c__Vampirivibrionia|o__Gastranaerophilales|f__unidentified_Gastranaerophilales|g__unidentified_Gastranaerophilales	0.00000000	0.00001746	0.00000000	0.00000000	0.00002935	0.00001614	0.00000000	0.00000000
k__Bacteria|p__Cyanobacteria|c__Vampirivibrionia|o__Obscuribacterales|f__Obscuribacteraceae|g__Candidatus_Obscuribacter	0.00000000	0.00000000	0.00003021	0.00000000	0.00000000	0.00000000	0.00000000	0.00000000
k__Bacteria|p__Cyanobacteria|c__Vampirivibrionia|o__Vampirovibrionales|f__Vampirovibrionaceae|g__Vampirovibrio	0.00000000	0.00000000	0.00000000	0.00000000	0.00000000	0.00000000	0.00000000	0.00000000
k__Bacteria|p__DTB120|c__unidentified_DTB120|o__unidentified_DTB120|f__unidentified_DTB120|g__unidentified_DTB120	0.00000000	0.00000000	0.00000000	0.00000000	0.00000000	0.00001614	0.00003533	0.00000000
k__Bacteria|p__Deferribacteres|c__unidentified_Deferribacteres|o__Deferribacterales|f__Deferribacteraceae|g__Mucispirillum	0.00000000	0.00000000	0.00000000	0.00000000	0.00000000	0.00000000	0.00015897	0.00000000
k__Bacteria|p__Deferribacteres|c__unidentified_Deferribacteres|o__Deferribacterales|f__Deferribacteraceae|g__Seleniivibrio	0.00003585	0.00000000	0.00000000	0.00001558	0.00000000	0.00000000	0.00000000	0.00000000
k__Bacteria|p__Deferrisomatota|c__Defferrisomatia|o__Defferrisomatales|f__Defferrisomataceae|g__Deferrisoma	0.00039434	0.00015712	0.00000000	0.00010909	0.00000000	0.00033904	0.00010598	0.00012601
k__Bacteria|p__Deinococcota|c__Deinococci|o__Deinococcales|f__Deinococcaceae|g__Deinococcus	0.00000000	0.00000000	0.00000000	0.00000000	0.00001468	0.00000000	0.00003533	0.00000000
k__Bacteria|p__Deinococcota|c__Deinococci|o__Deinococcales|f__Trueperaceae|g__Truepera	0.00000000	0.00000000	0.00000000	0.00000000	0.00000000	0.00000000	0.00000000	0.00000000
k__Bacteria|p__Deinococcota|c__Deinococci|o__Thermales|f__Thermaceae|g__Meiothermus	0.00005377	0.00001746	0.00000000	0.00000000	0.00000000	0.00000000	0.00000000	0.00000000
k__Bacteria|p__Desulfobacterota|c__Desulfarculia|o__Desulfarculales|f__Desulfarculaceae|g__Desulfarculus	0.00003585	0.00000000	0.00000000	0.00000000	0.00000000	0.00000000	0.00000000	0.00000000
k__Bacteria|p__Desulfobacterota|c__Desulfobaccia|o__Desulfobaccales|f__Desulfobaccaceae|g__Desulfobacca	0.00087831	0.00019204	0.00000000	0.00034284	0.00000000	0.00092026	0.00000000	0.00000000
k__Bacteria|p__Desulfobacterota|c__Desulfobacteria|o__Desulfatiglandales|f__Desulfatiglandaceae|g__Desulfatiglans	0.00141605	0.00043644	0.00003021	0.00087270	0.00000000	0.00090412	0.00000000	0.00000000
k__Bacteria|p__Desulfobacterota|c__Desulfobacteria|o__Desulfobacterales|f__Desulfobacteraceae|g__Desulfobacter	0.00444532	0.00029678	0.00003021	0.00735558	0.00679513	0.00419768	0.00114811	0.00021002
k__Bacteria|p__Desulfobacterota|c__Desulfobacteria|o__Desulfobacterales|f__Desulfobacteraceae|g__Desulfobacterium	0.00003585	0.00000000	0.00000000	0.00000000	0.00000000	0.00000000	0.00005299	0.00000000
k__Bacteria|p__Desulfobacterota|c__Desulfobacteria|o__Desulfobacterales|f__Desulfococcaceae|g__Desulfococcus	0.00008962	0.00001746	0.00000000	0.00001558	0.00002935	0.00001614	0.00012364	0.00000000
k__Bacteria|p__Desulfobacterota|c__Desulfobacteria|o__Desulfobacterales|f__Desulforegulaceae|g__Desulforegula	0.00008962	0.00001746	0.00000000	0.00014025	0.00023482	0.00014530	0.00003533	0.00004200
k__Bacteria|p__Desulfobacterota|c__Desulfobacteria|o__Desulfobacterales|f__Desulfosarcinaceae|g__Desulfatibacillum	0.00005377	0.00000000	0.00000000	0.00000000	0.00000000	0.00000000	0.00000000	0.00000000
k__Bacteria|p__Desulfobacterota|c__Desulfobacteria|o__Desulfobacterales|f__Desulfosarcinaceae|g__Desulfatirhabdium	0.00010755	0.00006983	0.00009064	0.00081036	0.00063108	0.00067809	0.00118343	0.00050404
k__Bacteria|p__Desulfobacterota|c__Desulfobacteria|o__Desulfobacterales|f__Desulfosarcinaceae|g__Desulfatitalea	0.00000000	0.00000000	0.00000000	0.00000000	0.00000000	0.00000000	0.00000000	0.00000000
k__Bacteria|p__Desulfobacterota|c__Desulfobacteria|o__Desulfobacterales|f__Desulfosarcinaceae|g__Desulfosarcina	0.00000000	0.00003492	0.00000000	0.00000000	0.00000000	0.00000000	0.00003533	0.00000000
k__Bacteria|p__Desulfobacterota|c__Desulfobacteria|o__Desulfobacterales|f__Desulfosarcinaceae|g__LCP_80	0.00001792	0.00000000	0.00000000	0.00000000	0.00000000	0.00000000	0.00000000	0.00000000
k__Bacteria|p__Desulfobacterota|c__Desulfobacteria|o__Desulfobacterales|f__Desulfosarcinaceae|g__SEEP_SRB1	0.00000000	0.00000000	0.00000000	0.00003117	0.00000000	0.00000000	0.00000000	0.00000000
k__Bacteria|p__Desulfobacterota|c__Desulfobacteria|o__Desulfobacterales|f__Desulfosarcinaceae|g__Sva0081_sediment_group	0.00132643	0.00052373	0.00000000	0.00093503	0.00000000	0.00158220	0.00000000	0.00004200
k__Bacteria|p__Desulfobacterota|c__Desulfobacteria|o__Desulfobacterales|f__unidentified_Desulfobacterales|g__Desulfatiferula	0.00109341	0.00020949	0.00000000	0.00032726	0.00002935	0.00038748	0.00015897	0.00002100
k__Bacteria|p__Desulfobacterota|c__Desulfobulbia|o__Desulfobulbales|f__Desulfobulbaceae|g__Candidatus_Electronema	0.00000000	0.00000000	0.00000000	0.00000000	0.00000000	0.00000000	0.00000000	0.00000000
k__Bacteria|p__Desulfobacterota|c__Desulfobulbia|o__Desulfobulbales|f__Desulfobulbaceae|g__Desulfobulbus	0.00562835	0.00078560	0.00054384	0.00423881	0.01103659	0.00184052	0.00151903	0.00052504
k__Bacteria|p__Desulfobacterota|c__Desulfobulbia|o__Desulfobulbales|f__Desulfocapsaceae|g__Desulfocapsa	0.00000000	0.00000000	0.00000000	0.00000000	0.00001468	0.00000000	0.00000000	0.00000000
k__Bacteria|p__Desulfobacterota|c__Desulfobulbia|o__Desulfobulbales|f__Desulfocapsaceae|g__Desulfofustis	0.00071699	0.00015712	0.00006043	0.00006234	0.00005871	0.00000000	0.00005299	0.00000000
k__Bacteria|p__Desulfobacterota|c__Desulfobulbia|o__Desulfobulbales|f__Desulfocapsaceae|g__Desulfoprunum	0.00007170	0.00003492	0.00006043	0.00023376	0.00008806	0.00006458	0.00012364	0.00014701
k__Bacteria|p__Desulfobacterota|c__Desulfobulbia|o__Desulfobulbales|f__Desulfocapsaceae|g__Desulforhopalus	0.00227643	0.00050628	0.00015107	0.00015584	0.00023482	0.00001614	0.00000000	0.00002100
k__Bacteria|p__Desulfobacterota|c__Desulfobulbia|o__Desulfobulbales|f__Desulfocapsaceae|g___Desulfobacterium__catecholicum_group	0.01265482	0.00181561	0.00072512	0.00176097	0.00308203	0.00096870	0.00065354	0.00044104
k__Bacteria|p__Desulfobacterota|c__Desulfobulbia|o__Desulfobulbales|f__Desulfurivibrionaceae|g__Desulfurivibrio	0.00000000	0.00000000	0.00000000	0.00000000	0.00000000	0.00000000	0.00000000	0.00000000
k__Bacteria|p__Desulfobacterota|c__Desulfobulbia|o__Desulfobulbales|f__Desulfurivibrionaceae|g__MSBL7	0.00005377	0.00000000	0.00000000	0.00006234	0.00001468	0.00000000	0.00000000	0.00000000
k__Bacteria|p__Desulfobacterota|c__Desulfomonilia|o__Desulfomonilales|f__Desulfomonilaceae|g__Desulfomonile	0.00026887	0.00012220	0.00069491	0.00087270	0.00027885	0.00058122	0.00086550	0.00037803
k__Bacteria|p__Desulfobacterota|c__Desulfovibrionia|o__Desulfovibrionales|f__Desulfomicrobiaceae|g__Desulfomicrobium	0.01805015	0.00558649	0.00108768	0.00470632	0.00911399	0.00258319	0.00293209	0.00079807
k__Bacteria|p__Desulfobacterota|c__Desulfovibrionia|o__Desulfovibrionales|f__Desulfovibrionaceae|g__Bilophila	0.00001792	0.00000000	0.00000000	0.00003117	0.00004403	0.00004843	0.00003533	0.00067206
k__Bacteria|p__Desulfobacterota|c__Desulfovibrionia|o__Desulfovibrionales|f__Desulfovibrionaceae|g__Desulfocurvus	0.00003585	0.00000000	0.00000000	0.00000000	0.00000000	0.00000000	0.00000000	0.00000000
k__Bacteria|p__Desulfobacterota|c__Desulfovibrionia|o__Desulfovibrionales|f__Desulfovibrionaceae|g__Desulfovibrio	0.00573590	0.00382326	0.00247749	0.00355312	0.00675110	0.00301910	0.00203126	0.00069306
k__Bacteria|p__Desulfobacterota|c__Desulfovibrionia|o__Desulfovibrionales|f__Desulfovibrionaceae|g__Mailhella	0.00003585	0.00000000	0.00000000	0.00000000	0.00000000	0.00001614	0.00000000	0.00000000
k__Bacteria|p__Desulfobacterota|c__Desulfuromonadia|o__Desulfuromonadales|f__Desulfuromonadaceae|g__Desulfuromonas	0.00000000	0.00000000	0.00000000	0.00000000	0.00000000	0.00000000	0.00000000	0.00000000
k__Bacteria|p__Desulfobacterota|c__Desulfuromonadia|o__Desulfuromonadales|f__Desulfuromonadaceae|g__Trichloromonas	0.00000000	0.00000000	0.00000000	0.00010909	0.00000000	0.00003229	0.00001766	0.00000000
k__Bacteria|p__Desulfobacterota|c__Desulfuromonadia|o__Desulfuromonadales|f__Desulfuromonadaceae|g__unidentified_Desulfuromonadaceae	0.00000000	0.00000000	0.00000000	0.00000000	0.00000000	0.00000000	0.00000000	0.00000000
k__Bacteria|p__Desulfobacterota|c__Desulfuromonadia|o__Desulfuromonadales|f__Geothermobacteraceae|g__Geothermobacter	0.01851619	0.00242663	0.00042299	0.00202590	0.00054302	0.00198582	0.00132474	0.00037803
k__Bacteria|p__Desulfobacterota|c__Desulfuromonadia|o__Desulfuromonadales|f__Syntrophotaleaceae|g__Syntrophotalea	0.00055567	0.00000000	0.00000000	0.00000000	0.00000000	0.00000000	0.00000000	0.00000000
k__Bacteria|p__Desulfobacterota|c__Desulfuromonadia|o__Geobacterales|f__Geobacteraceae|g__Citrifermentans	0.00001792	0.00001746	0.00000000	0.00000000	0.00000000	0.00000000	0.00000000	0.00000000
k__Bacteria|p__Desulfobacterota|c__Desulfuromonadia|o__Geobacterales|f__Geobacteraceae|g__Geobacter	0.00021510	0.00006983	0.00000000	0.00006234	0.00001468	0.00001614	0.00000000	0.00002100
k__Bacteria|p__Desulfobacterota|c__Desulfuromonadia|o__Geobacterales|f__Geobacteraceae|g__Geotalea	0.00000000	0.00000000	0.00000000	0.00000000	0.00000000	0.00000000	0.00000000	0.00000000
k__Bacteria|p__Desulfobacterota|c__Desulfuromonadia|o__Geobacterales|f__Geobacteraceae|g__Trichlorobacter	0.07902992	0.10736544	0.00700949	0.03651296	0.02035605	0.02597717	0.02751921	0.00966082
k__Bacteria|p__Desulfobacterota|c__Syntrophia|o__Syntrophales|f__Smithellaceae|g__Smithella	0.00100378	0.00033170	0.00006043	0.00268042	0.00545959	0.00182438	0.00468074	0.00117610
k__Bacteria|p__Desulfobacterota|c__Syntrophia|o__Syntrophales|f__Syntrophaceae|g__Syntrophus	0.00032264	0.00006983	0.00006043	0.00043635	0.00046964	0.00020988	0.00051223	0.00008401
k__Bacteria|p__Desulfobacterota|c__Syntrophobacteria|o__Syntrophobacterales|f__Syntrophobacteraceae|g__Desulforhabdus	0.00001792	0.00000000	0.00000000	0.00000000	0.00000000	0.00000000	0.00000000	0.00000000
k__Bacteria|p__Desulfobacterota|c__Syntrophobacteria|o__Syntrophobacterales|f__Syntrophobacteraceae|g__Desulfovirga	0.00000000	0.00000000	0.00000000	0.00000000	0.00000000	0.00000000	0.00000000	0.00002100
k__Bacteria|p__Desulfobacterota|c__Syntrophobacteria|o__Syntrophobacterales|f__Syntrophobacteraceae|g__Syntrophobacter	0.00003585	0.00001746	0.00003021	0.00000000	0.00000000	0.00001614	0.00000000	0.00002100
k__Bacteria|p__Desulfobacterota|c__Syntrophorhabdia|o__Syntrophorhabdales|f__Syntrophorhabdaceae|g__Syntrophorhabdus	0.00005377	0.00005237	0.00009064	0.00018701	0.00019079	0.00004843	0.00000000	0.00000000
k__Bacteria|p__Edwardsbacteria|c__unidentified_Edwardsbacteria|o__unidentified_Edwardsbacteria|f__unidentified_Edwardsbacteria|g__unidentified_Edwardsbacteria	0.00000000	0.00000000	0.00000000	0.00000000	0.00000000	0.00000000	0.00000000	0.00000000
k__Bacteria|p__Elusimicrobia|c__unidentified_Elusimicrobia|o__Elusimicrobiales|f__Elusimicrobiaceae|g__Elusimicrobium	0.00003585	0.00000000	0.00000000	0.00007792	0.00007338	0.00009687	0.00003533	0.00000000
k__Bacteria|p__Elusimicrobia|c__unidentified_Elusimicrobia|o__Lineage_IV|f__unidentified_Lineage_IV|g__unidentified_Lineage_IV	0.00001792	0.00000000	0.00000000	0.00001558	0.00000000	0.00000000	0.00000000	0.00000000
k__Bacteria|p__Elusimicrobiota|c__Endomicrobia|o__Endomicrobiales|f__Endomicrobiaceae|g__Endomicrobium	0.00016132	0.00000000	0.00000000	0.00026493	0.00010273	0.00011301	0.00021196	0.00016801
k__Bacteria|p__Fibrobacterota|c__Chitinivibrionia|o__Chitinivibrionales|f__Chitinivibrionaceae|g__possible_genus_03	0.00000000	0.00003492	0.00000000	0.00000000	0.00000000	0.00000000	0.00000000	0.00000000
k__Bacteria|p__Fibrobacterota|c__Fibrobacteria|o__Fibrobacterales|f__Fibrobacteraceae|g__Fibrobacter	0.00008962	0.00003492	0.00006043	0.00026493	0.00008806	0.00003229	0.00005299	0.00002100
k__Bacteria|p__Fibrobacterota|c__Fibrobacteria|o__Fibrobacterales|f__Fibrobacteraceae|g__possible_genus_06	0.00000000	0.00000000	0.00000000	0.00000000	0.00000000	0.00000000	0.00000000	0.00000000
k__Bacteria|p__Fibrobacterota|c__Fibrobacteria|o__Fibrobacterales|f__unidentified_Fibrobacterales|g__BBMC_4	0.00000000	0.00000000	0.00000000	0.00001558	0.00000000	0.00000000	0.00000000	0.00000000
k__Bacteria|p__Firmicutes|c__Bacilli|o__Acholeplasmatales|f__Acholeplasmataceae|g__Acholeplasma	0.00003585	0.00000000	0.00000000	0.00001558	0.00019079	0.00003229	0.00007065	0.00000000
k__Bacteria|p__Firmicutes|c__Bacilli|o__Acholeplasmatales|f__Acholeplasmataceae|g__Anaeroplasma	0.00000000	0.00000000	0.00000000	0.00000000	0.00000000	0.00000000	0.00000000	0.00002100
k__Bacteria|p__Firmicutes|c__Bacilli|o__Acholeplasmatales|f__Acholeplasmataceae|g__EUB33_2	0.00000000	0.00000000	0.00000000	0.00001558	0.00002935	0.00001614	0.00000000	0.00000000
k__Bacteria|p__Firmicutes|c__Bacilli|o__Bacillales|f__Bacillaceae|g__Anoxybacillus	0.00000000	0.00001746	0.00006043	0.00000000	0.00000000	0.00000000	0.00000000	0.00000000
k__Bacteria|p__Firmicutes|c__Bacilli|o__Bacillales|f__Bacillaceae|g__Bacillus	0.00096793	0.00033170	0.00015107	0.00004675	0.00000000	0.00003229	0.00015897	0.00000000
k__Bacteria|p__Firmicutes|c__Bacilli|o__Bacillales|f__Bacillaceae|g__Caldibacillus	0.00000000	0.00000000	0.00000000	0.00000000	0.00000000	0.00000000	0.00000000	0.00000000
k__Bacteria|p__Firmicutes|c__Bacilli|o__Bacillales|f__Bacillaceae|g__Geobacillus	0.00000000	0.00000000	0.00000000	0.00000000	0.00000000	0.00000000	0.00000000	0.00000000
k__Bacteria|p__Firmicutes|c__Bacilli|o__Bacillales|f__Bacillaceae|g__Oceanobacillus	0.00000000	0.00000000	0.00000000	0.00000000	0.00000000	0.00000000	0.00000000	0.00000000
k__Bacteria|p__Firmicutes|c__Bacilli|o__Bacillales|f__Bacillaceae|g__Ornithinibacillus	0.00000000	0.00000000	0.00000000	0.00000000	0.00000000	0.00000000	0.00000000	0.00000000
k__Bacteria|p__Firmicutes|c__Bacilli|o__Bacillales|f__Bacillaceae|g__Pseudogracilibacillus	0.00000000	0.00000000	0.00000000	0.00000000	0.00000000	0.00000000	0.00000000	0.00000000
k__Bacteria|p__Firmicutes|c__Bacilli|o__Bacillales|f__Bacillaceae|g__Terribacillus	0.00000000	0.00000000	0.00000000	0.00000000	0.00000000	0.00000000	0.00000000	0.00000000
k__Bacteria|p__Firmicutes|c__Bacilli|o__Bacillales|f__Bacillaceae|g__Ureibacillus	0.00000000	0.00000000	0.00000000	0.00000000	0.00000000	0.00000000	0.00000000	0.00000000
k__Bacteria|p__Firmicutes|c__Bacilli|o__Bacillales|f__Bacillaceae|g__Virgibacillus	0.00000000	0.00000000	0.00000000	0.00000000	0.00000000	0.00000000	0.00000000	0.00000000
k__Bacteria|p__Firmicutes|c__Bacilli|o__Bacillales|f__Planococcaceae|g__Chryseomicrobium	0.00003585	0.00001746	0.00211493	0.00000000	0.00000000	0.00000000	0.00000000	0.00000000
k__Bacteria|p__Firmicutes|c__Bacilli|o__Bacillales|f__Planococcaceae|g__Lysinibacillus	0.00000000	0.00000000	0.00000000	0.00001558	0.00000000	0.00004843	0.00000000	0.00016801
k__Bacteria|p__Firmicutes|c__Bacilli|o__Bacillales|f__Planococcaceae|g__Paenisporosarcina	0.00000000	0.00000000	0.00000000	0.00000000	0.00000000	0.00000000	0.00000000	0.00000000
k__Bacteria|p__Firmicutes|c__Bacilli|o__Bacillales|f__Planococcaceae|g__Solibacillus	0.00001792	0.00000000	0.00006043	0.00000000	0.00000000	0.00000000	0.00000000	0.00000000
k__Bacteria|p__Firmicutes|c__Bacilli|o__Bacillales|f__Planococcaceae|g__Sporosarcina	0.00000000	0.00000000	0.00000000	0.00000000	0.00000000	0.00000000	0.00000000	0.00000000
k__Bacteria|p__Firmicutes|c__Bacilli|o__Bacillales|f__Salisediminibacteriaceae|g__Salipaludibacillus	0.00000000	0.00000000	0.00000000	0.00000000	0.00000000	0.00000000	0.00000000	0.00002100
k__Bacteria|p__Firmicutes|c__Bacilli|o__Brevibacillales|f__Brevibacillaceae|g__Brevibacillus	0.00017925	0.00000000	0.00006043	0.00000000	0.00000000	0.00000000	0.00000000	0.00000000
k__Bacteria|p__Firmicutes|c__Bacilli|o__Entomoplasmatales|f__unidentified_Entomoplasmatales|g__Candidatus_Hepatoplasma	0.00000000	0.00000000	0.00012085	0.00000000	0.00000000	0.00000000	0.00000000	0.00000000
k__Bacteria|p__Firmicutes|c__Bacilli|o__Erysipelotrichales|f__Erysipelatoclostridiaceae|g__Asteroleplasma	0.00003585	0.00000000	0.00000000	0.00003117	0.00000000	0.00006458	0.00000000	0.00010501
k__Bacteria|p__Firmicutes|c__Bacilli|o__Erysipelotrichales|f__Erysipelatoclostridiaceae|g__Candidatus_Stoquefichus	0.00000000	0.00000000	0.00000000	0.00000000	0.00000000	0.00000000	0.00005299	0.00000000
k__Bacteria|p__Firmicutes|c__Bacilli|o__Erysipelotrichales|f__Erysipelatoclostridiaceae|g__Catenibacterium	0.00010755	0.00006983	0.00006043	0.00020259	0.00008806	0.00035519	0.00001766	0.00002100
k__Bacteria|p__Firmicutes|c__Bacilli|o__Erysipelotrichales|f__Erysipelatoclostridiaceae|g__Coprobacillus	0.00000000	0.00000000	0.00003021	0.00000000	0.00051367	0.00000000	0.00000000	0.00094508
k__Bacteria|p__Firmicutes|c__Bacilli|o__Erysipelotrichales|f__Erysipelatoclostridiaceae|g__Erysipelatoclostridium	0.00000000	0.00001746	0.00000000	0.00001558	0.00020547	0.00001614	0.00187230	0.00056705
k__Bacteria|p__Firmicutes|c__Bacilli|o__Erysipelotrichales|f__Erysipelatoclostridiaceae|g__Erysipelotrichaceae_UCG_002	0.00000000	0.00000000	0.00000000	0.00000000	0.00000000	0.00000000	0.00000000	0.00000000
k__Bacteria|p__Firmicutes|c__Bacilli|o__Erysipelotrichales|f__Erysipelatoclostridiaceae|g__Erysipelotrichaceae_UCG_003	0.00000000	0.00000000	0.00000000	0.00000000	0.00000000	0.00000000	0.00000000	0.00000000
k__Bacteria|p__Firmicutes|c__Bacilli|o__Erysipelotrichales|f__Erysipelatoclostridiaceae|g__UCG_004	0.00116510	0.00006983	0.00009064	0.00056102	0.00049899	0.00040362	0.00040625	0.00010501
k__Bacteria|p__Firmicutes|c__Bacilli|o__Erysipelotrichales|f__Erysipelotrichaceae|g__Allobaculum	0.00000000	0.00000000	0.00000000	0.00000000	0.00002935	0.00000000	0.00141305	0.00006301
k__Bacteria|p__Firmicutes|c__Bacilli|o__Erysipelotrichales|f__Erysipelotrichaceae|g__Dubosiella	0.00000000	0.00000000	0.00003021	0.00000000	0.00001468	0.00000000	0.00054756	0.00004200
k__Bacteria|p__Firmicutes|c__Bacilli|o__Erysipelotrichales|f__Erysipelotrichaceae|g__Erysipelothrix	0.00548495	0.00813533	0.00274941	0.00765167	0.00432951	0.00485962	0.00344432	0.00491442
k__Bacteria|p__Firmicutes|c__Bacilli|o__Erysipelotrichales|f__Erysipelotrichaceae|g__Erysipelotrichaceae_UCG_006	0.00000000	0.00000000	0.00000000	0.00000000	0.00000000	0.00000000	0.00000000	0.00000000
k__Bacteria|p__Firmicutes|c__Bacilli|o__Erysipelotrichales|f__Erysipelotrichaceae|g__Faecalibaculum	0.00000000	0.00000000	0.00000000	0.00000000	0.00002935	0.00000000	0.00040625	0.00000000
k__Bacteria|p__Firmicutes|c__Bacilli|o__Erysipelotrichales|f__Erysipelotrichaceae|g__Faecalitalea	0.00000000	0.00000000	0.00000000	0.00000000	0.00017612	0.00000000	0.00014131	0.00027302
k__Bacteria|p__Firmicutes|c__Bacilli|o__Erysipelotrichales|f__Erysipelotrichaceae|g__Holdemanella	0.00003585	0.00006983	0.00000000	0.00006234	0.00004403	0.00008072	0.00001766	0.00000000
k__Bacteria|p__Firmicutes|c__Bacilli|o__Erysipelotrichales|f__Erysipelotrichaceae|g__Holdemania	0.00000000	0.00000000	0.00000000	0.00000000	0.00002935	0.00000000	0.00003533	0.00006301
k__Bacteria|p__Firmicutes|c__Bacilli|o__Erysipelotrichales|f__Erysipelotrichaceae|g__Ileibacterium	0.00000000	0.00000000	0.00000000	0.00000000	0.00000000	0.00000000	0.00948512	0.00000000
k__Bacteria|p__Firmicutes|c__Bacilli|o__Erysipelotrichales|f__Erysipelotrichaceae|g__Solobacterium	0.00005377	0.00001746	0.00009064	0.00007792	0.00005871	0.00000000	0.00001766	0.00000000
k__Bacteria|p__Firmicutes|c__Bacilli|o__Erysipelotrichales|f__Erysipelotrichaceae|g__Turicibacter	0.00000000	0.00000000	0.00000000	0.00000000	0.00001468	0.00000000	0.00325002	0.00063005
k__Bacteria|p__Firmicutes|c__Bacilli|o__Erysipelotrichales|f__Erysipelotrichaceae|g__ZOR0006	0.00005377	0.00000000	0.00465285	0.00000000	0.00000000	0.00000000	0.00000000	0.00000000
k__Bacteria|p__Firmicutes|c__Bacilli|o__Erysipelotrichales|f__Erysipelotrichaceae|g___Anaerorhabdus__furcosa_group	0.00000000	0.00000000	0.00060427	0.00000000	0.00000000	0.00000000	0.00000000	0.00000000
k__Bacteria|p__Firmicutes|c__Bacilli|o__Erysipelotrichales|f__Erysipelotrichaceae|g___Clostridium__innocuum_group	0.00000000	0.00000000	0.00000000	0.00000000	0.00011741	0.00000000	0.00005299	0.00042004
k__Bacteria|p__Firmicutes|c__Bacilli|o__Exiguobacterales|f__Exiguobacteraceae|g__Exiguobacterium	0.00007170	0.00003492	0.00169195	0.00000000	0.00000000	0.00000000	0.00003533	0.00000000
k__Bacteria|p__Firmicutes|c__Bacilli|o__Lactobacillales|f__Aerococcaceae|g__Abiotrophia	0.00000000	0.00000000	0.00000000	0.00000000	0.00000000	0.00000000	0.00000000	0.00000000
k__Bacteria|p__Firmicutes|c__Bacilli|o__Lactobacillales|f__Aerococcaceae|g__Aerococcus	0.00003585	0.00000000	0.00000000	0.00000000	0.00000000	0.00000000	0.00001766	0.00002100
k__Bacteria|p__Firmicutes|c__Bacilli|o__Lactobacillales|f__Aerococcaceae|g__Aerosphaera	0.00000000	0.00000000	0.00000000	0.00000000	0.00001468	0.00000000	0.00000000	0.00000000
k__Bacteria|p__Firmicutes|c__Bacilli|o__Lactobacillales|f__Aerococcaceae|g__Dolosicoccus	0.00000000	0.00000000	0.00000000	0.00000000	0.00000000	0.00000000	0.00000000	0.00000000
k__Bacteria|p__Firmicutes|c__Bacilli|o__Lactobacillales|f__Aerococcaceae|g__Globicatella	0.00000000	0.00000000	0.00000000	0.00001558	0.00002935	0.00000000	0.00001766	0.00000000
k__Bacteria|p__Firmicutes|c__Bacilli|o__Lactobacillales|f__Aerococcaceae|g__Ignavigranum	0.00000000	0.00000000	0.00000000	0.00004675	0.00000000	0.00000000	0.00000000	0.00000000
k__Bacteria|p__Firmicutes|c__Bacilli|o__Lactobacillales|f__Carnobacteriaceae|g__Alkalibacterium	0.00000000	0.00000000	0.00000000	0.00000000	0.00000000	0.00000000	0.00000000	0.00000000
k__Bacteria|p__Firmicutes|c__Bacilli|o__Lactobacillales|f__Carnobacteriaceae|g__Carnobacterium	0.00000000	0.00000000	0.00000000	0.00000000	0.00000000	0.00000000	0.00001766	0.00000000
k__Bacteria|p__Firmicutes|c__Bacilli|o__Lactobacillales|f__Carnobacteriaceae|g__Lacticigenium	0.00000000	0.00000000	0.00000000	0.00000000	0.00000000	0.00000000	0.00000000	0.00000000
k__Bacteria|p__Firmicutes|c__Bacilli|o__Lactobacillales|f__Carnobacteriaceae|g__Trichococcus	0.00007170	0.00001746	0.00000000	0.00006234	0.00002935	0.00000000	0.00000000	0.00004200
k__Bacteria|p__Firmicutes|c__Bacilli|o__Lactobacillales|f__Enterococcaceae|g__Enterococcus	0.00012547	0.00001746	0.00000000	0.00006234	0.00007338	0.00000000	0.00010598	0.00527145
k__Bacteria|p__Firmicutes|c__Bacilli|o__Lactobacillales|f__Lactobacillaceae|g__Agrilactobacillus	0.00000000	0.00000000	0.00000000	0.00000000	0.00000000	0.00000000	0.00000000	0.00000000
k__Bacteria|p__Firmicutes|c__Bacilli|o__Lactobacillales|f__Lactobacillaceae|g__Lacticaseibacillus	0.00000000	0.00000000	0.00000000	0.00000000	0.00000000	0.00000000	0.00000000	0.00000000
k__Bacteria|p__Firmicutes|c__Bacilli|o__Lactobacillales|f__Lactobacillaceae|g__Lactiplantibacillus	0.00000000	0.00000000	0.00000000	0.00003117	0.00000000	0.00001614	0.00000000	0.00004200
k__Bacteria|p__Firmicutes|c__Bacilli|o__Lactobacillales|f__Lactobacillaceae|g__Lactobacillus	0.00000000	0.00000000	0.00000000	0.00003117	0.00004403	0.00003229	0.00302040	0.00029402
k__Bacteria|p__Firmicutes|c__Bacilli|o__Lactobacillales|f__Lactobacillaceae|g__Leuconostoc	0.00003585	0.00000000	0.00000000	0.00001558	0.00002935	0.00000000	0.00000000	0.00000000
k__Bacteria|p__Firmicutes|c__Bacilli|o__Lactobacillales|f__Lactobacillaceae|g__Levilactobacillus	0.00000000	0.00000000	0.00000000	0.00001558	0.00000000	0.00000000	0.00000000	0.00000000
k__Bacteria|p__Firmicutes|c__Bacilli|o__Lactobacillales|f__Lactobacillaceae|g__Ligilactobacillus	0.00012547	0.00003492	0.00006043	0.00017142	0.00002935	0.00016145	0.00422150	0.00405334
k__Bacteria|p__Firmicutes|c__Bacilli|o__Lactobacillales|f__Lactobacillaceae|g__Limosilactobacillus	0.00000000	0.00000000	0.00000000	0.00000000	0.00002935	0.00003229	0.00097147	0.00021002
k__Bacteria|p__Firmicutes|c__Bacilli|o__Lactobacillales|f__Lactobacillaceae|g__Liquorilactobacillus	0.00000000	0.00000000	0.00000000	0.00001558	0.00000000	0.00000000	0.00000000	0.00000000
k__Bacteria|p__Firmicutes|c__Bacilli|o__Lactobacillales|f__Lactobacillaceae|g__Weissella	0.00012547	0.00005237	0.00006043	0.00017142	0.00004403	0.00006458	0.00001766	0.00096608
k__Bacteria|p__Firmicutes|c__Bacilli|o__Lactobacillales|f__Streptococcaceae|g__Lactococcus	0.00000000	0.00000000	0.00003021	0.00015584	0.00000000	0.00003229	0.00003533	0.00012601
k__Bacteria|p__Firmicutes|c__Bacilli|o__Lactobacillales|f__Streptococcaceae|g__Lactovum	0.00000000	0.00000000	0.00024171	0.00000000	0.00000000	0.00000000	0.00000000	0.00000000
k__Bacteria|p__Firmicutes|c__Bacilli|o__Lactobacillales|f__Streptococcaceae|g__Streptococcus	0.00218681	0.00116967	0.00099704	0.00375571	0.00187857	0.00263162	0.00104213	0.00760265
k__Bacteria|p__Firmicutes|c__Bacilli|o__Lactobacillales|f__Vagococcaceae|g__Vagococcus	0.00000000	0.00000000	0.00000000	0.00000000	0.00000000	0.00000000	0.00001766	0.00002100
k__Bacteria|p__Firmicutes|c__Bacilli|o__Mycoplasmatales|f__Mycoplasmataceae|g__Candidatus_Bacilloplasma	0.00000000	0.00000000	0.00178259	0.00000000	0.00000000	0.00000000	0.00000000	0.00000000
k__Bacteria|p__Firmicutes|c__Bacilli|o__Mycoplasmatales|f__Mycoplasmataceae|g__Mycoplasma	0.00000000	0.00000000	0.00000000	0.00000000	0.00000000	0.00000000	0.00000000	0.00000000
k__Bacteria|p__Firmicutes|c__Bacilli|o__Paenibacillales|f__Paenibacillaceae|g__Cohnella	0.00000000	0.00000000	0.00000000	0.00000000	0.00000000	0.00000000	0.00000000	0.00000000
k__Bacteria|p__Firmicutes|c__Bacilli|o__Paenibacillales|f__Paenibacillaceae|g__Paenibacillus	0.00000000	0.00000000	0.00000000	0.00000000	0.00000000	0.00000000	0.00000000	0.00004200
k__Bacteria|p__Firmicutes|c__Bacilli|o__Paenibacillales|f__Paenibacillaceae|g__Saccharibacillus	0.00000000	0.00000000	0.00000000	0.00000000	0.00000000	0.00000000	0.00005299	0.00014701
k__Bacteria|p__Firmicutes|c__Bacilli|o__Staphylococcales|f__Gemellaceae|g__Gemella	0.00000000	0.00000000	0.00000000	0.00000000	0.00000000	0.00000000	0.00003533	0.00000000
k__Bacteria|p__Firmicutes|c__Bacilli|o__Staphylococcales|f__Staphylococcaceae|g__Macrococcus	0.00000000	0.00000000	0.00000000	0.00000000	0.00000000	0.00000000	0.00000000	0.00000000
k__Bacteria|p__Firmicutes|c__Bacilli|o__Staphylococcales|f__Staphylococcaceae|g__Staphylococcus	0.00001792	0.00000000	0.00000000	0.00000000	0.00000000	0.00000000	0.00003533	0.01005986
k__Bacteria|p__Firmicutes|c__Bacilli|o__Thermoactinomycetales|f__Thermoactinomycetaceae|g__Kroppenstedtia	0.00000000	0.00000000	0.00000000	0.00000000	0.00000000	0.00000000	0.00000000	0.00000000
k__Bacteria|p__Firmicutes|c__Clostridia|o__Christensenellales|f__Christensenellaceae|g__Christensenella	0.00000000	0.00000000	0.00000000	0.00000000	0.00001468	0.00000000	0.00008832	0.00006301
k__Bacteria|p__Firmicutes|c__Clostridia|o__Christensenellales|f__Christensenellaceae|g__Christensenellaceae_R_7_group	0.00190002	0.00113476	0.03266058	0.00355312	0.01086047	0.00242174	0.00125408	0.00105009
k__Bacteria|p__Firmicutes|c__Clostridia|o__Clostridia_UCG_014|f__unidentified_Clostridia_UCG_014|g__unidentified_Clostridia_UCG_014	0.00000000	0.00000000	0.00000000	0.00000000	0.00000000	0.00000000	0.00000000	0.00000000
k__Bacteria|p__Firmicutes|c__Clostridia|o__Clostridia_vadinBB60_group|f__unidentified_Clostridia_vadinBB60_group|g__unidentified_Clostridia_vadinBB60_group	0.00000000	0.00000000	0.00000000	0.00000000	0.00000000	0.00001614	0.00000000	0.00004200
k__Bacteria|p__Firmicutes|c__Clostridia|o__Clostridiales|f__Caloramatoraceae|g__Fonticella	0.00000000	0.00000000	0.00000000	0.00000000	0.00000000	0.00003229	0.00000000	0.00000000
k__Bacteria|p__Firmicutes|c__Clostridia|o__Clostridiales|f__Clostridiaceae|g__Candidatus_Arthromitus	0.00000000	0.00000000	0.00000000	0.00000000	0.00000000	0.00000000	0.00003533	0.00006301
k__Bacteria|p__Firmicutes|c__Clostridia|o__Clostridiales|f__Clostridiaceae|g__Clostridium_sensu_stricto_1	0.00019717	0.00031424	0.00006043	0.00135579	0.00135022	0.00088797	0.00026495	0.00155413
k__Bacteria|p__Firmicutes|c__Clostridia|o__Clostridiales|f__Clostridiaceae|g__Clostridium_sensu_stricto_10	0.00000000	0.00000000	0.00000000	0.00000000	0.00000000	0.00000000	0.00000000	0.00000000
k__Bacteria|p__Firmicutes|c__Clostridia|o__Clostridiales|f__Clostridiaceae|g__Clostridium_sensu_stricto_11	0.00000000	0.00000000	0.00000000	0.00003117	0.00000000	0.00000000	0.00000000	0.00000000
k__Bacteria|p__Firmicutes|c__Clostridia|o__Clostridiales|f__Clostridiaceae|g__Clostridium_sensu_stricto_12	0.00001792	0.00000000	0.00000000	0.00001558	0.00007338	0.00000000	0.00000000	0.00000000
k__Bacteria|p__Firmicutes|c__Clostridia|o__Clostridiales|f__Clostridiaceae|g__Clostridium_sensu_stricto_13	0.00000000	0.00001746	0.00000000	0.00000000	0.00000000	0.00001614	0.00000000	0.00000000
k__Bacteria|p__Firmicutes|c__Clostridia|o__Clostridiales|f__Clostridiaceae|g__Clostridium_sensu_stricto_18	0.00000000	0.00000000	0.00000000	0.00000000	0.00000000	0.00000000	0.00001766	0.00000000
k__Bacteria|p__Firmicutes|c__Clostridia|o__Clostridiales|f__Clostridiaceae|g__Clostridium_sensu_stricto_3	0.00000000	0.00003492	0.00000000	0.00001558	0.00000000	0.00000000	0.00000000	0.00000000
k__Bacteria|p__Firmicutes|c__Clostridia|o__Clostridiales|f__Clostridiaceae|g__Clostridium_sensu_stricto_6	0.00000000	0.00000000	0.00000000	0.00003117	0.00000000	0.00000000	0.00000000	0.00000000
k__Bacteria|p__Firmicutes|c__Clostridia|o__Clostridiales|f__Clostridiaceae|g__Haloimpatiens	0.00000000	0.00000000	0.00000000	0.00000000	0.00000000	0.00000000	0.00000000	0.00000000
k__Bacteria|p__Firmicutes|c__Clostridia|o__Clostridiales|f__Clostridiaceae|g__Hathewaya	0.00000000	0.00000000	0.00000000	0.00001558	0.00000000	0.00000000	0.00000000	0.00000000
k__Bacteria|p__Firmicutes|c__Clostridia|o__Clostridiales|f__Clostridiaceae|g__Proteiniclasticum	0.00010755	0.00001746	0.00045320	0.00040518	0.00013209	0.00008072	0.00008832	0.00000000
k__Bacteria|p__Firmicutes|c__Clostridia|o__Eubacteriales|f__Alkalibacteraceae|g__Alkalibacter	0.00050189	0.00013966	0.00021149	0.00021817	0.00042561	0.00004843	0.00005299	0.00004200
k__Bacteria|p__Firmicutes|c__Clostridia|o__Eubacteriales|f__Anaerofustaceae|g__Anaerofustis	0.00000000	0.00000000	0.00003021	0.00003117	0.00016144	0.00000000	0.00000000	0.00012601
k__Bacteria|p__Firmicutes|c__Clostridia|o__Eubacteriales|f__Eubacteriaceae|g__Acetobacterium	0.00012547	0.00003492	0.00000000	0.00003117	0.00008806	0.00001614	0.00003533	0.00000000
k__Bacteria|p__Firmicutes|c__Clostridia|o__Eubacteriales|f__Eubacteriaceae|g__Pseudoramibacter	0.00005377	0.00000000	0.00000000	0.00006234	0.00001468	0.00000000	0.00005299	0.00000000
k__Bacteria|p__Firmicutes|c__Clostridia|o__Lachnospirales|f__Defluviitaleaceae|g__Defluviitaleaceae_UCG_011	0.00003585	0.00000000	0.00000000	0.00000000	0.00029353	0.00003229	0.00044158	0.00027302
k__Bacteria|p__Firmicutes|c__Clostridia|o__Lachnospirales|f__Lachnospiraceae|g__A2	0.00000000	0.00000000	0.00000000	0.00000000	0.00000000	0.00000000	0.00000000	0.00000000
k__Bacteria|p__Firmicutes|c__Clostridia|o__Lachnospirales|f__Lachnospiraceae|g__Acetitomaculum	0.00028679	0.00013966	0.00015107	0.00018701	0.00045497	0.00014530	0.00003533	0.00008401
k__Bacteria|p__Firmicutes|c__Clostridia|o__Lachnospirales|f__Lachnospiraceae|g__Agathobacter	0.00107548	0.00054119	0.00054384	0.00105970	0.00280318	0.00175980	0.00074185	0.00033603
k__Bacteria|p__Firmicutes|c__Clostridia|o__Lachnospirales|f__Lachnospiraceae|g__Anaerosporobacter	0.00000000	0.00000000	0.00006043	0.00000000	0.00000000	0.00000000	0.00000000	0.00000000
k__Bacteria|p__Firmicutes|c__Clostridia|o__Lachnospirales|f__Lachnospiraceae|g__Anaerostipes	0.00000000	0.00000000	0.00009064	0.00000000	0.00000000	0.00000000	0.00000000	0.00000000
k__Bacteria|p__Firmicutes|c__Clostridia|o__Lachnospirales|f__Lachnospiraceae|g__Blautia	0.00026887	0.00008729	0.00024171	0.00012467	0.00165842	0.00043591	0.00379758	0.00285624
k__Bacteria|p__Firmicutes|c__Clostridia|o__Lachnospirales|f__Lachnospiraceae|g__Butyrivibrio	0.00001792	0.00003492	0.00069491	0.00024934	0.00017612	0.00009687	0.00000000	0.00000000
k__Bacteria|p__Firmicutes|c__Clostridia|o__Lachnospirales|f__Lachnospiraceae|g__CHKCI001	0.00003585	0.00000000	0.00000000	0.00000000	0.00000000	0.00000000	0.00000000	0.00086107
k__Bacteria|p__Firmicutes|c__Clostridia|o__Lachnospirales|f__Lachnospiraceae|g__Catonella	0.00000000	0.00000000	0.00000000	0.00000000	0.00004403	0.00000000	0.00000000	0.00000000
k__Bacteria|p__Firmicutes|c__Clostridia|o__Lachnospirales|f__Lachnospiraceae|g__Cellulosilyticum	0.00000000	0.00000000	0.00000000	0.00000000	0.00000000	0.00000000	0.00000000	0.00008401
k__Bacteria|p__Firmicutes|c__Clostridia|o__Lachnospirales|f__Lachnospiraceae|g__Coprococcus	0.00016132	0.00013966	0.00000000	0.00009350	0.00046964	0.00006458	0.00007065	0.00004200
k__Bacteria|p__Firmicutes|c__Clostridia|o__Lachnospirales|f__Lachnospiraceae|g__Epulopiscium	0.00000000	0.00000000	0.00000000	0.00000000	0.00000000	0.00000000	0.00000000	0.00018902
k__Bacteria|p__Firmicutes|c__Clostridia|o__Lachnospirales|f__Lachnospiraceae|g__Fusicatenibacter	0.00016132	0.00001746	0.00000000	0.00000000	0.00014676	0.00000000	0.00007065	0.00002100
k__Bacteria|p__Firmicutes|c__Clostridia|o__Lachnospirales|f__Lachnospiraceae|g__GCA_900066575	0.00000000	0.00000000	0.00012085	0.00000000	0.00004403	0.00000000	0.00095381	0.00002100
k__Bacteria|p__Firmicutes|c__Clostridia|o__Lachnospirales|f__Lachnospiraceae|g__Howardella	0.00001792	0.00000000	0.00000000	0.00000000	0.00004403	0.00000000	0.00000000	0.00000000
k__Bacteria|p__Firmicutes|c__Clostridia|o__Lachnospirales|f__Lachnospiraceae|g__Johnsonella	0.00000000	0.00000000	0.00000000	0.00000000	0.00000000	0.00000000	0.00000000	0.00000000
k__Bacteria|p__Firmicutes|c__Clostridia|o__Lachnospirales|f__Lachnospiraceae|g__Lachnoanaerobaculum	0.00000000	0.00000000	0.00000000	0.00000000	0.00000000	0.00000000	0.00000000	0.00000000
k__Bacteria|p__Firmicutes|c__Clostridia|o__Lachnospirales|f__Lachnospiraceae|g__Lachnoclostridium	0.00007170	0.00010475	0.00000000	0.00020259	0.00019079	0.00003229	0.00012364	0.00006301
k__Bacteria|p__Firmicutes|c__Clostridia|o__Lachnospirales|f__Lachnospiraceae|g__Lachnospira	0.00014340	0.00012220	0.00018128	0.00009350	0.00004403	0.00017759	0.00008832	0.00006301
k__Bacteria|p__Firmicutes|c__Clostridia|o__Lachnospirales|f__Lachnospiraceae|g__Lachnospiraceae_AC2044_group	0.00000000	0.00000000	0.00015107	0.00000000	0.00002935	0.00000000	0.00000000	0.00000000
k__Bacteria|p__Firmicutes|c__Clostridia|o__Lachnospirales|f__Lachnospiraceae|g__Lachnospiraceae_FCS020_group	0.00000000	0.00000000	0.00000000	0.00000000	0.00000000	0.00000000	0.00000000	0.00000000
k__Bacteria|p__Firmicutes|c__Clostridia|o__Lachnospirales|f__Lachnospiraceae|g__Lachnospiraceae_ND3007_group	0.00001792	0.00000000	0.00000000	0.00000000	0.00001468	0.00006458	0.00000000	0.00000000
k__Bacteria|p__Firmicutes|c__Clostridia|o__Lachnospirales|f__Lachnospiraceae|g__Lachnospiraceae_NK3A20_group	0.00008962	0.00001746	0.00018128	0.00010909	0.00002935	0.00012916	0.00003533	0.00002100
k__Bacteria|p__Firmicutes|c__Clostridia|o__Lachnospirales|f__Lachnospiraceae|g__Lachnospiraceae_NK4A136_group	0.00000000	0.00005237	0.00166173	0.00010909	0.00032288	0.00008072	0.00807207	0.00046204
k__Bacteria|p__Firmicutes|c__Clostridia|o__Lachnospirales|f__Lachnospiraceae|g__Lachnospiraceae_UCG_001	0.00000000	0.00000000	0.00000000	0.00000000	0.00000000	0.00000000	0.00000000	0.00000000
k__Bacteria|p__Firmicutes|c__Clostridia|o__Lachnospirales|f__Lachnospiraceae|g__Lachnospiraceae_UCG_002	0.00000000	0.00000000	0.00009064	0.00000000	0.00002935	0.00000000	0.00000000	0.00000000
k__Bacteria|p__Firmicutes|c__Clostridia|o__Lachnospirales|f__Lachnospiraceae|g__Lachnospiraceae_UCG_004	0.00001792	0.00005237	0.00000000	0.00003117	0.00007338	0.00003229	0.00001766	0.00002100
k__Bacteria|p__Firmicutes|c__Clostridia|o__Lachnospirales|f__Lachnospiraceae|g__Lachnospiraceae_UCG_006	0.00000000	0.00000000	0.00024171	0.00000000	0.00001468	0.00000000	0.00090082	0.00002100
k__Bacteria|p__Firmicutes|c__Clostridia|o__Lachnospirales|f__Lachnospiraceae|g__Lachnospiraceae_UCG_008	0.00000000	0.00000000	0.00033235	0.00000000	0.00000000	0.00000000	0.00000000	0.00000000
k__Bacteria|p__Firmicutes|c__Clostridia|o__Lachnospirales|f__Lachnospiraceae|g__Lachnospiraceae_UCG_010	0.00000000	0.00000000	0.00003021	0.00000000	0.00000000	0.00000000	0.00007065	0.00000000
k__Bacteria|p__Firmicutes|c__Clostridia|o__Lachnospirales|f__Lachnospiraceae|g__Lachnospiraceae_XPB1014_group	0.00000000	0.00000000	0.00051363	0.00000000	0.00002935	0.00000000	0.00001766	0.00000000
k__Bacteria|p__Firmicutes|c__Clostridia|o__Lachnospirales|f__Lachnospiraceae|g__Lachnotalea	0.00003585	0.00000000	0.00003021	0.00009350	0.00002935	0.00001614	0.00000000	0.00010501
k__Bacteria|p__Firmicutes|c__Clostridia|o__Lachnospirales|f__Lachnospiraceae|g__Marvinbryantia	0.00000000	0.00000000	0.00000000	0.00000000	0.00000000	0.00000000	0.00001766	0.00000000
k__Bacteria|p__Firmicutes|c__Clostridia|o__Lachnospirales|f__Lachnospiraceae|g__Moryella	0.00000000	0.00000000	0.00021149	0.00000000	0.00000000	0.00000000	0.00000000	0.00000000
k__Bacteria|p__Firmicutes|c__Clostridia|o__Lachnospirales|f__Lachnospiraceae|g__Oribacterium	0.00003585	0.00010475	0.00000000	0.00006234	0.00033756	0.00011301	0.00005299	0.00000000
k__Bacteria|p__Firmicutes|c__Clostridia|o__Lachnospirales|f__Lachnospiraceae|g__Roseburia	0.00014340	0.00010475	0.00006043	0.00018701	0.00052835	0.00032290	0.00040625	0.00014701
k__Bacteria|p__Firmicutes|c__Clostridia|o__Lachnospirales|f__Lachnospiraceae|g__Shuttleworthia	0.00005377	0.00003492	0.00003021	0.00004675	0.00008806	0.00008072	0.00005299	0.00021002
k__Bacteria|p__Firmicutes|c__Clostridia|o__Lachnospirales|f__Lachnospiraceae|g__Stomatobaculum	0.00000000	0.00000000	0.00000000	0.00000000	0.00000000	0.00000000	0.00000000	0.00000000
k__Bacteria|p__Firmicutes|c__Clostridia|o__Lachnospirales|f__Lachnospiraceae|g__Syntrophococcus	0.00000000	0.00000000	0.00000000	0.00000000	0.00000000	0.00000000	0.00000000	0.00000000
k__Bacteria|p__Firmicutes|c__Clostridia|o__Lachnospirales|f__Lachnospiraceae|g__Tyzzerella	0.00000000	0.00000000	0.00250770	0.00000000	0.00000000	0.00000000	0.00000000	0.00000000
k__Bacteria|p__Firmicutes|c__Clostridia|o__Lachnospirales|f__Lachnospiraceae|g__XBB1006	0.00001792	0.00001746	0.00000000	0.00004675	0.00002935	0.00001614	0.00000000	0.00000000
k__Bacteria|p__Firmicutes|c__Clostridia|o__Lachnospirales|f__Lachnospiraceae|g___Eubacterium__eligens_group	0.00030472	0.00012220	0.00006043	0.00020259	0.00038158	0.00038748	0.00001766	0.00004200
k__Bacteria|p__Firmicutes|c__Clostridia|o__Lachnospirales|f__Lachnospiraceae|g___Eubacterium__fissicatena_group	0.00000000	0.00000000	0.00000000	0.00000000	0.00000000	0.00000000	0.00160735	0.00000000
k__Bacteria|p__Firmicutes|c__Clostridia|o__Lachnospirales|f__Lachnospiraceae|g___Eubacterium__hallii_group	0.00000000	0.00000000	0.00000000	0.00000000	0.00000000	0.00000000	0.00003533	0.00004200
k__Bacteria|p__Firmicutes|c__Clostridia|o__Lachnospirales|f__Lachnospiraceae|g___Eubacterium__ruminantium_group	0.00000000	0.00000000	0.00039277	0.00000000	0.00000000	0.00000000	0.00113044	0.00000000
k__Bacteria|p__Firmicutes|c__Clostridia|o__Lachnospirales|f__Lachnospiraceae|g___Eubacterium__ventriosum_group	0.00000000	0.00001746	0.00003021	0.00000000	0.00002935	0.00000000	0.00000000	0.00000000
k__Bacteria|p__Firmicutes|c__Clostridia|o__Lachnospirales|f__Lachnospiraceae|g___Eubacterium__xylanophilum_group	0.00001792	0.00000000	0.00003021	0.00001558	0.00001468	0.00001614	0.00021196	0.00006301
k__Bacteria|p__Firmicutes|c__Clostridia|o__Lachnospirales|f__Lachnospiraceae|g___Ruminococcus__gauvreauii_group	0.00000000	0.00000000	0.00000000	0.00000000	0.00005871	0.00001614	0.00003533	0.00000000
k__Bacteria|p__Firmicutes|c__Clostridia|o__Lachnospirales|f__Lachnospiraceae|g___Ruminococcus__torques_group	0.00001792	0.00001746	0.00000000	0.00006234	0.00085123	0.00004843	0.01114546	0.00094508
k__Bacteria|p__Firmicutes|c__Clostridia|o__Lachnospirales|f__Lachnospiraceae|g__probable_genus_10	0.00000000	0.00000000	0.00015107	0.00000000	0.00000000	0.00000000	0.00001766	0.00000000
k__Bacteria|p__Firmicutes|c__Clostridia|o__Monoglobales|f__Monoglobaceae|g__Monoglobus	0.00007170	0.00001746	0.00006043	0.00010909	0.00016144	0.00008072	0.00003533	0.00027302
k__Bacteria|p__Firmicutes|c__Clostridia|o__Oscillospirales|f__Butyricicoccaceae|g__Butyricicoccus	0.00001792	0.00001746	0.00000000	0.00006234	0.00000000	0.00006458	0.00008832	0.00039903
k__Bacteria|p__Firmicutes|c__Clostridia|o__Oscillospirales|f__Butyricicoccaceae|g__UCG_009	0.00019717	0.00001746	0.00006043	0.00000000	0.00013209	0.00001614	0.00005299	0.00000000
k__Bacteria|p__Firmicutes|c__Clostridia|o__Oscillospirales|f__Ethanoligenenaceae|g__Acetanaerobacterium	0.00007170	0.00015712	0.00012085	0.00024934	0.00038158	0.00012916	0.00007065	0.00000000
k__Bacteria|p__Firmicutes|c__Clostridia|o__Oscillospirales|f__Hungateiclostridiaceae|g__Acetivibrio	0.00003585	0.00000000	0.00000000	0.00000000	0.00001468	0.00000000	0.00005299	0.00000000
k__Bacteria|p__Firmicutes|c__Clostridia|o__Oscillospirales|f__Hungateiclostridiaceae|g__Ercella	0.00161322	0.00045390	0.00012085	0.00085711	0.00154101	0.00048435	0.00031794	0.00016801
k__Bacteria|p__Firmicutes|c__Clostridia|o__Oscillospirales|f__Hungateiclostridiaceae|g__Fastidiosipila	0.00000000	0.00000000	0.00000000	0.00003117	0.00000000	0.00001614	0.00000000	0.00000000
k__Bacteria|p__Firmicutes|c__Clostridia|o__Oscillospirales|f__Hungateiclostridiaceae|g__HN_HF0106	0.00032264	0.00010475	0.00000000	0.00012467	0.00036691	0.00019374	0.00012364	0.00000000
k__Bacteria|p__Firmicutes|c__Clostridia|o__Oscillospirales|f__Hungateiclostridiaceae|g__Ruminiclostridium	0.00000000	0.00001746	0.00000000	0.00001558	0.00000000	0.00001614	0.00000000	0.00000000
k__Bacteria|p__Firmicutes|c__Clostridia|o__Oscillospirales|f__Hungateiclostridiaceae|g__Saccharofermentans	0.00148775	0.00429462	0.00347453	0.04542692	0.04072677	0.02775311	0.02241455	0.01108894
k__Bacteria|p__Firmicutes|c__Clostridia|o__Oscillospirales|f__Oscillospiraceae|g__Colidextribacter	0.00001792	0.00000000	0.00042299	0.00004675	0.00030820	0.00003229	0.00512232	0.00039903
k__Bacteria|p__Firmicutes|c__Clostridia|o__Oscillospirales|f__Oscillospiraceae|g__Flavonifractor	0.00001792	0.00000000	0.00003021	0.00000000	0.00008806	0.00000000	0.00019429	0.00044104
k__Bacteria|p__Firmicutes|c__Clostridia|o__Oscillospirales|f__Oscillospiraceae|g__Intestinimonas	0.00000000	0.00000000	0.00021149	0.00000000	0.00000000	0.00000000	0.00010598	0.00006301
k__Bacteria|p__Firmicutes|c__Clostridia|o__Oscillospirales|f__Oscillospiraceae|g__NK4A214_group	0.00003585	0.00017458	0.01625476	0.00060777	0.00074849	0.00030675	0.00058288	0.00016801
k__Bacteria|p__Firmicutes|c__Clostridia|o__Oscillospirales|f__Oscillospiraceae|g__Oscillibacter	0.00007170	0.00000000	0.00003021	0.00003117	0.00010273	0.00004843	0.00051223	0.00025202
k__Bacteria|p__Firmicutes|c__Clostridia|o__Oscillospirales|f__Oscillospiraceae|g__Papillibacter	0.00000000	0.00000000	0.00096683	0.00000000	0.00000000	0.00000000	0.00003533	0.00000000
k__Bacteria|p__Firmicutes|c__Clostridia|o__Oscillospirales|f__Oscillospiraceae|g__Sporobacter	0.00012547	0.00012220	0.00009064	0.00031168	0.00113008	0.00025832	0.00005299	0.00006301
k__Bacteria|p__Firmicutes|c__Clostridia|o__Oscillospirales|f__Oscillospiraceae|g__UCG_002	0.00010755	0.00033170	0.00084597	0.00085711	0.00421210	0.00093641	0.00026495	0.00023102
k__Bacteria|p__Firmicutes|c__Clostridia|o__Oscillospirales|f__Oscillospiraceae|g__UCG_003	0.00005377	0.00001746	0.00000000	0.00006234	0.00020547	0.00012916	0.00000000	0.00000000
k__Bacteria|p__Firmicutes|c__Clostridia|o__Oscillospirales|f__Oscillospiraceae|g__UCG_005	0.00023302	0.00003492	0.00105747	0.00035843	0.00049899	0.00033904	0.00012364	0.00115510
k__Bacteria|p__Firmicutes|c__Clostridia|o__Oscillospirales|f__Ruminococcaceae|g__Anaerofilum	0.00005377	0.00000000	0.00000000	0.00001558	0.00004403	0.00000000	0.00003533	0.00000000
k__Bacteria|p__Firmicutes|c__Clostridia|o__Oscillospirales|f__Ruminococcaceae|g__Anaerotruncus	0.00000000	0.00000000	0.00000000	0.00001558	0.00000000	0.00001614	0.00035326	0.00000000
k__Bacteria|p__Firmicutes|c__Clostridia|o__Oscillospirales|f__Ruminococcaceae|g__Candidatus_Soleaferrea	0.00008962	0.00076814	0.00033235	0.00204148	0.01225472	0.00179209	0.00188996	0.00039903
k__Bacteria|p__Firmicutes|c__Clostridia|o__Oscillospirales|f__Ruminococcaceae|g__DTU089	0.00000000	0.00000000	0.00000000	0.00000000	0.00000000	0.00000000	0.00000000	0.00010501
k__Bacteria|p__Firmicutes|c__Clostridia|o__Oscillospirales|f__Ruminococcaceae|g__Faecalibacterium	0.00073491	0.00061102	0.00054384	0.00196356	0.00469642	0.00385864	0.00024728	0.00260422
k__Bacteria|p__Firmicutes|c__Clostridia|o__Oscillospirales|f__Ruminococcaceae|g__Fournierella	0.00000000	0.00000000	0.00000000	0.00001558	0.00001468	0.00000000	0.00000000	0.00014701
k__Bacteria|p__Firmicutes|c__Clostridia|o__Oscillospirales|f__Ruminococcaceae|g__Harryflintia	0.00000000	0.00000000	0.00000000	0.00000000	0.00000000	0.00000000	0.00017663	0.00002100
k__Bacteria|p__Firmicutes|c__Clostridia|o__Oscillospirales|f__Ruminococcaceae|g__Negativibacillus	0.00000000	0.00000000	0.00006043	0.00000000	0.00001468	0.00000000	0.00005299	0.00006301
k__Bacteria|p__Firmicutes|c__Clostridia|o__Oscillospirales|f__Ruminococcaceae|g__Phocea	0.00000000	0.00000000	0.00000000	0.00000000	0.00000000	0.00001614	0.00005299	0.00000000
k__Bacteria|p__Firmicutes|c__Clostridia|o__Oscillospirales|f__Ruminococcaceae|g__Pygmaiobacter	0.00000000	0.00000000	0.00000000	0.00003117	0.00000000	0.00000000	0.00000000	0.00000000
k__Bacteria|p__Firmicutes|c__Clostridia|o__Oscillospirales|f__Ruminococcaceae|g__Ruminococcus	0.00084246	0.00024441	0.00157109	0.00067011	0.00136490	0.00029061	0.00052989	0.00058805
k__Bacteria|p__Firmicutes|c__Clostridia|o__Oscillospirales|f__Ruminococcaceae|g__Subdoligranulum	0.00034057	0.00033170	0.00048341	0.00046752	0.00146763	0.00061351	0.00008832	0.00088207
k__Bacteria|p__Firmicutes|c__Clostridia|o__Oscillospirales|f__Ruminococcaceae|g__UBA1819	0.00000000	0.00000000	0.00000000	0.00000000	0.00001468	0.00001614	0.00003533	0.00039903
k__Bacteria|p__Firmicutes|c__Clostridia|o__Oscillospirales|f__Ruminococcaceae|g__UCG_001	0.00000000	0.00000000	0.00036256	0.00000000	0.00000000	0.00000000	0.00000000	0.00000000
k__Bacteria|p__Firmicutes|c__Clostridia|o__Oscillospirales|f__Ruminococcaceae|g___Eubacterium__siraeum_group	0.00003585	0.00000000	0.00000000	0.00000000	0.00000000	0.00000000	0.00001766	0.00008401
k__Bacteria|p__Firmicutes|c__Clostridia|o__Oscillospirales|f__unidentified_Oscillospirales|g__Hydrogenoanaerobacterium	0.00012547	0.00012220	0.00003021	0.00012467	0.00046964	0.00009687	0.00019429	0.00008401
k__Bacteria|p__Firmicutes|c__Clostridia|o__Peptococcales|f__Peptococcaceae|g__Dehalobacterium	0.00007170	0.00005237	0.00000000	0.00023376	0.00044029	0.00020988	0.00014131	0.00002100
k__Bacteria|p__Firmicutes|c__Clostridia|o__Peptococcales|f__Peptococcaceae|g__Peptococcus	0.00000000	0.00000000	0.00000000	0.00000000	0.00000000	0.00000000	0.00001766	0.00000000
k__Bacteria|p__Firmicutes|c__Clostridia|o__Peptostreptococcales_Tissierellales|f__Acidaminobacteraceae|g__Acidaminobacter	0.00077076	0.00047136	0.00117832	0.00020259	0.00099799	0.00029061	0.00047691	0.00195317
k__Bacteria|p__Firmicutes|c__Clostridia|o__Peptostreptococcales_Tissierellales|f__Anaerovoracaceae|g__Anaerovorax	0.00548495	0.01436777	0.01302193	0.02443548	0.19647181	0.01401379	0.01388325	0.00846372
k__Bacteria|p__Firmicutes|c__Clostridia|o__Peptostreptococcales_Tissierellales|f__Anaerovoracaceae|g__Family_XIII_AD3011_group	0.00005377	0.00005237	0.00036256	0.00009350	0.00008806	0.00003229	0.00001766	0.00000000
k__Bacteria|p__Firmicutes|c__Clostridia|o__Peptostreptococcales_Tissierellales|f__Anaerovoracaceae|g__Family_XIII_UCG_001	0.00000000	0.00000000	0.00009064	0.00001558	0.00002935	0.00001614	0.00001766	0.00000000
k__Bacteria|p__Firmicutes|c__Clostridia|o__Peptostreptococcales_Tissierellales|f__Anaerovoracaceae|g__Mogibacterium	0.00000000	0.00000000	0.00003021	0.00000000	0.00000000	0.00001614	0.00000000	0.00000000
k__Bacteria|p__Firmicutes|c__Clostridia|o__Peptostreptococcales_Tissierellales|f__Anaerovoracaceae|g___Eubacterium__brachy_group	0.00012547	0.00031424	0.00045320	0.00073244	0.00300864	0.00032290	0.00024728	0.00000000
k__Bacteria|p__Firmicutes|c__Clostridia|o__Peptostreptococcales_Tissierellales|f__Anaerovoracaceae|g___Eubacterium__nodatum_group	0.00000000	0.00000000	0.00006043	0.00000000	0.00002935	0.00000000	0.00019429	0.00006301
k__Bacteria|p__Firmicutes|c__Clostridia|o__Peptostreptococcales_Tissierellales|f__Family_XI|g__Anaerococcus	0.00000000	0.00000000	0.00000000	0.00000000	0.00000000	0.00000000	0.00000000	0.00000000
k__Bacteria|p__Firmicutes|c__Clostridia|o__Peptostreptococcales_Tissierellales|f__Family_XI|g__Gallicola	0.00000000	0.00000000	0.00000000	0.00000000	0.00000000	0.00000000	0.00000000	0.00000000
k__Bacteria|p__Firmicutes|c__Clostridia|o__Peptostreptococcales_Tissierellales|f__Family_XI|g__Parvimonas	0.00000000	0.00000000	0.00000000	0.00000000	0.00000000	0.00000000	0.00000000	0.00006301
k__Bacteria|p__Firmicutes|c__Clostridia|o__Peptostreptococcales_Tissierellales|f__Family_XI|g__Soehngenia	0.00068114	0.00076814	0.00045320	0.00034284	0.00038158	0.00019374	0.00000000	0.00006301
k__Bacteria|p__Firmicutes|c__Clostridia|o__Peptostreptococcales_Tissierellales|f__Family_XI|g__Tissierella	0.00000000	0.00000000	0.00000000	0.00001558	0.00000000	0.00001614	0.00000000	0.00000000
k__Bacteria|p__Firmicutes|c__Clostridia|o__Peptostreptococcales_Tissierellales|f__Family_XI|g__W5053	0.00001792	0.00001746	0.00000000	0.00003117	0.00005871	0.00001614	0.00000000	0.00000000
k__Bacteria|p__Firmicutes|c__Clostridia|o__Peptostreptococcales_Tissierellales|f__Fusibacteraceae|g__Fusibacter	0.00082454	0.00033170	0.00042299	0.00015584	0.00161439	0.00025832	0.00019429	0.00123911
k__Bacteria|p__Firmicutes|c__Clostridia|o__Peptostreptococcales_Tissierellales|f__Peptostreptococcaceae|g__Acetoanaerobium	0.00030472	0.00005237	0.00054384	0.00054543	0.00099799	0.00043591	0.00010598	0.00039903
k__Bacteria|p__Firmicutes|c__Clostridia|o__Peptostreptococcales_Tissierellales|f__Peptostreptococcaceae|g__Filifactor	0.00000000	0.00000000	0.00000000	0.00000000	0.00000000	0.00000000	0.00000000	0.00000000
k__Bacteria|p__Firmicutes|c__Clostridia|o__Peptostreptococcales_Tissierellales|f__Peptostreptococcaceae|g__Intestinibacter	0.00001792	0.00000000	0.00003021	0.00001558	0.00001468	0.00006458	0.00000000	0.00035703
k__Bacteria|p__Firmicutes|c__Clostridia|o__Peptostreptococcales_Tissierellales|f__Peptostreptococcaceae|g__Peptoclostridium	0.00000000	0.00000000	0.00012085	0.00000000	0.00000000	0.00004843	0.00000000	0.00000000
k__Bacteria|p__Firmicutes|c__Clostridia|o__Peptostreptococcales_Tissierellales|f__Peptostreptococcaceae|g__Peptostreptococcus	0.00003585	0.00000000	0.00000000	0.00000000	0.00000000	0.00000000	0.00000000	0.00008401
k__Bacteria|p__Firmicutes|c__Clostridia|o__Peptostreptococcales_Tissierellales|f__Peptostreptococcaceae|g__Proteocatella	0.00007170	0.00010475	0.00018128	0.00004675	0.00051367	0.00006458	0.00000000	0.00008401
k__Bacteria|p__Firmicutes|c__Clostridia|o__Peptostreptococcales_Tissierellales|f__Peptostreptococcaceae|g__Romboutsia	0.00003585	0.00006983	0.00024171	0.00007792	0.00017612	0.00008072	0.00482204	0.00136512
k__Bacteria|p__Firmicutes|c__Clostridia|o__Peptostreptococcales_Tissierellales|f__Peptostreptococcaceae|g___Eubacterium__yurii_group	0.00000000	0.00000000	0.00000000	0.00000000	0.00000000	0.00000000	0.00000000	0.00000000
k__Bacteria|p__Firmicutes|c__Clostridia|o__Peptostreptococcales_Tissierellales|f__Sedimentibacteraceae|g__Sedimentibacter	0.00016132	0.00005237	0.00018128	0.00006234	0.00054302	0.00000000	0.00003533	0.00000000
k__Bacteria|p__Firmicutes|c__Clostridia|o__Peptostreptococcales_Tissierellales|f__Thermotaleaceae|g__Geosporobacter	0.00003585	0.00000000	0.00000000	0.00000000	0.00000000	0.00000000	0.00000000	0.00000000
k__Bacteria|p__Firmicutes|c__Clostridia|o__Peptostreptococcales_Tissierellales|f__unidentified_Peptostreptococcales_Tissierellales|g__Gottschalkia	0.00000000	0.00000000	0.00000000	0.00003117	0.00000000	0.00004843	0.00000000	0.00000000
k__Bacteria|p__Firmicutes|c__Clostridia|o__Peptostreptococcales_Tissierellales|f__unidentified_Peptostreptococcales_Tissierellales|g__Guggenheimella	0.00000000	0.00000000	0.00000000	0.00000000	0.00001468	0.00000000	0.00000000	0.00000000
k__Bacteria|p__Firmicutes|c__Clostridia|o__Peptostreptococcales_Tissierellales|f__unidentified_Peptostreptococcales_Tissierellales|g__JTB215	0.00000000	0.00000000	0.00000000	0.00001558	0.00001468	0.00000000	0.00001766	0.00004200
k__Bacteria|p__Firmicutes|c__Clostridia|o__Proteinivoracales|f__unidentified_Proteinivoracales|g__Anaerobranca	0.00010755	0.00000000	0.00000000	0.00000000	0.00000000	0.00000000	0.00000000	0.00000000
k__Bacteria|p__Firmicutes|c__Clostridia|o__Thermincolales|f__Thermincolaceae|g__Thermincola	0.00000000	0.00000000	0.00000000	0.00000000	0.00000000	0.00000000	0.00000000	0.00000000
k__Bacteria|p__Firmicutes|c__Clostridia|o__unidentified_Clostridia|f__Gracilibacteraceae|g__Gracilibacter	0.00000000	0.00000000	0.00000000	0.00000000	0.00000000	0.00000000	0.00000000	0.00000000
k__Bacteria|p__Firmicutes|c__Clostridia|o__unidentified_Clostridia|f__Gracilibacteraceae|g__Lutispora	0.00000000	0.00003492	0.00000000	0.00000000	0.00000000	0.00000000	0.00000000	0.00000000
k__Bacteria|p__Firmicutes|c__Desulfitobacteriia|o__Desulfitobacteriales|f__Desulfitobacteriaceae|g__Desulfitobacterium	0.00001792	0.00001746	0.00000000	0.00000000	0.00000000	0.00000000	0.00000000	0.00000000
k__Bacteria|p__Firmicutes|c__Desulfitobacteriia|o__Desulfitobacteriales|f__Desulfitobacteriaceae|g__Desulfosporosinus	0.00000000	0.00000000	0.00000000	0.00000000	0.00000000	0.00000000	0.00000000	0.00000000
k__Bacteria|p__Firmicutes|c__Desulfitobacteriia|o__Desulfitobacteriales|f__Syntrophobotulaceae|g__Candidatus_Dichloromethanomonas	0.00164907	0.00010475	0.00051363	0.00014025	0.00077784	0.00022603	0.00028261	0.00002100
k__Bacteria|p__Firmicutes|c__Desulfitobacteriia|o__Desulfitobacteriales|f__Syntrophobotulaceae|g__Syntrophobotulus	0.00003585	0.00000000	0.00012085	0.00000000	0.00000000	0.00000000	0.00000000	0.00000000
k__Bacteria|p__Firmicutes|c__Desulfitobacteriia|o__Desulfitobacteriales|f__unidentified_Desulfitobacteriales|g__TC1	0.00060944	0.00125696	0.00045320	0.00144930	0.00396260	0.00075881	0.00037093	0.00025202
k__Bacteria|p__Firmicutes|c__Desulfotomaculia|o__Desulfotomaculales|f__Desulfurisporaceae|g__Desulfurispora	0.00001792	0.00013966	0.00006043	0.00014025	0.00026417	0.00020988	0.00005299	0.00000000
k__Bacteria|p__Firmicutes|c__Dethiobacteria|o__Dethiobacterales|f__Dethiobacteraceae|g__Dethiobacter	0.00001792	0.00000000	0.00006043	0.00000000	0.00000000	0.00000000	0.00000000	0.00000000
k__Bacteria|p__Firmicutes|c__Limnochordia|o__unidentified_Limnochordia|f__unidentified_Limnochordia|g__Hydrogenispora	0.00000000	0.00001746	0.00000000	0.00000000	0.00000000	0.00000000	0.00000000	0.00000000
k__Bacteria|p__Firmicutes|c__Negativicutes|o__Acidaminococcales|f__Acidaminococcaceae|g__Acidaminococcus	0.00007170	0.00000000	0.00006043	0.00006234	0.00004403	0.00003229	0.00000000	0.00000000
k__Bacteria|p__Firmicutes|c__Negativicutes|o__Acidaminococcales|f__Acidaminococcaceae|g__Phascolarctobacterium	0.00000000	0.00003492	0.00000000	0.00014025	0.00046964	0.00019374	0.00489270	0.00035703
k__Bacteria|p__Firmicutes|c__Negativicutes|o__Acidaminococcales|f__Acidaminococcaceae|g__Succiniclasticum	0.00000000	0.00000000	0.00238685	0.00000000	0.00007338	0.00006458	0.00000000	0.00000000
k__Bacteria|p__Firmicutes|c__Negativicutes|o__Acidaminococcales|f__Acidaminococcaceae|g__Succinispira	0.00000000	0.00001746	0.00000000	0.00004675	0.00001468	0.00004843	0.00000000	0.00004200
k__Bacteria|p__Firmicutes|c__Negativicutes|o__Veillonellales_Selenomonadales|f__Selenomonadaceae|g__Anaerovibrio	0.00001792	0.00005237	0.00018128	0.00048310	0.00035223	0.00017759	0.00000000	0.00002100
k__Bacteria|p__Firmicutes|c__Negativicutes|o__Veillonellales_Selenomonadales|f__Selenomonadaceae|g__Centipeda	0.00000000	0.00000000	0.00000000	0.00000000	0.00000000	0.00000000	0.00000000	0.00000000
k__Bacteria|p__Firmicutes|c__Negativicutes|o__Veillonellales_Selenomonadales|f__Selenomonadaceae|g__Megamonas	0.00001792	0.00008729	0.00012085	0.00057660	0.00011741	0.00137232	0.00003533	0.00006301
k__Bacteria|p__Firmicutes|c__Negativicutes|o__Veillonellales_Selenomonadales|f__Selenomonadaceae|g__Mitsuokella	0.00000000	0.00045390	0.00027192	0.00081036	0.00195195	0.00193739	0.00007065	0.00008401
k__Bacteria|p__Firmicutes|c__Negativicutes|o__Veillonellales_Selenomonadales|f__Selenomonadaceae|g__Pectinatus	0.00000000	0.00003492	0.00000000	0.00000000	0.00000000	0.00000000	0.00000000	0.00000000
k__Bacteria|p__Firmicutes|c__Negativicutes|o__Veillonellales_Selenomonadales|f__Selenomonadaceae|g__Propionispira	0.00000000	0.00000000	0.00003021	0.00020259	0.00005871	0.00001614	0.00001766	0.00000000
k__Bacteria|p__Firmicutes|c__Negativicutes|o__Veillonellales_Selenomonadales|f__Selenomonadaceae|g__Schwartzia	0.00000000	0.00001746	0.00000000	0.00003117	0.00004403	0.00001614	0.00000000	0.00002100
k__Bacteria|p__Firmicutes|c__Negativicutes|o__Veillonellales_Selenomonadales|f__Selenomonadaceae|g__Selenomonas	0.00008962	0.00012220	0.00027192	0.00174539	0.00076317	0.00079110	0.00015897	0.00008401
k__Bacteria|p__Firmicutes|c__Negativicutes|o__Veillonellales_Selenomonadales|f__Selenomonadaceae|g__Veillonellaceae_UCG_001	0.00000000	0.00000000	0.00015107	0.00000000	0.00002935	0.00000000	0.00001766	0.00000000
k__Bacteria|p__Firmicutes|c__Negativicutes|o__Veillonellales_Selenomonadales|f__Sporomusaceae|g__Anaeromusa_Anaeroarcus	0.00016132	0.00019204	0.00036256	0.00062335	0.00032288	0.00045206	0.00007065	0.00004200
k__Bacteria|p__Firmicutes|c__Negativicutes|o__Veillonellales_Selenomonadales|f__Sporomusaceae|g__Anaerosinus	0.00003585	0.00005237	0.00000000	0.00010909	0.00007338	0.00011301	0.00001766	0.00002100
k__Bacteria|p__Firmicutes|c__Negativicutes|o__Veillonellales_Selenomonadales|f__Sporomusaceae|g__Anaerospora	0.00001792	0.00013966	0.00009064	0.00012467	0.00005871	0.00003229	0.00000000	0.00000000
k__Bacteria|p__Firmicutes|c__Negativicutes|o__Veillonellales_Selenomonadales|f__Sporomusaceae|g__Pelosinus	0.00000000	0.00000000	0.00000000	0.00000000	0.00000000	0.00001614	0.00000000	0.00002100
k__Bacteria|p__Firmicutes|c__Negativicutes|o__Veillonellales_Selenomonadales|f__Sporomusaceae|g__Sporomusa	0.00000000	0.00000000	0.00003021	0.00003117	0.00007338	0.00008072	0.00000000	0.00002100
k__Bacteria|p__Firmicutes|c__Negativicutes|o__Veillonellales_Selenomonadales|f__Veillonellaceae|g__Allisonella	0.00003585	0.00001746	0.00000000	0.00004675	0.00002935	0.00001614	0.00001766	0.00000000
k__Bacteria|p__Firmicutes|c__Negativicutes|o__Veillonellales_Selenomonadales|f__Veillonellaceae|g__Anaeroglobus	0.00000000	0.00000000	0.00000000	0.00000000	0.00000000	0.00000000	0.00000000	0.00000000
k__Bacteria|p__Firmicutes|c__Negativicutes|o__Veillonellales_Selenomonadales|f__Veillonellaceae|g__Dialister	0.00034057	0.00092526	0.00024171	0.00180773	0.00066043	0.00284151	0.00022962	0.00027302
k__Bacteria|p__Firmicutes|c__Negativicutes|o__Veillonellales_Selenomonadales|f__Veillonellaceae|g__Megasphaera	0.00014340	0.00036661	0.00042299	0.00202590	0.00584117	0.00311597	0.00045924	0.00025202
k__Bacteria|p__Firmicutes|c__Negativicutes|o__Veillonellales_Selenomonadales|f__Veillonellaceae|g__Veillonella	0.00010755	0.00003492	0.00012085	0.00074802	0.00014676	0.00046820	0.00005299	0.00008401
k__Bacteria|p__Firmicutes|c__Syntrophomonadia|o__Syntrophomonadales|f__Syntrophomonadaceae|g__Syntrophomonas	0.00001792	0.00000000	0.00009064	0.00000000	0.00010273	0.00003229	0.00001766	0.00000000
k__Bacteria|p__Firmicutes|c__Thermacetogenia|o__Thermacetogeniales|f__Thermacetogeniaceae|g__Syntrophaceticus	0.00000000	0.00001746	0.00003021	0.00000000	0.00002935	0.00000000	0.00000000	0.00000000
k__Bacteria|p__Firmicutes|c__Thermoanaerobacteria|o__Thermoanaerobacterales|f__Thermoanaerobacteraceae|g__Thermoanaerobacter	0.00000000	0.00000000	0.00000000	0.00000000	0.00000000	0.00000000	0.00000000	0.00004200
k__Bacteria|p__Firmicutes|c__unidentified_Firmicutes|o__Oscillospirales|f__Ruminococcaceae|g__unidentified_Ruminococcaceae	0.00000000	0.00000000	0.00003021	0.00000000	0.00000000	0.00000000	0.00000000	0.00002100
k__Bacteria|p__Fusobacteriota|c__Fusobacteriia|o__Fusobacteriales|f__Fusobacteriaceae|g__Cetobacterium	0.00000000	0.00000000	0.00000000	0.00004675	0.00000000	0.00001614	0.00022962	0.00000000
k__Bacteria|p__Fusobacteriota|c__Fusobacteriia|o__Fusobacteriales|f__Fusobacteriaceae|g__Fusobacterium	0.00000000	0.00001746	0.00000000	0.00000000	0.00001468	0.00003229	0.00000000	0.00004200
k__Bacteria|p__Fusobacteriota|c__Fusobacteriia|o__Fusobacteriales|f__Leptotrichiaceae|g__Hypnocyclicus	0.00028679	0.00001746	0.00000000	0.00037401	0.00008806	0.00035519	0.00012364	0.00119710
k__Bacteria|p__Fusobacteriota|c__Fusobacteriia|o__Fusobacteriales|f__Leptotrichiaceae|g__Leptotrichia	0.00000000	0.00000000	0.00000000	0.00006234	0.00000000	0.00000000	0.00000000	0.00000000
k__Bacteria|p__Gemmatimonadetes|c__unidentified_Gemmatimonadetes|o__Gemmatimonadales|f__Gemmatimonadaceae|g__Gemmatimonas	0.00003585	0.00000000	0.00003021	0.00001558	0.00000000	0.00006458	0.00000000	0.00000000
k__Bacteria|p__Gemmatimonadetes|c__unidentified_Gemmatimonadetes|o__Gemmatimonadales|f__Gemmatimonadaceae|g__Roseisolibacter	0.00000000	0.00000000	0.00000000	0.00000000	0.00000000	0.00000000	0.00000000	0.00000000
k__Bacteria|p__Gracilibacteria|c__Candidatus_Peribacteria|o__unidentified_Candidatus_Peribacteria|f__unidentified_Candidatus_Peribacteria|g__unidentified_Candidatus_Peribacteria	0.00003585	0.00000000	0.00000000	0.00000000	0.00000000	0.00000000	0.00000000	0.00000000
k__Bacteria|p__Gracilibacteria|c__unidentified_Gracilibacteria|o__JGI_0000069_P22|f__unidentified_JGI_0000069_P22|g__unidentified_JGI_0000069_P22	0.00000000	0.00000000	0.00000000	0.00000000	0.00000000	0.00000000	0.00000000	0.00000000
k__Bacteria|p__Gracilibacteria|c__unidentified_Gracilibacteria|o__unidentified_Gracilibacteria|f__unidentified_Gracilibacteria|g__unidentified_Gracilibacteria	0.00000000	0.00001746	0.00000000	0.00000000	0.00002935	0.00000000	0.00005299	0.00035703
k__Bacteria|p__Hydrogenedentes|c__Hydrogenedentia|o__Hydrogenedentiales|f__Hydrogenedensaceae|g__YC_ZSS_LKJ63	0.00000000	0.00000000	0.00000000	0.00000000	0.00000000	0.00000000	0.00000000	0.00000000
k__Bacteria|p__Hydrogenedentes|c__Hydrogenedentia|o__Hydrogenedentiales|f__Hydrogenedensaceae|g__unidentified_Hydrogenedensaceae	0.00000000	0.00000000	0.00000000	0.00000000	0.00000000	0.00000000	0.00000000	0.00000000
k__Bacteria|p__Kapabacteria|c__unidentified_Kapabacteria|o__Kapabacteriales|f__unidentified_Kapabacteriales|g__unidentified_Kapabacteriales	0.00000000	0.00000000	0.00000000	0.00000000	0.00002935	0.00000000	0.00000000	0.00000000
k__Bacteria|p__Kryptonia|c__unidentified_Kryptonia|o__Kryptoniales|f__BSV26|g__unidentified_BSV26	0.00000000	0.00000000	0.00000000	0.00006234	0.00000000	0.00004843	0.00000000	0.00000000
k__Bacteria|p__LCP_89|c__unidentified_LCP_89|o__unidentified_LCP_89|f__unidentified_LCP_89|g__unidentified_LCP_89	0.00000000	0.00000000	0.00000000	0.00000000	0.00000000	0.00000000	0.00000000	0.00000000
k__Bacteria|p__Latescibacteria|c__unidentified_Latescibacteria|o__Latescibacterales|f__Latescibacteraceae|g__Candidatus_Latescibacter	0.00000000	0.00000000	0.00000000	0.00004675	0.00000000	0.00000000	0.00001766	0.00000000
k__Bacteria|p__Latescibacterota|c__unidentified_Latescibacterota|o__unidentified_Latescibacterota|f__unidentified_Latescibacterota|g__unidentified_Latescibacterota	0.00000000	0.00000000	0.00000000	0.00001558	0.00000000	0.00000000	0.00000000	0.00000000
k__Bacteria|p__MBNT15|c__unidentified_MBNT15|o__unidentified_MBNT15|f__unidentified_MBNT15|g__unidentified_MBNT15	0.00000000	0.00000000	0.00000000	0.00007792	0.00000000	0.00001614	0.00000000	0.00000000
k__Bacteria|p__Methylomirabilota|c__Methylomirabilia|o__Methylomirabilales|f__Methylomirabilaceae|g__Candidatus_Methylomirabilis	0.00000000	0.00000000	0.00000000	0.00000000	0.00000000	0.00000000	0.00000000	0.00000000
k__Bacteria|p__Methylomirabilota|c__Methylomirabilia|o__Methylomirabilales|f__Methylomirabilaceae|g__MIZ17	0.00000000	0.00000000	0.00000000	0.00000000	0.00000000	0.00000000	0.00000000	0.00000000
k__Bacteria|p__Methylomirabilota|c__Methylomirabilia|o__Methylomirabilales|f__Methylomirabilaceae|g__Sh765B_TzT_35	0.00032264	0.00020949	0.00000000	0.00054543	0.00000000	0.00071038	0.00000000	0.00000000
k__Bacteria|p__Methylomirabilota|c__Methylomirabilia|o__Methylomirabilales|f__Methylomirabilaceae|g__Z114MB74	0.00007170	0.00003492	0.00000000	0.00003117	0.00000000	0.00014530	0.00000000	0.00000000
k__Bacteria|p__Methylomirabilota|c__Methylomirabilia|o__Methylomirabilales|f__Methylomirabilaceae|g__wb1_A12	0.00000000	0.00000000	0.00000000	0.00000000	0.00000000	0.00000000	0.00000000	0.00000000
k__Bacteria|p__Methylomirabilota|c__Methylomirabilia|o__Rokubacteriales|f__unidentified_Rokubacteriales|g__unidentified_Rokubacteriales	0.00000000	0.00000000	0.00000000	0.00000000	0.00000000	0.00000000	0.00000000	0.00000000
k__Bacteria|p__Modulibacteria|c__Moduliflexia|o__Moduliflexales|f__Moduliflexaceae|g__Candidatus_Moduliflexus	0.00000000	0.00000000	0.00000000	0.00004675	0.00001468	0.00001614	0.00001766	0.00000000
k__Bacteria|p__Myxococcota|c__Myxococcia|o__Myxococcales|f__Anaeromyxobacteraceae|g__Anaeromyxobacter	0.00044812	0.00017458	0.00006043	0.00032726	0.00000000	0.00083954	0.00000000	0.00002100
k__Bacteria|p__Myxococcota|c__Myxococcia|o__Myxococcales|f__Myxococcaceae|g__Archangium	0.00000000	0.00000000	0.00000000	0.00000000	0.00000000	0.00000000	0.00000000	0.00000000
k__Bacteria|p__Myxococcota|c__Myxococcia|o__Myxococcales|f__Myxococcaceae|g__KD3_10	0.00000000	0.00000000	0.00000000	0.00000000	0.00000000	0.00003229	0.00000000	0.00000000
k__Bacteria|p__Myxococcota|c__Myxococcia|o__Myxococcales|f__Myxococcaceae|g__P3OB_42	0.00000000	0.00006983	0.00000000	0.00006234	0.00000000	0.00000000	0.00001766	0.00000000
k__Bacteria|p__Myxococcota|c__Polyangia|o__Blfdi19|f__unidentified_Blfdi19|g__unidentified_Blfdi19	0.00000000	0.00000000	0.00000000	0.00000000	0.00000000	0.00000000	0.00000000	0.00000000
k__Bacteria|p__Myxococcota|c__Polyangia|o__Haliangiales|f__Haliangiaceae|g__Haliangium	0.00037642	0.00003492	0.00000000	0.00017142	0.00000000	0.00032290	0.00003533	0.00000000
k__Bacteria|p__Myxococcota|c__Polyangia|o__Nannocystales|f__Nannocystaceae|g__Nannocystis	0.00000000	0.00000000	0.00000000	0.00001558	0.00000000	0.00000000	0.00000000	0.00004200
k__Bacteria|p__Myxococcota|c__Polyangia|o__Polyangiales|f__Phaselicystidaceae|g__Phaselicystis	0.00000000	0.00000000	0.00000000	0.00009350	0.00001468	0.00011301	0.00001766	0.00000000
k__Bacteria|p__Myxococcota|c__Polyangia|o__Polyangiales|f__Polyangiaceae|g__Labilithrix	0.00000000	0.00000000	0.00000000	0.00000000	0.00000000	0.00000000	0.00000000	0.00000000
k__Bacteria|p__Myxococcota|c__Polyangia|o__Polyangiales|f__Polyangiaceae|g__Pajaroellobacter	0.00010755	0.00000000	0.00012085	0.00003117	0.00000000	0.00011301	0.00000000	0.00000000
k__Bacteria|p__Myxococcota|c__Polyangia|o__Polyangiales|f__Polyangiaceae|g__Polyangium	0.00000000	0.00000000	0.00000000	0.00000000	0.00000000	0.00000000	0.00000000	0.00000000
k__Bacteria|p__Myxococcota|c__Polyangia|o__Polyangiales|f__Sandaracinaceae|g__Sandaracinus	0.00007170	0.00000000	0.00000000	0.00001558	0.00000000	0.00001614	0.00000000	0.00000000
k__Bacteria|p__Myxococcota|c__Polyangia|o__mle1_27|f__unidentified_mle1_27|g__unidentified_mle1_27	0.00000000	0.00000000	0.00000000	0.00000000	0.00000000	0.00003229	0.00000000	0.00000000
k__Bacteria|p__Nitrospirota|c__Leptospirillia|o__Leptospirillales|f__Leptospirillaceae|g__Leptospirillum	0.00000000	0.00000000	0.00000000	0.00000000	0.00000000	0.00000000	0.00000000	0.00000000
k__Bacteria|p__Nitrospirota|c__Nitrospira|o__Nitrospirales|f__Nitrospiraceae|g__unidentified_Nitrospiraceae	0.00000000	0.00000000	0.00006043	0.00000000	0.00002935	0.00000000	0.00003533	0.00002100
k__Bacteria|p__Nitrospirota|c__Thermodesulfovibrionia|o__Magnetobacteriales|f__Magnetobacteriaceae|g__Candidatus_Magnetobacterium	0.00001792	0.00000000	0.00000000	0.00000000	0.00000000	0.00004843	0.00000000	0.00000000
k__Bacteria|p__Nitrospirota|c__Thermodesulfovibrionia|o__Thermodesulfovibrionales|f__Thermodesulfovibrionaceae|g__Thermodesulfovibrio	0.00000000	0.00000000	0.00000000	0.00000000	0.00000000	0.00000000	0.00000000	0.00000000
k__Bacteria|p__Planctomycetes|c__unidentified_Planctomycetes|o__Isosphaerales|f__Isosphaeraceae|g__Paludisphaera	0.00000000	0.00000000	0.00000000	0.00000000	0.00000000	0.00000000	0.00000000	0.00000000
k__Bacteria|p__Planctomycetes|c__unidentified_Planctomycetes|o__Pirellulales|f__Pirellulaceae|g__Pirellula	0.00000000	0.00000000	0.00000000	0.00000000	0.00000000	0.00000000	0.00000000	0.00000000
k__Bacteria|p__Planctomycetota|c__OM190|o__unidentified_OM190|f__unidentified_OM190|g__unidentified_OM190	0.00001792	0.00000000	0.00000000	0.00000000	0.00000000	0.00000000	0.00000000	0.00000000
k__Bacteria|p__Planctomycetota|c__Phycisphaerae|o__Phycisphaerales|f__Phycisphaeraceae|g__CL500_3	0.00000000	0.00001746	0.00000000	0.00000000	0.00000000	0.00000000	0.00000000	0.00000000
k__Bacteria|p__Planctomycetota|c__Phycisphaerae|o__Phycisphaerales|f__Phycisphaeraceae|g__I_8	0.00000000	0.00003492	0.00000000	0.00000000	0.00000000	0.00000000	0.00000000	0.00000000
k__Bacteria|p__Planctomycetota|c__Phycisphaerae|o__Phycisphaerales|f__Phycisphaeraceae|g__SM1A02	0.00000000	0.00000000	0.00000000	0.00004675	0.00000000	0.00000000	0.00000000	0.00000000
k__Bacteria|p__Proteobacteria|c__Alphaproteobacteria|o__Acetobacterales|f__Acetobacteraceae|g__Acetobacter	0.00000000	0.00000000	0.00000000	0.00035843	0.00007338	0.00008072	0.00000000	0.00002100
k__Bacteria|p__Proteobacteria|c__Alphaproteobacteria|o__Acetobacterales|f__Acetobacteraceae|g__Acidocella	0.00000000	0.00000000	0.00000000	0.00000000	0.00000000	0.00000000	0.00000000	0.00000000
k__Bacteria|p__Proteobacteria|c__Alphaproteobacteria|o__Acetobacterales|f__Acetobacteraceae|g__Belnapia	0.00000000	0.00000000	0.00000000	0.00000000	0.00000000	0.00000000	0.00000000	0.00000000
k__Bacteria|p__Proteobacteria|c__Alphaproteobacteria|o__Acetobacterales|f__Acetobacteraceae|g__Commensalibacter	0.00000000	0.00000000	0.00000000	0.00000000	0.00000000	0.00000000	0.00000000	0.00000000
k__Bacteria|p__Proteobacteria|c__Alphaproteobacteria|o__Acetobacterales|f__Acetobacteraceae|g__Craurococcus_Caldovatus	0.00000000	0.00000000	0.00000000	0.00000000	0.00000000	0.00000000	0.00000000	0.00000000
k__Bacteria|p__Proteobacteria|c__Alphaproteobacteria|o__Acetobacterales|f__Acetobacteraceae|g__Crenalkalicoccus	0.00000000	0.00000000	0.00000000	0.00000000	0.00000000	0.00000000	0.00000000	0.00000000
k__Bacteria|p__Proteobacteria|c__Alphaproteobacteria|o__Acetobacterales|f__Acetobacteraceae|g__Gluconobacter	0.00000000	0.00000000	0.00000000	0.00012467	0.00000000	0.00001614	0.00000000	0.00000000
k__Bacteria|p__Proteobacteria|c__Alphaproteobacteria|o__Acetobacterales|f__Acetobacteraceae|g__Rhodovarius	0.00003585	0.00001746	0.00012085	0.00001558	0.00000000	0.00001614	0.00000000	0.00000000
k__Bacteria|p__Proteobacteria|c__Alphaproteobacteria|o__Acetobacterales|f__Acetobacteraceae|g__Roseococcus	0.00000000	0.00000000	0.00012085	0.00000000	0.00000000	0.00000000	0.00000000	0.00000000
k__Bacteria|p__Proteobacteria|c__Alphaproteobacteria|o__Acetobacterales|f__Acetobacteraceae|g__Roseomonas	0.00030472	0.00136171	0.00719077	0.00014025	0.00024950	0.00037133	0.00045924	0.00042004
k__Bacteria|p__Proteobacteria|c__Alphaproteobacteria|o__Acetobacterales|f__Acetobacteraceae|g__Rubritepida	0.00000000	0.00001746	0.00000000	0.00000000	0.00000000	0.00003229	0.00000000	0.00000000
k__Bacteria|p__Proteobacteria|c__Alphaproteobacteria|o__Azospirillales|f__Azospirillaceae|g__Azospirillum	0.00034057	0.00015712	0.00006043	0.00010909	0.00007338	0.00001614	0.00007065	0.00033603
k__Bacteria|p__Proteobacteria|c__Alphaproteobacteria|o__Azospirillales|f__Azospirillaceae|g__Niveispirillum	0.00001792	0.00000000	0.00000000	0.00000000	0.00005871	0.00003229	0.00015897	0.00079807
k__Bacteria|p__Proteobacteria|c__Alphaproteobacteria|o__Azospirillales|f__Azospirillaceae|g__Skermanella	0.00000000	0.00000000	0.00000000	0.00000000	0.00000000	0.00000000	0.00001766	0.00000000
k__Bacteria|p__Proteobacteria|c__Alphaproteobacteria|o__Azospirillales|f__unidentified_Azospirillales|g__Stella	0.00000000	0.00000000	0.00000000	0.00000000	0.00000000	0.00000000	0.00000000	0.00000000
k__Bacteria|p__Proteobacteria|c__Alphaproteobacteria|o__Caulobacterales|f__Caulobacteraceae|g__Asticcacaulis	0.00000000	0.00001746	0.00000000	0.00000000	0.00000000	0.00000000	0.00008832	0.00075606
k__Bacteria|p__Proteobacteria|c__Alphaproteobacteria|o__Caulobacterales|f__Caulobacteraceae|g__Brevundimonas	0.00001792	0.00022695	0.00126896	0.00015584	0.00017612	0.00012916	0.00042392	0.00147012
k__Bacteria|p__Proteobacteria|c__Alphaproteobacteria|o__Caulobacterales|f__Caulobacteraceae|g__Caulobacter	0.00007170	0.00000000	0.00033235	0.00007792	0.00011741	0.00001614	0.00045924	0.00186916
k__Bacteria|p__Proteobacteria|c__Alphaproteobacteria|o__Caulobacterales|f__Caulobacteraceae|g__Phenylobacterium	0.00012547	0.00000000	0.00027192	0.00010909	0.00022014	0.00016145	0.00022962	0.00035703
k__Bacteria|p__Proteobacteria|c__Alphaproteobacteria|o__Caulobacterales|f__Hyphomonadaceae|g__Hirschia	0.00000000	0.00000000	0.00003021	0.00000000	0.00000000	0.00000000	0.00000000	0.00000000
k__Bacteria|p__Proteobacteria|c__Alphaproteobacteria|o__Caulobacterales|f__Hyphomonadaceae|g__Hyphomonas	0.00000000	0.00000000	0.00003021	0.00000000	0.00000000	0.00001614	0.00000000	0.00002100
k__Bacteria|p__Proteobacteria|c__Alphaproteobacteria|o__Caulobacterales|f__Hyphomonadaceae|g__SWB02	0.00003585	0.00000000	0.00000000	0.00003117	0.00000000	0.00016145	0.00000000	0.00000000
k__Bacteria|p__Proteobacteria|c__Alphaproteobacteria|o__Caulobacterales|f__Hyphomonadaceae|g__UKL13_1	0.00001792	0.00010475	0.00009064	0.00006234	0.00001468	0.00004843	0.00007065	0.00021002
k__Bacteria|p__Proteobacteria|c__Alphaproteobacteria|o__Caulobacterales|f__Parvularculaceae|g__Amphiplicatus	0.00001792	0.00000000	0.00000000	0.00000000	0.00000000	0.00000000	0.00000000	0.00000000
k__Bacteria|p__Proteobacteria|c__Alphaproteobacteria|o__Defluviicoccales|f__Defluviicoccaceae|g__Defluviicoccus	0.00000000	0.00000000	0.00000000	0.00000000	0.00000000	0.00000000	0.00000000	0.00000000
k__Bacteria|p__Proteobacteria|c__Alphaproteobacteria|o__Dongiales|f__Dongiaceae|g__Dongia	0.00007170	0.00008729	0.00000000	0.00006234	0.00000000	0.00030675	0.00005299	0.00000000
k__Bacteria|p__Proteobacteria|c__Alphaproteobacteria|o__Elsterales|f__Elsteraceae|g__Elstera	0.00000000	0.00000000	0.00000000	0.00007792	0.00014676	0.00003229	0.00001766	0.00000000
k__Bacteria|p__Proteobacteria|c__Alphaproteobacteria|o__Ferrovibrionales|f__Ferrovibrionaceae|g__Ferrovibrio	0.00000000	0.00000000	0.00000000	0.00000000	0.00000000	0.00000000	0.00001766	0.00000000
k__Bacteria|p__Proteobacteria|c__Alphaproteobacteria|o__Kiloniellales|f__Kiloniellaceae|g__Pelagibius	0.00000000	0.00000000	0.00000000	0.00000000	0.00000000	0.00000000	0.00000000	0.00000000
k__Bacteria|p__Proteobacteria|c__Alphaproteobacteria|o__Micropepsales|f__Micropepsaceae|g__Rhizomicrobium	0.00000000	0.00000000	0.00000000	0.00003117	0.00000000	0.00000000	0.00000000	0.00000000
k__Bacteria|p__Proteobacteria|c__Alphaproteobacteria|o__Paracaedibacterales|f__Paracaedibacteraceae|g__Candidatus_Captivus	0.00005377	0.00000000	0.00000000	0.00000000	0.00000000	0.00000000	0.00000000	0.00000000
k__Bacteria|p__Proteobacteria|c__Alphaproteobacteria|o__Paracaedibacterales|f__Paracaedibacteraceae|g__Candidatus_Paracaedibacter	0.00001792	0.00000000	0.00000000	0.00000000	0.00002935	0.00000000	0.00001766	0.00000000
k__Bacteria|p__Proteobacteria|c__Alphaproteobacteria|o__Parvibaculales|f__Parvibaculaceae|g__Parvibaculum	0.00007170	0.00000000	0.00000000	0.00003117	0.00000000	0.00000000	0.00000000	0.00000000
k__Bacteria|p__Proteobacteria|c__Alphaproteobacteria|o__Reyranellales|f__Reyranellaceae|g__Reyranella	0.00034057	0.00000000	0.00012085	0.00000000	0.00000000	0.00003229	0.00001766	0.00000000
k__Bacteria|p__Proteobacteria|c__Alphaproteobacteria|o__Rhizobiales|f__Ancalomicrobiaceae|g__Ancalomicrobium	0.00000000	0.00001746	0.00000000	0.00000000	0.00001468	0.00000000	0.00001766	0.00031503
k__Bacteria|p__Proteobacteria|c__Alphaproteobacteria|o__Rhizobiales|f__Beijerinckiaceae|g__1174_901_12	0.00000000	0.00000000	0.00000000	0.00000000	0.00000000	0.00000000	0.00000000	0.00000000
k__Bacteria|p__Proteobacteria|c__Alphaproteobacteria|o__Rhizobiales|f__Beijerinckiaceae|g__Bosea	0.00000000	0.00000000	0.00006043	0.00003117	0.00001468	0.00003229	0.00001766	0.00002100
k__Bacteria|p__Proteobacteria|c__Alphaproteobacteria|o__Rhizobiales|f__Beijerinckiaceae|g__Camelimonas	0.00000000	0.00000000	0.00000000	0.00003117	0.00001468	0.00001614	0.00000000	0.00000000
k__Bacteria|p__Proteobacteria|c__Alphaproteobacteria|o__Rhizobiales|f__Beijerinckiaceae|g__Methylobacterium_Methylorubrum	0.00001792	0.00001746	0.00054384	0.00020259	0.00002935	0.00009687	0.00000000	0.00002100
k__Bacteria|p__Proteobacteria|c__Alphaproteobacteria|o__Rhizobiales|f__Beijerinckiaceae|g__Methylocystis	0.00019717	0.00019204	0.00066469	0.00006234	0.00014676	0.00001614	0.00007065	0.00000000
k__Bacteria|p__Proteobacteria|c__Alphaproteobacteria|o__Rhizobiales|f__Beijerinckiaceae|g__Methylovirgula	0.00000000	0.00000000	0.00069491	0.00000000	0.00000000	0.00000000	0.00000000	0.00000000
k__Bacteria|p__Proteobacteria|c__Alphaproteobacteria|o__Rhizobiales|f__Beijerinckiaceae|g__Microvirga	0.00001792	0.00000000	0.00000000	0.00001558	0.00000000	0.00000000	0.00000000	0.00000000
k__Bacteria|p__Proteobacteria|c__Alphaproteobacteria|o__Rhizobiales|f__Beijerinckiaceae|g__Roseiarcus	0.00000000	0.00000000	0.00000000	0.00000000	0.00000000	0.00000000	0.00000000	0.00000000
k__Bacteria|p__Proteobacteria|c__Alphaproteobacteria|o__Rhizobiales|f__Beijerinckiaceae|g__alphaI_cluster	0.00000000	0.00003492	0.00012085	0.00000000	0.00000000	0.00004843	0.00000000	0.00000000
k__Bacteria|p__Proteobacteria|c__Alphaproteobacteria|o__Rhizobiales|f__Devosiaceae|g__Devosia	0.00001792	0.00001746	0.00048341	0.00001558	0.00007338	0.00004843	0.00005299	0.00039903
k__Bacteria|p__Proteobacteria|c__Alphaproteobacteria|o__Rhizobiales|f__Hyphomicrobiaceae|g__Hyphomicrobium	0.00007170	0.00003492	0.00012085	0.00001558	0.00000000	0.00014530	0.00000000	0.00004200
k__Bacteria|p__Proteobacteria|c__Alphaproteobacteria|o__Rhizobiales|f__Hyphomicrobiaceae|g__Pedomicrobium	0.00007170	0.00000000	0.00000000	0.00000000	0.00000000	0.00004843	0.00005299	0.00002100
k__Bacteria|p__Proteobacteria|c__Alphaproteobacteria|o__Rhizobiales|f__Kaistiaceae|g__Kaistia	0.00000000	0.00000000	0.00000000	0.00000000	0.00000000	0.00000000	0.00005299	0.00000000
k__Bacteria|p__Proteobacteria|c__Alphaproteobacteria|o__Rhizobiales|f__Labraceae|g__Labrys	0.00000000	0.00000000	0.00006043	0.00000000	0.00000000	0.00000000	0.00000000	0.00000000
k__Bacteria|p__Proteobacteria|c__Alphaproteobacteria|o__Rhizobiales|f__Pleomorphomonadaceae|g__Chthonobacter	0.00000000	0.00000000	0.00000000	0.00000000	0.00000000	0.00000000	0.00000000	0.00008401
k__Bacteria|p__Proteobacteria|c__Alphaproteobacteria|o__Rhizobiales|f__Pleomorphomonadaceae|g__Pleomorphomonas	0.00000000	0.00001746	0.00009064	0.00004675	0.00007338	0.00003229	0.00008832	0.00016801
k__Bacteria|p__Proteobacteria|c__Alphaproteobacteria|o__Rhizobiales|f__Pleomorphomonadaceae|g__Prosthecomicrobium	0.00000000	0.00000000	0.00000000	0.00001558	0.00000000	0.00001614	0.00000000	0.00002100
k__Bacteria|p__Proteobacteria|c__Alphaproteobacteria|o__Rhizobiales|f__Rhizobiaceae|g__Allorhizobium_Neorhizobium_Pararhizobium_Rhizobium	0.00005377	0.00048882	0.00419965	0.00049868	0.00137957	0.00074267	0.00201360	0.00653156
k__Bacteria|p__Proteobacteria|c__Alphaproteobacteria|o__Rhizobiales|f__Rhizobiaceae|g__Aminobacter	0.00000000	0.00000000	0.00000000	0.00000000	0.00000000	0.00000000	0.00000000	0.00075606
k__Bacteria|p__Proteobacteria|c__Alphaproteobacteria|o__Rhizobiales|f__Rhizobiaceae|g__Mesorhizobium	0.00000000	0.00000000	0.00108768	0.00000000	0.00000000	0.00000000	0.00005299	0.00012601
k__Bacteria|p__Proteobacteria|c__Alphaproteobacteria|o__Rhizobiales|f__Rhizobiaceae|g__Pseudochrobactrum	0.00003585	0.00000000	0.00009064	0.00006234	0.00001468	0.00003229	0.00010598	0.00033603
k__Bacteria|p__Proteobacteria|c__Alphaproteobacteria|o__Rhizobiales|f__Rhodomicrobiaceae|g__Rhodomicrobium	0.00008962	0.00001746	0.00012085	0.00000000	0.00001468	0.00001614	0.00000000	0.00000000
k__Bacteria|p__Proteobacteria|c__Alphaproteobacteria|o__Rhizobiales|f__Stappiaceae|g__Pannonibacter	0.00001792	0.00005237	0.00024171	0.00004675	0.00014676	0.00001614	0.00051223	0.00294025
k__Bacteria|p__Proteobacteria|c__Alphaproteobacteria|o__Rhizobiales|f__Xanthobacteraceae|g__Ancylobacter	0.00000000	0.00003492	0.00006043	0.00000000	0.00000000	0.00001614	0.00000000	0.00002100
k__Bacteria|p__Proteobacteria|c__Alphaproteobacteria|o__Rhizobiales|f__Xanthobacteraceae|g__Bradyrhizobium	0.00000000	0.00000000	0.00172216	0.00001558	0.00000000	0.00000000	0.00000000	0.00006301
k__Bacteria|p__Proteobacteria|c__Alphaproteobacteria|o__Rhizobiales|f__Xanthobacteraceae|g__Pseudolabrys	0.00000000	0.00000000	0.00000000	0.00000000	0.00000000	0.00001614	0.00000000	0.00004200
k__Bacteria|p__Proteobacteria|c__Alphaproteobacteria|o__Rhizobiales|f__Xanthobacteraceae|g__Pseudoxanthobacter	0.00000000	0.00000000	0.00000000	0.00000000	0.00000000	0.00000000	0.00000000	0.00000000
k__Bacteria|p__Proteobacteria|c__Alphaproteobacteria|o__Rhizobiales|f__Xanthobacteraceae|g__Rhodopseudomonas	0.00001792	0.00000000	0.00009064	0.00001558	0.00002935	0.00000000	0.00000000	0.00000000
k__Bacteria|p__Proteobacteria|c__Alphaproteobacteria|o__Rhizobiales|f__Xanthobacteraceae|g__Xanthobacter	0.00005377	0.00008729	0.00009064	0.00000000	0.00008806	0.00000000	0.00008832	0.00010501
k__Bacteria|p__Proteobacteria|c__Alphaproteobacteria|o__Rhizobiales|f__unidentified_Rhizobiales|g__Alsobacter	0.00001792	0.00026187	0.00078555	0.00000000	0.00001468	0.00009687	0.00001766	0.00004200
k__Bacteria|p__Proteobacteria|c__Alphaproteobacteria|o__Rhizobiales|f__unidentified_Rhizobiales|g__Bauldia	0.00000000	0.00000000	0.00000000	0.00000000	0.00001468	0.00000000	0.00000000	0.00000000
k__Bacteria|p__Proteobacteria|c__Alphaproteobacteria|o__Rhizobiales|f__unidentified_Rhizobiales|g__Nordella	0.00000000	0.00000000	0.00000000	0.00000000	0.00005871	0.00001614	0.00000000	0.00000000
k__Bacteria|p__Proteobacteria|c__Alphaproteobacteria|o__Rhizobiales|f__unidentified_Rhizobiales|g__Phreatobacter	0.00001792	0.00000000	0.00015107	0.00004675	0.00002935	0.00001614	0.00000000	0.00000000
k__Bacteria|p__Proteobacteria|c__Alphaproteobacteria|o__Rhodobacterales|f__Rhodobacteraceae|g__Aliiroseovarius	0.00007170	0.00000000	0.00000000	0.00000000	0.00000000	0.00000000	0.00000000	0.00000000
k__Bacteria|p__Proteobacteria|c__Alphaproteobacteria|o__Rhodobacterales|f__Rhodobacteraceae|g__Amaricoccus	0.00005377	0.00109984	0.00009064	0.00007792	0.00002935	0.00008072	0.00001766	0.00006301
k__Bacteria|p__Proteobacteria|c__Alphaproteobacteria|o__Rhodobacterales|f__Rhodobacteraceae|g__Cereibacter	0.00014340	0.00038407	0.00096683	0.00015584	0.00005871	0.00025832	0.00104213	0.00184816
k__Bacteria|p__Proteobacteria|c__Alphaproteobacteria|o__Rhodobacterales|f__Rhodobacteraceae|g__Defluviimonas	0.00000000	0.00000000	0.00015107	0.00000000	0.00000000	0.00001614	0.00005299	0.00000000
k__Bacteria|p__Proteobacteria|c__Alphaproteobacteria|o__Rhodobacterales|f__Rhodobacteraceae|g__Marivita	0.00001792	0.00001746	0.00000000	0.00000000	0.00000000	0.00000000	0.00000000	0.00000000
k__Bacteria|p__Proteobacteria|c__Alphaproteobacteria|o__Rhodobacterales|f__Rhodobacteraceae|g__Paracoccus	0.00003585	0.00022695	0.00670735	0.00014025	0.00011741	0.00027446	0.00003533	0.00035703
k__Bacteria|p__Proteobacteria|c__Alphaproteobacteria|o__Rhodobacterales|f__Rhodobacteraceae|g__Rhodobacter	0.00164907	0.01014298	0.00966826	0.00225966	0.00048432	0.00180823	0.00533428	0.00835871
k__Bacteria|p__Proteobacteria|c__Alphaproteobacteria|o__Rhodobacterales|f__Rhodobacteraceae|g__Roseobacter_clade_CHAB_I_5_lineage	0.00000000	0.00000000	0.00000000	0.00000000	0.00000000	0.00000000	0.00000000	0.00000000
k__Bacteria|p__Proteobacteria|c__Alphaproteobacteria|o__Rhodobacterales|f__Rhodobacteraceae|g__Rubellimicrobium	0.00000000	0.00000000	0.00000000	0.00000000	0.00000000	0.00000000	0.00000000	0.00000000
k__Bacteria|p__Proteobacteria|c__Alphaproteobacteria|o__Rhodobacterales|f__Rhodobacteraceae|g__Tabrizicola	0.00000000	0.00006983	0.00009064	0.00000000	0.00000000	0.00000000	0.00000000	0.00002100
k__Bacteria|p__Proteobacteria|c__Alphaproteobacteria|o__Rhodobacterales|f__Rhodobacteraceae|g__Thioclava	0.00000000	0.00000000	0.00000000	0.00003117	0.00000000	0.00000000	0.00000000	0.00000000
k__Bacteria|p__Proteobacteria|c__Alphaproteobacteria|o__Rhodospirillales|f__Magnetospirillaceae|g__Magnetospirillum	0.00007170	0.00000000	0.00000000	0.00000000	0.00000000	0.00000000	0.00000000	0.00000000
k__Bacteria|p__Proteobacteria|c__Alphaproteobacteria|o__Rhodospirillales|f__Magnetospirillaceae|g__Phaeospirillum	0.00003585	0.00000000	0.00000000	0.00000000	0.00002935	0.00000000	0.00000000	0.00000000
k__Bacteria|p__Proteobacteria|c__Alphaproteobacteria|o__Rhodospirillales|f__Rhodospirillaceae|g__Caenispirillum	0.00008962	0.00000000	0.00000000	0.00003117	0.00000000	0.00000000	0.00000000	0.00000000
k__Bacteria|p__Proteobacteria|c__Alphaproteobacteria|o__Rhodospirillales|f__Rhodospirillaceae|g__Candidatus_Riegeria	0.00012547	0.00000000	0.00000000	0.00001558	0.00000000	0.00008072	0.00003533	0.00000000
k__Bacteria|p__Proteobacteria|c__Alphaproteobacteria|o__Rhodospirillales|f__Rhodospirillaceae|g__Haematospirillum	0.00016132	0.00005237	0.00000000	0.00000000	0.00000000	0.00000000	0.00000000	0.00000000
k__Bacteria|p__Proteobacteria|c__Alphaproteobacteria|o__Rhodospirillales|f__Rhodospirillaceae|g__Insolitispirillum	0.00003585	0.00005237	0.00000000	0.00012467	0.00002935	0.00008072	0.00007065	0.00010501
k__Bacteria|p__Proteobacteria|c__Alphaproteobacteria|o__Rhodospirillales|f__Rhodospirillaceae|g__Novispirillum	0.00001792	0.00005237	0.00000000	0.00012467	0.00004403	0.00024217	0.00026495	0.00012601
k__Bacteria|p__Proteobacteria|c__Alphaproteobacteria|o__Rhodospirillales|f__Rhodospirillaceae|g__Pararhodospirillum	0.00010755	0.00000000	0.00000000	0.00000000	0.00000000	0.00003229	0.00000000	0.00000000
k__Bacteria|p__Proteobacteria|c__Alphaproteobacteria|o__Rickettsiales|f__Fokiniaceae|g__Candidatus_Anadelfobacter	0.00000000	0.00000000	0.00000000	0.00000000	0.00000000	0.00000000	0.00000000	0.00000000
k__Bacteria|p__Proteobacteria|c__Alphaproteobacteria|o__Rickettsiales|f__Mitochondria|g__unidentified_Mitochondria	0.00000000	0.00000000	0.00000000	0.00000000	0.00000000	0.00000000	0.00000000	0.00002100
k__Bacteria|p__Proteobacteria|c__Alphaproteobacteria|o__Rickettsiales|f__Rickettsiaceae|g__Candidatus_Megaira	0.00003585	0.00001746	0.00000000	0.00000000	0.00000000	0.00000000	0.00000000	0.00000000
k__Bacteria|p__Proteobacteria|c__Alphaproteobacteria|o__Rickettsiales|f__Rickettsiaceae|g__Rickettsia	0.00000000	0.00000000	0.00000000	0.00000000	0.00000000	0.00000000	0.00000000	0.00000000
k__Bacteria|p__Proteobacteria|c__Alphaproteobacteria|o__Rickettsiales|f__unidentified_Rickettsiales|g__Candidatus_Jidaibacter	0.00000000	0.00000000	0.00000000	0.00000000	0.00000000	0.00001614	0.00000000	0.00000000
k__Bacteria|p__Proteobacteria|c__Alphaproteobacteria|o__Sphingomonadales|f__Sphingomonadaceae|g__Altererythrobacter	0.00000000	0.00000000	0.00024171	0.00007792	0.00002935	0.00003229	0.00003533	0.00012601
k__Bacteria|p__Proteobacteria|c__Alphaproteobacteria|o__Sphingomonadales|f__Sphingomonadaceae|g__DSSF69	0.00000000	0.00000000	0.00000000	0.00000000	0.00000000	0.00000000	0.00000000	0.00002100
k__Bacteria|p__Proteobacteria|c__Alphaproteobacteria|o__Sphingomonadales|f__Sphingomonadaceae|g__Novosphingobium	0.00179247	0.09002985	0.06680162	0.00213499	0.00096864	0.00190510	0.01549059	0.02822640
k__Bacteria|p__Proteobacteria|c__Alphaproteobacteria|o__Sphingomonadales|f__Sphingomonadaceae|g__Polymorphobacter	0.00000000	0.00000000	0.00000000	0.00000000	0.00000000	0.00000000	0.00000000	0.00000000
k__Bacteria|p__Proteobacteria|c__Alphaproteobacteria|o__Sphingomonadales|f__Sphingomonadaceae|g__Porphyrobacter	0.00007170	0.00094272	0.00253792	0.00000000	0.00001468	0.00003229	0.00007065	0.00021002
k__Bacteria|p__Proteobacteria|c__Alphaproteobacteria|o__Sphingomonadales|f__Sphingomonadaceae|g__Sandarakinorhabdus	0.00000000	0.00000000	0.00000000	0.00000000	0.00000000	0.00000000	0.00000000	0.00000000
k__Bacteria|p__Proteobacteria|c__Alphaproteobacteria|o__Sphingomonadales|f__Sphingomonadaceae|g__Sphingoaurantiacus	0.00001792	0.00003492	0.00015107	0.00000000	0.00005871	0.00000000	0.00000000	0.00000000
k__Bacteria|p__Proteobacteria|c__Alphaproteobacteria|o__Sphingomonadales|f__Sphingomonadaceae|g__Sphingobium	0.00000000	0.00001746	0.00000000	0.00003117	0.00000000	0.00000000	0.00003533	0.00012601
k__Bacteria|p__Proteobacteria|c__Alphaproteobacteria|o__Sphingomonadales|f__Sphingomonadaceae|g__Sphingomonas	0.00030472	0.00008729	0.00012085	0.00024934	0.00008806	0.00061351	0.00017663	0.00069306
k__Bacteria|p__Proteobacteria|c__Alphaproteobacteria|o__Sphingomonadales|f__Sphingomonadaceae|g__Sphingopyxis	0.00000000	0.00001746	0.00006043	0.00003117	0.00000000	0.00000000	0.00005299	0.00023102
k__Bacteria|p__Proteobacteria|c__Alphaproteobacteria|o__Sphingomonadales|f__Sphingomonadaceae|g__Sphingorhabdus	0.00001792	0.00006983	0.00081576	0.00001558	0.00001468	0.00000000	0.00024728	0.00063005
k__Bacteria|p__Proteobacteria|c__Alphaproteobacteria|o__Sphingomonadales|f__Sphingomonadaceae|g__Sphingosinicella	0.00000000	0.00000000	0.00000000	0.00000000	0.00000000	0.00006458	0.00000000	0.00002100
k__Bacteria|p__Proteobacteria|c__Alphaproteobacteria|o__Tistrellales|f__Geminicoccaceae|g__Candidatus_Alysiosphaera	0.00000000	0.00000000	0.00000000	0.00000000	0.00000000	0.00000000	0.00000000	0.00000000
k__Bacteria|p__Proteobacteria|c__Alphaproteobacteria|o__Tistrellales|f__Tistrellaceae|g__Tistrella	0.00000000	0.00000000	0.00000000	0.00006234	0.00000000	0.00000000	0.00000000	0.00000000
k__Bacteria|p__Proteobacteria|c__Alphaproteobacteria|o__Zavarziniales|f__Zavarziniaceae|g__Zavarzinia	0.00000000	0.00000000	0.00000000	0.00000000	0.00004403	0.00000000	0.00001766	0.00000000
k__Bacteria|p__Proteobacteria|c__Gammaproteobacteria|o__Acidiferrobacterales|f__Acidiferrobacteraceae|g__Sulfurifustis	0.00010755	0.00008729	0.00000000	0.00004675	0.00001468	0.00020988	0.00001766	0.00000000
k__Bacteria|p__Proteobacteria|c__Gammaproteobacteria|o__Acidithiobacillales|f__Acidithiobacillaceae|g__KCM_B_112	0.00000000	0.00000000	0.00000000	0.00000000	0.00000000	0.00000000	0.00000000	0.00002100
k__Bacteria|p__Proteobacteria|c__Gammaproteobacteria|o__Beggiatoales|f__Beggiatoaceae|g__Beggiatoa	0.00000000	0.00000000	0.00000000	0.00001558	0.00000000	0.00000000	0.00005299	0.00000000
k__Bacteria|p__Proteobacteria|c__Gammaproteobacteria|o__Burkholderiales|f__Alcaligenaceae|g__Achromobacter	0.00001792	0.00008729	0.00003021	0.00031168	0.00000000	0.00006458	0.00003533	0.00010501
k__Bacteria|p__Proteobacteria|c__Gammaproteobacteria|o__Burkholderiales|f__Alcaligenaceae|g__Advenella	0.00000000	0.00000000	0.00000000	0.00004675	0.00000000	0.00000000	0.00000000	0.00000000
k__Bacteria|p__Proteobacteria|c__Gammaproteobacteria|o__Burkholderiales|f__Alcaligenaceae|g__Alcaligenes	0.00000000	0.00000000	0.00000000	0.00003117	0.00000000	0.00000000	0.00007065	0.00000000
k__Bacteria|p__Proteobacteria|c__Gammaproteobacteria|o__Burkholderiales|f__Alcaligenaceae|g__Castellaniella	0.00001792	0.00001746	0.00000000	0.00000000	0.00000000	0.00000000	0.00000000	0.00000000
k__Bacteria|p__Proteobacteria|c__Gammaproteobacteria|o__Burkholderiales|f__Alcaligenaceae|g__GKS98_freshwater_group	0.00044812	0.01105078	0.00453200	0.00043635	0.00042561	0.00038748	0.00167800	0.00096608
k__Bacteria|p__Proteobacteria|c__Gammaproteobacteria|o__Burkholderiales|f__Aquaspirillaceae|g__Aquaspirillum	0.00028679	0.00048882	0.00081576	0.00208824	0.00026417	0.00456901	0.00452177	0.00136512
k__Bacteria|p__Proteobacteria|c__Gammaproteobacteria|o__Burkholderiales|f__Aquaspirillaceae|g__Laribacter	0.00026887	0.00029678	0.00006043	0.00023376	0.00000000	0.00077496	0.00003533	0.00008401
k__Bacteria|p__Proteobacteria|c__Gammaproteobacteria|o__Burkholderiales|f__Aquaspirillaceae|g__Microvirgula	0.00000000	0.00000000	0.00000000	0.00003117	0.00000000	0.00000000	0.00000000	0.00008401
k__Bacteria|p__Proteobacteria|c__Gammaproteobacteria|o__Burkholderiales|f__Aquaspirillaceae|g__Rivicola	0.00084246	0.00019204	0.00006043	0.00274276	0.00092461	0.00524710	0.00123642	0.00048304
k__Bacteria|p__Proteobacteria|c__Gammaproteobacteria|o__Burkholderiales|f__Burkholderiaceae|g__Burkholderia_Caballeronia_Paraburkholderia	0.00003585	0.00000000	0.00012085	0.00024934	0.00000000	0.00000000	0.00001766	0.00000000
k__Bacteria|p__Proteobacteria|c__Gammaproteobacteria|o__Burkholderiales|f__Burkholderiaceae|g__Cupriavidus	0.00000000	0.00000000	0.00000000	0.00000000	0.00000000	0.00003229	0.00005299	0.00054605
k__Bacteria|p__Proteobacteria|c__Gammaproteobacteria|o__Burkholderiales|f__Burkholderiaceae|g__Lautropia	0.00016132	0.00078560	0.00268898	0.00024934	0.00005871	0.00017759	0.00095381	0.00073506
k__Bacteria|p__Proteobacteria|c__Gammaproteobacteria|o__Burkholderiales|f__Burkholderiaceae|g__Limnobacter	0.00010755	0.00005237	0.00006043	0.00004675	0.00001468	0.00001614	0.00015897	0.00004200
k__Bacteria|p__Proteobacteria|c__Gammaproteobacteria|o__Burkholderiales|f__Burkholderiaceae|g__Polynucleobacter	0.00198964	0.00040153	0.00012085	0.00001558	0.00004403	0.00000000	0.00010598	0.00006301
k__Bacteria|p__Proteobacteria|c__Gammaproteobacteria|o__Burkholderiales|f__Burkholderiaceae|g__Ralstonia	0.00037642	0.00986365	0.00003021	0.00007792	0.00000000	0.00000000	0.00446878	0.07489237
k__Bacteria|p__Proteobacteria|c__Gammaproteobacteria|o__Burkholderiales|f__Chitinibacteraceae|g__Chitinibacter	0.00000000	0.00001746	0.00000000	0.00003117	0.00000000	0.00000000	0.00001766	0.00000000
k__Bacteria|p__Proteobacteria|c__Gammaproteobacteria|o__Burkholderiales|f__Chitinibacteraceae|g__Chitinilyticum	0.00003585	0.00000000	0.00000000	0.00000000	0.00001468	0.00003229	0.00000000	0.00000000
k__Bacteria|p__Proteobacteria|c__Gammaproteobacteria|o__Burkholderiales|f__Chitinibacteraceae|g__Deefgea	0.00000000	0.00000000	0.00000000	0.00000000	0.00000000	0.00000000	0.00000000	0.00000000
k__Bacteria|p__Proteobacteria|c__Gammaproteobacteria|o__Burkholderiales|f__Chitinibacteraceae|g__Formivibrio	0.00186417	0.00020949	0.00000000	0.00132463	0.00061641	0.00080725	0.00091848	0.00449438
k__Bacteria|p__Proteobacteria|c__Gammaproteobacteria|o__Burkholderiales|f__Chitinimonadaceae|g__Chitinimonas	0.00001792	0.00000000	0.00000000	0.00000000	0.00001468	0.00016145	0.00008832	0.00008401
k__Bacteria|p__Proteobacteria|c__Gammaproteobacteria|o__Burkholderiales|f__Chitinimonadaceae|g__Chitinivorax	0.00000000	0.00000000	0.00000000	0.00001558	0.00001468	0.00000000	0.00128941	0.00006301
k__Bacteria|p__Proteobacteria|c__Gammaproteobacteria|o__Burkholderiales|f__Chromobacteriaceae|g__Aquitalea	0.00000000	0.00000000	0.00003021	0.00000000	0.00000000	0.00001614	0.00001766	0.00031503
k__Bacteria|p__Proteobacteria|c__Gammaproteobacteria|o__Burkholderiales|f__Chromobacteriaceae|g__Paludibacterium	0.00012547	0.00000000	0.00000000	0.00003117	0.00001468	0.00001614	0.00000000	0.00000000
k__Bacteria|p__Proteobacteria|c__Gammaproteobacteria|o__Burkholderiales|f__Chromobacteriaceae|g__Vogesella	0.00037642	0.00015712	0.00018128	0.00060777	0.00032288	0.00229258	0.00819571	0.00720361
k__Bacteria|p__Proteobacteria|c__Gammaproteobacteria|o__Burkholderiales|f__Comamonadaceae|g__Acidovorax	0.00518023	0.00574361	0.00954740	0.00571927	0.00284720	0.01444970	0.01291177	0.04015541
k__Bacteria|p__Proteobacteria|c__Gammaproteobacteria|o__Burkholderiales|f__Comamonadaceae|g__Alicycliphilus	0.00003585	0.00001746	0.00009064	0.00015584	0.00023482	0.00014530	0.00063587	0.00119710
k__Bacteria|p__Proteobacteria|c__Gammaproteobacteria|o__Burkholderiales|f__Comamonadaceae|g__Aquabacterium	0.00102171	0.00183307	0.00392773	0.03068460	0.00368375	0.01388463	0.07369072	0.00894676
k__Bacteria|p__Proteobacteria|c__Gammaproteobacteria|o__Burkholderiales|f__Comamonadaceae|g__Brachymonas	0.00035849	0.00082052	0.00154088	0.00210382	0.00130619	0.00534397	0.00183697	0.00052504
k__Bacteria|p__Proteobacteria|c__Gammaproteobacteria|o__Burkholderiales|f__Comamonadaceae|g__Comamonas	0.00080661	0.00202510	0.00552903	0.01217099	0.00145296	0.01364245	0.01637375	0.01957366
k__Bacteria|p__Proteobacteria|c__Gammaproteobacteria|o__Burkholderiales|f__Comamonadaceae|g__Curvibacter	0.00016132	0.00038407	0.00069491	0.00010909	0.00019079	0.00069423	0.00294975	0.00165914
k__Bacteria|p__Proteobacteria|c__Gammaproteobacteria|o__Burkholderiales|f__Comamonadaceae|g__Delftia	0.00000000	0.00000000	0.00012085	0.00003117	0.00000000	0.00001614	0.00007065	0.00016801
k__Bacteria|p__Proteobacteria|c__Gammaproteobacteria|o__Burkholderiales|f__Comamonadaceae|g__Extensimonas	0.00037642	0.00031424	0.00042299	0.00101295	0.00022014	0.00243788	0.00123642	0.00042004
k__Bacteria|p__Proteobacteria|c__Gammaproteobacteria|o__Burkholderiales|f__Comamonadaceae|g__Hydrogenophaga	0.01864167	0.01812119	0.02607408	0.01284109	0.01268034	0.01948691	0.11027113	0.05185341
k__Bacteria|p__Proteobacteria|c__Gammaproteobacteria|o__Burkholderiales|f__Comamonadaceae|g__Hylemonella	0.00000000	0.00000000	0.00000000	0.00000000	0.00000000	0.00000000	0.00003533	0.00006301
k__Bacteria|p__Proteobacteria|c__Gammaproteobacteria|o__Burkholderiales|f__Comamonadaceae|g__Ideonella	0.00008962	0.00006983	0.00018128	0.00001558	0.00001468	0.00014530	0.00079484	0.00021002
k__Bacteria|p__Proteobacteria|c__Gammaproteobacteria|o__Burkholderiales|f__Comamonadaceae|g__Inhella	0.00010755	0.00000000	0.00000000	0.00000000	0.00000000	0.00022603	0.00008832	0.00027302
k__Bacteria|p__Proteobacteria|c__Gammaproteobacteria|o__Burkholderiales|f__Comamonadaceae|g__Limnohabitans	0.00025095	0.00026187	0.00000000	0.00000000	0.00000000	0.00000000	0.00000000	0.00000000
k__Bacteria|p__Proteobacteria|c__Gammaproteobacteria|o__Burkholderiales|f__Comamonadaceae|g__Macromonas	0.00121888	0.00115221	0.00048341	0.00052985	0.00032288	0.00077496	0.00008832	0.00010501
k__Bacteria|p__Proteobacteria|c__Gammaproteobacteria|o__Burkholderiales|f__Comamonadaceae|g__Ottowia	0.00000000	0.00000000	0.00000000	0.00000000	0.00000000	0.00000000	0.00000000	0.00000000
k__Bacteria|p__Proteobacteria|c__Gammaproteobacteria|o__Burkholderiales|f__Comamonadaceae|g__Paucibacter	0.00000000	0.00000000	0.00000000	0.00000000	0.00000000	0.00000000	0.00000000	0.00002100
k__Bacteria|p__Proteobacteria|c__Gammaproteobacteria|o__Burkholderiales|f__Comamonadaceae|g__Piscinibacter	0.00008962	0.00000000	0.00000000	0.00001558	0.00000000	0.00000000	0.00007065	0.00006301
k__Bacteria|p__Proteobacteria|c__Gammaproteobacteria|o__Burkholderiales|f__Comamonadaceae|g__Polaromonas	0.00000000	0.00000000	0.00000000	0.00001558	0.00000000	0.00000000	0.00000000	0.00000000
k__Bacteria|p__Proteobacteria|c__Gammaproteobacteria|o__Burkholderiales|f__Comamonadaceae|g__Ramlibacter	0.00012547	0.00099509	0.00377666	0.00010909	0.00010273	0.00006458	0.00038859	0.00054605
k__Bacteria|p__Proteobacteria|c__Gammaproteobacteria|o__Burkholderiales|f__Comamonadaceae|g__Rhizobacter	0.00001792	0.00000000	0.00000000	0.00003117	0.00000000	0.00000000	0.00000000	0.00012601
k__Bacteria|p__Proteobacteria|c__Gammaproteobacteria|o__Burkholderiales|f__Comamonadaceae|g__Rhodoferax	0.00019717	0.00003492	0.00018128	0.00054543	0.00042561	0.00238945	0.00079484	0.00468340
k__Bacteria|p__Proteobacteria|c__Gammaproteobacteria|o__Burkholderiales|f__Comamonadaceae|g__Rivibacter	0.00003585	0.00000000	0.00000000	0.00000000	0.00000000	0.00000000	0.00001766	0.00000000
k__Bacteria|p__Proteobacteria|c__Gammaproteobacteria|o__Burkholderiales|f__Comamonadaceae|g__Rubrivivax	0.00017925	0.00008729	0.00009064	0.00010909	0.00008806	0.00016145	0.00049457	0.00136512
k__Bacteria|p__Proteobacteria|c__Gammaproteobacteria|o__Burkholderiales|f__Comamonadaceae|g__Sphaerotilus	0.00001792	0.00001746	0.00006043	0.00035843	0.00008806	0.00048435	0.00001766	0.00016801
k__Bacteria|p__Proteobacteria|c__Gammaproteobacteria|o__Burkholderiales|f__Comamonadaceae|g__Thiomonas	0.00003585	0.00003492	0.00018128	0.00038960	0.00077784	0.00022603	0.00031794	0.00063005
k__Bacteria|p__Proteobacteria|c__Gammaproteobacteria|o__Burkholderiales|f__Comamonadaceae|g__Variovorax	0.00000000	0.00001746	0.00051363	0.00000000	0.00001468	0.00006458	0.00001766	0.00016801
k__Bacteria|p__Proteobacteria|c__Gammaproteobacteria|o__Burkholderiales|f__Gallionellaceae|g__Candidatus_Nitrotoga	0.00001792	0.00000000	0.00000000	0.00000000	0.00000000	0.00000000	0.00000000	0.00000000
k__Bacteria|p__Proteobacteria|c__Gammaproteobacteria|o__Burkholderiales|f__Gallionellaceae|g__Gallionella	0.00000000	0.00000000	0.00000000	0.00000000	0.00000000	0.00000000	0.00000000	0.00000000
k__Bacteria|p__Proteobacteria|c__Gammaproteobacteria|o__Burkholderiales|f__Gallionellaceae|g__Sideroxydans	0.00001792	0.00013966	0.00000000	0.00007792	0.00000000	0.00008072	0.00000000	0.00000000
k__Bacteria|p__Proteobacteria|c__Gammaproteobacteria|o__Burkholderiales|f__Hydrogenophilaceae|g__Spirillum	0.00001792	0.00001746	0.00000000	0.00003117	0.00002935	0.00019374	0.00000000	0.00000000
k__Bacteria|p__Proteobacteria|c__Gammaproteobacteria|o__Burkholderiales|f__Hydrogenophilaceae|g__Sulfuritortus	0.00000000	0.00000000	0.00000000	0.00000000	0.00001468	0.00001614	0.00067120	0.00002100
k__Bacteria|p__Proteobacteria|c__Gammaproteobacteria|o__Burkholderiales|f__Hydrogenophilaceae|g__Tepidiphilus	0.00010755	0.00000000	0.00000000	0.00001558	0.00000000	0.00000000	0.00003533	0.00000000
k__Bacteria|p__Proteobacteria|c__Gammaproteobacteria|o__Burkholderiales|f__Hydrogenophilaceae|g__Thiobacillus	0.00021510	0.00013966	0.00036256	0.00115320	0.00337555	0.00041977	0.00683564	0.00073506
k__Bacteria|p__Proteobacteria|c__Gammaproteobacteria|o__Burkholderiales|f__Hydrogenophilaceae|g__Thiobacter	0.00000000	0.00000000	0.00000000	0.00000000	0.00000000	0.00000000	0.00000000	0.00000000
k__Bacteria|p__Proteobacteria|c__Gammaproteobacteria|o__Burkholderiales|f__Methylophilaceae|g__Candidatus_Methylopumilus	0.00026887	0.00005237	0.00000000	0.00000000	0.00000000	0.00000000	0.00000000	0.00000000
k__Bacteria|p__Proteobacteria|c__Gammaproteobacteria|o__Burkholderiales|f__Methylophilaceae|g__Methylobacillus	0.00000000	0.00000000	0.00000000	0.00000000	0.00000000	0.00000000	0.00000000	0.00000000
k__Bacteria|p__Proteobacteria|c__Gammaproteobacteria|o__Burkholderiales|f__Methylophilaceae|g__Methylophilus	0.00012547	0.00000000	0.00000000	0.00000000	0.00001468	0.00000000	0.00000000	0.00008401
k__Bacteria|p__Proteobacteria|c__Gammaproteobacteria|o__Burkholderiales|f__Methylophilaceae|g__Methylotenera	0.00138020	0.00197273	0.00012085	0.00143371	0.00044029	0.00195353	0.00275545	0.00138612
k__Bacteria|p__Proteobacteria|c__Gammaproteobacteria|o__Burkholderiales|f__Neisseriaceae|g__Eikenella	0.00000000	0.00000000	0.00000000	0.00000000	0.00000000	0.00000000	0.00000000	0.00000000
k__Bacteria|p__Proteobacteria|c__Gammaproteobacteria|o__Burkholderiales|f__Neisseriaceae|g__Kingella	0.00000000	0.00000000	0.00000000	0.00000000	0.00000000	0.00000000	0.00000000	0.00000000
k__Bacteria|p__Proteobacteria|c__Gammaproteobacteria|o__Burkholderiales|f__Neisseriaceae|g__Neisseria	0.00003585	0.00000000	0.00000000	0.00000000	0.00000000	0.00000000	0.00000000	0.00008401
k__Bacteria|p__Proteobacteria|c__Gammaproteobacteria|o__Burkholderiales|f__Neisseriaceae|g__Uruburuella	0.00000000	0.00000000	0.00000000	0.00004675	0.00000000	0.00003229	0.00000000	0.00000000
k__Bacteria|p__Proteobacteria|c__Gammaproteobacteria|o__Burkholderiales|f__Neisseriaceae|g__Vitreoscilla	0.00000000	0.00000000	0.00000000	0.00000000	0.00000000	0.00001614	0.00008832	0.00000000
k__Bacteria|p__Proteobacteria|c__Gammaproteobacteria|o__Burkholderiales|f__Nitrosomonadaceae|g__966_1	0.00000000	0.00000000	0.00000000	0.00000000	0.00000000	0.00000000	0.00000000	0.00000000
k__Bacteria|p__Proteobacteria|c__Gammaproteobacteria|o__Burkholderiales|f__Nitrosomonadaceae|g__DSSD61	0.00000000	0.00001746	0.00000000	0.00000000	0.00000000	0.00006458	0.00000000	0.00000000
k__Bacteria|p__Proteobacteria|c__Gammaproteobacteria|o__Burkholderiales|f__Nitrosomonadaceae|g__Ellin6067	0.00071699	0.00015712	0.00006043	0.00024934	0.00002935	0.00079110	0.00022962	0.00010501
k__Bacteria|p__Proteobacteria|c__Gammaproteobacteria|o__Burkholderiales|f__Nitrosomonadaceae|g__GOUTA6	0.00016132	0.00010475	0.00000000	0.00032726	0.00000000	0.00041977	0.00000000	0.00000000
k__Bacteria|p__Proteobacteria|c__Gammaproteobacteria|o__Burkholderiales|f__Nitrosomonadaceae|g__IS_44	0.00000000	0.00000000	0.00000000	0.00003117	0.00000000	0.00000000	0.00000000	0.00000000
k__Bacteria|p__Proteobacteria|c__Gammaproteobacteria|o__Burkholderiales|f__Nitrosomonadaceae|g__MND1	0.00100378	0.00012220	0.00000000	0.00028051	0.00000000	0.00208269	0.00000000	0.00004200
k__Bacteria|p__Proteobacteria|c__Gammaproteobacteria|o__Burkholderiales|f__Nitrosomonadaceae|g__Nitrosomonas	0.00003585	0.00000000	0.00000000	0.00003117	0.00000000	0.00000000	0.00008832	0.00000000
k__Bacteria|p__Proteobacteria|c__Gammaproteobacteria|o__Burkholderiales|f__Nitrosomonadaceae|g__Nitrosospira	0.00007170	0.00006983	0.00000000	0.00001558	0.00000000	0.00006458	0.00000000	0.00000000
k__Bacteria|p__Proteobacteria|c__Gammaproteobacteria|o__Burkholderiales|f__Nitrosomonadaceae|g__mle1_7	0.00001792	0.00006983	0.00000000	0.00006234	0.00000000	0.00003229	0.00000000	0.00002100
k__Bacteria|p__Proteobacteria|c__Gammaproteobacteria|o__Burkholderiales|f__Nitrosomonadaceae|g__oc32	0.00017925	0.00003492	0.00000000	0.00007792	0.00000000	0.00046820	0.00000000	0.00000000
k__Bacteria|p__Proteobacteria|c__Gammaproteobacteria|o__Burkholderiales|f__Oxalobacteraceae|g__Duganella	0.00001792	0.00000000	0.00000000	0.00000000	0.00000000	0.00000000	0.00005299	0.00029402
k__Bacteria|p__Proteobacteria|c__Gammaproteobacteria|o__Burkholderiales|f__Oxalobacteraceae|g__Herbaspirillum	0.00000000	0.00000000	0.00012085	0.00004675	0.00007338	0.00008072	0.00003533	0.00046204
k__Bacteria|p__Proteobacteria|c__Gammaproteobacteria|o__Burkholderiales|f__Oxalobacteraceae|g__Massilia	0.00001792	0.00003492	0.00060427	0.00006234	0.00001468	0.00000000	0.00017663	0.00067206
k__Bacteria|p__Proteobacteria|c__Gammaproteobacteria|o__Burkholderiales|f__Oxalobacteraceae|g__Oxalicibacterium	0.00000000	0.00000000	0.00000000	0.00000000	0.00000000	0.00000000	0.00000000	0.00002100
k__Bacteria|p__Proteobacteria|c__Gammaproteobacteria|o__Burkholderiales|f__Oxalobacteraceae|g__Oxalobacter	0.00016132	0.00000000	0.00000000	0.00000000	0.00000000	0.00000000	0.00000000	0.00000000
k__Bacteria|p__Proteobacteria|c__Gammaproteobacteria|o__Burkholderiales|f__Oxalobacteraceae|g__Undibacterium	0.00000000	0.00006983	0.00000000	0.00000000	0.00000000	0.00000000	0.00000000	0.00000000
k__Bacteria|p__Proteobacteria|c__Gammaproteobacteria|o__Burkholderiales|f__Rhodocyclaceae|g__Azoarcus	0.00001792	0.00000000	0.00000000	0.00000000	0.00000000	0.00000000	0.00000000	0.00000000
k__Bacteria|p__Proteobacteria|c__Gammaproteobacteria|o__Burkholderiales|f__Rhodocyclaceae|g__Azonexus	0.00075284	0.00069831	0.00000000	0.00015584	0.00002935	0.00025832	0.00014131	0.00031503
k__Bacteria|p__Proteobacteria|c__Gammaproteobacteria|o__Burkholderiales|f__Rhodocyclaceae|g__Azospira	0.00014340	0.00003492	0.00000000	0.00024934	0.00004403	0.00146919	0.00010598	0.00023102
k__Bacteria|p__Proteobacteria|c__Gammaproteobacteria|o__Burkholderiales|f__Rhodocyclaceae|g__Azovibrio	0.00010755	0.00005237	0.00000000	0.00000000	0.00000000	0.00000000	0.00000000	0.00000000
k__Bacteria|p__Proteobacteria|c__Gammaproteobacteria|o__Burkholderiales|f__Rhodocyclaceae|g__C39	0.01134632	0.32604179	0.02827965	0.05272016	0.02418657	0.03398505	0.02633578	0.01016486
k__Bacteria|p__Proteobacteria|c__Gammaproteobacteria|o__Burkholderiales|f__Rhodocyclaceae|g__Dechlorobacter	0.00064529	0.00052373	0.00021149	0.00048310	0.00036691	0.00116243	0.00074185	0.00025202
k__Bacteria|p__Proteobacteria|c__Gammaproteobacteria|o__Burkholderiales|f__Rhodocyclaceae|g__Dechloromonas	0.00691893	0.01272673	0.00214514	0.00959965	0.00287656	0.01202796	0.00395655	0.00283524
k__Bacteria|p__Proteobacteria|c__Gammaproteobacteria|o__Burkholderiales|f__Rhodocyclaceae|g__Ferribacterium	0.00080661	0.00033170	0.00000000	0.00037401	0.00020547	0.00056507	0.00033560	0.00014701
k__Bacteria|p__Proteobacteria|c__Gammaproteobacteria|o__Burkholderiales|f__Rhodocyclaceae|g__Georgfuchsia	0.00000000	0.00000000	0.00000000	0.00000000	0.00002935	0.00001614	0.00000000	0.00008401
k__Bacteria|p__Proteobacteria|c__Gammaproteobacteria|o__Burkholderiales|f__Rhodocyclaceae|g__Niveibacterium	0.00001792	0.00006983	0.00000000	0.00004675	0.00000000	0.00000000	0.00031794	0.00000000
k__Bacteria|p__Proteobacteria|c__Gammaproteobacteria|o__Burkholderiales|f__Rhodocyclaceae|g__Propionivibrio	0.00659628	0.00075069	0.00006043	0.00211940	0.00045497	0.00381020	0.00114811	0.00186916
k__Bacteria|p__Proteobacteria|c__Gammaproteobacteria|o__Burkholderiales|f__Rhodocyclaceae|g__Rhodocyclus	0.00066321	0.00228697	0.00024171	0.00219732	0.00077784	0.00250246	0.00160735	0.00044104
k__Bacteria|p__Proteobacteria|c__Gammaproteobacteria|o__Burkholderiales|f__Rhodocyclaceae|g__Sterolibacterium	0.00000000	0.00000000	0.00000000	0.00007792	0.00000000	0.00000000	0.00000000	0.00000000
k__Bacteria|p__Proteobacteria|c__Gammaproteobacteria|o__Burkholderiales|f__Rhodocyclaceae|g__Sulfurisoma	0.00001792	0.00001746	0.00000000	0.00000000	0.00000000	0.00003229	0.00000000	0.00000000
k__Bacteria|p__Proteobacteria|c__Gammaproteobacteria|o__Burkholderiales|f__Rhodocyclaceae|g__Sulfuritalea	0.00021510	0.00005237	0.00003021	0.00003117	0.00000000	0.00032290	0.00001766	0.00002100
k__Bacteria|p__Proteobacteria|c__Gammaproteobacteria|o__Burkholderiales|f__Rhodocyclaceae|g__Thauera	0.02364265	0.00226951	0.00371624	0.01215540	0.00385987	0.01104312	0.01729224	0.00441037
k__Bacteria|p__Proteobacteria|c__Gammaproteobacteria|o__Burkholderiales|f__Rhodocyclaceae|g__Uliginosibacterium	0.00123680	0.00005237	0.00012085	0.00046752	0.00004403	0.00069423	0.00113044	0.00900977
k__Bacteria|p__Proteobacteria|c__Gammaproteobacteria|o__Burkholderiales|f__Rhodocyclaceae|g__Zoogloea	0.00157737	0.00101255	0.00000000	0.01572410	0.00597326	0.03884467	0.00404486	0.00249921
k__Bacteria|p__Proteobacteria|c__Gammaproteobacteria|o__Burkholderiales|f__Sulfuricellaceae|g__Ferritrophicum	0.00000000	0.00000000	0.00006043	0.00003117	0.00002935	0.00003229	0.00001766	0.00000000
k__Bacteria|p__Proteobacteria|c__Gammaproteobacteria|o__Burkholderiales|f__Sulfuricellaceae|g__Sulfuricella	0.00003585	0.00003492	0.00000000	0.00020259	0.00000000	0.00000000	0.00000000	0.00000000
k__Bacteria|p__Proteobacteria|c__Gammaproteobacteria|o__Burkholderiales|f__Sutterellaceae|g__AAP99	0.00000000	0.00000000	0.00003021	0.00003117	0.00000000	0.00000000	0.00000000	0.00000000
k__Bacteria|p__Proteobacteria|c__Gammaproteobacteria|o__Burkholderiales|f__Sutterellaceae|g__Parasutterella	0.00001792	0.00001746	0.00000000	0.00000000	0.00007338	0.00000000	0.00169566	0.00075606
k__Bacteria|p__Proteobacteria|c__Gammaproteobacteria|o__Burkholderiales|f__Sutterellaceae|g__Sutterella	0.00021510	0.00001746	0.00000000	0.00031168	0.00001468	0.00051664	0.00003533	0.00004200
k__Bacteria|p__Proteobacteria|c__Gammaproteobacteria|o__Cardiobacteriales|f__Cardiobacteriaceae|g__Cardiobacterium	0.00000000	0.00000000	0.00000000	0.00000000	0.00000000	0.00000000	0.00000000	0.00000000
k__Bacteria|p__Proteobacteria|c__Gammaproteobacteria|o__Cardiobacteriales|f__Wohlfahrtiimonadaceae|g__Ignatzschineria	0.00000000	0.00000000	0.00000000	0.00028051	0.00000000	0.00001614	0.00000000	0.00012601
k__Bacteria|p__Proteobacteria|c__Gammaproteobacteria|o__Cardiobacteriales|f__Wohlfahrtiimonadaceae|g__Wohlfahrtiimonas	0.00005377	0.00000000	0.00000000	0.00018701	0.00000000	0.00001614	0.00003533	0.00002100
k__Bacteria|p__Proteobacteria|c__Gammaproteobacteria|o__Chromatiales|f__Chromatiaceae|g__Allochromatium	0.00372833	0.00031424	0.00021149	0.00007792	0.00002935	0.00000000	0.00000000	0.00000000
k__Bacteria|p__Proteobacteria|c__Gammaproteobacteria|o__Chromatiales|f__Chromatiaceae|g__Lamprocystis	0.00000000	0.00000000	0.00000000	0.00000000	0.00000000	0.00000000	0.00000000	0.00000000
k__Bacteria|p__Proteobacteria|c__Gammaproteobacteria|o__Chromatiales|f__Chromatiaceae|g__Thiobaca	0.00005377	0.00001746	0.00009064	0.00000000	0.00000000	0.00000000	0.00000000	0.00000000
k__Bacteria|p__Proteobacteria|c__Gammaproteobacteria|o__Chromatiales|f__Chromatiaceae|g__Thiocystis	0.00000000	0.00001746	0.00000000	0.00006234	0.00000000	0.00014530	0.00000000	0.00000000
k__Bacteria|p__Proteobacteria|c__Gammaproteobacteria|o__Chromatiales|f__Chromatiaceae|g__Thiolamprovum	0.00026887	0.00000000	0.00000000	0.00003117	0.00004403	0.00000000	0.00010598	0.00000000
k__Bacteria|p__Proteobacteria|c__Gammaproteobacteria|o__Chromatiales|f__Chromatiaceae|g__Thiophaeococcus	0.00007170	0.00001746	0.00015107	0.00004675	0.00001468	0.00000000	0.00000000	0.00002100
k__Bacteria|p__Proteobacteria|c__Gammaproteobacteria|o__Competibacterales|f__Competibacteraceae|g__Candidatus_Competibacter	0.00008962	0.00001746	0.00012085	0.00032726	0.00022014	0.00017759	0.00005299	0.00002100
k__Bacteria|p__Proteobacteria|c__Gammaproteobacteria|o__Competibacterales|f__Competibacteraceae|g__Candidatus_Contendobacter	0.00000000	0.00000000	0.00000000	0.00003117	0.00000000	0.00000000	0.00000000	0.00000000
k__Bacteria|p__Proteobacteria|c__Gammaproteobacteria|o__Competibacterales|f__Competibacteraceae|g__Plasticicumulans	0.00000000	0.00000000	0.00000000	0.00012467	0.00000000	0.00006458	0.00000000	0.00002100
k__Bacteria|p__Proteobacteria|c__Gammaproteobacteria|o__Coxiellales|f__Coxiellaceae|g__Coxiella	0.00007170	0.00001746	0.00006043	0.00040518	0.00049899	0.00017759	0.00017663	0.00002100
k__Bacteria|p__Proteobacteria|c__Gammaproteobacteria|o__Diplorickettsiales|f__Diplorickettsiaceae|g__Aquicella	0.00021510	0.00005237	0.00006043	0.00000000	0.00000000	0.00056507	0.00000000	0.00000000
k__Bacteria|p__Proteobacteria|c__Gammaproteobacteria|o__Ectothiorhodospirales|f__Ectothiorhodospiraceae|g__Thioalkalivibrio	0.00000000	0.00000000	0.00000000	0.00000000	0.00000000	0.00000000	0.00000000	0.00000000
k__Bacteria|p__Proteobacteria|c__Gammaproteobacteria|o__Ectothiorhodospirales|f__Thioalkalispiraceae|g__Thioalkalispira_Sulfurivermis	0.00000000	0.00000000	0.00000000	0.00000000	0.00000000	0.00000000	0.00003533	0.00000000
k__Bacteria|p__Proteobacteria|c__Gammaproteobacteria|o__Enterobacterales|f__Aeromonadaceae|g__Aeromonas	0.00663213	0.00289799	0.00157109	0.04235690	0.00132087	0.01414295	0.00787777	0.01978368
k__Bacteria|p__Proteobacteria|c__Gammaproteobacteria|o__Enterobacterales|f__Aeromonadaceae|g__Tolumonas	0.00448117	0.00125696	0.00033235	0.00869579	0.00042561	0.00448829	0.00095381	0.00123911
k__Bacteria|p__Proteobacteria|c__Gammaproteobacteria|o__Enterobacterales|f__Alteromonadaceae|g__Alishewanella	0.00064529	0.00000000	0.00000000	0.00006234	0.00000000	0.00003229	0.00001766	0.00000000
k__Bacteria|p__Proteobacteria|c__Gammaproteobacteria|o__Enterobacterales|f__Alteromonadaceae|g__Rheinheimera	0.00044812	0.00006983	0.00009064	0.00043635	0.00005871	0.00050049	0.00181931	0.00354930
k__Bacteria|p__Proteobacteria|c__Gammaproteobacteria|o__Enterobacterales|f__Budviciaceae|g__Pragia	0.00003585	0.00000000	0.01827905	0.00000000	0.00000000	0.00000000	0.00000000	0.00004200
k__Bacteria|p__Proteobacteria|c__Gammaproteobacteria|o__Enterobacterales|f__Enterobacteriaceae|g__Cronobacter	0.00001792	0.00001746	0.00000000	0.00020259	0.00000000	0.00009687	0.00000000	0.00008401
k__Bacteria|p__Proteobacteria|c__Gammaproteobacteria|o__Enterobacterales|f__Enterobacteriaceae|g__Enterobacter	0.03749843	0.00616260	0.00640522	0.01150088	0.00193727	0.00381020	0.01736289	0.01444923
k__Bacteria|p__Proteobacteria|c__Gammaproteobacteria|o__Enterobacterales|f__Enterobacteriaceae|g__Escherichia_Shigella	0.00082454	0.00165849	0.00063448	0.00626471	0.00284720	0.00537626	0.00210192	0.00879975
k__Bacteria|p__Proteobacteria|c__Gammaproteobacteria|o__Enterobacterales|f__Enterobacteriaceae|g__Kosakonia	0.00010755	0.00003492	0.00000000	0.00007792	0.00001468	0.00000000	0.00001766	0.00006301
k__Bacteria|p__Proteobacteria|c__Gammaproteobacteria|o__Enterobacterales|f__Enterobacteriaceae|g__Plesiomonas	0.00000000	0.00003492	0.00000000	0.00006234	0.00000000	0.00000000	0.00000000	0.00000000
k__Bacteria|p__Proteobacteria|c__Gammaproteobacteria|o__Enterobacterales|f__Erwiniaceae|g__Pantoea	0.00150567	0.00075069	0.00132939	0.00185448	0.00023482	0.00056507	0.00162501	0.00613252
k__Bacteria|p__Proteobacteria|c__Gammaproteobacteria|o__Enterobacterales|f__Hafniaceae|g__Edwardsiella	0.00000000	0.00000000	0.00000000	0.00000000	0.00000000	0.00000000	0.00000000	0.00000000
k__Bacteria|p__Proteobacteria|c__Gammaproteobacteria|o__Enterobacterales|f__Idiomarinaceae|g__Aliidiomarina	0.00000000	0.00000000	0.00000000	0.00000000	0.00000000	0.00001614	0.00000000	0.00000000
k__Bacteria|p__Proteobacteria|c__Gammaproteobacteria|o__Enterobacterales|f__Morganellaceae|g__Morganella	0.00003585	0.00001746	0.00000000	0.00007792	0.00000000	0.00001614	0.00003533	0.01780951
k__Bacteria|p__Proteobacteria|c__Gammaproteobacteria|o__Enterobacterales|f__Morganellaceae|g__Proteus	0.00001792	0.00000000	0.00000000	0.00009350	0.00000000	0.00000000	0.00003533	0.00002100
k__Bacteria|p__Proteobacteria|c__Gammaproteobacteria|o__Enterobacterales|f__Morganellaceae|g__Providencia	0.00000000	0.00010475	0.00000000	0.00031168	0.00001468	0.00000000	0.00010598	0.00128111
k__Bacteria|p__Proteobacteria|c__Gammaproteobacteria|o__Enterobacterales|f__Pasteurellaceae|g__Actinobacillus	0.00003585	0.00000000	0.00000000	0.00000000	0.00000000	0.00000000	0.00000000	0.00000000
k__Bacteria|p__Proteobacteria|c__Gammaproteobacteria|o__Enterobacterales|f__Pasteurellaceae|g__Aggregatibacter	0.00000000	0.00000000	0.00000000	0.00000000	0.00000000	0.00000000	0.00000000	0.00006301
k__Bacteria|p__Proteobacteria|c__Gammaproteobacteria|o__Enterobacterales|f__Pasteurellaceae|g__Haemophilus	0.00005377	0.00006983	0.00003021	0.00003117	0.00002935	0.00009687	0.00001766	0.00006301
k__Bacteria|p__Proteobacteria|c__Gammaproteobacteria|o__Enterobacterales|f__Pasteurellaceae|g__Pasteurella	0.00000000	0.00000000	0.00000000	0.00000000	0.00000000	0.00000000	0.00000000	0.00008401
k__Bacteria|p__Proteobacteria|c__Gammaproteobacteria|o__Enterobacterales|f__Pasteurellaceae|g__Rodentibacter	0.00000000	0.00000000	0.00000000	0.00000000	0.00000000	0.00000000	0.00000000	0.00002100
k__Bacteria|p__Proteobacteria|c__Gammaproteobacteria|o__Enterobacterales|f__Pectobacteriaceae|g__Dickeya	0.00017925	0.00000000	0.00003021	0.00000000	0.00000000	0.00000000	0.00003533	0.00050404
k__Bacteria|p__Proteobacteria|c__Gammaproteobacteria|o__Enterobacterales|f__Pseudoalteromonadaceae|g__Pseudoalteromonas	0.00000000	0.00000000	0.00000000	0.00000000	0.00000000	0.00000000	0.00000000	0.00000000
k__Bacteria|p__Proteobacteria|c__Gammaproteobacteria|o__Enterobacterales|f__Shewanellaceae|g__Shewanella	0.00003585	0.00001746	0.00752311	0.00021817	0.00011741	0.00006458	0.00017663	0.00134411
k__Bacteria|p__Proteobacteria|c__Gammaproteobacteria|o__Enterobacterales|f__Succinivibrionaceae|g__Ruminobacter	0.00001792	0.00000000	0.00138981	0.00009350	0.00005871	0.00004843	0.00000000	0.00000000
k__Bacteria|p__Proteobacteria|c__Gammaproteobacteria|o__Enterobacterales|f__Succinivibrionaceae|g__Succinivibrio	0.00078869	0.00050628	0.00051363	0.00522059	0.00570909	0.00705533	0.00061821	0.00037803
k__Bacteria|p__Proteobacteria|c__Gammaproteobacteria|o__Enterobacterales|f__Succinivibrionaceae|g__Succinivibrionaceae_UCG_002	0.00000000	0.00000000	0.00030213	0.00000000	0.00000000	0.00000000	0.00000000	0.00000000
k__Bacteria|p__Proteobacteria|c__Gammaproteobacteria|o__Enterobacterales|f__Thorselliaceae|g__Thorsellia	0.00007170	0.00047136	0.00000000	0.00000000	0.00000000	0.00000000	0.00000000	0.00000000
k__Bacteria|p__Proteobacteria|c__Gammaproteobacteria|o__Enterobacterales|f__Vibrionaceae|g__Photobacterium	0.00000000	0.00000000	0.00000000	0.00000000	0.00000000	0.00000000	0.00000000	0.00000000
k__Bacteria|p__Proteobacteria|c__Gammaproteobacteria|o__Enterobacterales|f__Vibrionaceae|g__Salinivibrio	0.00000000	0.00000000	0.00000000	0.00000000	0.00000000	0.00000000	0.00000000	0.00004200
k__Bacteria|p__Proteobacteria|c__Gammaproteobacteria|o__Enterobacterales|f__Vibrionaceae|g__Thaumasiovibrio	0.00000000	0.00000000	0.00000000	0.00000000	0.00000000	0.00000000	0.00000000	0.00000000
k__Bacteria|p__Proteobacteria|c__Gammaproteobacteria|o__Enterobacterales|f__Vibrionaceae|g__Vibrio	0.00001792	0.00000000	0.00030213	0.00012467	0.00000000	0.00003229	0.00001766	0.00023102
k__Bacteria|p__Proteobacteria|c__Gammaproteobacteria|o__Enterobacterales|f__Yersiniaceae|g__Serratia	0.00000000	0.00000000	0.00000000	0.00045193	0.00000000	0.00008072	0.00001766	0.00023102
k__Bacteria|p__Proteobacteria|c__Gammaproteobacteria|o__Halothiobacillales|f__Halothiobacillaceae|g__Halothiobacillus	0.00001792	0.00000000	0.00000000	0.00006234	0.00026417	0.00011301	0.00012364	0.00008401
k__Bacteria|p__Proteobacteria|c__Gammaproteobacteria|o__Halothiobacillales|f__Halothiobacillaceae|g__Thiofaba	0.00001792	0.00000000	0.00000000	0.00000000	0.00000000	0.00000000	0.00010598	0.00000000
k__Bacteria|p__Proteobacteria|c__Gammaproteobacteria|o__Halothiobacillales|f__Halothiobacillaceae|g__Thiovirga	0.00462457	0.00031424	0.00006043	0.00548551	0.00286188	0.00695846	0.01174600	0.00207918
k__Bacteria|p__Proteobacteria|c__Gammaproteobacteria|o__Immundisolibacterales|f__Immundisolibacteraceae|g__Immundisolibacter	0.00000000	0.00001746	0.00000000	0.00000000	0.00000000	0.00000000	0.00000000	0.00000000
k__Bacteria|p__Proteobacteria|c__Gammaproteobacteria|o__Legionellales|f__Legionellaceae|g__Legionella	0.00003585	0.00001746	0.00009064	0.00004675	0.00011741	0.00004843	0.00000000	0.00002100
k__Bacteria|p__Proteobacteria|c__Gammaproteobacteria|o__Methylococcales|f__Methylococcaceae|g__Candidatus_Methylospira	0.00016132	0.00006983	0.00000000	0.00004675	0.00000000	0.00016145	0.00000000	0.00000000
k__Bacteria|p__Proteobacteria|c__Gammaproteobacteria|o__Methylococcales|f__Methylococcaceae|g__Methylocaldum	0.00005377	0.00000000	0.00000000	0.00000000	0.00000000	0.00004843	0.00000000	0.00000000
k__Bacteria|p__Proteobacteria|c__Gammaproteobacteria|o__Methylococcales|f__Methylococcaceae|g__Methylococcus	0.00001792	0.00000000	0.00000000	0.00000000	0.00001468	0.00000000	0.00000000	0.00000000
k__Bacteria|p__Proteobacteria|c__Gammaproteobacteria|o__Methylococcales|f__Methylococcaceae|g__Methylogaea	0.00014340	0.00000000	0.00000000	0.00001558	0.00000000	0.00020988	0.00000000	0.00000000
k__Bacteria|p__Proteobacteria|c__Gammaproteobacteria|o__Methylococcales|f__Methylococcaceae|g__Methylomagnum	0.00007170	0.00001746	0.00000000	0.00000000	0.00000000	0.00004843	0.00000000	0.00000000
k__Bacteria|p__Proteobacteria|c__Gammaproteobacteria|o__Methylococcales|f__Methylococcaceae|g__Methyloparacoccus	0.00016132	0.00127442	0.00132939	0.00042076	0.00066043	0.00037133	0.00015897	0.00008401
k__Bacteria|p__Proteobacteria|c__Gammaproteobacteria|o__Methylococcales|f__Methylococcaceae|g__Methyloterricola	0.00000000	0.00000000	0.00000000	0.00001558	0.00002935	0.00001614	0.00000000	0.00000000
k__Bacteria|p__Proteobacteria|c__Gammaproteobacteria|o__Methylococcales|f__Methylomonadaceae|g__Crenothrix	0.00017925	0.00015712	0.00000000	0.00031168	0.00000000	0.00025832	0.00000000	0.00000000
k__Bacteria|p__Proteobacteria|c__Gammaproteobacteria|o__Methylococcales|f__Methylomonadaceae|g__Methyloglobulus	0.00000000	0.00000000	0.00000000	0.00000000	0.00000000	0.00000000	0.00000000	0.00000000
k__Bacteria|p__Proteobacteria|c__Gammaproteobacteria|o__Methylococcales|f__Methylomonadaceae|g__Methylomicrobium	0.00030472	0.00017458	0.00000000	0.00029609	0.00000000	0.00083954	0.00000000	0.00000000
k__Bacteria|p__Proteobacteria|c__Gammaproteobacteria|o__Methylococcales|f__Methylomonadaceae|g__Methylomonas	0.00012547	0.00017458	0.00003021	0.00004675	0.00001468	0.00006458	0.00010598	0.00008401
k__Bacteria|p__Proteobacteria|c__Gammaproteobacteria|o__Methylococcales|f__Methylomonadaceae|g__Methylosarcina	0.00000000	0.00000000	0.00000000	0.00000000	0.00000000	0.00000000	0.00000000	0.00000000
k__Bacteria|p__Proteobacteria|c__Gammaproteobacteria|o__Methylococcales|f__Methylomonadaceae|g__pLW_20	0.00000000	0.00000000	0.00000000	0.00001558	0.00000000	0.00000000	0.00000000	0.00000000
k__Bacteria|p__Proteobacteria|c__Gammaproteobacteria|o__Nitrosococcales|f__Methylophagaceae|g__Methylophaga	0.00000000	0.00000000	0.00000000	0.00000000	0.00000000	0.00000000	0.00000000	0.00000000
k__Bacteria|p__Proteobacteria|c__Gammaproteobacteria|o__Nitrosococcales|f__Nitrosococcaceae|g__CI75cm.2.12	0.00023302	0.00010475	0.00003021	0.00003117	0.00000000	0.00006458	0.00003533	0.00000000
k__Bacteria|p__Proteobacteria|c__Gammaproteobacteria|o__Pseudomonadales|f__Alcanivoracaceae1|g__Alcanivorax	0.00000000	0.00000000	0.00000000	0.00000000	0.00000000	0.00000000	0.00000000	0.00000000
k__Bacteria|p__Proteobacteria|c__Gammaproteobacteria|o__Pseudomonadales|f__Alcanivoracaceae|g__Ketobacter	0.00000000	0.00000000	0.00000000	0.00000000	0.00000000	0.00000000	0.00000000	0.00000000
k__Bacteria|p__Proteobacteria|c__Gammaproteobacteria|o__Pseudomonadales|f__Cellvibrionaceae|g__Cellvibrio	0.00001792	0.00000000	0.00009064	0.00003117	0.00007338	0.00001614	0.00044158	0.00119710
k__Bacteria|p__Proteobacteria|c__Gammaproteobacteria|o__Pseudomonadales|f__Cellvibrionaceae|g__Marinimicrobium	0.00000000	0.00000000	0.00000000	0.00000000	0.00000000	0.00000000	0.00000000	0.00000000
k__Bacteria|p__Proteobacteria|c__Gammaproteobacteria|o__Pseudomonadales|f__Halieaceae|g__Halioglobus	0.00000000	0.00000000	0.00000000	0.00000000	0.00000000	0.00000000	0.00000000	0.00000000
k__Bacteria|p__Proteobacteria|c__Gammaproteobacteria|o__Pseudomonadales|f__Halieaceae|g__OM60_NOR5__clade	0.00000000	0.00001746	0.00000000	0.00006234	0.00000000	0.00008072	0.00000000	0.00000000
k__Bacteria|p__Proteobacteria|c__Gammaproteobacteria|o__Pseudomonadales|f__Halomonadaceae|g__Halomonas	0.00001792	0.00001746	0.00006043	0.00006234	0.00000000	0.00006458	0.00000000	0.00016801
k__Bacteria|p__Proteobacteria|c__Gammaproteobacteria|o__Pseudomonadales|f__Halomonadaceae|g__HdN1	0.00001792	0.00000000	0.00000000	0.00000000	0.00000000	0.00000000	0.00001766	0.00000000
k__Bacteria|p__Proteobacteria|c__Gammaproteobacteria|o__Pseudomonadales|f__Marinobacteraceae|g__Marinobacter	0.00000000	0.00000000	0.00000000	0.00000000	0.00000000	0.00000000	0.00000000	0.00000000
k__Bacteria|p__Proteobacteria|c__Gammaproteobacteria|o__Pseudomonadales|f__Moraxellaceae|g__Acinetobacter	0.00220474	0.00932246	0.06864463	0.11195437	0.00653096	0.05327823	0.02674203	0.06500053
k__Bacteria|p__Proteobacteria|c__Gammaproteobacteria|o__Pseudomonadales|f__Moraxellaceae|g__Alkanindiges	0.00000000	0.00000000	0.00021149	0.00034284	0.00022014	0.00006458	0.00045924	0.00018902
k__Bacteria|p__Proteobacteria|c__Gammaproteobacteria|o__Pseudomonadales|f__Moraxellaceae|g__Cavicella	0.00008962	0.00005237	0.00018128	0.00012467	0.00016144	0.00008072	0.00111278	0.00025202
k__Bacteria|p__Proteobacteria|c__Gammaproteobacteria|o__Pseudomonadales|f__Moraxellaceae|g__Enhydrobacter	0.00008962	0.00019204	0.00389752	0.00246225	0.00086590	0.00237330	0.00098914	0.00086107
k__Bacteria|p__Proteobacteria|c__Gammaproteobacteria|o__Pseudomonadales|f__Moraxellaceae|g__Fluviicoccus	0.00000000	0.00000000	0.00000000	0.00000000	0.00005871	0.00000000	0.00005299	0.00000000
k__Bacteria|p__Proteobacteria|c__Gammaproteobacteria|o__Pseudomonadales|f__Moraxellaceae|g__Moraxella	0.00041227	0.00006983	0.00350474	0.00054543	0.00019079	0.00064580	0.00049457	0.00050404
k__Bacteria|p__Proteobacteria|c__Gammaproteobacteria|o__Pseudomonadales|f__Moraxellaceae|g__Perlucidibaca	0.00003585	0.00000000	0.00000000	0.00000000	0.00020547	0.00000000	0.00051223	0.00006301
k__Bacteria|p__Proteobacteria|c__Gammaproteobacteria|o__Pseudomonadales|f__Moraxellaceae|g__Permianibacter	0.00001792	0.00000000	0.00000000	0.00000000	0.00000000	0.00016145	0.00000000	0.00002100
k__Bacteria|p__Proteobacteria|c__Gammaproteobacteria|o__Pseudomonadales|f__Moraxellaceae|g__Psychrobacter	0.00001792	0.00003492	0.00262856	0.00006234	0.00000000	0.00001614	0.00014131	0.00048304
k__Bacteria|p__Proteobacteria|c__Gammaproteobacteria|o__Pseudomonadales|f__Moraxellaceae|g___Agitococcus__lubricus_group	0.00000000	0.00000000	0.00000000	0.00000000	0.00000000	0.00000000	0.00000000	0.00000000
k__Bacteria|p__Proteobacteria|c__Gammaproteobacteria|o__Pseudomonadales|f__Nitrincolaceae|g__Balneatrix	0.00000000	0.00000000	0.00000000	0.00000000	0.00000000	0.00000000	0.00000000	0.00008401
k__Bacteria|p__Proteobacteria|c__Gammaproteobacteria|o__Pseudomonadales|f__Porticoccaceae|g__C1_B045	0.00000000	0.00000000	0.00000000	0.00000000	0.00000000	0.00000000	0.00000000	0.00000000
k__Bacteria|p__Proteobacteria|c__Gammaproteobacteria|o__Pseudomonadales|f__Porticoccaceae|g__Porticoccus	0.00003585	0.00000000	0.00000000	0.00001558	0.00000000	0.00004843	0.00000000	0.00000000
k__Bacteria|p__Proteobacteria|c__Gammaproteobacteria|o__Pseudomonadales|f__Pseudohongiellaceae|g__BIyi10	0.00000000	0.00000000	0.00000000	0.00000000	0.00000000	0.00000000	0.00000000	0.00000000
k__Bacteria|p__Proteobacteria|c__Gammaproteobacteria|o__Pseudomonadales|f__Pseudohongiellaceae|g__Pseudohongiella	0.00000000	0.00001746	0.00000000	0.00000000	0.00002935	0.00000000	0.00000000	0.00002100
k__Bacteria|p__Proteobacteria|c__Gammaproteobacteria|o__Pseudomonadales|f__Pseudomonadaceae|g__Oblitimonas	0.00000000	0.00000000	0.00000000	0.00007792	0.00000000	0.00000000	0.00003533	0.00000000
k__Bacteria|p__Proteobacteria|c__Gammaproteobacteria|o__Pseudomonadales|f__Pseudomonadaceae|g__Pseudomonas	0.01543315	0.00068085	0.00123875	0.00233758	0.00346361	0.00492420	0.05003974	0.01092093
k__Bacteria|p__Proteobacteria|c__Gammaproteobacteria|o__Pseudomonadales|f__Saccharospirillaceae|g__Oceanobacter	0.00001792	0.00000000	0.00000000	0.00000000	0.00000000	0.00001614	0.00007065	0.00014701
k__Bacteria|p__Proteobacteria|c__Gammaproteobacteria|o__Pseudomonadales|f__Saccharospirillaceae|g__Reinekea	0.00000000	0.00000000	0.00000000	0.00000000	0.00000000	0.00000000	0.00000000	0.00000000
k__Bacteria|p__Proteobacteria|c__Gammaproteobacteria|o__Pseudomonadales|f__Spongiibacteraceae|g__Zhongshania	0.00000000	0.00000000	0.00000000	0.00000000	0.00000000	0.00000000	0.00000000	0.00000000
k__Bacteria|p__Proteobacteria|c__Gammaproteobacteria|o__Salinisphaerales|f__Solimonadaceae|g__Fontimonas	0.00000000	0.00000000	0.00000000	0.00000000	0.00000000	0.00000000	0.00000000	0.00000000
k__Bacteria|p__Proteobacteria|c__Gammaproteobacteria|o__Salinisphaerales|f__Solimonadaceae|g__Hydrocarboniphaga	0.00000000	0.00000000	0.00000000	0.00000000	0.00000000	0.00000000	0.00000000	0.00000000
k__Bacteria|p__Proteobacteria|c__Gammaproteobacteria|o__Salinisphaerales|f__Solimonadaceae|g__Polycyclovorans	0.00000000	0.00000000	0.00000000	0.00000000	0.00000000	0.00000000	0.00000000	0.00000000
k__Bacteria|p__Proteobacteria|c__Gammaproteobacteria|o__Salinisphaerales|f__Solimonadaceae|g__Solimonas	0.00000000	0.00000000	0.00000000	0.00000000	0.00000000	0.00000000	0.00001766	0.00000000
k__Bacteria|p__Proteobacteria|c__Gammaproteobacteria|o__Steroidobacterales|f__Steroidobacteraceae|g__Steroidobacter	0.00000000	0.00000000	0.00000000	0.00000000	0.00000000	0.00000000	0.00000000	0.00000000
k__Bacteria|p__Proteobacteria|c__Gammaproteobacteria|o__Steroidobacterales|f__Woeseiaceae|g__Woeseia	0.00005377	0.00000000	0.00000000	0.00000000	0.00000000	0.00000000	0.00000000	0.00000000
k__Bacteria|p__Proteobacteria|c__Gammaproteobacteria|o__Tenderiales|f__Tenderiaceae|g__Candidatus_Tenderia	0.00000000	0.00000000	0.00000000	0.00000000	0.00000000	0.00000000	0.00000000	0.00000000
k__Bacteria|p__Proteobacteria|c__Gammaproteobacteria|o__Thiotrichales|f__Thiotrichaceae|g__Thiothrix	0.00037642	0.00010475	0.00024171	0.00042076	0.00042561	0.00064580	0.00031794	0.00075606
k__Bacteria|p__Proteobacteria|c__Gammaproteobacteria|o__Xanthomonadales|f__Rhodanobacteraceae|g__Ahniella	0.00000000	0.00000000	0.00027192	0.00003117	0.00002935	0.00000000	0.00001766	0.00002100
k__Bacteria|p__Proteobacteria|c__Gammaproteobacteria|o__Xanthomonadales|f__Rhodanobacteraceae|g__Aquimonas	0.00057359	0.00003492	0.00039277	0.00009350	0.00019079	0.00012916	0.00056522	0.00056705
k__Bacteria|p__Proteobacteria|c__Gammaproteobacteria|o__Xanthomonadales|f__Rhodanobacteraceae|g__Chujaibacter	0.00000000	0.00000000	0.00000000	0.00000000	0.00000000	0.00000000	0.00000000	0.00000000
k__Bacteria|p__Proteobacteria|c__Gammaproteobacteria|o__Xanthomonadales|f__Rhodanobacteraceae|g__Dokdonella	0.00000000	0.00000000	0.00000000	0.00000000	0.00000000	0.00000000	0.00000000	0.00000000
k__Bacteria|p__Proteobacteria|c__Gammaproteobacteria|o__Xanthomonadales|f__Rhodanobacteraceae|g__Dyella	0.00000000	0.00000000	0.00000000	0.00003117	0.00002935	0.00000000	0.00028261	0.00002100
k__Bacteria|p__Proteobacteria|c__Gammaproteobacteria|o__Xanthomonadales|f__Rhodanobacteraceae|g__Rhodanobacter	0.00000000	0.00000000	0.00347453	0.00000000	0.00000000	0.00000000	0.00001766	0.00004200
k__Bacteria|p__Proteobacteria|c__Gammaproteobacteria|o__Xanthomonadales|f__Xanthomonadaceae|g__Arenimonas	0.00044812	0.00403275	0.01317300	0.00029609	0.00054302	0.00024217	0.00478672	0.00172215
k__Bacteria|p__Proteobacteria|c__Gammaproteobacteria|o__Xanthomonadales|f__Xanthomonadaceae|g__Luteimonas	0.00000000	0.00001746	0.00000000	0.00003117	0.00000000	0.00001614	0.00003533	0.00000000
k__Bacteria|p__Proteobacteria|c__Gammaproteobacteria|o__Xanthomonadales|f__Xanthomonadaceae|g__Lysobacter	0.00000000	0.00001746	0.00018128	0.00003117	0.00014676	0.00001614	0.00030027	0.00035703
k__Bacteria|p__Proteobacteria|c__Gammaproteobacteria|o__Xanthomonadales|f__Xanthomonadaceae|g__Pseudoxanthomonas	0.00001792	0.00006983	0.00069491	0.00024934	0.00035223	0.00011301	0.00208425	0.00228919
k__Bacteria|p__Proteobacteria|c__Gammaproteobacteria|o__Xanthomonadales|f__Xanthomonadaceae|g__Rehaibacterium	0.00003585	0.00000000	0.00000000	0.00000000	0.00000000	0.00000000	0.00000000	0.00000000
k__Bacteria|p__Proteobacteria|c__Gammaproteobacteria|o__Xanthomonadales|f__Xanthomonadaceae|g__SN8	0.00000000	0.00000000	0.00000000	0.00006234	0.00001468	0.00003229	0.00008832	0.00000000
k__Bacteria|p__Proteobacteria|c__Gammaproteobacteria|o__Xanthomonadales|f__Xanthomonadaceae|g__Silanimonas	0.00019717	0.00000000	0.00012085	0.00000000	0.00001468	0.00001614	0.00003533	0.00016801
k__Bacteria|p__Proteobacteria|c__Gammaproteobacteria|o__Xanthomonadales|f__Xanthomonadaceae|g__Stenotrophomonas	0.00017925	0.00019204	0.00102725	0.00021817	0.00017612	0.00030675	0.00155436	0.00287724
k__Bacteria|p__Proteobacteria|c__Gammaproteobacteria|o__Xanthomonadales|f__Xanthomonadaceae|g__Thermomonas	0.00017925	0.00043644	0.00855037	0.00062335	0.00064576	0.00051664	0.01284112	0.00728762
k__Bacteria|p__Proteobacteria|c__Gammaproteobacteria|o__Xanthomonadales|f__Xanthomonadaceae|g__Vulcaniibacterium	0.00010755	0.00000000	0.00003021	0.00000000	0.00000000	0.00000000	0.00000000	0.00000000
k__Bacteria|p__Proteobacteria|c__Gammaproteobacteria|o__unidentified_Gammaproteobacteria|f__unidentified_Gammaproteobacteria|g__Acidibacter	0.00017925	0.00001746	0.00000000	0.00000000	0.00000000	0.00011301	0.00000000	0.00002100
k__Bacteria|p__Proteobacteria|c__Gammaproteobacteria|o__unidentified_Gammaproteobacteria|f__unidentified_Gammaproteobacteria|g__Candidatus_Berkiella	0.00000000	0.00000000	0.00000000	0.00000000	0.00000000	0.00008072	0.00000000	0.00000000
k__Bacteria|p__Proteobacteria|c__Gammaproteobacteria|o__unidentified_Gammaproteobacteria|f__unidentified_Gammaproteobacteria|g__Candidatus_Ovatusbacter	0.00000000	0.00000000	0.00000000	0.00000000	0.00000000	0.00000000	0.00000000	0.00000000
k__Bacteria|p__Proteobacteria|c__Magnetococcia|o__Magnetococcales|f__Magnetococcaceae|g__Magnetococcus	0.00000000	0.00000000	0.00000000	0.00000000	0.00000000	0.00006458	0.00000000	0.00000000
k__Bacteria|p__SAR324_clade_Marine_group_B_|c__unidentified_SAR324_clade_Marine_group_B_|o__unidentified_SAR324_clade_Marine_group_B_|f__unidentified_SAR324_clade_Marine_group_B_|g__unidentified_SAR324_clade_Marine_group_B_	0.00012547	0.00001746	0.00000000	0.00000000	0.00000000	0.00008072	0.00000000	0.00000000
k__Bacteria|p__Schekmanbacteria|c__unidentified_Schekmanbacteria|o__unidentified_Schekmanbacteria|f__unidentified_Schekmanbacteria|g__unidentified_Schekmanbacteria	0.00000000	0.00000000	0.00000000	0.00000000	0.00000000	0.00000000	0.00000000	0.00000000
k__Bacteria|p__Spirochaetota|c__Brachyspirae|o__Brachyspirales|f__unidentified_Brachyspirales|g__Exilispira	0.00000000	0.00000000	0.00000000	0.00000000	0.00000000	0.00000000	0.00000000	0.00000000
k__Bacteria|p__Spirochaetota|c__Brevinematia|o__Brevinematales|f__Brevinemataceae|g__Brevinema	0.00000000	0.00000000	0.00000000	0.00000000	0.00000000	0.00000000	0.00000000	0.00000000
k__Bacteria|p__Spirochaetota|c__Leptospirae|o__Leptospirales|f__Leptospiraceae|g__RBG_16_49_21	0.00005377	0.00005237	0.00003021	0.00010909	0.00002935	0.00008072	0.00003533	0.00000000
k__Bacteria|p__Spirochaetota|c__Leptospirae|o__Leptospirales|f__Leptospiraceae|g__Turneriella	0.00000000	0.00000000	0.00000000	0.00000000	0.00000000	0.00001614	0.00000000	0.00000000
k__Bacteria|p__Spirochaetota|c__Spirochaetia|o__Spirochaetales|f__Spirochaetaceae|g__GWE2_31_10	0.00000000	0.00000000	0.00000000	0.00000000	0.00002935	0.00009687	0.00000000	0.00000000
k__Bacteria|p__Spirochaetota|c__Spirochaetia|o__Spirochaetales|f__Spirochaetaceae|g__Sediminispirochaeta	0.00000000	0.00000000	0.00006043	0.00000000	0.00000000	0.00000000	0.00000000	0.00000000
k__Bacteria|p__Spirochaetota|c__Spirochaetia|o__Spirochaetales|f__Spirochaetaceae|g__Sphaerochaeta	0.00127265	0.00000000	0.00000000	0.00003117	0.00002935	0.00003229	0.00003533	0.00000000
k__Bacteria|p__Spirochaetota|c__Spirochaetia|o__Spirochaetales|f__Spirochaetaceae|g__Spirochaeta	0.00008962	0.00001746	0.00000000	0.00021817	0.00000000	0.00006458	0.00000000	0.00000000
k__Bacteria|p__Spirochaetota|c__Spirochaetia|o__Spirochaetales|f__Spirochaetaceae|g__Spirochaeta_2	0.00000000	0.00000000	0.00000000	0.00000000	0.00000000	0.00000000	0.00000000	0.00000000
k__Bacteria|p__Spirochaetota|c__Spirochaetia|o__Spirochaetales|f__Spirochaetaceae|g__Treponema	0.00406890	0.00005237	0.00030213	0.00060777	0.00061641	0.00061351	0.00014131	0.00012601
k__Bacteria|p__Sumerlaeota|c__Sumerlaeia|o__Sumerlaeales|f__Sumerlaeaceae|g__Sumerlaea	0.00014340	0.00000000	0.00000000	0.00010909	0.00001468	0.00009687	0.00000000	0.00000000
k__Bacteria|p__Sva0485|c__unidentified_Sva0485|o__unidentified_Sva0485|f__unidentified_Sva0485|g__unidentified_Sva0485	0.00000000	0.00000000	0.00000000	0.00000000	0.00000000	0.00000000	0.00000000	0.00000000
k__Bacteria|p__Synergistota|c__Synergistia|o__Synergistales|f__Synergistaceae|g__Aminomonas	0.00000000	0.00001746	0.00006043	0.00018701	0.00032288	0.00008072	0.00005299	0.00000000
k__Bacteria|p__Synergistota|c__Synergistia|o__Synergistales|f__Synergistaceae|g__Cloacibacillus	0.00000000	0.00000000	0.00000000	0.00000000	0.00005871	0.00000000	0.00000000	0.00000000
k__Bacteria|p__Synergistota|c__Synergistia|o__Synergistales|f__Synergistaceae|g__EBM_39	0.00005377	0.00000000	0.00000000	0.00000000	0.00000000	0.00000000	0.00000000	0.00000000
k__Bacteria|p__Synergistota|c__Synergistia|o__Synergistales|f__Synergistaceae|g__Fretibacterium	0.00000000	0.00000000	0.00003021	0.00000000	0.00013209	0.00000000	0.00000000	0.00000000
k__Bacteria|p__Synergistota|c__Synergistia|o__Synergistales|f__Synergistaceae|g__JGI_0000079_D21	0.00000000	0.00005237	0.00015107	0.00017142	0.00033756	0.00004843	0.00015897	0.00002100
k__Bacteria|p__Synergistota|c__Synergistia|o__Synergistales|f__Synergistaceae|g__Lactivibrio	0.00005377	0.00010475	0.00018128	0.00032726	0.00204001	0.00035519	0.00007065	0.00002100
k__Bacteria|p__Synergistota|c__Synergistia|o__Synergistales|f__Synergistaceae|g__Pyramidobacter	0.00000000	0.00000000	0.00021149	0.00000000	0.00001468	0.00000000	0.00000000	0.00000000
k__Bacteria|p__Synergistota|c__Synergistia|o__Synergistales|f__Synergistaceae|g__Syner_01	0.00005377	0.00001746	0.00018128	0.00007792	0.00032288	0.00003229	0.00000000	0.00002100
k__Bacteria|p__Synergistota|c__Synergistia|o__Synergistales|f__Synergistaceae|g__Thermanaerovibrio	0.00000000	0.00000000	0.00000000	0.00000000	0.00000000	0.00000000	0.00000000	0.00000000
k__Bacteria|p__Synergistota|c__Synergistia|o__Synergistales|f__Synergistaceae|g__Thermovirga	0.00000000	0.00003492	0.00003021	0.00009350	0.00029353	0.00009687	0.00000000	0.00000000
k__Bacteria|p__Thermotogae|c__unidentified_Thermotogae|o__Petrotogales|f__Petrotogaceae|g__AUTHM297	0.00005377	0.00000000	0.00000000	0.00000000	0.00000000	0.00000000	0.00000000	0.00000000
k__Bacteria|p__Verrucomicrobiota|c__Kiritimatiellae|o__WCHB1_41|f__unidentified_WCHB1_41|g__unidentified_WCHB1_41	0.00046604	0.00015712	0.00024171	0.00001558	0.00020547	0.00022603	0.00022962	0.00002100
k__Bacteria|p__Verrucomicrobiota|c__Lentisphaeria|o__Oligosphaerales|f__Lenti_02|g__unidentified_Lenti_02	0.00005377	0.00000000	0.00000000	0.00000000	0.00000000	0.00000000	0.00000000	0.00000000
k__Bacteria|p__Verrucomicrobiota|c__Lentisphaeria|o__Oligosphaerales|f__Oligosphaeraceae|g__ADurb.Bin063_2	0.00000000	0.00000000	0.00000000	0.00000000	0.00002935	0.00003229	0.00000000	0.00000000
k__Bacteria|p__Verrucomicrobiota|c__Lentisphaeria|o__Oligosphaerales|f__Oligosphaeraceae|g__horsej_a03	0.00000000	0.00000000	0.00003021	0.00000000	0.00000000	0.00003229	0.00000000	0.00000000
k__Bacteria|p__Verrucomicrobiota|c__Omnitrophia|o__Omnitrophales|f__Omnitrophaceae|g__Candidatus_Omnitrophus	0.00000000	0.00000000	0.00000000	0.00006234	0.00001468	0.00004843	0.00000000	0.00000000
k__Bacteria|p__Verrucomicrobiota|c__Verrucomicrobiae|o__Chthoniobacterales|f__Chthoniobacteraceae|g__Chthoniobacter	0.00000000	0.00000000	0.00000000	0.00000000	0.00000000	0.00001614	0.00000000	0.00000000
k__Bacteria|p__Verrucomicrobiota|c__Verrucomicrobiae|o__Chthoniobacterales|f__Chthoniobacteraceae|g__LD29	0.00017925	0.00012220	0.00000000	0.00000000	0.00000000	0.00000000	0.00000000	0.00000000
k__Bacteria|p__Verrucomicrobiota|c__Verrucomicrobiae|o__Chthoniobacterales|f__Terrimicrobiaceae|g__Terrimicrobium	0.00005377	0.00003492	0.00000000	0.00003117	0.00001468	0.00000000	0.00000000	0.00004200
k__Bacteria|p__Verrucomicrobiota|c__Verrucomicrobiae|o__Chthoniobacterales|f__Xiphinematobacteraceae|g__Candidatus_Xiphinematobacter	0.00000000	0.00000000	0.00000000	0.00000000	0.00000000	0.00000000	0.00000000	0.00000000
k__Bacteria|p__Verrucomicrobiota|c__Verrucomicrobiae|o__Opitutales|f__Opitutaceae|g__Cephaloticoccus	0.00034057	0.00000000	0.00000000	0.00000000	0.00000000	0.00004843	0.00000000	0.00000000
k__Bacteria|p__Verrucomicrobiota|c__Verrucomicrobiae|o__Opitutales|f__Opitutaceae|g__Lacunisphaera	0.00005377	0.00000000	0.00000000	0.00000000	0.00001468	0.00004843	0.00000000	0.00004200
k__Bacteria|p__Verrucomicrobiota|c__Verrucomicrobiae|o__Opitutales|f__Opitutaceae|g__Opitutus	0.00005377	0.00000000	0.00000000	0.00001558	0.00000000	0.00000000	0.00000000	0.00000000
k__Bacteria|p__Verrucomicrobiota|c__Verrucomicrobiae|o__Pedosphaerales|f__Pedosphaeraceae|g__ADurb.Bin063_1	0.00010755	0.00005237	0.00000000	0.00012467	0.00000000	0.00017759	0.00000000	0.00000000
k__Bacteria|p__Verrucomicrobiota|c__Verrucomicrobiae|o__Pedosphaerales|f__Pedosphaeraceae|g__ADurb.Bin118	0.00003585	0.00000000	0.00000000	0.00000000	0.00000000	0.00000000	0.00000000	0.00000000
k__Bacteria|p__Verrucomicrobiota|c__Verrucomicrobiae|o__Pedosphaerales|f__Pedosphaeraceae|g__DEV008	0.00019717	0.00010475	0.00000000	0.00001558	0.00000000	0.00008072	0.00000000	0.00000000
k__Bacteria|p__Verrucomicrobiota|c__Verrucomicrobiae|o__Pedosphaerales|f__Pedosphaeraceae|g__DEV114	0.00077076	0.00005237	0.00000000	0.00018701	0.00000000	0.00014530	0.00003533	0.00000000
k__Bacteria|p__Verrucomicrobiota|c__Verrucomicrobiae|o__Pedosphaerales|f__Pedosphaeraceae|g__Ellin516	0.00000000	0.00000000	0.00000000	0.00000000	0.00000000	0.00000000	0.00000000	0.00000000
k__Bacteria|p__Verrucomicrobiota|c__Verrucomicrobiae|o__Pedosphaerales|f__Pedosphaeraceae|g__Limisphaera	0.00000000	0.00000000	0.00000000	0.00000000	0.00000000	0.00000000	0.00000000	0.00000000
k__Bacteria|p__Verrucomicrobiota|c__Verrucomicrobiae|o__Pedosphaerales|f__Pedosphaeraceae|g__Oikopleura	0.00003585	0.00000000	0.00000000	0.00000000	0.00000000	0.00001614	0.00000000	0.00000000
k__Bacteria|p__Verrucomicrobiota|c__Verrucomicrobiae|o__Verrucomicrobiales|f__Akkermansiaceae|g__Akkermansia	0.00000000	0.00000000	0.00009064	0.00000000	0.00515139	0.00001614	0.02296211	0.00705660
k__Bacteria|p__Verrucomicrobiota|c__Verrucomicrobiae|o__Verrucomicrobiales|f__Rubritaleaceae|g__Luteolibacter	0.00012547	0.00019204	0.00093661	0.00000000	0.00004403	0.00014530	0.00000000	0.00010501
k__Bacteria|p__Verrucomicrobiota|c__Verrucomicrobiae|o__Verrucomicrobiales|f__Verrucomicrobiaceae|g__Brevifollis	0.00007170	0.00031424	0.00129917	0.00000000	0.00000000	0.00000000	0.00000000	0.00000000
k__Bacteria|p__Verrucomicrobiota|c__Verrucomicrobiae|o__Verrucomicrobiales|f__Verrucomicrobiaceae|g__Prosthecobacter	0.00001792	0.00010475	0.00006043	0.00000000	0.00000000	0.00000000	0.00000000	0.00000000
k__Bacteria|p__Verrucomicrobiota|c__Verrucomicrobiae|o__Verrucomicrobiales|f__Verrucomicrobiaceae|g__Roseimicrobium	0.00000000	0.00000000	0.00000000	0.00000000	0.00000000	0.00000000	0.00000000	0.00000000
k__Bacteria|p__WPS_2|c__unidentified_WPS_2|o__unidentified_WPS_2|f__unidentified_WPS_2|g__unidentified_WPS_2	0.00075284	0.00062848	0.00193365	0.00042076	0.00148231	0.00019374	0.00026495	0.00016801
k__Bacteria|p__Zixibacteria|c__unidentified_Zixibacteria|o__unidentified_Zixibacteria|f__unidentified_Zixibacteria|g__unidentified_Zixibacteria	0.00001792	0.00003492	0.00000000	0.00001558	0.00000000	0.00000000	0.00000000	0.00000000
k__Bacteria|p__unidentified_Bacteria|c__Acidimicrobiia|o__unidentified_Acidimicrobiia|f__unidentified_Acidimicrobiia|g__unidentified_Acidimicrobiia	0.00000000	0.00000000	0.00000000	0.00000000	0.00000000	0.00000000	0.00000000	0.00000000
k__Bacteria|p__unidentified_Bacteria|c__Alphaproteobacteria|o__Micavibrionales|f__unidentified_Micavibrionales|g__unidentified_Micavibrionales	0.00000000	0.00000000	0.00000000	0.00000000	0.00000000	0.00001614	0.00000000	0.00000000
k__Bacteria|p__unidentified_Bacteria|c__Alphaproteobacteria|o__Rhodospirillales|f__unidentified_Rhodospirillales|g__unidentified_Rhodospirillales	0.00000000	0.00000000	0.00000000	0.00000000	0.00000000	0.00000000	0.00000000	0.00000000
k__Bacteria|p__unidentified_Bacteria|c__Alphaproteobacteria|o__unidentified_Alphaproteobacteria|f__unidentified_Alphaproteobacteria|g__unidentified_Alphaproteobacteria	0.00000000	0.00000000	0.00000000	0.00000000	0.00001468	0.00000000	0.00000000	0.00000000
k__Bacteria|p__unidentified_Bacteria|c__Anaerolineae|o__Caldilineales|f__Caldilineaceae|g__unidentified_Caldilineaceae	0.00000000	0.00000000	0.00000000	0.00000000	0.00000000	0.00004843	0.00000000	0.00000000
k__Bacteria|p__unidentified_Bacteria|c__Babeliae|o__Babeliales|f__Babeliaceae|g__unidentified_Babeliaceae	0.00001792	0.00000000	0.00000000	0.00000000	0.00000000	0.00000000	0.00000000	0.00000000
k__Bacteria|p__unidentified_Bacteria|c__Babeliae|o__Babeliales|f__unidentified_Babeliales|g__unidentified_Babeliales	0.00001792	0.00000000	0.00000000	0.00003117	0.00001468	0.00001614	0.00003533	0.00000000
k__Bacteria|p__unidentified_Bacteria|c__Bacteroidia|o__Bacteroidales|f__Barnesiellaceae|g__unidentified_Barnesiellaceae	0.00127265	0.00005237	0.00006043	0.00000000	0.00002935	0.00000000	0.00000000	0.00000000
k__Bacteria|p__unidentified_Bacteria|c__Bacteroidia|o__Bacteroidales|f__Marinifilaceae|g__unidentified_Marinifilaceae	0.00000000	0.00000000	0.00000000	0.00001558	0.00001468	0.00000000	0.00000000	0.00000000
k__Bacteria|p__unidentified_Bacteria|c__Bacteroidia|o__Bacteroidales|f__Prolixibacteraceae|g__unidentified_Prolixibacteraceae	0.00080661	0.00005237	0.00030213	0.00031168	0.00067511	0.00016145	0.00017663	0.00004200
k__Bacteria|p__unidentified_Bacteria|c__Bacteroidia|o__Bacteroidales|f__Rikenellaceae|g__unidentified_Rikenellaceae	0.00030472	0.00010475	0.00003021	0.00009350	0.00022014	0.00001614	0.00001766	0.00000000
k__Bacteria|p__unidentified_Bacteria|c__Bacteroidia|o__Chitinophagales|f__Saprospiraceae|g__unidentified_Saprospiraceae	0.00000000	0.00000000	0.00000000	0.00003117	0.00000000	0.00000000	0.00005299	0.00000000
k__Bacteria|p__unidentified_Bacteria|c__Bacteroidia|o__Cytophagales|f__Microscillaceae|g__unidentified_Microscillaceae	0.00000000	0.00000000	0.00000000	0.00000000	0.00000000	0.00000000	0.00000000	0.00000000
k__Bacteria|p__unidentified_Bacteria|c__Bacteroidia|o__Flavobacteriales|f__Weeksellaceae|g__unidentified_Weeksellaceae	0.00000000	0.00000000	0.00000000	0.00003117	0.00000000	0.00000000	0.00001766	0.00000000
k__Bacteria|p__unidentified_Bacteria|c__Chloroflexia|o__Chloroflexales|f__Roseiflexaceae|g__unidentified_Roseiflexaceae	0.00000000	0.00000000	0.00000000	0.00000000	0.00000000	0.00000000	0.00000000	0.00000000
k__Bacteria|p__unidentified_Bacteria|c__Clostridia|o__Lachnospirales|f__Lachnospiraceae|g__unidentified_Lachnospiraceae	0.00000000	0.00000000	0.00000000	0.00000000	0.00044029	0.00000000	0.00114811	0.00035703
k__Bacteria|p__unidentified_Bacteria|c__Clostridia|o__Oscillospirales|f__Hungateiclostridiaceae|g__unidentified_Hungateiclostridiaceae	0.00000000	0.00000000	0.00000000	0.00006234	0.00026417	0.00004843	0.00003533	0.00000000
k__Bacteria|p__unidentified_Bacteria|c__Clostridia|o__Oscillospirales|f__Ruminococcaceae|g__unidentified_Ruminococcaceae	0.00000000	0.00000000	0.00000000	0.00000000	0.00000000	0.00000000	0.00001766	0.00002100
k__Bacteria|p__unidentified_Bacteria|c__Desulfobacteria|o__Desulfobacterales|f__Desulfosarcinaceae|g__unidentified_Desulfosarcinaceae	0.00000000	0.00000000	0.00000000	0.00000000	0.00000000	0.00000000	0.00000000	0.00000000
k__Bacteria|p__unidentified_Bacteria|c__Gammaproteobacteria|o__Burkholderiales|f__Neisseriaceae|g__unidentified_Neisseriaceae	0.00059151	0.00000000	0.00000000	0.00000000	0.00000000	0.00000000	0.00000000	0.00000000
k__Bacteria|p__unidentified_Bacteria|c__Gammaproteobacteria|o__Burkholderiales|f__Rhodocyclaceae|g__unidentified_Rhodocyclaceae	0.00121888	0.00000000	0.00000000	0.00003117	0.00000000	0.00000000	0.00001766	0.00000000
k__Bacteria|p__unidentified_Bacteria|c__Gammaproteobacteria|o__Enterobacterales|f__unidentified_Enterobacterales|g__unidentified_Enterobacterales	0.00394343	0.00001746	0.00000000	0.00021817	0.00001468	0.00012916	0.00026495	0.00002100
k__Bacteria|p__unidentified_Bacteria|c__Gammaproteobacteria|o__Salinisphaerales|f__Solimonadaceae|g__unidentified_Solimonadaceae	0.00000000	0.00000000	0.00000000	0.00000000	0.00004403	0.00000000	0.00008832	0.00000000
k__Bacteria|p__unidentified_Bacteria|c__Kazania|o__unidentified_Kazania|f__unidentified_Kazania|g__unidentified_Kazania	0.00000000	0.00000000	0.00000000	0.00000000	0.00000000	0.00000000	0.00000000	0.00000000
k__Bacteria|p__unidentified_Bacteria|c__Negativicutes|o__Veillonellales_Selenomonadales|f__Sporomusaceae|g__unidentified_Sporomusaceae	0.00001792	0.00010475	0.00000000	0.00004675	0.00008806	0.00001614	0.00000000	0.00000000
k__Bacteria|p__unidentified_Bacteria|c__Polyangia|o__Polyangiales|f__Sandaracinaceae|g__unidentified_Sandaracinaceae	0.00000000	0.00000000	0.00000000	0.00000000	0.00000000	0.00000000	0.00000000	0.00000000
k__Bacteria|p__unidentified_Bacteria|c__Saccharimonadia|o__Saccharimonadales|f__Saccharimonadaceae|g__Candidatus_Saccharimonas	0.00003585	0.00001746	0.00090640	0.00000000	0.00000000	0.00006458	0.00100680	0.00000000
k__Bacteria|p__unidentified_Bacteria|c__Saccharimonadia|o__Saccharimonadales|f__Saccharimonadaceae|g__TM7a	0.00003585	0.00022695	0.00006043	0.00031168	0.00187857	0.00012916	0.00001766	0.00006301
k__Bacteria|p__unidentified_Bacteria|c__Saccharimonadia|o__Saccharimonadales|f__unidentified_Saccharimonadales|g__unidentified_Saccharimonadales	0.00001792	0.00001746	0.00003021	0.00000000	0.00014676	0.00000000	0.00003533	0.00000000
k__Bacteria|p__unidentified_Bacteria|c__Spirochaetia|o__Spirochaetales|f__Spirochaetaceae|g__unidentified_Spirochaetaceae	0.00000000	0.00003492	0.00000000	0.00001558	0.00000000	0.00000000	0.00000000	0.00000000
k__Bacteria|p__unidentified_Bacteria|c__Synergistia|o__Synergistales|f__Synergistaceae|g__unidentified_Synergistaceae	0.00001792	0.00001746	0.00021149	0.00042076	0.00073382	0.00040362	0.00012364	0.00002100
k__Bacteria|p__unidentified_Bacteria|c__Syntrophobacteria|o__Syntrophobacterales|f__unidentified_Syntrophobacterales|g__unidentified_Syntrophobacterales	0.00003585	0.00000000	0.00000000	0.00000000	0.00000000	0.00004843	0.00000000	0.00000000
k__Bacteria|p__unidentified_Bacteria|c__Thermodesulfovibrionia|o__unidentified_Thermodesulfovibrionia|f__unidentified_Thermodesulfovibrionia|g__unidentified_Thermodesulfovibrionia	0.00046604	0.00017458	0.00000000	0.00028051	0.00000000	0.00041977	0.00000000	0.00000000
k__Bacteria|p__unidentified_Bacteria|c__Thermoleophilia|o__Gaiellales|f__unidentified_Gaiellales|g__unidentified_Gaiellales	0.00000000	0.00000000	0.00000000	0.00000000	0.00000000	0.00000000	0.00000000	0.00000000
k__Bacteria|p__unidentified_Bacteria|c__Vicinamibacteria|o__Vicinamibacterales|f__unidentified_Vicinamibacterales|g__unidentified_Vicinamibacterales	0.00000000	0.00000000	0.00000000	0.00000000	0.00000000	0.00000000	0.00000000	0.00000000
k__Bacteria|p__unidentified_Bacteria|c__unidentified_Bacteria|o__Gemmatales|f__Gemmataceae|g__unidentified_Gemmataceae	0.00000000	0.00006983	0.00000000	0.00000000	0.00000000	0.00000000	0.00000000	0.00000000
k__Bacteria|p__unidentified_Bacteria|c__unidentified_Bacteria|o__Gemmatimonadales|f__Gemmatimonadaceae|g__unidentified_Gemmatimonadaceae	0.00001792	0.00000000	0.00000000	0.00000000	0.00000000	0.00001614	0.00000000	0.00002100
k__Bacteria|p__unidentified_Bacteria|c__unidentified_Bacteria|o__Propionibacteriales|f__Propionibacteriaceae|g__unidentified_Propionibacteriaceae	0.00000000	0.00000000	0.00000000	0.00000000	0.00000000	0.00000000	0.00000000	0.00000000
k__Bacteria|p__unidentified_Bacteria|c__unidentified_Bacteria|o__unidentified_Bacteria|f__unidentified_Bacteria|g__unidentified_Bacteria	0.00048397	0.00034916	0.00012085	0.00038960	0.00032288	0.00030675	0.00012364	0.00004200
k__Archaea|p__Crenarchaeota|c__Bathyarchaeia|o__unidentified_Bathyarchaeia|f__unidentified_Bathyarchaeia|g__unidentified_Bathyarchaeia|s__archaeon_RBG_16_50_20	0.00000000	0.00000000	0.00000000	0.00000000	0.00000000	0.00000000	0.00000000	0.00000000
k__Archaea|p__Euryarchaeota|c__Methanobacteria|o__Methanobacteriales|f__Methanobacteriaceae|g__Methanobacterium|s__Methanobacterium_congolense	0.00000000	0.00000000	0.00000000	0.00000000	0.00000000	0.00000000	0.00000000	0.00000000
k__Archaea|p__Euryarchaeota|c__Methanobacteria|o__Methanobacteriales|f__Methanobacteriaceae|g__Methanobacterium|s__Methanobacterium_formicicum	0.00000000	0.00000000	0.00000000	0.00000000	0.00000000	0.00000000	0.00000000	0.00000000
k__Archaea|p__Euryarchaeota|c__Methanobacteria|o__Methanobacteriales|f__Methanobacteriaceae|g__Methanobrevibacter|s__Methanobrevibacter_smithii	0.00003585	0.00001746	0.00057405	0.00000000	0.00000000	0.00000000	0.00000000	0.00000000
k__Archaea|p__Halobacterota|c__Methanosarcinia|o__Methanosarciniales|f__Methanosaetaceae|g__Methanosaeta|s__Methanosaeta_sp_ARCH	0.00000000	0.00000000	0.00000000	0.00000000	0.00000000	0.00000000	0.00000000	0.00000000
k__Archaea|p__Halobacterota|c__Methanosarcinia|o__Methanosarciniales|f__Methanosaetaceae|g__Methanosaeta|s__Methanothrix_sp	0.00000000	0.00000000	0.00000000	0.00000000	0.00000000	0.00000000	0.00000000	0.00000000
k__Archaea|p__Nanoarchaeota|c__Nanoarchaeia|o__Woesearchaeales|f__SCGC_AAA011_D5|g__unidentified_SCGC_AAA011_D5|s__Candidatus_Diapherotrites_archaeon_ADurb.Bin253	0.00000000	0.00000000	0.00000000	0.00000000	0.00000000	0.00000000	0.00000000	0.00000000
k__Bacteria|p__Acidobacteriota|c__Acidobacteriae|o__Bryobacterales|f__Bryobacteraceae|g__Bryobacter|s__Acidobacteria_bacterium_LX128	0.00000000	0.00000000	0.00000000	0.00000000	0.00000000	0.00000000	0.00000000	0.00000000
k__Bacteria|p__Acidobacteriota|c__Acidobacteriae|o__Bryobacterales|f__Bryobacteraceae|g__Bryobacter|s__Bryobacter_aggregatus	0.00000000	0.00000000	0.00000000	0.00000000	0.00000000	0.00000000	0.00000000	0.00000000
k__Bacteria|p__Acidobacteriota|c__Holophagae|o__Holophagales|f__Holophagaceae|g__Geothrix|s__Geothrix_fermentans	0.00000000	0.00000000	0.00000000	0.00000000	0.00000000	0.00000000	0.00000000	0.00000000
k__Bacteria|p__Acidobacteriota|c__Holophagae|o__Subgroup_7|f__unidentified_Subgroup_7|g__unidentified_Subgroup_7|s__Acidobacteria_bacterium_enrichment_culture_clone_CV_04	0.00000000	0.00000000	0.00000000	0.00003117	0.00000000	0.00000000	0.00000000	0.00000000
k__Bacteria|p__Acidobacteriota|c__Thermoanaerobaculia|o__Thermoanaerobaculales|f__Thermoanaerobaculaceae|g__Subgroup_10|s__Acidobacteria_bacterium_WY67	0.00000000	0.00000000	0.00000000	0.00000000	0.00000000	0.00000000	0.00000000	0.00000000
k__Bacteria|p__Acidobacteriota|c__Thermoanaerobaculia|o__Thermoanaerobaculales|f__Thermoanaerobaculaceae|g__Subgroup_10|s__bacterium_enrichment_culture_clone_Anammox_2	0.00000000	0.00000000	0.00000000	0.00000000	0.00000000	0.00000000	0.00000000	0.00000000
k__Bacteria|p__Acidobacteriota|c__unidentified_Acidobacteriota|o__unidentified_Acidobacteriota|f__unidentified_Acidobacteriota|g__unidentified_Acidobacteriota|s__Candidatus_Fischerbacteria_bacterium_RBG_13_37_8	0.00000000	0.00000000	0.00000000	0.00000000	0.00000000	0.00000000	0.00000000	0.00000000
k__Bacteria|p__Actinobacteria|c__unidentified_Actinobacteria|o__Actinomycetales|f__Actinomycetaceae|g__Actinomyces|s__Actinomyces_graevenitzii	0.00000000	0.00000000	0.00000000	0.00000000	0.00000000	0.00000000	0.00000000	0.00000000
k__Bacteria|p__Actinobacteria|c__unidentified_Actinobacteria|o__Actinomycetales|f__Actinomycetaceae|g__Actinomyces|s__Actinomyces_massiliensis	0.00000000	0.00000000	0.00000000	0.00000000	0.00000000	0.00001614	0.00000000	0.00000000
k__Bacteria|p__Actinobacteria|c__unidentified_Actinobacteria|o__Actinomycetales|f__Actinomycetaceae|g__Actinomyces|s__Actinomyces_minihominis	0.00000000	0.00000000	0.00003021	0.00001558	0.00001468	0.00000000	0.00000000	0.00000000
k__Bacteria|p__Actinobacteria|c__unidentified_Actinobacteria|o__Actinomycetales|f__Actinomycetaceae|g__Actinomyces|s__Actinomyces_pacaensis	0.00000000	0.00000000	0.00000000	0.00000000	0.00000000	0.00000000	0.00000000	0.00000000
k__Bacteria|p__Actinobacteria|c__unidentified_Actinobacteria|o__Actinomycetales|f__Actinomycetaceae|g__Actinomyces|s__Actinomyces_sp_PTS3505	0.00000000	0.00000000	0.00000000	0.00000000	0.00000000	0.00000000	0.00000000	0.00000000
k__Bacteria|p__Actinobacteria|c__unidentified_Actinobacteria|o__Actinomycetales|f__Actinomycetaceae|g__Actinomyces|s__Actinomyces_sp_oral_taxon_414	0.00000000	0.00000000	0.00000000	0.00000000	0.00000000	0.00000000	0.00000000	0.00000000
k__Bacteria|p__Actinobacteria|c__unidentified_Actinobacteria|o__Actinomycetales|f__Actinomycetaceae|g__Actinomyces|s__Actinomyces_sp_oral_taxon_897	0.00000000	0.00000000	0.00000000	0.00000000	0.00000000	0.00000000	0.00000000	0.00000000
k__Bacteria|p__Actinobacteria|c__unidentified_Actinobacteria|o__Actinomycetales|f__Actinomycetaceae|g__Actinomyces|s__Schaalia_cardiffensis	0.00000000	0.00000000	0.00000000	0.00000000	0.00000000	0.00000000	0.00000000	0.00000000
k__Bacteria|p__Actinobacteria|c__unidentified_Actinobacteria|o__Actinomycetales|f__Actinomycetaceae|g__Actinomyces|s__Schaalia_odontolytica	0.00000000	0.00000000	0.00000000	0.00000000	0.00000000	0.00000000	0.00000000	0.00000000
k__Bacteria|p__Actinobacteria|c__unidentified_Actinobacteria|o__Bifidobacteriales|f__Bifidobacteriaceae|g__Bifidobacterium|s__Bifidobacterium_adolescentis	0.00116510	0.00064594	0.00066469	0.00057660	0.00391858	0.00061351	0.00045924	0.00016801
k__Bacteria|p__Actinobacteria|c__unidentified_Actinobacteria|o__Bifidobacteriales|f__Bifidobacteriaceae|g__Bifidobacterium|s__Bifidobacterium_animalis	0.00000000	0.00000000	0.00006043	0.00000000	0.00000000	0.00000000	0.00088316	0.00000000
k__Bacteria|p__Actinobacteria|c__unidentified_Actinobacteria|o__Bifidobacteriales|f__Bifidobacteriaceae|g__Bifidobacterium|s__Bifidobacterium_longum	0.00014340	0.00013966	0.00015107	0.00015584	0.00143828	0.00006458	0.00017663	0.00010501
k__Bacteria|p__Actinobacteria|c__unidentified_Actinobacteria|o__Bifidobacteriales|f__Bifidobacteriaceae|g__Bifidobacterium|s__Bifidobacterium_minimum	0.00000000	0.00005237	0.00003021	0.00000000	0.00000000	0.00000000	0.00003533	0.00000000
k__Bacteria|p__Actinobacteria|c__unidentified_Actinobacteria|o__Bifidobacteriales|f__Bifidobacteriaceae|g__Scardovia|s__Scardovia_wiggsiae	0.00000000	0.00000000	0.00000000	0.00000000	0.00000000	0.00000000	0.00000000	0.00000000
k__Bacteria|p__Actinobacteria|c__unidentified_Actinobacteria|o__Corynebacteriales|f__Corynebacteriaceae|g__Corynebacterium|s__Corynebacterium_durum	0.00000000	0.00000000	0.00000000	0.00000000	0.00000000	0.00000000	0.00000000	0.00000000
k__Bacteria|p__Actinobacteria|c__unidentified_Actinobacteria|o__Corynebacteriales|f__Corynebacteriaceae|g__Corynebacterium|s__Corynebacterium_falsenii	0.00000000	0.00000000	0.00003021	0.00000000	0.00000000	0.00000000	0.00000000	0.00000000
k__Bacteria|p__Actinobacteria|c__unidentified_Actinobacteria|o__Corynebacteriales|f__Corynebacteriaceae|g__Corynebacterium|s__Corynebacterium_glucuronolyticum	0.00000000	0.00000000	0.00000000	0.00000000	0.00000000	0.00000000	0.00000000	0.00000000
k__Bacteria|p__Actinobacteria|c__unidentified_Actinobacteria|o__Corynebacteriales|f__Corynebacteriaceae|g__Corynebacterium|s__Corynebacterium_imitans	0.00000000	0.00000000	0.00000000	0.00000000	0.00000000	0.00000000	0.00000000	0.00000000
k__Bacteria|p__Actinobacteria|c__unidentified_Actinobacteria|o__Corynebacteriales|f__Corynebacteriaceae|g__Corynebacterium|s__Corynebacterium_sp_canine_oral_taxon_423	0.00000000	0.00000000	0.00000000	0.00000000	0.00000000	0.00000000	0.00000000	0.00000000
k__Bacteria|p__Actinobacteria|c__unidentified_Actinobacteria|o__Corynebacteriales|f__Corynebacteriaceae|g__Corynebacterium|s__Corynebacterium_tuberculostearicum	0.00000000	0.00000000	0.00000000	0.00000000	0.00000000	0.00000000	0.00000000	0.00004200
k__Bacteria|p__Actinobacteria|c__unidentified_Actinobacteria|o__Corynebacteriales|f__Corynebacteriaceae|g__Corynebacterium|s__Corynebacterium_xerosis	0.00000000	0.00000000	0.00000000	0.00000000	0.00000000	0.00000000	0.00001766	0.00010501
k__Bacteria|p__Actinobacteria|c__unidentified_Actinobacteria|o__Corynebacteriales|f__Dietziaceae|g__Dietzia|s__Dietzia_maris	0.00001792	0.00000000	0.00000000	0.00003117	0.00000000	0.00000000	0.00000000	0.00002100
k__Bacteria|p__Actinobacteria|c__unidentified_Actinobacteria|o__Corynebacteriales|f__Nocardiaceae|g__Gordonia|s__Gordonia_terrae	0.00000000	0.00000000	0.00000000	0.00000000	0.00000000	0.00000000	0.00000000	0.00000000
k__Bacteria|p__Actinobacteria|c__unidentified_Actinobacteria|o__Corynebacteriales|f__Nocardiaceae|g__Nocardia|s__Nocardia_farcinica	0.00000000	0.00000000	0.00000000	0.00000000	0.00000000	0.00000000	0.00000000	0.00000000
k__Bacteria|p__Actinobacteria|c__unidentified_Actinobacteria|o__Corynebacteriales|f__Nocardiaceae|g__Rhodococcus|s__Rhodococcus_erythropolis	0.00005377	0.00001746	0.00000000	0.00000000	0.00000000	0.00000000	0.00001766	0.00000000
k__Bacteria|p__Actinobacteria|c__unidentified_Actinobacteria|o__Micrococcales|f__Beutenbergiaceae|g__Miniimonas|s__Miniimonas_sp_S16	0.00000000	0.00000000	0.00000000	0.00000000	0.00000000	0.00000000	0.00000000	0.00000000
k__Bacteria|p__Actinobacteria|c__unidentified_Actinobacteria|o__Micrococcales|f__Demequinaceae|g__Demequina|s__Demequina_globuliformis	0.00000000	0.00000000	0.00000000	0.00000000	0.00000000	0.00000000	0.00000000	0.00000000
k__Bacteria|p__Actinobacteria|c__unidentified_Actinobacteria|o__Micrococcales|f__Intrasporangiaceae|g__Oryzihumus|s__Oryzihumus_leptocrescens	0.00000000	0.00000000	0.00000000	0.00000000	0.00000000	0.00000000	0.00000000	0.00000000
k__Bacteria|p__Actinobacteria|c__unidentified_Actinobacteria|o__Micrococcales|f__Jonesiaceae|g__Jonesia|s__Jonesia_denitrificans	0.00000000	0.00000000	0.00000000	0.00000000	0.00000000	0.00000000	0.00000000	0.00000000
k__Bacteria|p__Actinobacteria|c__unidentified_Actinobacteria|o__Micrococcales|f__Microbacteriaceae|g__Agromyces|s__Agromyces_sp	0.00000000	0.00000000	0.00000000	0.00000000	0.00000000	0.00000000	0.00000000	0.00000000
k__Bacteria|p__Actinobacteria|c__unidentified_Actinobacteria|o__Micrococcales|f__Micrococcaceae|g__Arthrobacter|s__Arthrobacter_agilis	0.00000000	0.00000000	0.00000000	0.00000000	0.00000000	0.00000000	0.00000000	0.00000000
k__Bacteria|p__Actinobacteria|c__unidentified_Actinobacteria|o__Micrococcales|f__Micrococcaceae|g__Rothia|s__Rothia_aeria	0.00003585	0.00000000	0.00000000	0.00000000	0.00000000	0.00000000	0.00000000	0.00004200
k__Bacteria|p__Actinobacteria|c__unidentified_Actinobacteria|o__Micrococcales|f__Micrococcaceae|g__Rothia|s__Rothia_mucilaginosa	0.00000000	0.00000000	0.00003021	0.00001558	0.00000000	0.00004843	0.00000000	0.00006301
k__Bacteria|p__Actinobacteria|c__unidentified_Actinobacteria|o__Micromonosporales|f__Micromonosporaceae|g__Micromonospora|s__Micromonospora_echinospora	0.00000000	0.00000000	0.00000000	0.00000000	0.00000000	0.00000000	0.00000000	0.00000000
k__Bacteria|p__Actinobacteria|c__unidentified_Actinobacteria|o__Propionibacteriales|f__Nocardioidaceae|g__Nocardioides|s__Nocardioides_alkalitolerans	0.00000000	0.00000000	0.00000000	0.00000000	0.00000000	0.00000000	0.00000000	0.00000000
k__Bacteria|p__Actinobacteria|c__unidentified_Actinobacteria|o__Propionibacteriales|f__Nocardioidaceae|g__Nocardioides|s__Nocardioides_furvisabuli	0.00000000	0.00000000	0.00000000	0.00000000	0.00000000	0.00000000	0.00001766	0.00000000
k__Bacteria|p__Actinobacteria|c__unidentified_Actinobacteria|o__Propionibacteriales|f__Propionibacteriaceae|g__Cutibacterium|s__Cutibacterium_acnes	0.00008962	0.00001746	0.00003021	0.00000000	0.00000000	0.00000000	0.00001766	0.00006301
k__Bacteria|p__Actinobacteria|c__unidentified_Actinobacteria|o__Propionibacteriales|f__Propionibacteriaceae|g__Cutibacterium|s__Cutibacterium_granulosum	0.00000000	0.00000000	0.00000000	0.00000000	0.00000000	0.00000000	0.00000000	0.00000000
k__Bacteria|p__Actinobacteria|c__unidentified_Actinobacteria|o__Propionibacteriales|f__Propionibacteriaceae|g__Tessaracoccus|s__Tessaracoccus_sp_T2.5_30	0.00000000	0.00000000	0.00000000	0.00000000	0.00000000	0.00000000	0.00000000	0.00000000
k__Bacteria|p__Actinobacteria|c__unidentified_Actinobacteria|o__Pseudonocardiales|f__Pseudonocardiaceae|g__Saccharopolyspora|s__Saccharopolyspora_sp	0.00000000	0.00000000	0.00000000	0.00001558	0.00000000	0.00000000	0.00000000	0.00000000
k__Bacteria|p__Actinobacteriota|c__Acidimicrobiia|o__Microtrichales|f__Ilumatobacteraceae|g__CL500_29_marine_group|s__s____bacterium__enrichment__culture__clone__B18	0.00014340	0.00015712	0.00006043	0.00000000	0.00000000	0.00000000	0.00000000	0.00000000
k__Bacteria|p__Actinobacteriota|c__Coriobacteriia|o__Coriobacteriales|f__Atopobiaceae|g__Olsenella|s__Olsenella_scatoligenes	0.00000000	0.00000000	0.00000000	0.00000000	0.00000000	0.00001614	0.00000000	0.00000000
k__Bacteria|p__Actinobacteriota|c__Coriobacteriia|o__Coriobacteriales|f__Atopobiaceae|g__Olsenella|s__Olsenella_sp_GAM18	0.00016132	0.00003492	0.00000000	0.00010909	0.00000000	0.00004843	0.00003533	0.00000000
k__Bacteria|p__Actinobacteriota|c__Coriobacteriia|o__Coriobacteriales|f__Atopobiaceae|g__Olsenella|s__Olsenella_sp_Marseille_P2300	0.00000000	0.00000000	0.00000000	0.00000000	0.00000000	0.00000000	0.00000000	0.00000000
k__Bacteria|p__Actinobacteriota|c__Coriobacteriia|o__Coriobacteriales|f__Atopobiaceae|g__Olsenella|s__Olsenella_umbonata	0.00003585	0.00000000	0.00018128	0.00003117	0.00000000	0.00001614	0.00000000	0.00000000
k__Bacteria|p__Actinobacteriota|c__Coriobacteriia|o__Coriobacteriales|f__Coriobacteriaceae|g__Collinsella|s__Collinsella_aerofaciens	0.00044812	0.00003492	0.00000000	0.00032726	0.00007338	0.00025832	0.00031794	0.00050404
k__Bacteria|p__Actinobacteriota|c__Coriobacteriia|o__Coriobacteriales|f__Eggerthellaceae|g__Slackia|s__Slackia_isoflavoniconvertens	0.00000000	0.00000000	0.00000000	0.00000000	0.00000000	0.00000000	0.00000000	0.00000000
k__Bacteria|p__Bacteroidota|c__Bacteroidia|o__Bacteroidales|f__Bacteroidaceae|g__Bacteroides|s__Bacteroidaceae_bacterium_DJF_B220	0.00000000	0.00000000	0.00000000	0.00001558	0.00002935	0.00000000	0.00000000	0.00000000
k__Bacteria|p__Bacteroidota|c__Bacteroidia|o__Bacteroidales|f__Bacteroidaceae|g__Bacteroides|s__Bacteroides_acidifaciens	0.00005377	0.00001746	0.00000000	0.00001558	0.00002935	0.00008072	0.00164267	0.00012601
k__Bacteria|p__Bacteroidota|c__Bacteroidia|o__Bacteroidales|f__Bacteroidaceae|g__Bacteroides|s__Bacteroides_caecigallinarum	0.00000000	0.00000000	0.00000000	0.00000000	0.00000000	0.00000000	0.00003533	0.00000000
k__Bacteria|p__Bacteroidota|c__Bacteroidia|o__Bacteroidales|f__Bacteroidaceae|g__Bacteroides|s__Bacteroides_caecimuris	0.00000000	0.00000000	0.00000000	0.00000000	0.00000000	0.00000000	0.00038859	0.00000000
k__Bacteria|p__Bacteroidota|c__Bacteroidia|o__Bacteroidales|f__Bacteroidaceae|g__Bacteroides|s__Bacteroides_cellulosilyticus	0.00000000	0.00000000	0.00000000	0.00000000	0.00000000	0.00000000	0.00003533	0.00081907
k__Bacteria|p__Bacteroidota|c__Bacteroidia|o__Bacteroidales|f__Bacteroidaceae|g__Bacteroides|s__Bacteroides_coprocola	0.00000000	0.00000000	0.00000000	0.00000000	0.00000000	0.00000000	0.00017663	0.00000000
k__Bacteria|p__Bacteroidota|c__Bacteroidia|o__Bacteroidales|f__Bacteroidaceae|g__Bacteroides|s__Bacteroides_coprophilus	0.00000000	0.00000000	0.00006043	0.00000000	0.00000000	0.00001614	0.00000000	0.00000000
k__Bacteria|p__Bacteroidota|c__Bacteroidia|o__Bacteroidales|f__Bacteroidaceae|g__Bacteroides|s__Bacteroides_coprosuis	0.00003585	0.00000000	0.00000000	0.00003117	0.00000000	0.00000000	0.00001766	0.00000000
k__Bacteria|p__Bacteroidota|c__Bacteroidia|o__Bacteroidales|f__Bacteroidaceae|g__Bacteroides|s__Bacteroides_fragilis	0.00016132	0.00003492	0.00009064	0.00004675	0.00000000	0.00012916	0.00000000	0.00000000
k__Bacteria|p__Bacteroidota|c__Bacteroidia|o__Bacteroidales|f__Bacteroidaceae|g__Bacteroides|s__Bacteroides_graminisolvens	0.01503881	0.00064594	0.00045320	0.00462840	0.00082187	0.00164678	0.00091848	0.00298225
k__Bacteria|p__Bacteroidota|c__Bacteroidia|o__Bacteroidales|f__Bacteroidaceae|g__Bacteroides|s__Bacteroides_luti	0.00064529	0.00012220	0.00006043	0.00028051	0.00002935	0.00017759	0.00005299	0.00000000
k__Bacteria|p__Bacteroidota|c__Bacteroidia|o__Bacteroidales|f__Bacteroidaceae|g__Bacteroides|s__Bacteroides_massiliensis	0.00000000	0.00000000	0.00000000	0.00000000	0.00001468	0.00000000	0.00001766	0.00004200
k__Bacteria|p__Bacteroidota|c__Bacteroidia|o__Bacteroidales|f__Bacteroidaceae|g__Bacteroides|s__Bacteroides_paurosaccharolyticus	0.00012547	0.00005237	0.00000000	0.00020259	0.00000000	0.00012916	0.00000000	0.00000000
k__Bacteria|p__Bacteroidota|c__Bacteroidia|o__Bacteroidales|f__Bacteroidaceae|g__Bacteroides|s__Bacteroides_plebeius	0.00000000	0.00000000	0.00003021	0.00003117	0.00004403	0.00008072	0.00065354	0.00000000
k__Bacteria|p__Bacteroidota|c__Bacteroidia|o__Bacteroidales|f__Bacteroidaceae|g__Bacteroides|s__Bacteroides_sartorii	0.00000000	0.00000000	0.00000000	0.00003117	0.00000000	0.00003229	0.00026495	0.00004200
k__Bacteria|p__Bacteroidota|c__Bacteroidia|o__Bacteroidales|f__Bacteroidaceae|g__Bacteroides|s__Bacteroides_thetaiotaomicron	0.00005377	0.00001746	0.00000000	0.00003117	0.00007338	0.00008072	0.00040625	0.00016801
k__Bacteria|p__Bacteroidota|c__Bacteroidia|o__Bacteroidales|f__Bacteroidaceae|g__Bacteroides|s__Bacteroides_uniformis	0.00012547	0.00005237	0.00000000	0.00001558	0.00000000	0.00003229	0.00012364	0.00016801
k__Bacteria|p__Bacteroidota|c__Bacteroidia|o__Bacteroidales|f__Bacteroidaceae|g__Bacteroides|s__Bacteroides_vulgatus	0.00021510	0.00012220	0.00003021	0.00012467	0.00005871	0.00037133	0.00019429	0.00029402
k__Bacteria|p__Bacteroidota|c__Bacteroidia|o__Bacteroidales|f__Bacteroidaceae|g__Bacteroides|s__Prevotella_heparinolytica	0.00000000	0.00000000	0.00000000	0.00000000	0.00000000	0.00000000	0.00000000	0.00000000
k__Bacteria|p__Bacteroidota|c__Bacteroidia|o__Bacteroidales|f__Bacteroidetes_BD2_2|g__unidentified_Bacteroidetes_BD2_2|s__Bacteroidetes_bacterium_GWF2_40_13	0.00000000	0.00000000	0.00000000	0.00006234	0.00002935	0.00000000	0.00000000	0.00000000
k__Bacteria|p__Bacteroidota|c__Bacteroidia|o__Bacteroidales|f__Bacteroidetes_BD2_2|g__unidentified_Bacteroidetes_BD2_2|s__Bacteroidetes_bacterium_GWF2_49_14	0.00000000	0.00000000	0.00000000	0.00000000	0.00000000	0.00000000	0.00000000	0.00000000
k__Bacteria|p__Bacteroidota|c__Bacteroidia|o__Bacteroidales|f__Dysgonomonadaceae|g__Dysgonomonas|s__Dysgonomonas_capnocytophagoides	0.00000000	0.00000000	0.00000000	0.00003117	0.00000000	0.00000000	0.00000000	0.00000000
k__Bacteria|p__Bacteroidota|c__Bacteroidia|o__Bacteroidales|f__Dysgonomonadaceae|g__Dysgonomonas|s__Dysgonomonas_mossii	0.00000000	0.00000000	0.00000000	0.00012467	0.00000000	0.00003229	0.00001766	0.00000000
k__Bacteria|p__Bacteroidota|c__Bacteroidia|o__Bacteroidales|f__F082|g__unidentified_F082|s__Bacteroidales_bacterium_Bact_22	0.00000000	0.00000000	0.00027192	0.00000000	0.00000000	0.00000000	0.00000000	0.00000000
k__Bacteria|p__Bacteroidota|c__Bacteroidia|o__Bacteroidales|f__Marinifilaceae|g__Odoribacter|s__Odoribacter_splanchnicus	0.00000000	0.00000000	0.00000000	0.00000000	0.00002935	0.00001614	0.00000000	0.00000000
k__Bacteria|p__Bacteroidota|c__Bacteroidia|o__Bacteroidales|f__Porphyromonadaceae|g__Falsiporphyromonas|s__Falsiporphyromonas_endometrii	0.00000000	0.00000000	0.00000000	0.00000000	0.00000000	0.00000000	0.00000000	0.00000000
k__Bacteria|p__Bacteroidota|c__Bacteroidia|o__Bacteroidales|f__Porphyromonadaceae|g__Porphyromonas|s__Bacteroidales_bacterium_KA00251	0.00000000	0.00000000	0.00000000	0.00000000	0.00000000	0.00000000	0.00000000	0.00000000
k__Bacteria|p__Bacteroidota|c__Bacteroidia|o__Bacteroidales|f__Porphyromonadaceae|g__Porphyromonas|s__Porphyromonas_endodontalis	0.00000000	0.00000000	0.00000000	0.00000000	0.00000000	0.00000000	0.00000000	0.00000000
k__Bacteria|p__Bacteroidota|c__Bacteroidia|o__Bacteroidales|f__Porphyromonadaceae|g__Porphyromonas|s__Porphyromonas_gingivalis	0.00000000	0.00000000	0.00000000	0.00000000	0.00000000	0.00000000	0.00000000	0.00000000
k__Bacteria|p__Bacteroidota|c__Bacteroidia|o__Bacteroidales|f__Prevotellaceae|g__Alloprevotella|s__Alloprevotella_tannerae	0.00000000	0.00000000	0.00000000	0.00000000	0.00000000	0.00000000	0.00000000	0.00000000
k__Bacteria|p__Bacteroidota|c__Bacteroidia|o__Bacteroidales|f__Prevotellaceae|g__Alloprevotella|s__Prevotella_sp	0.00000000	0.00000000	0.00000000	0.00000000	0.00000000	0.00000000	0.00000000	0.00000000
k__Bacteria|p__Bacteroidota|c__Bacteroidia|o__Bacteroidales|f__Prevotellaceae|g__Alloprevotella|s__Prevotellaceae_bacterium_Marseille_P2826	0.00000000	0.00000000	0.00000000	0.00000000	0.00000000	0.00000000	0.00000000	0.00000000
k__Bacteria|p__Bacteroidota|c__Bacteroidia|o__Bacteroidales|f__Prevotellaceae|g__Alloprevotella|s__Prevotellaceae_bacterium_Marseille_P2831	0.00010755	0.00010475	0.00006043	0.00012467	0.00000000	0.00045206	0.00001766	0.00002100
k__Bacteria|p__Bacteroidota|c__Bacteroidia|o__Bacteroidales|f__Prevotellaceae|g__Prevotella_7|s__Massiliprevotella_massiliensis	0.00000000	0.00000000	0.00000000	0.00003117	0.00001468	0.00016145	0.00000000	0.00000000
k__Bacteria|p__Bacteroidota|c__Bacteroidia|o__Bacteroidales|f__Prevotellaceae|g__Prevotella_7|s__Prevotella_albensis	0.00000000	0.00000000	0.00009064	0.00000000	0.00000000	0.00000000	0.00001766	0.00000000
k__Bacteria|p__Bacteroidota|c__Bacteroidia|o__Bacteroidales|f__Prevotellaceae|g__Prevotella_7|s__Prevotella_baroniae	0.00000000	0.00000000	0.00000000	0.00000000	0.00000000	0.00000000	0.00000000	0.00000000
k__Bacteria|p__Bacteroidota|c__Bacteroidia|o__Bacteroidales|f__Prevotellaceae|g__Prevotella_7|s__Prevotella_buccae	0.00000000	0.00000000	0.00000000	0.00000000	0.00000000	0.00000000	0.00000000	0.00000000
k__Bacteria|p__Bacteroidota|c__Bacteroidia|o__Bacteroidales|f__Prevotellaceae|g__Prevotella_7|s__Prevotella_denticola	0.00000000	0.00000000	0.00000000	0.00000000	0.00000000	0.00000000	0.00000000	0.00000000
k__Bacteria|p__Bacteroidota|c__Bacteroidia|o__Bacteroidales|f__Prevotellaceae|g__Prevotella_7|s__Prevotella_melaninogenica	0.00000000	0.00000000	0.00000000	0.00001558	0.00000000	0.00000000	0.00000000	0.00002100
k__Bacteria|p__Bacteroidota|c__Bacteroidia|o__Bacteroidales|f__Prevotellaceae|g__Prevotella_7|s__Prevotella_sp_RS2	0.00000000	0.00000000	0.00000000	0.00014025	0.00014676	0.00022603	0.00001766	0.00002100
k__Bacteria|p__Bacteroidota|c__Bacteroidia|o__Bacteroidales|f__Prevotellaceae|g__Prevotella_7|s__Prevotella_sp_oral_clone_BR014	0.00000000	0.00000000	0.00000000	0.00000000	0.00000000	0.00000000	0.00000000	0.00000000
k__Bacteria|p__Bacteroidota|c__Bacteroidia|o__Bacteroidales|f__Prevotellaceae|g__Prevotella_7|s__Prevotella_sp_oral_clone_FW035	0.00000000	0.00000000	0.00000000	0.00000000	0.00000000	0.00000000	0.00000000	0.00000000
k__Bacteria|p__Bacteroidota|c__Bacteroidia|o__Bacteroidales|f__Prevotellaceae|g__Prevotellaceae_UCG_004|s__Prevotella_sp	0.00000000	0.00000000	0.00000000	0.00000000	0.00000000	0.00000000	0.00000000	0.00000000
k__Bacteria|p__Bacteroidota|c__Bacteroidia|o__Bacteroidales|f__Prevotellaceae|g__Prevotella|s__Prevotella_intermedia	0.00000000	0.00000000	0.00000000	0.00000000	0.00000000	0.00000000	0.00000000	0.00000000
k__Bacteria|p__Bacteroidota|c__Bacteroidia|o__Bacteroidales|f__Prevotellaceae|g__Prevotella|s__Prevotella_maculosa	0.00000000	0.00000000	0.00000000	0.00000000	0.00000000	0.00000000	0.00000000	0.00000000
k__Bacteria|p__Bacteroidota|c__Bacteroidia|o__Bacteroidales|f__Prevotellaceae|g__Prevotella|s__Prevotella_nanceiensis	0.00000000	0.00000000	0.00000000	0.00000000	0.00000000	0.00000000	0.00000000	0.00000000
k__Bacteria|p__Bacteroidota|c__Bacteroidia|o__Bacteroidales|f__Prevotellaceae|g__Prevotella|s__Prevotella_nigrescens	0.00000000	0.00000000	0.00000000	0.00000000	0.00000000	0.00000000	0.00000000	0.00000000
k__Bacteria|p__Bacteroidota|c__Bacteroidia|o__Bacteroidales|f__Prevotellaceae|g__Prevotella|s__Prevotella_oris	0.00001792	0.00000000	0.00000000	0.00000000	0.00000000	0.00000000	0.00000000	0.00000000
k__Bacteria|p__Bacteroidota|c__Bacteroidia|o__Bacteroidales|f__Prevotellaceae|g__Prevotella|s__Prevotella_oulorum	0.00000000	0.00000000	0.00000000	0.00000000	0.00000000	0.00000000	0.00000000	0.00000000
k__Bacteria|p__Bacteroidota|c__Bacteroidia|o__Bacteroidales|f__Prevotellaceae|g__Prevotella|s__Prevotella_pallens	0.00000000	0.00000000	0.00000000	0.00000000	0.00000000	0.00000000	0.00000000	0.00000000
k__Bacteria|p__Bacteroidota|c__Bacteroidia|o__Bacteroidales|f__Prevotellaceae|g__Prevotella|s__Prevotella_ruminicola	0.00000000	0.00000000	0.00184301	0.00000000	0.00000000	0.00000000	0.00000000	0.00000000
k__Bacteria|p__Bacteroidota|c__Bacteroidia|o__Bacteroidales|f__Prevotellaceae|g__Prevotella|s__Prevotella_saccharolytica	0.00000000	0.00000000	0.00000000	0.00000000	0.00000000	0.00000000	0.00000000	0.00000000
k__Bacteria|p__Bacteroidota|c__Bacteroidia|o__Bacteroidales|f__Prevotellaceae|g__Prevotella|s__Prevotella_salivae	0.00000000	0.00000000	0.00000000	0.00000000	0.00000000	0.00000000	0.00000000	0.00000000
k__Bacteria|p__Bacteroidota|c__Bacteroidia|o__Bacteroidales|f__Prevotellaceae|g__Prevotella|s__Prevotella_sp_BP1_56	0.00000000	0.00000000	0.00015107	0.00000000	0.00000000	0.00000000	0.00000000	0.00000000
k__Bacteria|p__Bacteroidota|c__Bacteroidia|o__Bacteroidales|f__Prevotellaceae|g__Prevotella|s__Prevotella_sp_oral_clone_DA058	0.00000000	0.00000000	0.00000000	0.00000000	0.00000000	0.00000000	0.00000000	0.00000000
k__Bacteria|p__Bacteroidota|c__Bacteroidia|o__Bacteroidales|f__Prevotellaceae|g__Prevotella|s__Prevotella_sp_oral_clone_IK053	0.00000000	0.00000000	0.00000000	0.00000000	0.00000000	0.00000000	0.00000000	0.00000000
k__Bacteria|p__Bacteroidota|c__Bacteroidia|o__Bacteroidales|f__Prevotellaceae|g__Prevotella|s__Prevotella_stercorea	0.00019717	0.00001746	0.00009064	0.00006234	0.00011741	0.00082339	0.00000000	0.00002100
k__Bacteria|p__Bacteroidota|c__Bacteroidia|o__Bacteroidales|f__Prevotellaceae|g__unidentified_Prevotellaceae|s__Prevotella_sp_oral_clone_FX046	0.00000000	0.00000000	0.00000000	0.00000000	0.00000000	0.00000000	0.00000000	0.00000000
k__Bacteria|p__Bacteroidota|c__Bacteroidia|o__Bacteroidales|f__Rikenellaceae|g__Alistipes|s__Alistipes_indistinctus	0.00000000	0.00000000	0.00000000	0.00001558	0.00001468	0.00000000	0.00000000	0.00000000
k__Bacteria|p__Bacteroidota|c__Bacteroidia|o__Bacteroidales|f__Rikenellaceae|g__Alistipes|s__Alistipes_inops	0.00000000	0.00000000	0.00000000	0.00000000	0.00000000	0.00000000	0.00000000	0.00042004
k__Bacteria|p__Bacteroidota|c__Bacteroidia|o__Bacteroidales|f__Rikenellaceae|g__Alistipes|s__Alistipes_sp_N15.MGS_157	0.00000000	0.00000000	0.00000000	0.00000000	0.00000000	0.00000000	0.00000000	0.00012601
k__Bacteria|p__Bacteroidota|c__Bacteroidia|o__Bacteroidales|f__Rikenellaceae|g__Alistipes|s__Alistipes_sp_cv1	0.00000000	0.00000000	0.00000000	0.00000000	0.00000000	0.00000000	0.00000000	0.00000000
k__Bacteria|p__Bacteroidota|c__Bacteroidia|o__Bacteroidales|f__Rikenellaceae|g__Bact_08|s__Bacteroidales_bacterium_CF	0.00044812	0.00057611	0.00015107	0.00049868	0.00035223	0.00027446	0.00026495	0.00010501
k__Bacteria|p__Bacteroidota|c__Bacteroidia|o__Bacteroidales|f__Rikenellaceae|g__Rikenellaceae_RC9_gut_group|s__Bacteroidales_bacterium_RM8	0.00000000	0.00000000	0.00241706	0.00000000	0.00005871	0.00000000	0.00000000	0.00000000
k__Bacteria|p__Bacteroidota|c__Bacteroidia|o__Bacteroidales|f__Rikenellaceae|g__Rikenellaceae_RC9_gut_group|s__Bacteroidia_bacterium_canine_oral_taxon_041	0.00000000	0.00000000	0.00000000	0.00000000	0.00000000	0.00000000	0.00000000	0.00000000
k__Bacteria|p__Bacteroidota|c__Bacteroidia|o__Bacteroidales|f__Rikenellaceae|g__Rikenellaceae_RC9_gut_group|s__Eubacterium_sp_F1	0.00000000	0.00000000	0.00009064	0.00000000	0.00000000	0.00000000	0.00000000	0.00000000
k__Bacteria|p__Bacteroidota|c__Bacteroidia|o__Bacteroidales|f__Rikenellaceae|g__Rikenella|s__Rikenella_microfusus	0.00000000	0.00000000	0.00000000	0.00000000	0.00000000	0.00000000	0.00000000	0.00000000
k__Bacteria|p__Bacteroidota|c__Bacteroidia|o__Bacteroidales|f__Tannerellaceae|g__Macellibacteroides|s__Macellibacteroides_fermentans	0.00000000	0.00000000	0.00000000	0.00000000	0.00000000	0.00003229	0.00000000	0.00000000
k__Bacteria|p__Bacteroidota|c__Bacteroidia|o__Bacteroidales|f__Tannerellaceae|g__Parabacteroides|s__Monocercomonoides_sp_PA203	0.00000000	0.00000000	0.00000000	0.00000000	0.00000000	0.00003229	0.00000000	0.00000000
k__Bacteria|p__Bacteroidota|c__Bacteroidia|o__Bacteroidales|f__Tannerellaceae|g__Parabacteroides|s__Parabacteroides_goldsteinii	0.00000000	0.00000000	0.00000000	0.00000000	0.00000000	0.00000000	0.00001766	0.00002100
k__Bacteria|p__Bacteroidota|c__Bacteroidia|o__Bacteroidales|f__Tannerellaceae|g__Parabacteroides|s__Parabacteroides_johnsonii	0.00005377	0.00000000	0.00000000	0.00000000	0.00002935	0.00004843	0.00001766	0.00054605
k__Bacteria|p__Bacteroidota|c__Bacteroidia|o__Bacteroidales|f__Tannerellaceae|g__Tannerella|s__Tannerella_forsythia	0.00000000	0.00000000	0.00000000	0.00000000	0.00000000	0.00000000	0.00000000	0.00000000
k__Bacteria|p__Bacteroidota|c__Bacteroidia|o__Bacteroidales|f__Tannerellaceae|g__Tannerella|s__Tannerella_sp_oral_taxon_HOT_286	0.00000000	0.00000000	0.00000000	0.00000000	0.00000000	0.00000000	0.00000000	0.00000000
k__Bacteria|p__Bacteroidota|c__Bacteroidia|o__Bacteroidales|f__unidentified_Bacteroidales|g__Phocaeicola|s__Phocaeicola_abscessus	0.00000000	0.00000000	0.00000000	0.00000000	0.00000000	0.00000000	0.00000000	0.00000000
k__Bacteria|p__Bacteroidota|c__Bacteroidia|o__Chitinophagales|f__37_13|g__unidentified_37_13|s__Bacteroidetes_bacterium_37_13	0.00000000	0.00000000	0.00000000	0.00000000	0.00000000	0.00000000	0.00000000	0.00000000
k__Bacteria|p__Bacteroidota|c__Bacteroidia|o__Chitinophagales|f__Chitinophagaceae|g__Aurantisolimonas|s__Terrimonas_sp_16_45A	0.00000000	0.00001746	0.00006043	0.00000000	0.00000000	0.00000000	0.00010598	0.00014701
k__Bacteria|p__Bacteroidota|c__Bacteroidia|o__Chitinophagales|f__Chitinophagaceae|g__Chitinophaga|s__Chitinophaga_cf._sancti	0.00000000	0.00000000	0.00003021	0.00000000	0.00000000	0.00000000	0.00000000	0.00000000
k__Bacteria|p__Bacteroidota|c__Bacteroidia|o__Chitinophagales|f__Chitinophagaceae|g__Lacibacter|s__Lacibacter_cauensis	0.00000000	0.00000000	0.00009064	0.00000000	0.00000000	0.00000000	0.00000000	0.00000000
k__Bacteria|p__Bacteroidota|c__Bacteroidia|o__Cytophagales|f__Hymenobacteraceae|g__Adhaeribacter|s__Adhaeribacter_terreus	0.00000000	0.00000000	0.00000000	0.00000000	0.00000000	0.00000000	0.00000000	0.00000000
k__Bacteria|p__Bacteroidota|c__Bacteroidia|o__Cytophagales|f__Spirosomaceae|g__Flectobacillus|s__Flectobacillus_roseus	0.00000000	0.00000000	0.00000000	0.00000000	0.00000000	0.00000000	0.00000000	0.00008401
k__Bacteria|p__Bacteroidota|c__Bacteroidia|o__Flavobacteriales|f__Crocinitomicaceae|g__Wandonia|s__Wandonia_haliotis	0.00000000	0.00000000	0.00000000	0.00000000	0.00000000	0.00000000	0.00000000	0.00000000
k__Bacteria|p__Bacteroidota|c__Bacteroidia|o__Flavobacteriales|f__Flavobacteriaceae|g__Capnocytophaga|s__Capnocytophaga_gingivalis	0.00000000	0.00000000	0.00000000	0.00000000	0.00000000	0.00000000	0.00000000	0.00000000
k__Bacteria|p__Bacteroidota|c__Bacteroidia|o__Flavobacteriales|f__Flavobacteriaceae|g__Capnocytophaga|s__Capnocytophaga_granulosa	0.00000000	0.00000000	0.00000000	0.00000000	0.00000000	0.00000000	0.00000000	0.00000000
k__Bacteria|p__Bacteroidota|c__Bacteroidia|o__Flavobacteriales|f__Flavobacteriaceae|g__Capnocytophaga|s__Capnocytophaga_leadbetteri	0.00000000	0.00000000	0.00000000	0.00000000	0.00000000	0.00000000	0.00000000	0.00000000
k__Bacteria|p__Bacteroidota|c__Bacteroidia|o__Flavobacteriales|f__Flavobacteriaceae|g__Capnocytophaga|s__Capnocytophaga_sp_ChDC_OS43	0.00000000	0.00000000	0.00000000	0.00000000	0.00000000	0.00000000	0.00000000	0.00000000
k__Bacteria|p__Bacteroidota|c__Bacteroidia|o__Flavobacteriales|f__Flavobacteriaceae|g__Capnocytophaga|s__Capnocytophaga_sp_oral_clone_DZ074	0.00000000	0.00000000	0.00000000	0.00000000	0.00000000	0.00000000	0.00000000	0.00000000
k__Bacteria|p__Bacteroidota|c__Bacteroidia|o__Flavobacteriales|f__Flavobacteriaceae|g__Capnocytophaga|s__Capnocytophaga_sputigena	0.00000000	0.00000000	0.00000000	0.00000000	0.00000000	0.00000000	0.00000000	0.00000000
k__Bacteria|p__Bacteroidota|c__Bacteroidia|o__Flavobacteriales|f__Flavobacteriaceae|g__Flavobacterium|s__Flavobacterium_cauense	0.00000000	0.00000000	0.00000000	0.00001558	0.00000000	0.00000000	0.00000000	0.00000000
k__Bacteria|p__Bacteroidota|c__Bacteroidia|o__Flavobacteriales|f__Flavobacteriaceae|g__Flavobacterium|s__Flavobacterium_indicum	0.00005377	0.00001746	0.00003021	0.00000000	0.00007338	0.00001614	0.00012364	0.00098708
k__Bacteria|p__Bacteroidota|c__Bacteroidia|o__Flavobacteriales|f__Flavobacteriaceae|g__Flavobacterium|s__Flavobacterium_resistens	0.00001792	0.00000000	0.00000000	0.00000000	0.00007338	0.00000000	0.00010598	0.00056705
k__Bacteria|p__Bacteroidota|c__Bacteroidia|o__Flavobacteriales|f__Flavobacteriaceae|g__Flavobacterium|s__Flavobacterium_sasangense	0.00003585	0.00097764	0.00187322	0.00063894	0.00085123	0.00040362	0.00084783	0.00533445
k__Bacteria|p__Bacteroidota|c__Bacteroidia|o__Flavobacteriales|f__Flavobacteriaceae|g__Flavobacterium|s__Flavobacterium_sp_HME6421	0.00001792	0.00076814	0.00135960	0.00001558	0.00002935	0.00001614	0.00001766	0.00046204
k__Bacteria|p__Bacteroidota|c__Bacteroidia|o__Flavobacteriales|f__Flavobacteriaceae|g__Flavobacterium|s__Flavobacterium_sp_HYN0056	0.00000000	0.00000000	0.00000000	0.00000000	0.00001468	0.00000000	0.00010598	0.00012601
k__Bacteria|p__Bacteroidota|c__Bacteroidia|o__Flavobacteriales|f__Flavobacteriaceae|g__Myroides|s__Myroides_odoratus	0.00000000	0.00000000	0.00000000	0.00000000	0.00000000	0.00000000	0.00000000	0.00002100
k__Bacteria|p__Bacteroidota|c__Bacteroidia|o__Flavobacteriales|f__Flavobacteriaceae|g__Myroides|s__Myroides_phaeus	0.00000000	0.00000000	0.00000000	0.00000000	0.00000000	0.00000000	0.00005299	0.00000000
k__Bacteria|p__Bacteroidota|c__Bacteroidia|o__Flavobacteriales|f__Weeksellaceae|g__Chryseobacterium|s__Chryseobacterium_anthropi	0.00000000	0.00000000	0.00051363	0.00000000	0.00005871	0.00001614	0.00007065	0.00002100
k__Bacteria|p__Bacteroidota|c__Bacteroidia|o__Flavobacteriales|f__Weeksellaceae|g__Chryseobacterium|s__Chryseobacterium_sp_A1_ST2	0.00000000	0.00000000	0.00000000	0.00000000	0.00000000	0.00000000	0.00000000	0.00000000
k__Bacteria|p__Bacteroidota|c__Bacteroidia|o__Flavobacteriales|f__Weeksellaceae|g__Chryseobacterium|s__Chryseobacterium_taeanense	0.00000000	0.00006983	0.00033235	0.00004675	0.00000000	0.00000000	0.00015897	0.00128111
k__Bacteria|p__Bacteroidota|c__Bacteroidia|o__Flavobacteriales|f__Weeksellaceae|g__Chryseobacterium|s__Chryseobacterium_taklimakanense	0.00000000	0.00000000	0.00000000	0.00000000	0.00000000	0.00000000	0.00000000	0.00004200
k__Bacteria|p__Bacteroidota|c__Bacteroidia|o__Flavobacteriales|f__Weeksellaceae|g__Cloacibacterium|s__Cloacibacterium_normanense	0.00000000	0.00013966	0.00453200	0.00017142	0.00005871	0.00017759	0.00083017	0.00123911
k__Bacteria|p__Bacteroidota|c__Bacteroidia|o__Flavobacteriales|f__Weeksellaceae|g__Empedobacter|s__Empedobacter_brevis	0.00000000	0.00000000	0.00003021	0.00012467	0.00000000	0.00000000	0.00001766	0.00000000
k__Bacteria|p__Bacteroidota|c__Bacteroidia|o__Flavobacteriales|f__Weeksellaceae|g__Soonwooa|s__Soonwooa_purpurea	0.00000000	0.00000000	0.00000000	0.00000000	0.00000000	0.00000000	0.00007065	0.00002100
k__Bacteria|p__Bacteroidota|c__Bacteroidia|o__Flavobacteriales|f__Weeksellaceae|g__Weeksella|s__Weeksella_sp_FF8	0.00000000	0.00000000	0.00000000	0.00003117	0.00000000	0.00000000	0.00001766	0.00000000
k__Bacteria|p__Bacteroidota|c__Bacteroidia|o__Sphingobacteriales|f__Lentimicrobiaceae|g__Lentimicrobium|s__denitrifying_bacterium_enrichment_culture_clone_NOB_2_E8	0.00023302	0.00008729	0.00000000	0.00006234	0.00008806	0.00000000	0.00007065	0.00000000
k__Bacteria|p__Bacteroidota|c__Bacteroidia|o__Sphingobacteriales|f__Sphingobacteriaceae|g__Arcticibacter|s__Arcticibacter_pallidicorallinus	0.00000000	0.00000000	0.00000000	0.00000000	0.00000000	0.00000000	0.00000000	0.00002100
k__Bacteria|p__Bacteroidota|c__Bacteroidia|o__Sphingobacteriales|f__Sphingobacteriaceae|g__Mucilaginibacter|s__Mucilaginibacter_sp_HYN0043	0.00000000	0.00000000	0.00000000	0.00000000	0.00000000	0.00000000	0.00000000	0.00000000
k__Bacteria|p__Bacteroidota|c__Bacteroidia|o__Sphingobacteriales|f__Sphingobacteriaceae|g__Pedobacter|s__Pedobacter_composti	0.00000000	0.00001746	0.00000000	0.00000000	0.00000000	0.00000000	0.00003533	0.00000000
k__Bacteria|p__Bacteroidota|c__Bacteroidia|o__Sphingobacteriales|f__Sphingobacteriaceae|g__Sphingobacterium|s__Bacteroidetes_bacterium_RBE2CD_54	0.00000000	0.00000000	0.00000000	0.00000000	0.00000000	0.00000000	0.00001766	0.00004200
k__Bacteria|p__Bacteroidota|c__Bacteroidia|o__Sphingobacteriales|f__Sphingobacteriaceae|g__Sphingobacterium|s__Sphingobacterium_composti_Yoo_et_al._2007_non_Ten_et_al._2007	0.00003585	0.00000000	0.00000000	0.00000000	0.00000000	0.00000000	0.00000000	0.00000000
k__Bacteria|p__Bacteroidota|c__Bacteroidia|o__Sphingobacteriales|f__Sphingobacteriaceae|g__Sphingobacterium|s__Sphingobacterium_mizutaii	0.00000000	0.00000000	0.00033235	0.00006234	0.00004403	0.00000000	0.00008832	0.00000000
k__Bacteria|p__Bacteroidota|c__Bacteroidia|o__Sphingobacteriales|f__Sphingobacteriaceae|g__Sphingobacterium|s__Sphingobacterium_multivorum	0.00021510	0.00006983	0.00126896	0.00014025	0.00001468	0.00003229	0.00028261	0.00056705
k__Bacteria|p__Bacteroidota|c__Bacteroidia|o__Sphingobacteriales|f__Sphingobacteriaceae|g__Sphingobacterium|s__Sphingobacterium_wenxiniae	0.00000000	0.00000000	0.00000000	0.00012467	0.00000000	0.00000000	0.00000000	0.00000000
k__Bacteria|p__Bdellovibrionota|c__Bdellovibrionia|o__Bacteriovoracales|f__Bacteriovoracaceae|g__Bacteriovorax|s__Bacteriovorax_sp_F2	0.00000000	0.00000000	0.00003021	0.00000000	0.00000000	0.00000000	0.00008832	0.00014701
k__Bacteria|p__Bdellovibrionota|c__Bdellovibrionia|o__Bacteriovoracales|f__Bacteriovoracaceae|g__Peredibacter|s__Bacteriovorax_sp_EPA	0.00000000	0.00000000	0.00000000	0.00000000	0.00000000	0.00000000	0.00000000	0.00000000
k__Bacteria|p__Bdellovibrionota|c__Bdellovibrionia|o__Bacteriovoracales|f__Bacteriovoracaceae|g__Peredibacter|s__Bacteriovorax_sp_EPC3	0.00000000	0.00000000	0.00000000	0.00000000	0.00000000	0.00000000	0.00000000	0.00000000
k__Bacteria|p__Bdellovibrionota|c__Bdellovibrionia|o__Bdellovibrionales|f__Bdellovibrionaceae|g__Bdellovibrio|s__Bdellovibrio_bacteriovorus	0.00000000	0.00000000	0.00000000	0.00000000	0.00001468	0.00000000	0.00000000	0.00010501
k__Bacteria|p__Bdellovibrionota|c__Bdellovibrionia|o__Bdellovibrionales|f__Bdellovibrionaceae|g__Bdellovibrio|s__Bdellovibrio_sp_ETB	0.00001792	0.00000000	0.00000000	0.00000000	0.00000000	0.00000000	0.00000000	0.00000000
k__Bacteria|p__Bdellovibrionota|c__Bdellovibrionia|o__Bdellovibrionales|f__Bdellovibrionaceae|g__Bdellovibrio|s__Bdellovibrio_sp_SKB1291214	0.00000000	0.00000000	0.00003021	0.00000000	0.00000000	0.00000000	0.00001766	0.00000000
k__Bacteria|p__Bdellovibrionota|c__Bdellovibrionia|o__Bdellovibrionales|f__Bdellovibrionaceae|g__Bdellovibrio|s__Bdellovibrionales_bacterium_RBG_16_40_8	0.00000000	0.00000000	0.00000000	0.00000000	0.00000000	0.00001614	0.00000000	0.00000000
k__Bacteria|p__Bdellovibrionota|c__Oligoflexia|o__0319_6G20|f__unidentified_0319_6G20|g__unidentified_0319_6G20|s__Olavius_ilvae_associated_proteobacterium_Delta_7	0.00000000	0.00000000	0.00000000	0.00000000	0.00000000	0.00000000	0.00000000	0.00000000
k__Bacteria|p__Bdellovibrionota|c__Oligoflexia|o__0319_6G20|f__unidentified_0319_6G20|g__unidentified_0319_6G20|s__s____bacterium__enrichment__culture__clone__B126	0.00000000	0.00000000	0.00000000	0.00000000	0.00000000	0.00000000	0.00000000	0.00000000
k__Bacteria|p__Berkelbacteria|c__unidentified_Berkelbacteria|o__unidentified_Berkelbacteria|f__unidentified_Berkelbacteria|g__unidentified_Berkelbacteria|s__Candidatus_Berkelbacteria_bacterium_RIFOXYA2_FULL_43_10	0.00000000	0.00000000	0.00003021	0.00000000	0.00000000	0.00000000	0.00000000	0.00000000
k__Bacteria|p__Campylobacterota|c__Campylobacteria|o__Campylobacterales|f__Arcobacteraceae|g__Arcobacter|s__Arcobacter_cryaerophilus	0.00000000	0.00000000	0.00000000	0.00000000	0.00000000	0.00000000	0.00000000	0.00000000
k__Bacteria|p__Campylobacterota|c__Campylobacteria|o__Campylobacterales|f__Campylobacteraceae|g__Campylobacter|s__Campylobacter_concisus	0.00000000	0.00000000	0.00000000	0.00000000	0.00000000	0.00001614	0.00000000	0.00000000
k__Bacteria|p__Campylobacterota|c__Campylobacteria|o__Campylobacterales|f__Campylobacteraceae|g__Campylobacter|s__Campylobacter_gracilis	0.00000000	0.00000000	0.00009064	0.00000000	0.00000000	0.00000000	0.00000000	0.00000000
k__Bacteria|p__Campylobacterota|c__Campylobacteria|o__Campylobacterales|f__Campylobacteraceae|g__Campylobacter|s__Campylobacter_showae	0.00000000	0.00000000	0.00003021	0.00000000	0.00000000	0.00000000	0.00000000	0.00000000
k__Bacteria|p__Campylobacterota|c__Campylobacteria|o__Campylobacterales|f__Helicobacteraceae|g__Helicobacter|s__Helicobacter_hepaticus	0.00000000	0.00000000	0.00000000	0.00000000	0.00000000	0.00000000	0.00017663	0.00000000
k__Bacteria|p__Campylobacterota|c__Campylobacteria|o__Campylobacterales|f__Helicobacteraceae|g__Wolinella|s__Wolinella_succinogenes	0.00035849	0.00000000	0.00000000	0.00000000	0.00000000	0.00000000	0.00000000	0.00000000
k__Bacteria|p__Campylobacterota|c__Campylobacteria|o__Campylobacterales|f__Sulfurimonadaceae|g__Sulfuricurvum|s__Candidatus_Sulfuricurvum_sp_RIFRC_1	0.00000000	0.00000000	0.00000000	0.00000000	0.00000000	0.00000000	0.00007065	0.00000000
k__Bacteria|p__Campylobacterota|c__Campylobacteria|o__Campylobacterales|f__Sulfurospirillaceae|g__Sulfurospirillum|s__Sulfurospirillum_cavolei	0.00154152	0.00010475	0.00000000	0.00071686	0.00123281	0.00038748	0.00056522	0.00151213
k__Bacteria|p__Campylobacterota|c__Campylobacteria|o__Campylobacterales|f__Sulfurospirillaceae|g__Sulfurospirillum|s__Sulfurospirillum_sp_UCH001	0.02837477	0.00637210	0.00108768	0.00380246	0.00614938	0.00445600	0.00317937	0.00520844
k__Bacteria|p__Candidatus_Falkowbacteria|c__ABY1|o__unidentified_ABY1|f__unidentified_ABY1|g__unidentified_ABY1|s__Parcubacteria_group_bacterium_ADurb.Bin316	0.00000000	0.00000000	0.00000000	0.00000000	0.00000000	0.00000000	0.00000000	0.00000000
k__Bacteria|p__Candidatus_Kaiserbacteria|c__unidentified_Candidatus_Kaiserbacteria|o__unidentified_Candidatus_Kaiserbacteria|f__unidentified_Candidatus_Kaiserbacteria|g__unidentified_Candidatus_Kaiserbacteria|s__Parcubacteria_bacterium_OLB19	0.00000000	0.00000000	0.00000000	0.00000000	0.00000000	0.00000000	0.00001766	0.00000000
k__Bacteria|p__Candidatus_Kaiserbacteria|c__unidentified_Candidatus_Kaiserbacteria|o__unidentified_Candidatus_Kaiserbacteria|f__unidentified_Candidatus_Kaiserbacteria|g__unidentified_Candidatus_Kaiserbacteria|s__Parcubacteria_group_bacterium_GW2011_GWD2_42_14	0.00000000	0.00000000	0.00000000	0.00000000	0.00000000	0.00000000	0.00000000	0.00000000
k__Bacteria|p__Candidatus_Woesebacteria|c__Microgenomatia|o__unidentified_Microgenomatia|f__unidentified_Microgenomatia|g__unidentified_Microgenomatia|s__Candidatus_Woesebacteria_bacterium_RIFOXYA1_FULL_43_16	0.00000000	0.00000000	0.00000000	0.00000000	0.00000000	0.00000000	0.00000000	0.00000000
k__Bacteria|p__Candidatus_Zambryskibacteria|c__unidentified_Candidatus_Zambryskibacteria|o__unidentified_Candidatus_Zambryskibacteria|f__unidentified_Candidatus_Zambryskibacteria|g__unidentified_Candidatus_Zambryskibacteria|s__Parcubacteria_group_bacterium_GW2011_GWE2_42_14	0.00000000	0.00000000	0.00000000	0.00000000	0.00000000	0.00000000	0.00000000	0.00000000
k__Bacteria|p__Chloroflexi|c__Anaerolineae|o__Anaerolineales|f__Anaerolineaceae|g__Anaerolineaceae_UCG_001|s__Anaerolineales_bacterium_Chloro_03	0.00000000	0.00000000	0.00000000	0.00000000	0.00000000	0.00000000	0.00000000	0.00000000
k__Bacteria|p__Chloroflexi|c__Anaerolineae|o__Anaerolineales|f__Anaerolineaceae|g__Anaerolinea|s__Chloroflexi_bacterium_enrichment_culture_clone_AP_FeEnrich7	0.00000000	0.00000000	0.00000000	0.00000000	0.00000000	0.00000000	0.00000000	0.00000000
k__Bacteria|p__Chloroflexi|c__Anaerolineae|o__Anaerolineales|f__Anaerolineaceae|g__Anaerolinea|s__Thermobaculum_sp_enrichment_culture_clone_VanCtr100	0.00000000	0.00000000	0.00000000	0.00000000	0.00000000	0.00000000	0.00000000	0.00000000
k__Bacteria|p__Chloroflexi|c__Anaerolineae|o__Anaerolineales|f__Anaerolineaceae|g__Flexilinea|s__Anaerolineaceae_bacterium_oral_taxon_439	0.00000000	0.00000000	0.00000000	0.00000000	0.00000000	0.00000000	0.00000000	0.00000000
k__Bacteria|p__Chloroflexi|c__Anaerolineae|o__Anaerolineales|f__Anaerolineaceae|g__Leptolinea|s__Leptolinea_tardivitalis	0.00000000	0.00000000	0.00000000	0.00000000	0.00000000	0.00000000	0.00000000	0.00000000
k__Bacteria|p__Chloroflexi|c__Anaerolineae|o__Anaerolineales|f__Anaerolineaceae|g__Levilinea|s__Levilinea_saccharolytica	0.00000000	0.00000000	0.00000000	0.00000000	0.00000000	0.00000000	0.00000000	0.00000000
k__Bacteria|p__Chloroflexi|c__Anaerolineae|o__SBR1031|f__A4b|g__OLB15|s__Chloroflexi_bacterium_OLB15	0.00000000	0.00000000	0.00000000	0.00000000	0.00000000	0.00000000	0.00000000	0.00000000
k__Bacteria|p__Chloroflexi|c__Anaerolineae|o__SBR1031|f__unidentified_SBR1031|g__unidentified_SBR1031|s__anaerobic_bacterium_MO_CFX2	0.00000000	0.00000000	0.00000000	0.00000000	0.00000000	0.00001614	0.00000000	0.00006301
k__Bacteria|p__Chloroflexi|c__Dehalococcoidia|o__GIF3|f__unidentified_GIF3|g__unidentified_GIF3|s__Dehalococcoidia_bacterium_SCGC_AB_540_C11	0.00000000	0.00000000	0.00000000	0.00000000	0.00000000	0.00000000	0.00000000	0.00000000
k__Bacteria|p__Chloroflexi|c__Dehalococcoidia|o__RBG_13_46_9|f__unidentified_RBG_13_46_9|g__unidentified_RBG_13_46_9|s__Chloroflexi_bacterium_RBG_13_46_9	0.00003585	0.00000000	0.00000000	0.00000000	0.00000000	0.00000000	0.00000000	0.00000000
k__Bacteria|p__Chloroflexi|c__TK10|o__unidentified_TK10|f__unidentified_TK10|g__unidentified_TK10|s__Clostridiales_bacterium_PH28_bin88	0.00000000	0.00000000	0.00000000	0.00000000	0.00000000	0.00000000	0.00000000	0.00000000
k__Bacteria|p__Cyanobacteria|c__Cyanobacteriia|o__Chloroplast|f__unidentified_Chloroplast|g__unidentified_Chloroplast|s__Lolium_perenne	0.00000000	0.00000000	0.00015107	0.00003117	0.00000000	0.00000000	0.00003533	0.00025202
k__Bacteria|p__Cyanobacteria|c__Cyanobacteriia|o__Chloroplast|f__unidentified_Chloroplast|g__unidentified_Chloroplast|s__Mychonastes_jurisii	0.00000000	0.00001746	0.00000000	0.00000000	0.00000000	0.00000000	0.00000000	0.00000000
k__Bacteria|p__Cyanobacteria|c__Cyanobacteriia|o__Chloroplast|f__unidentified_Chloroplast|g__unidentified_Chloroplast|s__Planoglabratella_opercularis	0.00017925	0.00000000	0.00000000	0.00009350	0.00000000	0.00020988	0.00003533	0.00000000
k__Bacteria|p__Cyanobacteria|c__Cyanobacteriia|o__Chloroplast|f__unidentified_Chloroplast|g__unidentified_Chloroplast|s__Vischeria_sp_CAUP_Q_202	0.00000000	0.00000000	0.00000000	0.00000000	0.00000000	0.00000000	0.00000000	0.00000000
k__Bacteria|p__Cyanobacteria|c__Cyanobacteriia|o__Cyanobacteriales|f__Cyanobacteriaceae|g__Symphothece_PCC_7002|s__Leptolyngbya_sp_UIC_10142	0.00000000	0.00000000	0.00000000	0.00000000	0.00000000	0.00000000	0.00000000	0.00000000
k__Bacteria|p__Cyanobacteria|c__Cyanobacteriia|o__Geitlerinematales|f__Geitlerinemataceae|g__Geitlerinema|s__Geitlerinema_sp_PCC_7407	0.00000000	0.00000000	0.00000000	0.00000000	0.00000000	0.00000000	0.00000000	0.00000000
k__Bacteria|p__Cyanobacteria|c__Cyanobacteriia|o__Leptolyngbyales|f__Leptolyngbyaceae|g__Leptolyngbya_BN43|s__Leptolyngbya_sp_S1C4	0.00000000	0.00000000	0.00000000	0.00000000	0.00000000	0.00000000	0.00000000	0.00000000
k__Bacteria|p__Cyanobacteria|c__Cyanobacteriia|o__Leptolyngbyales|f__Leptolyngbyaceae|g__Leptolyngbya_PCC_6306|s__Leptolyngbya_boryana	0.00000000	0.00000000	0.00000000	0.00000000	0.00000000	0.00000000	0.00000000	0.00000000
k__Bacteria|p__Cyanobacteria|c__Sericytochromatia|o__unidentified_Sericytochromatia|f__unidentified_Sericytochromatia|g__unidentified_Sericytochromatia|s__Hyaloperonospora_arabidopsidis	0.00000000	0.00000000	0.00009064	0.00000000	0.00000000	0.00000000	0.00001766	0.00002100
k__Bacteria|p__Cyanobacteria|c__Vampirivibrionia|o__Gastranaerophilales|f__unidentified_Gastranaerophilales|g__unidentified_Gastranaerophilales|s__Candidatus_Melainabacteria_bacterium_GWA2_34_9	0.00000000	0.00001746	0.00000000	0.00000000	0.00000000	0.00001614	0.00000000	0.00000000
k__Bacteria|p__DTB120|c__unidentified_DTB120|o__unidentified_DTB120|f__unidentified_DTB120|g__unidentified_DTB120|s__Deltaproteobacteria_bacterium_GWC2_55_46	0.00000000	0.00000000	0.00000000	0.00000000	0.00000000	0.00001614	0.00003533	0.00000000
k__Bacteria|p__DTB120|c__unidentified_DTB120|o__unidentified_DTB120|f__unidentified_DTB120|g__unidentified_DTB120|s__Deltaproteobacteria_bacterium_GWF2_42_12	0.00000000	0.00000000	0.00000000	0.00000000	0.00000000	0.00000000	0.00000000	0.00000000
k__Bacteria|p__Deferribacteres|c__unidentified_Deferribacteres|o__Deferribacterales|f__Deferribacteraceae|g__Mucispirillum|s__Mucispirillum_sp_69	0.00000000	0.00000000	0.00000000	0.00000000	0.00000000	0.00000000	0.00008832	0.00000000
k__Bacteria|p__Deinococcota|c__Deinococci|o__Deinococcales|f__Deinococcaceae|g__Deinococcus|s__Deinococcus_sp	0.00000000	0.00000000	0.00000000	0.00000000	0.00000000	0.00000000	0.00000000	0.00000000
k__Bacteria|p__Desulfobacterota|c__Desulfarculia|o__Desulfarculales|f__Desulfarculaceae|g__Desulfarculus|s__Desulfarculus_baarsii	0.00003585	0.00000000	0.00000000	0.00000000	0.00000000	0.00000000	0.00000000	0.00000000
k__Bacteria|p__Desulfobacterota|c__Desulfobacteria|o__Desulfobacterales|f__Desulfosarcinaceae|g__SEEP_SRB1|s__Desulfobacteraceae_bacterium	0.00000000	0.00000000	0.00000000	0.00000000	0.00000000	0.00000000	0.00000000	0.00000000
k__Bacteria|p__Desulfobacterota|c__Desulfobacteria|o__Desulfobacterales|f__Desulfosarcinaceae|g__Sva0081_sediment_group|s__delta_proteobacterium_enrichment_culture_clone_AP_FeEnrich12	0.00000000	0.00000000	0.00000000	0.00001558	0.00000000	0.00001614	0.00000000	0.00000000
k__Bacteria|p__Desulfobacterota|c__Desulfobulbia|o__Desulfobulbales|f__Desulfobulbaceae|g__Desulfobulbus|s__Desulfobulbus_sp_ORNL	0.00000000	0.00000000	0.00000000	0.00000000	0.00000000	0.00000000	0.00000000	0.00000000
k__Bacteria|p__Desulfobacterota|c__Desulfovibrionia|o__Desulfovibrionales|f__Desulfomicrobiaceae|g__Desulfomicrobium|s__Desulfomicrobium_orale	0.00000000	0.00000000	0.00000000	0.00000000	0.00000000	0.00000000	0.00000000	0.00000000
k__Bacteria|p__Desulfobacterota|c__Desulfovibrionia|o__Desulfovibrionales|f__Desulfovibrionaceae|g__Desulfovibrio|s__Desulfovibrio_aminophilus	0.00005377	0.00003492	0.00000000	0.00000000	0.00000000	0.00000000	0.00000000	0.00000000
k__Bacteria|p__Desulfobacterota|c__Desulfovibrionia|o__Desulfovibrionales|f__Desulfovibrionaceae|g__Desulfovibrio|s__Desulfovibrio_butyratiphilus	0.00000000	0.00000000	0.00000000	0.00000000	0.00000000	0.00001614	0.00000000	0.00000000
k__Bacteria|p__Desulfobacterota|c__Desulfovibrionia|o__Desulfovibrionales|f__Desulfovibrionaceae|g__Desulfovibrio|s__Desulfovibrio_carbinolicus	0.00000000	0.00000000	0.00006043	0.00000000	0.00000000	0.00000000	0.00000000	0.00000000
k__Bacteria|p__Desulfobacterota|c__Desulfovibrionia|o__Desulfovibrionales|f__Desulfovibrionaceae|g__Desulfovibrio|s__Desulfovibrio_cuneatus	0.00000000	0.00006983	0.00003021	0.00000000	0.00000000	0.00000000	0.00000000	0.00000000
k__Bacteria|p__Desulfobacterota|c__Desulfovibrionia|o__Desulfovibrionales|f__Desulfovibrionaceae|g__Desulfovibrio|s__Desulfovibrio_desulfuricans	0.00130850	0.00258375	0.00157109	0.00166747	0.00491657	0.00145304	0.00047691	0.00023102
k__Bacteria|p__Desulfobacterota|c__Desulfovibrionia|o__Desulfovibrionales|f__Desulfovibrionaceae|g__Desulfovibrio|s__Desulfovibrio_fairfieldensis	0.00005377	0.00020949	0.00003021	0.00012467	0.00045497	0.00014530	0.00114811	0.00002100
k__Bacteria|p__Desulfobacterota|c__Desulfovibrionia|o__Desulfovibrionales|f__Desulfovibrionaceae|g__Desulfovibrio|s__Desulfovibrio_piger	0.00008962	0.00013966	0.00003021	0.00012467	0.00024950	0.00006458	0.00001766	0.00000000
k__Bacteria|p__Desulfobacterota|c__Desulfovibrionia|o__Desulfovibrionales|f__Desulfovibrionaceae|g__Desulfovibrio|s__Desulfovibrio_putealis	0.00001792	0.00001746	0.00000000	0.00000000	0.00001468	0.00003229	0.00001766	0.00000000
k__Bacteria|p__Desulfobacterota|c__Desulfovibrionia|o__Desulfovibrionales|f__Desulfovibrionaceae|g__Desulfovibrio|s__Desulfovibrio_sp_A1	0.00007170	0.00000000	0.00000000	0.00001558	0.00002935	0.00000000	0.00000000	0.00000000
k__Bacteria|p__Desulfobacterota|c__Desulfovibrionia|o__Desulfovibrionales|f__Desulfovibrionaceae|g__Desulfovibrio|s__Desulfovibrio_sp_G11	0.00012547	0.00005237	0.00003021	0.00020259	0.00026417	0.00009687	0.00003533	0.00000000
k__Bacteria|p__Desulfobacterota|c__Desulfovibrionia|o__Desulfovibrionales|f__Desulfovibrionaceae|g__Desulfovibrio|s__Desulfovibrio_sp_MS	0.00001792	0.00006983	0.00003021	0.00004675	0.00001468	0.00003229	0.00000000	0.00000000
k__Bacteria|p__Desulfobacterota|c__Desulfovibrionia|o__Desulfovibrionales|f__Desulfovibrionaceae|g__Desulfovibrio|s__Desulfovibrio_sp_S14_PV_2008	0.00000000	0.00001746	0.00000000	0.00000000	0.00001468	0.00003229	0.00000000	0.00004200
k__Bacteria|p__Desulfobacterota|c__Desulfovibrionia|o__Desulfovibrionales|f__Desulfovibrionaceae|g__Desulfovibrio|s__Desulfovibrio_sp_enrichment_culture_clone_AP_FeEnrich16	0.00000000	0.00000000	0.00000000	0.00001558	0.00000000	0.00001614	0.00000000	0.00004200
k__Bacteria|p__Desulfobacterota|c__Desulfovibrionia|o__Desulfovibrionales|f__Desulfovibrionaceae|g__Desulfovibrio|s__Desulfovibrio_sulfodismutans	0.00003585	0.00005237	0.00000000	0.00004675	0.00001468	0.00001614	0.00001766	0.00000000
k__Bacteria|p__Desulfobacterota|c__Desulfovibrionia|o__Desulfovibrionales|f__Desulfovibrionaceae|g__Desulfovibrio|s__Desulfovibrio_vulgaris	0.00043019	0.00005237	0.00000000	0.00004675	0.00000000	0.00001614	0.00000000	0.00000000
k__Bacteria|p__Desulfobacterota|c__Desulfovibrionia|o__Desulfovibrionales|f__Desulfovibrionaceae|g__Desulfovibrio|s__bacterium_S4531	0.00091416	0.00003492	0.00000000	0.00010909	0.00002935	0.00012916	0.00001766	0.00002100
k__Bacteria|p__Desulfobacterota|c__Desulfovibrionia|o__Desulfovibrionales|f__Desulfovibrionaceae|g__Desulfovibrio|s__bacterium__New_Zealand_D_	0.00000000	0.00000000	0.00000000	0.00000000	0.00002935	0.00000000	0.00000000	0.00000000
k__Bacteria|p__Desulfobacterota|c__Desulfovibrionia|o__Desulfovibrionales|f__Desulfovibrionaceae|g__Desulfovibrio|s__toluene_degrading_methanogenic_consortium_bacterium	0.00023302	0.00000000	0.00000000	0.00003117	0.00000000	0.00001614	0.00000000	0.00000000
k__Bacteria|p__Desulfobacterota|c__Desulfuromonadia|o__Desulfuromonadales|f__Desulfuromonadaceae|g__unidentified_Desulfuromonadaceae|s__delta_proteobacterium_enrichment_culture_clone_VNC2Bg11	0.00000000	0.00000000	0.00000000	0.00000000	0.00000000	0.00000000	0.00000000	0.00000000
k__Bacteria|p__Desulfobacterota|c__Desulfuromonadia|o__Geobacterales|f__Geobacteraceae|g__Citrifermentans|s__Geobacter_sp_OR_1	0.00000000	0.00000000	0.00000000	0.00000000	0.00000000	0.00000000	0.00000000	0.00000000
k__Bacteria|p__Desulfobacterota|c__Desulfuromonadia|o__Geobacterales|f__Geobacteraceae|g__Geobacter|s__Geobacter_sulfurreducens	0.00000000	0.00000000	0.00000000	0.00000000	0.00000000	0.00000000	0.00000000	0.00000000
k__Bacteria|p__Edwardsbacteria|c__unidentified_Edwardsbacteria|o__unidentified_Edwardsbacteria|f__unidentified_Edwardsbacteria|g__unidentified_Edwardsbacteria|s__Candidatus_Edwardsbacteria_bacterium_RIFOXYD12_FULL_50_11	0.00000000	0.00000000	0.00000000	0.00000000	0.00000000	0.00000000	0.00000000	0.00000000
k__Bacteria|p__Elusimicrobia|c__unidentified_Elusimicrobia|o__Lineage_IV|f__unidentified_Lineage_IV|g__unidentified_Lineage_IV|s__Elusimicrobia_bacterium_RIFCSPHIGHO2_02_FULL_61_10	0.00001792	0.00000000	0.00000000	0.00001558	0.00000000	0.00000000	0.00000000	0.00000000
k__Bacteria|p__Firmicutes|c__Bacilli|o__Acholeplasmatales|f__Acholeplasmataceae|g__Acholeplasma|s__Acholeplasma_manati	0.00003585	0.00000000	0.00000000	0.00001558	0.00019079	0.00001614	0.00003533	0.00000000
k__Bacteria|p__Firmicutes|c__Bacilli|o__Acholeplasmatales|f__Acholeplasmataceae|g__Acholeplasma|s__Acholeplasma_sp_KDA_feline	0.00000000	0.00000000	0.00000000	0.00000000	0.00000000	0.00000000	0.00000000	0.00000000
k__Bacteria|p__Firmicutes|c__Bacilli|o__Acholeplasmatales|f__Acholeplasmataceae|g__Acholeplasma|s__Acholeplasma_vituli	0.00000000	0.00000000	0.00000000	0.00000000	0.00000000	0.00000000	0.00000000	0.00000000
k__Bacteria|p__Firmicutes|c__Bacilli|o__Acholeplasmatales|f__Acholeplasmataceae|g__Acholeplasma|s__bacterium_enrichment_culture_clone_BA75	0.00000000	0.00000000	0.00000000	0.00000000	0.00000000	0.00001614	0.00003533	0.00000000
k__Bacteria|p__Firmicutes|c__Bacilli|o__Bacillales|f__Bacillaceae|g__Anoxybacillus|s__Anoxybacillus_flavithermus	0.00000000	0.00001746	0.00006043	0.00000000	0.00000000	0.00000000	0.00000000	0.00000000
k__Bacteria|p__Firmicutes|c__Bacilli|o__Bacillales|f__Bacillaceae|g__Bacillus|s__Bacillus_anthracis	0.00093208	0.00008729	0.00003021	0.00001558	0.00000000	0.00001614	0.00001766	0.00000000
k__Bacteria|p__Firmicutes|c__Bacilli|o__Bacillales|f__Bacillaceae|g__Bacillus|s__Bacillus_clausii	0.00000000	0.00000000	0.00009064	0.00000000	0.00000000	0.00000000	0.00000000	0.00000000
k__Bacteria|p__Firmicutes|c__Bacilli|o__Bacillales|f__Bacillaceae|g__Bacillus|s__Bacillus_filamentosus	0.00000000	0.00000000	0.00000000	0.00000000	0.00000000	0.00000000	0.00000000	0.00000000
k__Bacteria|p__Firmicutes|c__Bacilli|o__Bacillales|f__Bacillaceae|g__Bacillus|s__Bacillus_fortis	0.00000000	0.00000000	0.00000000	0.00000000	0.00000000	0.00000000	0.00000000	0.00000000
k__Bacteria|p__Firmicutes|c__Bacilli|o__Bacillales|f__Bacillaceae|g__Bacillus|s__Bacillus_sporothermodurans	0.00000000	0.00024441	0.00003021	0.00003117	0.00000000	0.00001614	0.00014131	0.00000000
k__Bacteria|p__Firmicutes|c__Bacilli|o__Bacillales|f__Bacillaceae|g__Geobacillus|s__Geobacillus_thermodenitrificans	0.00000000	0.00000000	0.00000000	0.00000000	0.00000000	0.00000000	0.00000000	0.00000000
k__Bacteria|p__Firmicutes|c__Bacilli|o__Bacillales|f__Bacillaceae|g__Terribacillus|s__Terribacillus_aidingensis	0.00000000	0.00000000	0.00000000	0.00000000	0.00000000	0.00000000	0.00000000	0.00000000
k__Bacteria|p__Firmicutes|c__Bacilli|o__Bacillales|f__Bacillaceae|g__Ureibacillus|s__Ureibacillus_thermosphaericus	0.00000000	0.00000000	0.00000000	0.00000000	0.00000000	0.00000000	0.00000000	0.00000000
k__Bacteria|p__Firmicutes|c__Bacilli|o__Bacillales|f__Planococcaceae|g__Paenisporosarcina|s__Paenisporosarcina_sp_K2R23_3	0.00000000	0.00000000	0.00000000	0.00000000	0.00000000	0.00000000	0.00000000	0.00000000
k__Bacteria|p__Firmicutes|c__Bacilli|o__Erysipelotrichales|f__Erysipelatoclostridiaceae|g__Erysipelatoclostridium|s__Clostridiaceae_bacterium_GM1	0.00000000	0.00000000	0.00000000	0.00000000	0.00000000	0.00000000	0.00000000	0.00004200
k__Bacteria|p__Firmicutes|c__Bacilli|o__Erysipelotrichales|f__Erysipelatoclostridiaceae|g__Erysipelatoclostridium|s__Erysipelatoclostridium_ramosum	0.00000000	0.00000000	0.00000000	0.00000000	0.00011741	0.00000000	0.00017663	0.00027302
k__Bacteria|p__Firmicutes|c__Bacilli|o__Erysipelotrichales|f__Erysipelatoclostridiaceae|g__UCG_004|s__bacterium_enrichment_culture_clone_DPHB07	0.00012547	0.00001746	0.00000000	0.00001558	0.00001468	0.00003229	0.00000000	0.00000000
k__Bacteria|p__Firmicutes|c__Bacilli|o__Erysipelotrichales|f__Erysipelotrichaceae|g__Dubosiella|s__Dubosiella_newyorkensis	0.00000000	0.00000000	0.00000000	0.00000000	0.00000000	0.00000000	0.00010598	0.00000000
k__Bacteria|p__Firmicutes|c__Bacilli|o__Erysipelotrichales|f__Erysipelotrichaceae|g__Dubosiella|s__Firmicutes_bacterium_M10_2	0.00000000	0.00000000	0.00003021	0.00000000	0.00000000	0.00000000	0.00001766	0.00000000
k__Bacteria|p__Firmicutes|c__Bacilli|o__Erysipelotrichales|f__Erysipelotrichaceae|g__Faecalibaculum|s__Faecalibaculum_rodentium	0.00000000	0.00000000	0.00000000	0.00000000	0.00002935	0.00000000	0.00040625	0.00000000
k__Bacteria|p__Firmicutes|c__Bacilli|o__Erysipelotrichales|f__Erysipelotrichaceae|g__Ileibacterium|s__Ileibacterium_valens	0.00000000	0.00000000	0.00000000	0.00000000	0.00000000	0.00000000	0.00948512	0.00000000
k__Bacteria|p__Firmicutes|c__Bacilli|o__Erysipelotrichales|f__Erysipelotrichaceae|g__Solobacterium|s__Solobacterium_moorei	0.00000000	0.00000000	0.00000000	0.00000000	0.00001468	0.00000000	0.00000000	0.00000000
k__Bacteria|p__Firmicutes|c__Bacilli|o__Erysipelotrichales|f__Erysipelotrichaceae|g__Turicibacter|s__Turicibacter_sp_H121	0.00000000	0.00000000	0.00000000	0.00000000	0.00000000	0.00000000	0.00000000	0.00035703
k__Bacteria|p__Firmicutes|c__Bacilli|o__Exiguobacterales|f__Exiguobacteraceae|g__Exiguobacterium|s__Exiguobacterium_sp_AT1b	0.00000000	0.00000000	0.00036256	0.00000000	0.00000000	0.00000000	0.00000000	0.00000000
k__Bacteria|p__Firmicutes|c__Bacilli|o__Lactobacillales|f__Aerococcaceae|g__Aerococcus|s__Aerococcus_urinaeequi	0.00003585	0.00000000	0.00000000	0.00000000	0.00000000	0.00000000	0.00001766	0.00002100
k__Bacteria|p__Firmicutes|c__Bacilli|o__Lactobacillales|f__Aerococcaceae|g__Dolosicoccus|s__Dolosicoccus_paucivorans	0.00000000	0.00000000	0.00000000	0.00000000	0.00000000	0.00000000	0.00000000	0.00000000
k__Bacteria|p__Firmicutes|c__Bacilli|o__Lactobacillales|f__Enterococcaceae|g__Enterococcus|s__Enterococcus_cecorum	0.00005377	0.00000000	0.00000000	0.00004675	0.00005871	0.00000000	0.00003533	0.00079807
k__Bacteria|p__Firmicutes|c__Bacilli|o__Lactobacillales|f__Enterococcaceae|g__Enterococcus|s__Enterococcus_faecalis	0.00007170	0.00001746	0.00000000	0.00001558	0.00001468	0.00000000	0.00007065	0.00447338
k__Bacteria|p__Firmicutes|c__Bacilli|o__Lactobacillales|f__Lactobacillaceae|g__Agrilactobacillus|s__Lactobacillus_composti	0.00000000	0.00000000	0.00000000	0.00000000	0.00000000	0.00000000	0.00000000	0.00000000
k__Bacteria|p__Firmicutes|c__Bacilli|o__Lactobacillales|f__Lactobacillaceae|g__Lactiplantibacillus|s__Lactobacillus_plantarum	0.00000000	0.00000000	0.00000000	0.00003117	0.00000000	0.00001614	0.00000000	0.00004200
k__Bacteria|p__Firmicutes|c__Bacilli|o__Lactobacillales|f__Lactobacillaceae|g__Lactobacillus|s__Lactobacillus_delbrueckii	0.00000000	0.00000000	0.00000000	0.00003117	0.00001468	0.00003229	0.00008832	0.00000000
k__Bacteria|p__Firmicutes|c__Bacilli|o__Lactobacillales|f__Lactobacillaceae|g__Lactobacillus|s__Lactobacillus_iners	0.00000000	0.00000000	0.00000000	0.00000000	0.00000000	0.00000000	0.00000000	0.00002100
k__Bacteria|p__Firmicutes|c__Bacilli|o__Lactobacillales|f__Lactobacillaceae|g__Lactobacillus|s__Lactobacillus_johnsonii	0.00000000	0.00000000	0.00000000	0.00000000	0.00001468	0.00000000	0.00287910	0.00018902
k__Bacteria|p__Firmicutes|c__Bacilli|o__Lactobacillales|f__Lactobacillaceae|g__Lactobacillus|s__Lactobacillus_kefiranofaciens	0.00000000	0.00000000	0.00000000	0.00000000	0.00000000	0.00000000	0.00003533	0.00006301
k__Bacteria|p__Firmicutes|c__Bacilli|o__Lactobacillales|f__Lactobacillaceae|g__Lactobacillus|s__Lactobacillus_rodentium	0.00000000	0.00000000	0.00000000	0.00000000	0.00000000	0.00000000	0.00000000	0.00000000
k__Bacteria|p__Firmicutes|c__Bacilli|o__Lactobacillales|f__Lactobacillaceae|g__Leuconostoc|s__Leuconostoc_lactis	0.00003585	0.00000000	0.00000000	0.00001558	0.00002935	0.00000000	0.00000000	0.00000000
k__Bacteria|p__Firmicutes|c__Bacilli|o__Lactobacillales|f__Lactobacillaceae|g__Levilactobacillus|s__Lactobacillus_brevis	0.00000000	0.00000000	0.00000000	0.00001558	0.00000000	0.00000000	0.00000000	0.00000000
k__Bacteria|p__Firmicutes|c__Bacilli|o__Lactobacillales|f__Lactobacillaceae|g__Ligilactobacillus|s__Lactobacillus_agilis	0.00000000	0.00000000	0.00000000	0.00003117	0.00000000	0.00004843	0.00000000	0.00000000
k__Bacteria|p__Firmicutes|c__Bacilli|o__Lactobacillales|f__Lactobacillaceae|g__Ligilactobacillus|s__Lactobacillus_murinus	0.00005377	0.00000000	0.00003021	0.00000000	0.00000000	0.00001614	0.00420383	0.00048304
k__Bacteria|p__Firmicutes|c__Bacilli|o__Lactobacillales|f__Lactobacillaceae|g__Ligilactobacillus|s__Lactobacillus_ruminis	0.00007170	0.00003492	0.00003021	0.00012467	0.00002935	0.00004843	0.00001766	0.00000000
k__Bacteria|p__Firmicutes|c__Bacilli|o__Lactobacillales|f__Lactobacillaceae|g__Ligilactobacillus|s__Lactobacillus_salivarius	0.00000000	0.00000000	0.00000000	0.00001558	0.00000000	0.00004843	0.00000000	0.00357030
k__Bacteria|p__Firmicutes|c__Bacilli|o__Lactobacillales|f__Lactobacillaceae|g__Limosilactobacillus|s__Lactobacillus_fermentum	0.00000000	0.00000000	0.00000000	0.00000000	0.00000000	0.00001614	0.00003533	0.00000000
k__Bacteria|p__Firmicutes|c__Bacilli|o__Lactobacillales|f__Lactobacillaceae|g__Limosilactobacillus|s__Lactobacillus_ingluviei	0.00000000	0.00000000	0.00000000	0.00000000	0.00000000	0.00000000	0.00000000	0.00000000
k__Bacteria|p__Firmicutes|c__Bacilli|o__Lactobacillales|f__Lactobacillaceae|g__Limosilactobacillus|s__Lactobacillus_mucosae	0.00000000	0.00000000	0.00000000	0.00000000	0.00000000	0.00001614	0.00000000	0.00000000
k__Bacteria|p__Firmicutes|c__Bacilli|o__Lactobacillales|f__Lactobacillaceae|g__Limosilactobacillus|s__Lactobacillus_reuteri	0.00000000	0.00000000	0.00000000	0.00000000	0.00002935	0.00000000	0.00093615	0.00021002
k__Bacteria|p__Firmicutes|c__Bacilli|o__Lactobacillales|f__Lactobacillaceae|g__Liquorilactobacillus|s__Lactobacillus_nagelii	0.00000000	0.00000000	0.00000000	0.00001558	0.00000000	0.00000000	0.00000000	0.00000000
k__Bacteria|p__Firmicutes|c__Bacilli|o__Lactobacillales|f__Lactobacillaceae|g__Weissella|s__Weissella_cibaria	0.00012547	0.00005237	0.00006043	0.00017142	0.00004403	0.00006458	0.00001766	0.00096608
k__Bacteria|p__Firmicutes|c__Bacilli|o__Lactobacillales|f__Streptococcaceae|g__Lactococcus|s__Lactococcus_lactis	0.00000000	0.00000000	0.00003021	0.00015584	0.00000000	0.00000000	0.00001766	0.00012601
k__Bacteria|p__Firmicutes|c__Bacilli|o__Lactobacillales|f__Streptococcaceae|g__Streptococcus|s__Streptococcus_anginosus	0.00008962	0.00003492	0.00000000	0.00000000	0.00001468	0.00000000	0.00000000	0.00002100
k__Bacteria|p__Firmicutes|c__Bacilli|o__Lactobacillales|f__Streptococcaceae|g__Streptococcus|s__Streptococcus_dysgalactiae	0.00000000	0.00000000	0.00000000	0.00000000	0.00001468	0.00001614	0.00000000	0.00000000
k__Bacteria|p__Firmicutes|c__Bacilli|o__Lactobacillales|f__Streptococcaceae|g__Streptococcus|s__Streptococcus_ferus	0.00000000	0.00000000	0.00009064	0.00000000	0.00000000	0.00001614	0.00000000	0.00000000
k__Bacteria|p__Firmicutes|c__Bacilli|o__Lactobacillales|f__Streptococcaceae|g__Streptococcus|s__Streptococcus_hyointestinalis	0.00001792	0.00000000	0.00000000	0.00000000	0.00002935	0.00000000	0.00000000	0.00000000
k__Bacteria|p__Firmicutes|c__Bacilli|o__Lactobacillales|f__Streptococcaceae|g__Streptococcus|s__Streptococcus_mutans	0.00000000	0.00000000	0.00000000	0.00000000	0.00000000	0.00000000	0.00000000	0.00000000
k__Bacteria|p__Firmicutes|c__Bacilli|o__Lactobacillales|f__Streptococcaceae|g__Streptococcus|s__Streptococcus_respiraculi	0.00000000	0.00000000	0.00000000	0.00000000	0.00007338	0.00000000	0.00001766	0.00002100
k__Bacteria|p__Firmicutes|c__Bacilli|o__Lactobacillales|f__Streptococcaceae|g__Streptococcus|s__Streptococcus_sobrinus	0.00000000	0.00000000	0.00000000	0.00000000	0.00000000	0.00000000	0.00000000	0.00000000
k__Bacteria|p__Firmicutes|c__Bacilli|o__Lactobacillales|f__Streptococcaceae|g__Streptococcus|s__Streptococcus_sp_FF10	0.00003585	0.00000000	0.00006043	0.00007792	0.00014676	0.00009687	0.00008832	0.00004200
k__Bacteria|p__Firmicutes|c__Bacilli|o__Lactobacillales|f__Vagococcaceae|g__Vagococcus|s__Vagococcus_fluvialis	0.00000000	0.00000000	0.00000000	0.00000000	0.00000000	0.00000000	0.00001766	0.00002100
k__Bacteria|p__Firmicutes|c__Bacilli|o__Mycoplasmatales|f__Mycoplasmataceae|g__Mycoplasma|s__Metamycoplasma_hyosynoviae	0.00000000	0.00000000	0.00000000	0.00000000	0.00000000	0.00000000	0.00000000	0.00000000
k__Bacteria|p__Firmicutes|c__Bacilli|o__Paenibacillales|f__Paenibacillaceae|g__Paenibacillus|s__Paenibacillus_hunanensis	0.00000000	0.00000000	0.00000000	0.00000000	0.00000000	0.00000000	0.00000000	0.00004200
k__Bacteria|p__Firmicutes|c__Bacilli|o__Paenibacillales|f__Paenibacillaceae|g__Paenibacillus|s__Paenibacillus_sp_YIM_110206	0.00000000	0.00000000	0.00000000	0.00000000	0.00000000	0.00000000	0.00000000	0.00000000
k__Bacteria|p__Firmicutes|c__Bacilli|o__Staphylococcales|f__Staphylococcaceae|g__Macrococcus|s__Macrococcus_caseolyticus	0.00000000	0.00000000	0.00000000	0.00000000	0.00000000	0.00000000	0.00000000	0.00000000
k__Bacteria|p__Firmicutes|c__Bacilli|o__Staphylococcales|f__Staphylococcaceae|g__Staphylococcus|s__Staphylococcus_aureus	0.00001792	0.00000000	0.00000000	0.00000000	0.00000000	0.00000000	0.00003533	0.01005986
k__Bacteria|p__Firmicutes|c__Bacilli|o__Staphylococcales|f__Staphylococcaceae|g__Staphylococcus|s__Staphylococcus_lentus	0.00000000	0.00000000	0.00000000	0.00000000	0.00000000	0.00000000	0.00000000	0.00000000
k__Bacteria|p__Firmicutes|c__Clostridia|o__Christensenellales|f__Christensenellaceae|g__Christensenellaceae_R_7_group|s__Clostridium_sp_enrichment_culture_clone_VanCtr93	0.00000000	0.00000000	0.00000000	0.00000000	0.00000000	0.00000000	0.00000000	0.00000000
k__Bacteria|p__Firmicutes|c__Clostridia|o__Christensenellales|f__Christensenellaceae|g__Christensenellaceae_R_7_group|s__bacterium_enrichment_culture_clone_DPF35	0.00107548	0.00057611	0.00184301	0.00190123	0.00498995	0.00124316	0.00061821	0.00023102
k__Bacteria|p__Firmicutes|c__Clostridia|o__Christensenellales|f__Christensenellaceae|g__Christensenellaceae_R_7_group|s__iron_reducing_bacterium_enrichment_culture_clone_HN70	0.00005377	0.00005237	0.00009064	0.00028051	0.00086590	0.00017759	0.00003533	0.00002100
k__Bacteria|p__Firmicutes|c__Clostridia|o__Clostridia_UCG_014|f__unidentified_Clostridia_UCG_014|g__unidentified_Clostridia_UCG_014|s__Clostridiales_bacterium_oral_taxon_075	0.00000000	0.00000000	0.00000000	0.00000000	0.00000000	0.00000000	0.00000000	0.00000000
k__Bacteria|p__Firmicutes|c__Clostridia|o__Clostridia_vadinBB60_group|f__unidentified_Clostridia_vadinBB60_group|g__unidentified_Clostridia_vadinBB60_group|s__Clostridiales_bacterium_enrichment_culture_clone_06_1235251_76	0.00000000	0.00000000	0.00000000	0.00000000	0.00000000	0.00000000	0.00000000	0.00004200
k__Bacteria|p__Firmicutes|c__Clostridia|o__Clostridia_vadinBB60_group|f__unidentified_Clostridia_vadinBB60_group|g__unidentified_Clostridia_vadinBB60_group|s__Clostridiales_bacterium_feline_oral_taxon_148	0.00000000	0.00000000	0.00000000	0.00000000	0.00000000	0.00000000	0.00000000	0.00000000
k__Bacteria|p__Firmicutes|c__Clostridia|o__Clostridia_vadinBB60_group|f__unidentified_Clostridia_vadinBB60_group|g__unidentified_Clostridia_vadinBB60_group|s__Firmicutes_bacterium_ADurb.Bin080	0.00000000	0.00000000	0.00000000	0.00000000	0.00000000	0.00001614	0.00000000	0.00000000
k__Bacteria|p__Firmicutes|c__Clostridia|o__Clostridiales|f__Clostridiaceae|g__Clostridium_sensu_stricto_11|s__Clostridium_sp_LAM_GX_0C10	0.00000000	0.00000000	0.00000000	0.00003117	0.00000000	0.00000000	0.00000000	0.00000000
k__Bacteria|p__Firmicutes|c__Clostridia|o__Clostridiales|f__Clostridiaceae|g__Clostridium_sensu_stricto_12|s__Clostridium_magnum	0.00000000	0.00000000	0.00000000	0.00000000	0.00000000	0.00000000	0.00000000	0.00000000
k__Bacteria|p__Firmicutes|c__Clostridia|o__Clostridiales|f__Clostridiaceae|g__Clostridium_sensu_stricto_13|s__Clostridium_tunisiense	0.00000000	0.00001746	0.00000000	0.00000000	0.00000000	0.00001614	0.00000000	0.00000000
k__Bacteria|p__Firmicutes|c__Clostridia|o__Clostridiales|f__Clostridiaceae|g__Clostridium_sensu_stricto_1|s__Clostridium_beijerinckii	0.00010755	0.00012220	0.00000000	0.00090386	0.00093928	0.00066194	0.00008832	0.00021002
k__Bacteria|p__Firmicutes|c__Clostridia|o__Clostridiales|f__Clostridiaceae|g__Clostridium_sensu_stricto_1|s__Clostridium_perfringens	0.00000000	0.00000000	0.00000000	0.00007792	0.00007338	0.00004843	0.00001766	0.00000000
k__Bacteria|p__Firmicutes|c__Clostridia|o__Clostridiales|f__Clostridiaceae|g__Clostridium_sensu_stricto_1|s__Clostridium_sp_ND2	0.00001792	0.00010475	0.00000000	0.00001558	0.00000000	0.00000000	0.00000000	0.00000000
k__Bacteria|p__Firmicutes|c__Clostridia|o__Clostridiales|f__Clostridiaceae|g__Clostridium_sensu_stricto_1|s__Clostridium_sp_TW13	0.00000000	0.00000000	0.00000000	0.00000000	0.00000000	0.00000000	0.00000000	0.00000000
k__Bacteria|p__Firmicutes|c__Clostridia|o__Clostridiales|f__Clostridiaceae|g__Clostridium_sensu_stricto_3|s__Clostridiaceae_bacterium	0.00000000	0.00003492	0.00000000	0.00001558	0.00000000	0.00000000	0.00000000	0.00000000
k__Bacteria|p__Firmicutes|c__Clostridia|o__Clostridiales|f__Clostridiaceae|g__Clostridium_sensu_stricto_6|s__Clostridium_bornimense	0.00000000	0.00000000	0.00000000	0.00000000	0.00000000	0.00000000	0.00000000	0.00000000
k__Bacteria|p__Firmicutes|c__Clostridia|o__Clostridiales|f__Clostridiaceae|g__Hathewaya|s__Hathewaya_proteolytica	0.00000000	0.00000000	0.00000000	0.00001558	0.00000000	0.00000000	0.00000000	0.00000000
k__Bacteria|p__Firmicutes|c__Clostridia|o__Eubacteriales|f__Anaerofustaceae|g__Anaerofustis|s__Anaerofustis_stercorihominis	0.00000000	0.00000000	0.00000000	0.00000000	0.00000000	0.00000000	0.00000000	0.00012601
k__Bacteria|p__Firmicutes|c__Clostridia|o__Lachnospirales|f__Defluviitaleaceae|g__Defluviitaleaceae_UCG_011|s__Lachnospiraceae_bacterium_oral_taxon_500	0.00000000	0.00000000	0.00000000	0.00000000	0.00000000	0.00000000	0.00000000	0.00000000
k__Bacteria|p__Firmicutes|c__Clostridia|o__Lachnospirales|f__Lachnospiraceae|g__Blautia|s__Blautia_obeum	0.00019717	0.00003492	0.00003021	0.00003117	0.00067511	0.00012916	0.00005299	0.00021002
k__Bacteria|p__Firmicutes|c__Clostridia|o__Lachnospirales|f__Lachnospiraceae|g__Blautia|s__Blautia_sp_YL58	0.00000000	0.00000000	0.00000000	0.00000000	0.00010273	0.00000000	0.00000000	0.00027302
k__Bacteria|p__Firmicutes|c__Clostridia|o__Lachnospirales|f__Lachnospiraceae|g__Blautia|s__Lachnospiraceae_bacterium_28_4	0.00000000	0.00000000	0.00018128	0.00000000	0.00008806	0.00001614	0.00300274	0.00014701
k__Bacteria|p__Firmicutes|c__Clostridia|o__Lachnospirales|f__Lachnospiraceae|g__Blautia|s__Lachnospiraceae_bacterium_615	0.00000000	0.00000000	0.00000000	0.00000000	0.00000000	0.00000000	0.00003533	0.00000000
k__Bacteria|p__Firmicutes|c__Clostridia|o__Lachnospirales|f__Lachnospiraceae|g__Blautia|s__Lachnospiraceae_bacterium_DW59	0.00000000	0.00000000	0.00000000	0.00000000	0.00000000	0.00000000	0.00003533	0.00000000
k__Bacteria|p__Firmicutes|c__Clostridia|o__Lachnospirales|f__Lachnospiraceae|g__Catonella|s__Catonella_sp_oral_clone_FL037	0.00000000	0.00000000	0.00000000	0.00000000	0.00000000	0.00000000	0.00000000	0.00000000
k__Bacteria|p__Firmicutes|c__Clostridia|o__Lachnospirales|f__Lachnospiraceae|g__Lachnoclostridium|s___Clostridium__fimetarium	0.00007170	0.00010475	0.00000000	0.00015584	0.00019079	0.00003229	0.00000000	0.00000000
k__Bacteria|p__Firmicutes|c__Clostridia|o__Lachnospirales|f__Lachnospiraceae|g__Lachnospiraceae_ND3007_group|s__bacterium_V9D2002	0.00000000	0.00000000	0.00000000	0.00000000	0.00000000	0.00003229	0.00000000	0.00000000
k__Bacteria|p__Firmicutes|c__Clostridia|o__Lachnospirales|f__Lachnospiraceae|g__Lachnospiraceae_NK4A136_group|s__Clostridiales_bacterium_CIEAF_020	0.00000000	0.00000000	0.00003021	0.00000000	0.00000000	0.00000000	0.00067120	0.00000000
k__Bacteria|p__Firmicutes|c__Clostridia|o__Lachnospirales|f__Lachnospiraceae|g__Lachnospiraceae_NK4A136_group|s__Lachnospiraceae_bacterium_COE1	0.00000000	0.00000000	0.00003021	0.00000000	0.00000000	0.00000000	0.00091848	0.00000000
k__Bacteria|p__Firmicutes|c__Clostridia|o__Lachnospirales|f__Lachnospiraceae|g__Lachnospiraceae_NK4A136_group|s__Trichinella_pseudospiralis	0.00000000	0.00000000	0.00003021	0.00003117	0.00000000	0.00000000	0.00014131	0.00000000
k__Bacteria|p__Firmicutes|c__Clostridia|o__Lachnospirales|f__Lachnospiraceae|g__Lachnospiraceae_NK4A136_group|s__bacterium_XPB1013	0.00000000	0.00000000	0.00006043	0.00004675	0.00000000	0.00000000	0.00000000	0.00000000
k__Bacteria|p__Firmicutes|c__Clostridia|o__Lachnospirales|f__Lachnospiraceae|g__Oribacterium|s__Lachnospiraceae_oral_clone_MCE9_31	0.00000000	0.00000000	0.00000000	0.00000000	0.00000000	0.00000000	0.00000000	0.00000000
k__Bacteria|p__Firmicutes|c__Clostridia|o__Lachnospirales|f__Lachnospiraceae|g___Ruminococcus__torques_group|s__Ruminococcus_lactaris	0.00000000	0.00000000	0.00000000	0.00000000	0.00000000	0.00000000	0.00000000	0.00000000
k__Bacteria|p__Firmicutes|c__Clostridia|o__Oscillospirales|f__Butyricicoccaceae|g__Butyricicoccus|s__Butyricicoccus_pullicaecorum	0.00000000	0.00000000	0.00000000	0.00000000	0.00000000	0.00000000	0.00000000	0.00014701
k__Bacteria|p__Firmicutes|c__Clostridia|o__Oscillospirales|f__Hungateiclostridiaceae|g__Fastidiosipila|s__Clostridiales_bacterium_KA00274	0.00000000	0.00000000	0.00000000	0.00000000	0.00000000	0.00000000	0.00000000	0.00000000
k__Bacteria|p__Firmicutes|c__Clostridia|o__Oscillospirales|f__Oscillospiraceae|g__Oscillibacter|s__Oscillibacter_sp_PEA192	0.00003585	0.00000000	0.00000000	0.00001558	0.00002935	0.00000000	0.00000000	0.00018902
k__Bacteria|p__Firmicutes|c__Clostridia|o__Oscillospirales|f__Ruminococcaceae|g__Candidatus_Soleaferrea|s__Ruminococcaceae_bacterium_GD6	0.00000000	0.00000000	0.00000000	0.00000000	0.00002935	0.00000000	0.00031794	0.00000000
k__Bacteria|p__Firmicutes|c__Clostridia|o__Oscillospirales|f__Ruminococcaceae|g__Faecalibacterium|s__Faecalibacterium_prausnitzii	0.00073491	0.00061102	0.00054384	0.00196356	0.00469642	0.00385864	0.00024728	0.00071406
k__Bacteria|p__Firmicutes|c__Clostridia|o__Oscillospirales|f__Ruminococcaceae|g__Ruminococcus|s__Clostridiaceae_bacterium_DJF_VR76	0.00001792	0.00000000	0.00006043	0.00000000	0.00005871	0.00000000	0.00000000	0.00000000
k__Bacteria|p__Firmicutes|c__Clostridia|o__Oscillospirales|f__Ruminococcaceae|g__Ruminococcus|s__Ruminococcus_bicirculans	0.00007170	0.00000000	0.00003021	0.00003117	0.00010273	0.00004843	0.00000000	0.00002100
k__Bacteria|p__Firmicutes|c__Clostridia|o__Oscillospirales|f__Ruminococcaceae|g__Ruminococcus|s__Ruminococcus_callidus	0.00001792	0.00000000	0.00006043	0.00004675	0.00014676	0.00001614	0.00000000	0.00000000
k__Bacteria|p__Firmicutes|c__Clostridia|o__Oscillospirales|f__Ruminococcaceae|g__Ruminococcus|s__Ruminococcus_flavefaciens	0.00000000	0.00000000	0.00075533	0.00000000	0.00002935	0.00000000	0.00017663	0.00000000
k__Bacteria|p__Firmicutes|c__Clostridia|o__Oscillospirales|f__Ruminococcaceae|g__Ruminococcus|s__Ruminococcus_sp	0.00007170	0.00000000	0.00018128	0.00000000	0.00001468	0.00000000	0.00008832	0.00002100
k__Bacteria|p__Firmicutes|c__Clostridia|o__Oscillospirales|f__Ruminococcaceae|g__Ruminococcus|s__Ruminococcus_sp_N15.MGS_57	0.00003585	0.00003492	0.00012085	0.00006234	0.00016144	0.00011301	0.00005299	0.00033603
k__Bacteria|p__Firmicutes|c__Clostridia|o__Oscillospirales|f__Ruminococcaceae|g__Ruminococcus|s__Ruminococcus_sp_NK3A76	0.00000000	0.00000000	0.00000000	0.00000000	0.00001468	0.00000000	0.00000000	0.00000000
k__Bacteria|p__Firmicutes|c__Clostridia|o__Oscillospirales|f__Ruminococcaceae|g__Ruminococcus|s__bacterium_V9D2012	0.00000000	0.00000000	0.00000000	0.00000000	0.00000000	0.00000000	0.00000000	0.00000000
k__Bacteria|p__Firmicutes|c__Clostridia|o__Oscillospirales|f__Ruminococcaceae|g__Ruminococcus|s__bacterium_ic1277	0.00000000	0.00000000	0.00000000	0.00000000	0.00000000	0.00000000	0.00000000	0.00006301
k__Bacteria|p__Firmicutes|c__Clostridia|o__Peptostreptococcales_Tissierellales|f__Anaerovoracaceae|g__Anaerovorax|s__Anaerovorax_sp_enrichment_culture_clone_D2CL_Bac_16S_Clone4	0.00102171	0.00123950	0.00081576	0.00049868	0.00253900	0.00019374	0.00005299	0.00006301
k__Bacteria|p__Firmicutes|c__Clostridia|o__Peptostreptococcales_Tissierellales|f__Anaerovoracaceae|g__Anaerovorax|s__Firmicutes_bacterium_LC_13R	0.00003585	0.00012220	0.00006043	0.00018701	0.00066043	0.00011301	0.00000000	0.00002100
k__Bacteria|p__Firmicutes|c__Clostridia|o__Peptostreptococcales_Tissierellales|f__Anaerovoracaceae|g__Anaerovorax|s__bacterium_enrichment_culture_clone_DPF01	0.00184624	0.00153629	0.00078555	0.00199473	0.01273904	0.00153377	0.00123642	0.00039903
k__Bacteria|p__Firmicutes|c__Clostridia|o__Peptostreptococcales_Tissierellales|f__Anaerovoracaceae|g__Family_XIII_AD3011_group|s__bacterium_LD2013	0.00000000	0.00000000	0.00027192	0.00000000	0.00001468	0.00000000	0.00000000	0.00000000
k__Bacteria|p__Firmicutes|c__Clostridia|o__Peptostreptococcales_Tissierellales|f__Anaerovoracaceae|g__Mogibacterium|s__Mogibacterium_pumilum	0.00000000	0.00000000	0.00000000	0.00000000	0.00000000	0.00000000	0.00000000	0.00000000
k__Bacteria|p__Firmicutes|c__Clostridia|o__Peptostreptococcales_Tissierellales|f__Anaerovoracaceae|g___Eubacterium__nodatum_group|s__Aminicella_lysinilytica	0.00000000	0.00000000	0.00000000	0.00000000	0.00000000	0.00000000	0.00000000	0.00000000
k__Bacteria|p__Firmicutes|c__Clostridia|o__Peptostreptococcales_Tissierellales|f__Anaerovoracaceae|g___Eubacterium__nodatum_group|s___Eubacterium__nodatum	0.00000000	0.00000000	0.00000000	0.00000000	0.00000000	0.00000000	0.00000000	0.00000000
k__Bacteria|p__Firmicutes|c__Clostridia|o__Peptostreptococcales_Tissierellales|f__Family_XI|g__Anaerococcus|s__Anaerococcus_prevotii	0.00000000	0.00000000	0.00000000	0.00000000	0.00000000	0.00000000	0.00000000	0.00000000
k__Bacteria|p__Firmicutes|c__Clostridia|o__Peptostreptococcales_Tissierellales|f__Family_XI|g__Gallicola|s__Peptostreptococcaceae_bacterium_SK031	0.00000000	0.00000000	0.00000000	0.00000000	0.00000000	0.00000000	0.00000000	0.00000000
k__Bacteria|p__Firmicutes|c__Clostridia|o__Peptostreptococcales_Tissierellales|f__Family_XI|g__Parvimonas|s__Parvimonas_micra	0.00000000	0.00000000	0.00000000	0.00000000	0.00000000	0.00000000	0.00000000	0.00006301
k__Bacteria|p__Firmicutes|c__Clostridia|o__Peptostreptococcales_Tissierellales|f__Family_XI|g__Parvimonas|s__Peptostreptococcaceae_bacterium_feline_oral_taxon_028	0.00000000	0.00000000	0.00000000	0.00000000	0.00000000	0.00000000	0.00000000	0.00000000
k__Bacteria|p__Firmicutes|c__Clostridia|o__Peptostreptococcales_Tissierellales|f__Fusibacteraceae|g__Fusibacter|s__Fusibacter_paucivorans	0.00007170	0.00000000	0.00003021	0.00000000	0.00000000	0.00000000	0.00000000	0.00000000
k__Bacteria|p__Firmicutes|c__Clostridia|o__Peptostreptococcales_Tissierellales|f__Peptostreptococcaceae|g__Peptoclostridium|s__Clostridia_bacterium_enrichment_culture_clone_D2CL_Bac_16S_Clone18	0.00000000	0.00000000	0.00012085	0.00000000	0.00000000	0.00004843	0.00000000	0.00000000
k__Bacteria|p__Firmicutes|c__Clostridia|o__Peptostreptococcales_Tissierellales|f__Peptostreptococcaceae|g__Proteocatella|s__Frigovirgula_sp_canine_oral_taxon_032	0.00000000	0.00001746	0.00000000	0.00000000	0.00023482	0.00001614	0.00000000	0.00006301
k__Bacteria|p__Firmicutes|c__Clostridia|o__Peptostreptococcales_Tissierellales|f__Peptostreptococcaceae|g__Romboutsia|s__Romboutsia_ilealis	0.00003585	0.00006983	0.00024171	0.00007792	0.00017612	0.00008072	0.00482204	0.00136512
k__Bacteria|p__Firmicutes|c__Clostridia|o__Peptostreptococcales_Tissierellales|f__Thermotaleaceae|g__Geosporobacter|s__Geosporobacter_ferrireducens	0.00003585	0.00000000	0.00000000	0.00000000	0.00000000	0.00000000	0.00000000	0.00000000
k__Bacteria|p__Firmicutes|c__Clostridia|o__Peptostreptococcales_Tissierellales|f__unidentified_Peptostreptococcales_Tissierellales|g__JTB215|s__bacterium_str._77003	0.00000000	0.00000000	0.00000000	0.00001558	0.00001468	0.00000000	0.00001766	0.00004200
k__Bacteria|p__Firmicutes|c__Clostridia|o__Proteinivoracales|f__unidentified_Proteinivoracales|g__Anaerobranca|s__Anaerobranca_horikoshii	0.00010755	0.00000000	0.00000000	0.00000000	0.00000000	0.00000000	0.00000000	0.00000000
k__Bacteria|p__Firmicutes|c__Desulfitobacteriia|o__Desulfitobacteriales|f__unidentified_Desulfitobacteriales|g__TC1|s__endosymbiont__TC1__of_Trimyema_compressum	0.00000000	0.00000000	0.00000000	0.00000000	0.00000000	0.00000000	0.00000000	0.00000000
k__Bacteria|p__Firmicutes|c__Dethiobacteria|o__Dethiobacterales|f__Dethiobacteraceae|g__Dethiobacter|s__Candidatus_Syntropholuna_alkaliphila	0.00000000	0.00000000	0.00000000	0.00000000	0.00000000	0.00000000	0.00000000	0.00000000
k__Bacteria|p__Firmicutes|c__Negativicutes|o__Acidaminococcales|f__Acidaminococcaceae|g__Phascolarctobacterium|s__Phascolarctobacterium_faecium	0.00000000	0.00000000	0.00000000	0.00001558	0.00036691	0.00001614	0.00483971	0.00033603
k__Bacteria|p__Firmicutes|c__Negativicutes|o__Veillonellales_Selenomonadales|f__Selenomonadaceae|g__Propionispira|s__Propionispira_arcuata	0.00000000	0.00000000	0.00000000	0.00017142	0.00004403	0.00001614	0.00001766	0.00000000
k__Bacteria|p__Firmicutes|c__Negativicutes|o__Veillonellales_Selenomonadales|f__Selenomonadaceae|g__Selenomonas|s__Selenomonas_lacticifex	0.00008962	0.00012220	0.00018128	0.00174539	0.00076317	0.00079110	0.00015897	0.00008401
k__Bacteria|p__Firmicutes|c__Negativicutes|o__Veillonellales_Selenomonadales|f__Selenomonadaceae|g__Selenomonas|s__Selenomonas_ruminantium	0.00000000	0.00000000	0.00009064	0.00000000	0.00000000	0.00000000	0.00000000	0.00000000
k__Bacteria|p__Firmicutes|c__Negativicutes|o__Veillonellales_Selenomonadales|f__Selenomonadaceae|g__Selenomonas|s__Selenomonas_sp_oral_taxon_136	0.00000000	0.00000000	0.00000000	0.00000000	0.00000000	0.00000000	0.00000000	0.00000000
k__Bacteria|p__Firmicutes|c__Negativicutes|o__Veillonellales_Selenomonadales|f__Sporomusaceae|g__Anaeromusa_Anaeroarcus|s__Sporomusaceae_bacterium	0.00000000	0.00000000	0.00000000	0.00000000	0.00007338	0.00000000	0.00000000	0.00000000
k__Bacteria|p__Firmicutes|c__Negativicutes|o__Veillonellales_Selenomonadales|f__Veillonellaceae|g__Anaeroglobus|s__Anaeroglobus_geminatus	0.00000000	0.00000000	0.00000000	0.00000000	0.00000000	0.00000000	0.00000000	0.00000000
k__Bacteria|p__Firmicutes|c__Negativicutes|o__Veillonellales_Selenomonadales|f__Veillonellaceae|g__Dialister|s__Dialister_pneumosintes	0.00000000	0.00000000	0.00000000	0.00000000	0.00000000	0.00000000	0.00000000	0.00000000
k__Bacteria|p__Firmicutes|c__Negativicutes|o__Veillonellales_Selenomonadales|f__Veillonellaceae|g__Dialister|s__Dialister_sp_Marseille_P5638	0.00008962	0.00003492	0.00000000	0.00009350	0.00002935	0.00012916	0.00000000	0.00006301
k__Bacteria|p__Firmicutes|c__Negativicutes|o__Veillonellales_Selenomonadales|f__Veillonellaceae|g__Megasphaera|s__Megasphaera_cerevisiae	0.00000000	0.00000000	0.00000000	0.00001558	0.00000000	0.00000000	0.00000000	0.00000000
k__Bacteria|p__Firmicutes|c__Negativicutes|o__Veillonellales_Selenomonadales|f__Veillonellaceae|g__Megasphaera|s__Megasphaera_elsdenii	0.00014340	0.00024441	0.00030213	0.00132463	0.00419743	0.00240559	0.00035326	0.00021002
k__Bacteria|p__Firmicutes|c__Negativicutes|o__Veillonellales_Selenomonadales|f__Veillonellaceae|g__Megasphaera|s__Megasphaera_micronuciformis	0.00000000	0.00000000	0.00000000	0.00000000	0.00000000	0.00000000	0.00000000	0.00000000
k__Bacteria|p__Firmicutes|c__Negativicutes|o__Veillonellales_Selenomonadales|f__Veillonellaceae|g__Megasphaera|s__Megasphaera_paucivorans	0.00000000	0.00000000	0.00000000	0.00006234	0.00004403	0.00001614	0.00000000	0.00000000
k__Bacteria|p__Firmicutes|c__Negativicutes|o__Veillonellales_Selenomonadales|f__Veillonellaceae|g__Megasphaera|s__Megasphaera_sp_20C	0.00000000	0.00000000	0.00000000	0.00000000	0.00000000	0.00003229	0.00000000	0.00000000
k__Bacteria|p__Firmicutes|c__Negativicutes|o__Veillonellales_Selenomonadales|f__Veillonellaceae|g__Veillonella|s__Veillonella_atypica	0.00000000	0.00000000	0.00000000	0.00001558	0.00004403	0.00004843	0.00000000	0.00000000
k__Bacteria|p__Firmicutes|c__Negativicutes|o__Veillonellales_Selenomonadales|f__Veillonellaceae|g__Veillonella|s__Veillonella_magna	0.00001792	0.00000000	0.00000000	0.00000000	0.00001468	0.00000000	0.00000000	0.00000000
k__Bacteria|p__Firmicutes|c__Negativicutes|o__Veillonellales_Selenomonadales|f__Veillonellaceae|g__Veillonella|s__Veillonella_parvula	0.00005377	0.00000000	0.00006043	0.00010909	0.00005871	0.00011301	0.00001766	0.00004200
k__Bacteria|p__Firmicutes|c__Thermacetogenia|o__Thermacetogeniales|f__Thermacetogeniaceae|g__Syntrophaceticus|s__Syntrophaceticus_schinkii	0.00000000	0.00001746	0.00003021	0.00000000	0.00002935	0.00000000	0.00000000	0.00000000
k__Bacteria|p__Firmicutes|c__unidentified_Firmicutes|o__Oscillospirales|f__Ruminococcaceae|g__unidentified_Ruminococcaceae|s__Acutalibacter_muris	0.00000000	0.00000000	0.00003021	0.00000000	0.00000000	0.00000000	0.00000000	0.00002100
k__Bacteria|p__Firmicutes|c__unidentified_Firmicutes|o__Oscillospirales|f__Ruminococcaceae|g__unidentified_Ruminococcaceae|s___Clostridium__leptum	0.00000000	0.00000000	0.00000000	0.00000000	0.00000000	0.00000000	0.00000000	0.00000000
k__Bacteria|p__Fusobacteriota|c__Fusobacteriia|o__Fusobacteriales|f__Fusobacteriaceae|g__Fusobacterium|s__Fusobacterium_nucleatum	0.00000000	0.00000000	0.00000000	0.00000000	0.00000000	0.00000000	0.00000000	0.00000000
k__Bacteria|p__Fusobacteriota|c__Fusobacteriia|o__Fusobacteriales|f__Leptotrichiaceae|g__Leptotrichia|s__Leptotrichia_hofstadii	0.00000000	0.00000000	0.00000000	0.00006234	0.00000000	0.00000000	0.00000000	0.00000000
k__Bacteria|p__Fusobacteriota|c__Fusobacteriia|o__Fusobacteriales|f__Leptotrichiaceae|g__Leptotrichia|s__Leptotrichia_sp_oral_clone_EI022	0.00000000	0.00000000	0.00000000	0.00000000	0.00000000	0.00000000	0.00000000	0.00000000
k__Bacteria|p__Fusobacteriota|c__Fusobacteriia|o__Fusobacteriales|f__Leptotrichiaceae|g__Leptotrichia|s__Leptotrichia_sp_oral_clone_FP036	0.00000000	0.00000000	0.00000000	0.00000000	0.00000000	0.00000000	0.00000000	0.00000000
k__Bacteria|p__Fusobacteriota|c__Fusobacteriia|o__Fusobacteriales|f__Leptotrichiaceae|g__Leptotrichia|s__Leptotrichia_sp_oral_taxon_498	0.00000000	0.00000000	0.00000000	0.00000000	0.00000000	0.00000000	0.00000000	0.00000000
k__Bacteria|p__Fusobacteriota|c__Fusobacteriia|o__Fusobacteriales|f__Leptotrichiaceae|g__Leptotrichia|s__Leptotrichia_sp_oral_taxon_847	0.00000000	0.00000000	0.00000000	0.00000000	0.00000000	0.00000000	0.00000000	0.00000000
k__Bacteria|p__Fusobacteriota|c__Fusobacteriia|o__Fusobacteriales|f__Leptotrichiaceae|g__Leptotrichia|s__Leptotrichia_wadei	0.00000000	0.00000000	0.00000000	0.00000000	0.00000000	0.00000000	0.00000000	0.00000000
k__Bacteria|p__Gracilibacteria|c__Candidatus_Peribacteria|o__unidentified_Candidatus_Peribacteria|f__unidentified_Candidatus_Peribacteria|g__unidentified_Candidatus_Peribacteria|s__Candidatus_Peribacter_riflensis	0.00003585	0.00000000	0.00000000	0.00000000	0.00000000	0.00000000	0.00000000	0.00000000
k__Bacteria|p__Gracilibacteria|c__unidentified_Gracilibacteria|o__JGI_0000069_P22|f__unidentified_JGI_0000069_P22|g__unidentified_JGI_0000069_P22|s__Candidatus_Gracilibacteria_bacterium_HOT_871	0.00000000	0.00000000	0.00000000	0.00000000	0.00000000	0.00000000	0.00000000	0.00000000
k__Bacteria|p__Gracilibacteria|c__unidentified_Gracilibacteria|o__unidentified_Gracilibacteria|f__unidentified_Gracilibacteria|g__unidentified_Gracilibacteria|s__Gracilibacteria_bacterium_canine_oral_taxon_291	0.00000000	0.00000000	0.00000000	0.00000000	0.00000000	0.00000000	0.00000000	0.00000000
k__Bacteria|p__Gracilibacteria|c__unidentified_Gracilibacteria|o__unidentified_Gracilibacteria|f__unidentified_Gracilibacteria|g__unidentified_Gracilibacteria|s__Gracilibacteria_bacterium_oral_taxon_873	0.00000000	0.00000000	0.00000000	0.00000000	0.00000000	0.00000000	0.00000000	0.00000000
k__Bacteria|p__Hydrogenedentes|c__Hydrogenedentia|o__Hydrogenedentiales|f__Hydrogenedensaceae|g__unidentified_Hydrogenedensaceae|s__Candidatus_Hydrogenedentes_bacterium_ADurb.Bin101	0.00000000	0.00000000	0.00000000	0.00000000	0.00000000	0.00000000	0.00000000	0.00000000
k__Bacteria|p__Kapabacteria|c__unidentified_Kapabacteria|o__Kapabacteriales|f__unidentified_Kapabacteriales|g__unidentified_Kapabacteriales|s__Candidatus_Kapabacteria_sp_59_99	0.00000000	0.00000000	0.00000000	0.00000000	0.00000000	0.00000000	0.00000000	0.00000000
k__Bacteria|p__Kapabacteria|c__unidentified_Kapabacteria|o__Kapabacteriales|f__unidentified_Kapabacteriales|g__unidentified_Kapabacteriales|s__Chlorobi_bacterium_canine_oral_taxon_312	0.00000000	0.00000000	0.00000000	0.00000000	0.00002935	0.00000000	0.00000000	0.00000000
k__Bacteria|p__Kapabacteria|c__unidentified_Kapabacteria|o__Kapabacteriales|f__unidentified_Kapabacteriales|g__unidentified_Kapabacteriales|s__Ignavibacteria_bacterium_GWB2_35_12	0.00000000	0.00000000	0.00000000	0.00000000	0.00000000	0.00000000	0.00000000	0.00000000
k__Bacteria|p__Kapabacteria|c__unidentified_Kapabacteria|o__Kapabacteriales|f__unidentified_Kapabacteriales|g__unidentified_Kapabacteriales|s__bacterium_enrichment_culture_clone_M624	0.00000000	0.00000000	0.00000000	0.00000000	0.00000000	0.00000000	0.00000000	0.00000000
k__Bacteria|p__Kryptonia|c__unidentified_Kryptonia|o__Kryptoniales|f__BSV26|g__unidentified_BSV26|s__Ignavibacteria_bacterium_RIFCSPLOWO2_12_FULL_56_21	0.00000000	0.00000000	0.00000000	0.00006234	0.00000000	0.00004843	0.00000000	0.00000000
k__Bacteria|p__Kryptonia|c__unidentified_Kryptonia|o__Kryptoniales|f__BSV26|g__unidentified_BSV26|s__denitrifying_bacterium_enrichment_culture_clone_NOA_1_E9	0.00000000	0.00000000	0.00000000	0.00000000	0.00000000	0.00000000	0.00000000	0.00000000
k__Bacteria|p__Kryptonia|c__unidentified_Kryptonia|o__Kryptoniales|f__BSV26|g__unidentified_BSV26|s__denitrifying_bacterium_enrichment_culture_clone_NOB_2_H7	0.00000000	0.00000000	0.00000000	0.00000000	0.00000000	0.00000000	0.00000000	0.00000000
k__Bacteria|p__LCP_89|c__unidentified_LCP_89|o__unidentified_LCP_89|f__unidentified_LCP_89|g__unidentified_LCP_89|s__saltmarsh_clone_LCP_89	0.00000000	0.00000000	0.00000000	0.00000000	0.00000000	0.00000000	0.00000000	0.00000000
k__Bacteria|p__Latescibacterota|c__unidentified_Latescibacterota|o__unidentified_Latescibacterota|f__unidentified_Latescibacterota|g__unidentified_Latescibacterota|s__Latescibacteria_bacterium_DG_63	0.00000000	0.00000000	0.00000000	0.00001558	0.00000000	0.00000000	0.00000000	0.00000000
k__Bacteria|p__MBNT15|c__unidentified_MBNT15|o__unidentified_MBNT15|f__unidentified_MBNT15|g__unidentified_MBNT15|s__Actinobacteria_bacterium_RBG_13_63_9	0.00000000	0.00000000	0.00000000	0.00003117	0.00000000	0.00001614	0.00000000	0.00000000
k__Bacteria|p__MBNT15|c__unidentified_MBNT15|o__unidentified_MBNT15|f__unidentified_MBNT15|g__unidentified_MBNT15|s__Deltaproteobacteria_bacterium_CSP1_8	0.00000000	0.00000000	0.00000000	0.00004675	0.00000000	0.00000000	0.00000000	0.00000000
k__Bacteria|p__MBNT15|c__unidentified_MBNT15|o__unidentified_MBNT15|f__unidentified_MBNT15|g__unidentified_MBNT15|s__Deltaproteobacteria_bacterium_RBG_13_61_14	0.00000000	0.00000000	0.00000000	0.00000000	0.00000000	0.00000000	0.00000000	0.00000000
k__Bacteria|p__Methylomirabilota|c__Methylomirabilia|o__Methylomirabilales|f__Methylomirabilaceae|g__Sh765B_TzT_35|s__candidate_division_NC10_bacterium_RIFCSPLOWO2_02_FULL_66_22	0.00000000	0.00000000	0.00000000	0.00000000	0.00000000	0.00000000	0.00000000	0.00000000
k__Bacteria|p__Methylomirabilota|c__Methylomirabilia|o__Rokubacteriales|f__unidentified_Rokubacteriales|g__unidentified_Rokubacteriales|s__Candidatus_Rokubacteria_bacterium_CSP1_6	0.00000000	0.00000000	0.00000000	0.00000000	0.00000000	0.00000000	0.00000000	0.00000000
k__Bacteria|p__Modulibacteria|c__Moduliflexia|o__Moduliflexales|f__Moduliflexaceae|g__Candidatus_Moduliflexus|s__bacterium_UASB14	0.00000000	0.00000000	0.00000000	0.00003117	0.00000000	0.00001614	0.00001766	0.00000000
k__Bacteria|p__Myxococcota|c__Myxococcia|o__Myxococcales|f__Myxococcaceae|g__Archangium|s__Archangium_gephyra	0.00000000	0.00000000	0.00000000	0.00000000	0.00000000	0.00000000	0.00000000	0.00000000
k__Bacteria|p__Myxococcota|c__Polyangia|o__Blfdi19|f__unidentified_Blfdi19|g__unidentified_Blfdi19|s__Anaeromyxobacter_dehalogenans	0.00000000	0.00000000	0.00000000	0.00000000	0.00000000	0.00000000	0.00000000	0.00000000
k__Bacteria|p__Myxococcota|c__Polyangia|o__Nannocystales|f__Nannocystaceae|g__Nannocystis|s__Nannocystis_pusilla	0.00000000	0.00000000	0.00000000	0.00001558	0.00000000	0.00000000	0.00000000	0.00004200
k__Bacteria|p__Myxococcota|c__Polyangia|o__Polyangiales|f__Polyangiaceae|g__Labilithrix|s__Racemicystis_crocea	0.00000000	0.00000000	0.00000000	0.00000000	0.00000000	0.00000000	0.00000000	0.00000000
k__Bacteria|p__Myxococcota|c__Polyangia|o__mle1_27|f__unidentified_mle1_27|g__unidentified_mle1_27|s__Myxococcales_bacterium_Gsoil_473	0.00000000	0.00000000	0.00000000	0.00000000	0.00000000	0.00003229	0.00000000	0.00000000
k__Bacteria|p__Nitrospirota|c__Leptospirillia|o__Leptospirillales|f__Leptospirillaceae|g__Leptospirillum|s__Nitrospirae_bacterium_RIFCSPHIGHO2_01_FULL_66_17	0.00000000	0.00000000	0.00000000	0.00000000	0.00000000	0.00000000	0.00000000	0.00000000
k__Bacteria|p__Nitrospirota|c__Nitrospira|o__Nitrospirales|f__Nitrospiraceae|g__unidentified_Nitrospiraceae|s__Nitrospirae_bacterium_RIFCSPLOWO2_01_FULL_62_17	0.00000000	0.00000000	0.00000000	0.00000000	0.00000000	0.00000000	0.00000000	0.00000000
k__Bacteria|p__Planctomycetes|c__unidentified_Planctomycetes|o__Pirellulales|f__Pirellulaceae|g__Pirellula|s__Pirellula_sp_SH_Sr6A	0.00000000	0.00000000	0.00000000	0.00000000	0.00000000	0.00000000	0.00000000	0.00000000
k__Bacteria|p__Planctomycetota|c__OM190|o__unidentified_OM190|f__unidentified_OM190|g__unidentified_OM190|s__planctomycete_A_2	0.00001792	0.00000000	0.00000000	0.00000000	0.00000000	0.00000000	0.00000000	0.00000000
k__Bacteria|p__Proteobacteria|c__Alphaproteobacteria|o__Acetobacterales|f__Acetobacteraceae|g__Acetobacter|s__Acetobacter_pasteurianus	0.00000000	0.00000000	0.00000000	0.00024934	0.00002935	0.00008072	0.00000000	0.00002100
k__Bacteria|p__Proteobacteria|c__Alphaproteobacteria|o__Acetobacterales|f__Acetobacteraceae|g__Commensalibacter|s__Commensalibacter_sp_AMU001	0.00000000	0.00000000	0.00000000	0.00000000	0.00000000	0.00000000	0.00000000	0.00000000
k__Bacteria|p__Proteobacteria|c__Alphaproteobacteria|o__Acetobacterales|f__Acetobacteraceae|g__Craurococcus_Caldovatus|s__Craurococcus_roseus	0.00000000	0.00000000	0.00000000	0.00000000	0.00000000	0.00000000	0.00000000	0.00000000
k__Bacteria|p__Proteobacteria|c__Alphaproteobacteria|o__Acetobacterales|f__Acetobacteraceae|g__Crenalkalicoccus|s__Crenalkalicoccus_roseus	0.00000000	0.00000000	0.00000000	0.00000000	0.00000000	0.00000000	0.00000000	0.00000000
k__Bacteria|p__Proteobacteria|c__Alphaproteobacteria|o__Acetobacterales|f__Acetobacteraceae|g__Gluconobacter|s__Gluconobacter_frateurii	0.00000000	0.00000000	0.00000000	0.00012467	0.00000000	0.00001614	0.00000000	0.00000000
k__Bacteria|p__Proteobacteria|c__Alphaproteobacteria|o__Acetobacterales|f__Acetobacteraceae|g__Rhodovarius|s__Rhodovarius_sp_CCP_6	0.00000000	0.00000000	0.00003021	0.00000000	0.00000000	0.00000000	0.00000000	0.00000000
k__Bacteria|p__Proteobacteria|c__Alphaproteobacteria|o__Acetobacterales|f__Acetobacteraceae|g__Roseomonas|s__Roseomonas_cervicalis	0.00003585	0.00000000	0.00000000	0.00001558	0.00002935	0.00000000	0.00000000	0.00004200
k__Bacteria|p__Proteobacteria|c__Alphaproteobacteria|o__Acetobacterales|f__Acetobacteraceae|g__Roseomonas|s__Roseomonas_frigidaquae	0.00003585	0.00000000	0.00000000	0.00000000	0.00000000	0.00000000	0.00000000	0.00000000
k__Bacteria|p__Proteobacteria|c__Alphaproteobacteria|o__Acetobacterales|f__Acetobacteraceae|g__Roseomonas|s__Roseomonas_terricola	0.00007170	0.00000000	0.00000000	0.00000000	0.00000000	0.00016145	0.00000000	0.00000000
k__Bacteria|p__Proteobacteria|c__Alphaproteobacteria|o__Caulobacterales|f__Caulobacteraceae|g__Asticcacaulis|s__Asticcacaulis_excentricus	0.00000000	0.00001746	0.00000000	0.00000000	0.00000000	0.00000000	0.00008832	0.00071406
k__Bacteria|p__Proteobacteria|c__Alphaproteobacteria|o__Caulobacterales|f__Caulobacteraceae|g__Brevundimonas|s__Brevundimonas_diminuta	0.00000000	0.00000000	0.00048341	0.00012467	0.00008806	0.00004843	0.00014131	0.00029402
k__Bacteria|p__Proteobacteria|c__Alphaproteobacteria|o__Caulobacterales|f__Caulobacteraceae|g__Brevundimonas|s__Brevundimonas_vesicularis	0.00001792	0.00020949	0.00069491	0.00003117	0.00007338	0.00008072	0.00022962	0.00092408
k__Bacteria|p__Proteobacteria|c__Alphaproteobacteria|o__Ferrovibrionales|f__Ferrovibrionaceae|g__Ferrovibrio|s__Ferrovibrio_denitrificans	0.00000000	0.00000000	0.00000000	0.00000000	0.00000000	0.00000000	0.00001766	0.00000000
k__Bacteria|p__Proteobacteria|c__Alphaproteobacteria|o__Paracaedibacterales|f__Paracaedibacteraceae|g__Candidatus_Captivus|s__Candidatus_Captivus_acidiprotistae	0.00005377	0.00000000	0.00000000	0.00000000	0.00000000	0.00000000	0.00000000	0.00000000
k__Bacteria|p__Proteobacteria|c__Alphaproteobacteria|o__Paracaedibacterales|f__Paracaedibacteraceae|g__Candidatus_Paracaedibacter|s__endosymbiont_of_Acanthamoeba_sp_KA_E9	0.00000000	0.00000000	0.00000000	0.00000000	0.00000000	0.00000000	0.00000000	0.00000000
k__Bacteria|p__Proteobacteria|c__Alphaproteobacteria|o__Rhizobiales|f__Beijerinckiaceae|g__Methylobacterium_Methylorubrum|s__Methylobacterium_brachiatum	0.00001792	0.00001746	0.00006043	0.00020259	0.00002935	0.00009687	0.00000000	0.00002100
k__Bacteria|p__Proteobacteria|c__Alphaproteobacteria|o__Rhizobiales|f__Devosiaceae|g__Devosia|s__Devosia_riboflavina	0.00000000	0.00000000	0.00021149	0.00000000	0.00002935	0.00001614	0.00000000	0.00014701
k__Bacteria|p__Proteobacteria|c__Alphaproteobacteria|o__Rhizobiales|f__Pleomorphomonadaceae|g__Prosthecomicrobium|s__Prosthecomicrobium_hirschii	0.00000000	0.00000000	0.00000000	0.00000000	0.00000000	0.00001614	0.00000000	0.00000000
k__Bacteria|p__Proteobacteria|c__Alphaproteobacteria|o__Rhizobiales|f__Rhizobiaceae|g__Pseudochrobactrum|s__Pseudochrobactrum_saccharolyticum	0.00003585	0.00000000	0.00009064	0.00006234	0.00001468	0.00003229	0.00010598	0.00033603
k__Bacteria|p__Proteobacteria|c__Alphaproteobacteria|o__Rhizobiales|f__Stappiaceae|g__Pannonibacter|s__Pannonibacter_phragmitetus	0.00001792	0.00005237	0.00024171	0.00004675	0.00014676	0.00001614	0.00051223	0.00294025
k__Bacteria|p__Proteobacteria|c__Alphaproteobacteria|o__Rhizobiales|f__Xanthobacteraceae|g__Bradyrhizobium|s__Bradyrhizobium_elkanii	0.00000000	0.00000000	0.00172216	0.00001558	0.00000000	0.00000000	0.00000000	0.00006301
k__Bacteria|p__Proteobacteria|c__Alphaproteobacteria|o__Rhizobiales|f__Xanthobacteraceae|g__Rhodopseudomonas|s__Rhodopseudomonas_palustris	0.00001792	0.00000000	0.00009064	0.00001558	0.00002935	0.00000000	0.00000000	0.00000000
k__Bacteria|p__Proteobacteria|c__Alphaproteobacteria|o__Rhizobiales|f__unidentified_Rhizobiales|g__Nordella|s__bacterium_enrichment_culture_clone_Anammox_34	0.00000000	0.00000000	0.00000000	0.00000000	0.00000000	0.00000000	0.00000000	0.00000000
k__Bacteria|p__Proteobacteria|c__Alphaproteobacteria|o__Rhodobacterales|f__Rhodobacteraceae|g__Cereibacter|s__Cereibacter_changlensis	0.00014340	0.00038407	0.00096683	0.00015584	0.00005871	0.00025832	0.00104213	0.00184816
k__Bacteria|p__Proteobacteria|c__Alphaproteobacteria|o__Rhodobacterales|f__Rhodobacteraceae|g__Rhodobacter|s__Rhodobacter_blasticus	0.00005377	0.00019204	0.00057405	0.00003117	0.00008806	0.00011301	0.00028261	0.00033603
k__Bacteria|p__Proteobacteria|c__Alphaproteobacteria|o__Rhodobacterales|f__Rhodobacteraceae|g__Rhodobacter|s__Rhodobacter_sp_LPB0142	0.00017925	0.00048882	0.00024171	0.00138696	0.00020547	0.00061351	0.00332067	0.00380132
k__Bacteria|p__Proteobacteria|c__Alphaproteobacteria|o__Rhodospirillales|f__Rhodospirillaceae|g__Haematospirillum|s__Haematospirillum_jordaniae	0.00016132	0.00005237	0.00000000	0.00000000	0.00000000	0.00000000	0.00000000	0.00000000
k__Bacteria|p__Proteobacteria|c__Alphaproteobacteria|o__Rhodospirillales|f__Rhodospirillaceae|g__Novispirillum|s__Novispirillum_itersonii	0.00001792	0.00005237	0.00000000	0.00012467	0.00004403	0.00024217	0.00026495	0.00012601
k__Bacteria|p__Proteobacteria|c__Alphaproteobacteria|o__Rhodospirillales|f__Rhodospirillaceae|g__Pararhodospirillum|s__Pararhodospirillum_photometricum	0.00010755	0.00000000	0.00000000	0.00000000	0.00000000	0.00003229	0.00000000	0.00000000
k__Bacteria|p__Proteobacteria|c__Alphaproteobacteria|o__Rickettsiales|f__Fokiniaceae|g__Candidatus_Anadelfobacter|s__Candidatus_Anadelfobacter_veles	0.00000000	0.00000000	0.00000000	0.00000000	0.00000000	0.00000000	0.00000000	0.00000000
k__Bacteria|p__Proteobacteria|c__Alphaproteobacteria|o__Sphingomonadales|f__Sphingomonadaceae|g__Novosphingobium|s__Novosphingobium_sp_THN1	0.00000000	0.00000000	0.00006043	0.00000000	0.00000000	0.00000000	0.00000000	0.00000000
k__Bacteria|p__Proteobacteria|c__Alphaproteobacteria|o__Tistrellales|f__Tistrellaceae|g__Tistrella|s__Rhodobium_sp_2	0.00000000	0.00000000	0.00000000	0.00006234	0.00000000	0.00000000	0.00000000	0.00000000
k__Bacteria|p__Proteobacteria|c__Alphaproteobacteria|o__Zavarziniales|f__Zavarziniaceae|g__Zavarzinia|s__Zavarzinia_compransoris	0.00000000	0.00000000	0.00000000	0.00000000	0.00004403	0.00000000	0.00001766	0.00000000
k__Bacteria|p__Proteobacteria|c__Gammaproteobacteria|o__Beggiatoales|f__Beggiatoaceae|g__Beggiatoa|s__Beggiatoa_sp_AA5A	0.00000000	0.00000000	0.00000000	0.00001558	0.00000000	0.00000000	0.00005299	0.00000000
k__Bacteria|p__Proteobacteria|c__Gammaproteobacteria|o__Burkholderiales|f__Alcaligenaceae|g__Alcaligenes|s__Alcaligenes_faecalis	0.00000000	0.00000000	0.00000000	0.00003117	0.00000000	0.00000000	0.00007065	0.00000000
k__Bacteria|p__Proteobacteria|c__Gammaproteobacteria|o__Burkholderiales|f__Aquaspirillaceae|g__Aquaspirillum|s__Aquaspirillum_putridiconchylium	0.00000000	0.00000000	0.00000000	0.00000000	0.00000000	0.00000000	0.00003533	0.00012601
k__Bacteria|p__Proteobacteria|c__Gammaproteobacteria|o__Burkholderiales|f__Aquaspirillaceae|g__Aquaspirillum|s__Aquaspirillum_serpens	0.00028679	0.00048882	0.00075533	0.00208824	0.00026417	0.00456901	0.00448644	0.00123911
k__Bacteria|p__Proteobacteria|c__Gammaproteobacteria|o__Burkholderiales|f__Aquaspirillaceae|g__Laribacter|s__Laribacter_hongkongensis	0.00026887	0.00029678	0.00006043	0.00023376	0.00000000	0.00077496	0.00003533	0.00008401
k__Bacteria|p__Proteobacteria|c__Gammaproteobacteria|o__Burkholderiales|f__Aquaspirillaceae|g__Microvirgula|s__Microvirgula_aerodenitrificans	0.00000000	0.00000000	0.00000000	0.00003117	0.00000000	0.00000000	0.00000000	0.00008401
k__Bacteria|p__Proteobacteria|c__Gammaproteobacteria|o__Burkholderiales|f__Burkholderiaceae|g__Burkholderia_Caballeronia_Paraburkholderia|s__Burkholderia_cenocepacia	0.00003585	0.00000000	0.00000000	0.00024934	0.00000000	0.00000000	0.00001766	0.00000000
k__Bacteria|p__Proteobacteria|c__Gammaproteobacteria|o__Burkholderiales|f__Burkholderiaceae|g__Burkholderia_Caballeronia_Paraburkholderia|s__Paraburkholderia_fungorum	0.00000000	0.00000000	0.00012085	0.00000000	0.00000000	0.00000000	0.00000000	0.00000000
k__Bacteria|p__Proteobacteria|c__Gammaproteobacteria|o__Burkholderiales|f__Burkholderiaceae|g__Cupriavidus|s__Cupriavidus_pauculus	0.00000000	0.00000000	0.00000000	0.00000000	0.00000000	0.00003229	0.00005299	0.00054605
k__Bacteria|p__Proteobacteria|c__Gammaproteobacteria|o__Burkholderiales|f__Burkholderiaceae|g__Limnobacter|s__Limnobacter_litoralis	0.00000000	0.00000000	0.00000000	0.00000000	0.00001468	0.00000000	0.00000000	0.00000000
k__Bacteria|p__Proteobacteria|c__Gammaproteobacteria|o__Burkholderiales|f__Burkholderiaceae|g__Ralstonia|s__Ralstonia_pickettii	0.00037642	0.00986365	0.00003021	0.00007792	0.00000000	0.00000000	0.00446878	0.07489237
k__Bacteria|p__Proteobacteria|c__Gammaproteobacteria|o__Burkholderiales|f__Chitinibacteraceae|g__Chitinilyticum|s__Chitinilyticum_aquatile	0.00000000	0.00000000	0.00000000	0.00000000	0.00001468	0.00000000	0.00000000	0.00000000
k__Bacteria|p__Proteobacteria|c__Gammaproteobacteria|o__Burkholderiales|f__Chitinibacteraceae|g__Formivibrio|s__Formivibrio_citricus	0.00001792	0.00000000	0.00000000	0.00009350	0.00002935	0.00004843	0.00005299	0.00004200
k__Bacteria|p__Proteobacteria|c__Gammaproteobacteria|o__Burkholderiales|f__Chitinimonadaceae|g__Chitinimonas|s__Chitinimonas_taiwanensis	0.00000000	0.00000000	0.00000000	0.00000000	0.00001468	0.00003229	0.00008832	0.00008401
k__Bacteria|p__Proteobacteria|c__Gammaproteobacteria|o__Burkholderiales|f__Chromobacteriaceae|g__Aquitalea|s__Aquitalea_magnusonii	0.00000000	0.00000000	0.00003021	0.00000000	0.00000000	0.00001614	0.00001766	0.00031503
k__Bacteria|p__Proteobacteria|c__Gammaproteobacteria|o__Burkholderiales|f__Chromobacteriaceae|g__Vogesella|s__Vogesella_amnigena	0.00008962	0.00000000	0.00000000	0.00001558	0.00001468	0.00011301	0.00010598	0.00000000
k__Bacteria|p__Proteobacteria|c__Gammaproteobacteria|o__Burkholderiales|f__Chromobacteriaceae|g__Vogesella|s__Vogesella_fluminis	0.00000000	0.00000000	0.00003021	0.00000000	0.00000000	0.00000000	0.00003533	0.00010501
k__Bacteria|p__Proteobacteria|c__Gammaproteobacteria|o__Burkholderiales|f__Comamonadaceae|g__Comamonas|s__Comamonas_denitrificans	0.00007170	0.00006983	0.00033235	0.00073244	0.00036691	0.00080725	0.00026495	0.00016801
k__Bacteria|p__Proteobacteria|c__Gammaproteobacteria|o__Burkholderiales|f__Comamonadaceae|g__Comamonas|s__Comamonas_koreensis	0.00000000	0.00000000	0.00009064	0.00001558	0.00002935	0.00003229	0.00003533	0.00027302
k__Bacteria|p__Proteobacteria|c__Gammaproteobacteria|o__Burkholderiales|f__Comamonadaceae|g__Comamonas|s__Ottowia_sp_oral_taxon_894	0.00000000	0.00000000	0.00000000	0.00000000	0.00000000	0.00000000	0.00000000	0.00000000
k__Bacteria|p__Proteobacteria|c__Gammaproteobacteria|o__Burkholderiales|f__Comamonadaceae|g__Curvibacter|s__Curvibacter_gracilis	0.00001792	0.00000000	0.00006043	0.00006234	0.00000000	0.00009687	0.00010598	0.00048304
k__Bacteria|p__Proteobacteria|c__Gammaproteobacteria|o__Burkholderiales|f__Comamonadaceae|g__Hylemonella|s__Hylemonella_gracilis	0.00000000	0.00000000	0.00000000	0.00000000	0.00000000	0.00000000	0.00003533	0.00006301
k__Bacteria|p__Proteobacteria|c__Gammaproteobacteria|o__Burkholderiales|f__Comamonadaceae|g__Sphaerotilus|s__Sphaerotilus_natans	0.00001792	0.00001746	0.00006043	0.00035843	0.00008806	0.00048435	0.00001766	0.00016801
k__Bacteria|p__Proteobacteria|c__Gammaproteobacteria|o__Burkholderiales|f__Comamonadaceae|g__Thiomonas|s__Thiomonas_intermedia	0.00003585	0.00003492	0.00018128	0.00038960	0.00077784	0.00022603	0.00031794	0.00063005
k__Bacteria|p__Proteobacteria|c__Gammaproteobacteria|o__Burkholderiales|f__Comamonadaceae|g__Variovorax|s__Variovorax_paradoxus	0.00000000	0.00001746	0.00051363	0.00000000	0.00001468	0.00006458	0.00001766	0.00016801
k__Bacteria|p__Proteobacteria|c__Gammaproteobacteria|o__Burkholderiales|f__Hydrogenophilaceae|g__Spirillum|s__Spirillum_winogradskyi	0.00001792	0.00001746	0.00000000	0.00003117	0.00002935	0.00019374	0.00000000	0.00000000
k__Bacteria|p__Proteobacteria|c__Gammaproteobacteria|o__Burkholderiales|f__Neisseriaceae|g__Eikenella|s__Eikenella_corrodens	0.00000000	0.00000000	0.00000000	0.00000000	0.00000000	0.00000000	0.00000000	0.00000000
k__Bacteria|p__Proteobacteria|c__Gammaproteobacteria|o__Burkholderiales|f__Neisseriaceae|g__Neisseria|s__Neisseria_bacilliformis	0.00000000	0.00000000	0.00000000	0.00000000	0.00000000	0.00000000	0.00000000	0.00000000
k__Bacteria|p__Proteobacteria|c__Gammaproteobacteria|o__Burkholderiales|f__Neisseriaceae|g__Neisseria|s__Neisseria_elongata	0.00000000	0.00000000	0.00000000	0.00000000	0.00000000	0.00000000	0.00000000	0.00000000
k__Bacteria|p__Proteobacteria|c__Gammaproteobacteria|o__Burkholderiales|f__Neisseriaceae|g__Neisseria|s__Neisseria_mucosa	0.00001792	0.00000000	0.00000000	0.00000000	0.00000000	0.00000000	0.00000000	0.00004200
k__Bacteria|p__Proteobacteria|c__Gammaproteobacteria|o__Burkholderiales|f__Nitrosomonadaceae|g__Nitrosomonas|s__Nitrosomonas_communis	0.00000000	0.00000000	0.00000000	0.00000000	0.00000000	0.00000000	0.00000000	0.00000000
k__Bacteria|p__Proteobacteria|c__Gammaproteobacteria|o__Burkholderiales|f__Nitrosomonadaceae|g__Nitrosomonas|s__Nitrosomonas_europaea	0.00000000	0.00000000	0.00000000	0.00000000	0.00000000	0.00000000	0.00000000	0.00000000
k__Bacteria|p__Proteobacteria|c__Gammaproteobacteria|o__Burkholderiales|f__Nitrosomonadaceae|g__Nitrosomonas|s__Nitrosomonas_sp_PY1	0.00000000	0.00000000	0.00000000	0.00000000	0.00000000	0.00000000	0.00000000	0.00000000
k__Bacteria|p__Proteobacteria|c__Gammaproteobacteria|o__Burkholderiales|f__Oxalobacteraceae|g__Herbaspirillum|s__Herbaspirillum_huttiense	0.00000000	0.00000000	0.00012085	0.00004675	0.00007338	0.00008072	0.00003533	0.00046204
k__Bacteria|p__Proteobacteria|c__Gammaproteobacteria|o__Burkholderiales|f__Oxalobacteraceae|g__Massilia|s__Rugamonas_rubra	0.00000000	0.00000000	0.00000000	0.00000000	0.00000000	0.00000000	0.00000000	0.00000000
k__Bacteria|p__Proteobacteria|c__Gammaproteobacteria|o__Burkholderiales|f__Oxalobacteraceae|g__Oxalicibacterium|s__Oxalicibacterium_faecigallinarum	0.00000000	0.00000000	0.00000000	0.00000000	0.00000000	0.00000000	0.00000000	0.00002100
k__Bacteria|p__Proteobacteria|c__Gammaproteobacteria|o__Burkholderiales|f__Rhodocyclaceae|g__Dechloromonas|s__Dechloromonas_sp_An3_5	0.00025095	0.00106493	0.00009064	0.00009350	0.00002935	0.00008072	0.00001766	0.00018902
k__Bacteria|p__Proteobacteria|c__Gammaproteobacteria|o__Burkholderiales|f__Rhodocyclaceae|g__Niveibacterium|s__beta_proteobacterium_IMCC1729	0.00001792	0.00006983	0.00000000	0.00004675	0.00000000	0.00000000	0.00031794	0.00000000
k__Bacteria|p__Proteobacteria|c__Gammaproteobacteria|o__Burkholderiales|f__Rhodocyclaceae|g__Propionivibrio|s__Propionibacter_sp_oral_clone_HE018	0.00000000	0.00000000	0.00000000	0.00000000	0.00000000	0.00000000	0.00000000	0.00000000
k__Bacteria|p__Proteobacteria|c__Gammaproteobacteria|o__Burkholderiales|f__Rhodocyclaceae|g__Thauera|s__bacterium_WHC2_6	0.00005377	0.00068085	0.00000000	0.00540760	0.00159972	0.00574759	0.00077718	0.00018902
k__Bacteria|p__Proteobacteria|c__Gammaproteobacteria|o__Burkholderiales|f__Rhodocyclaceae|g__Zoogloea|s__Zoogloea_oryzae	0.00000000	0.00000000	0.00000000	0.00035843	0.00007338	0.00020988	0.00007065	0.00004200
k__Bacteria|p__Proteobacteria|c__Gammaproteobacteria|o__Burkholderiales|f__Sutterellaceae|g__Parasutterella|s__Burkholderiales_bacterium_YL45	0.00000000	0.00000000	0.00000000	0.00000000	0.00001468	0.00000000	0.00005299	0.00002100
k__Bacteria|p__Proteobacteria|c__Gammaproteobacteria|o__Burkholderiales|f__Sutterellaceae|g__Sutterella|s__Sutterella_sp_YIT_12072	0.00000000	0.00000000	0.00000000	0.00004675	0.00000000	0.00012916	0.00000000	0.00004200
k__Bacteria|p__Proteobacteria|c__Gammaproteobacteria|o__Burkholderiales|f__Sutterellaceae|g__Sutterella|s__Sutterella_wadsworthensis	0.00007170	0.00000000	0.00000000	0.00003117	0.00001468	0.00009687	0.00000000	0.00000000
k__Bacteria|p__Proteobacteria|c__Gammaproteobacteria|o__Burkholderiales|f__Sutterellaceae|g__Sutterella|s__Sutterellaceae_bacterium_Marseille_P2968	0.00001792	0.00000000	0.00000000	0.00000000	0.00000000	0.00012916	0.00000000	0.00000000
k__Bacteria|p__Proteobacteria|c__Gammaproteobacteria|o__Cardiobacteriales|f__Cardiobacteriaceae|g__Cardiobacterium|s__Cardiobacterium_valvarum	0.00000000	0.00000000	0.00000000	0.00000000	0.00000000	0.00000000	0.00000000	0.00000000
k__Bacteria|p__Proteobacteria|c__Gammaproteobacteria|o__Cardiobacteriales|f__Wohlfahrtiimonadaceae|g__Ignatzschineria|s__Ignatzschineria_indica	0.00000000	0.00000000	0.00000000	0.00028051	0.00000000	0.00001614	0.00000000	0.00002100
k__Bacteria|p__Proteobacteria|c__Gammaproteobacteria|o__Cardiobacteriales|f__Wohlfahrtiimonadaceae|g__Wohlfahrtiimonas|s__Wohlfahrtiimonas_chitiniclastica	0.00005377	0.00000000	0.00000000	0.00018701	0.00000000	0.00001614	0.00003533	0.00002100
k__Bacteria|p__Proteobacteria|c__Gammaproteobacteria|o__Chromatiales|f__Chromatiaceae|g__Allochromatium|s__Allochromatium_warmingii	0.00143397	0.00000000	0.00003021	0.00000000	0.00000000	0.00000000	0.00000000	0.00000000
k__Bacteria|p__Proteobacteria|c__Gammaproteobacteria|o__Chromatiales|f__Chromatiaceae|g__Thiobaca|s__Thiobaca_trueperi	0.00005377	0.00001746	0.00009064	0.00000000	0.00000000	0.00000000	0.00000000	0.00000000
k__Bacteria|p__Proteobacteria|c__Gammaproteobacteria|o__Chromatiales|f__Chromatiaceae|g__Thiolamprovum|s__Thiolamprovum_pedioforme	0.00017925	0.00000000	0.00000000	0.00003117	0.00001468	0.00000000	0.00001766	0.00000000
k__Bacteria|p__Proteobacteria|c__Gammaproteobacteria|o__Coxiellales|f__Coxiellaceae|g__Coxiella|s__Gammaproteobacteria_bacterium_RBG_16_37_9	0.00000000	0.00001746	0.00000000	0.00004675	0.00000000	0.00000000	0.00000000	0.00000000
k__Bacteria|p__Proteobacteria|c__Gammaproteobacteria|o__Ectothiorhodospirales|f__Thioalkalispiraceae|g__Thioalkalispira_Sulfurivermis|s__Sulfurivermis_fontis	0.00000000	0.00000000	0.00000000	0.00000000	0.00000000	0.00000000	0.00000000	0.00000000
k__Bacteria|p__Proteobacteria|c__Gammaproteobacteria|o__Enterobacterales|f__Aeromonadaceae|g__Aeromonas|s__Aeromonas_caviae	0.00288587	0.00103001	0.00084597	0.01489816	0.00074849	0.00821776	0.00411552	0.01392418
k__Bacteria|p__Proteobacteria|c__Gammaproteobacteria|o__Enterobacterales|f__Aeromonadaceae|g__Aeromonas|s__Aeromonas_sp_THG_FG1.2	0.00008962	0.00005237	0.00000000	0.00017142	0.00004403	0.00011301	0.00052989	0.00392733
k__Bacteria|p__Proteobacteria|c__Gammaproteobacteria|o__Enterobacterales|f__Aeromonadaceae|g__Aeromonas|s__Pseudaeromonas_sharmana	0.00034057	0.00006983	0.00012085	0.00352195	0.00002935	0.00033904	0.00061821	0.00054605
k__Bacteria|p__Proteobacteria|c__Gammaproteobacteria|o__Enterobacterales|f__Alteromonadaceae|g__Rheinheimera|s__Pararheinheimera_chironomi	0.00007170	0.00000000	0.00006043	0.00000000	0.00002935	0.00000000	0.00037093	0.00090308
k__Bacteria|p__Proteobacteria|c__Gammaproteobacteria|o__Enterobacterales|f__Enterobacteriaceae|g__Cronobacter|s__Cronobacter_malonaticus	0.00001792	0.00001746	0.00000000	0.00020259	0.00000000	0.00009687	0.00000000	0.00008401
k__Bacteria|p__Proteobacteria|c__Gammaproteobacteria|o__Enterobacterales|f__Enterobacteriaceae|g__Enterobacter|s__Klebsiella_quasipneumoniae	0.02776533	0.00525480	0.00571031	0.01016067	0.00171713	0.00330971	0.01640908	0.01325213
k__Bacteria|p__Proteobacteria|c__Gammaproteobacteria|o__Enterobacterales|f__Enterobacteriaceae|g__Escherichia_Shigella|s__Escherichia_coli	0.00082454	0.00165849	0.00063448	0.00626471	0.00284720	0.00537626	0.00210192	0.00879975
k__Bacteria|p__Proteobacteria|c__Gammaproteobacteria|o__Enterobacterales|f__Enterobacteriaceae|g__Kosakonia|s__Kosakonia_radicincitans	0.00010755	0.00003492	0.00000000	0.00007792	0.00001468	0.00000000	0.00001766	0.00006301
k__Bacteria|p__Proteobacteria|c__Gammaproteobacteria|o__Enterobacterales|f__Enterobacteriaceae|g__Plesiomonas|s__Plesiomonas_shigelloides	0.00000000	0.00003492	0.00000000	0.00006234	0.00000000	0.00000000	0.00000000	0.00000000
k__Bacteria|p__Proteobacteria|c__Gammaproteobacteria|o__Enterobacterales|f__Morganellaceae|g__Morganella|s__Morganella_morganii	0.00003585	0.00001746	0.00000000	0.00007792	0.00000000	0.00001614	0.00003533	0.01780951
k__Bacteria|p__Proteobacteria|c__Gammaproteobacteria|o__Enterobacterales|f__Morganellaceae|g__Proteus|s__Proteus_vulgaris	0.00001792	0.00000000	0.00000000	0.00009350	0.00000000	0.00000000	0.00003533	0.00002100
k__Bacteria|p__Proteobacteria|c__Gammaproteobacteria|o__Enterobacterales|f__Morganellaceae|g__Providencia|s__Providencia_alcalifaciens	0.00000000	0.00010475	0.00000000	0.00031168	0.00001468	0.00000000	0.00010598	0.00128111
k__Bacteria|p__Proteobacteria|c__Gammaproteobacteria|o__Enterobacterales|f__Pasteurellaceae|g__Aggregatibacter|s__Aggregatibacter_segnis	0.00000000	0.00000000	0.00000000	0.00000000	0.00000000	0.00000000	0.00000000	0.00000000
k__Bacteria|p__Proteobacteria|c__Gammaproteobacteria|o__Enterobacterales|f__Pasteurellaceae|g__Haemophilus|s__Haemophilus_parainfluenzae	0.00005377	0.00006983	0.00003021	0.00003117	0.00002935	0.00009687	0.00001766	0.00006301
k__Bacteria|p__Proteobacteria|c__Gammaproteobacteria|o__Enterobacterales|f__Pasteurellaceae|g__Pasteurella|s__Pasteurella_multocida	0.00000000	0.00000000	0.00000000	0.00000000	0.00000000	0.00000000	0.00000000	0.00008401
k__Bacteria|p__Proteobacteria|c__Gammaproteobacteria|o__Enterobacterales|f__Pectobacteriaceae|g__Dickeya|s__Dickeya_zeae	0.00017925	0.00000000	0.00003021	0.00000000	0.00000000	0.00000000	0.00003533	0.00050404
k__Bacteria|p__Proteobacteria|c__Gammaproteobacteria|o__Enterobacterales|f__Shewanellaceae|g__Shewanella|s__Shewanella_putrefaciens	0.00003585	0.00001746	0.00000000	0.00003117	0.00011741	0.00006458	0.00010598	0.00109209
k__Bacteria|p__Proteobacteria|c__Gammaproteobacteria|o__Enterobacterales|f__Shewanellaceae|g__Shewanella|s__Shewanella_sp_MR_7	0.00000000	0.00000000	0.00265877	0.00000000	0.00000000	0.00000000	0.00000000	0.00000000
k__Bacteria|p__Proteobacteria|c__Gammaproteobacteria|o__Enterobacterales|f__Succinivibrionaceae|g__Succinivibrio|s__Succinivibrio_dextrinosolvens	0.00000000	0.00000000	0.00000000	0.00001558	0.00001468	0.00001614	0.00000000	0.00000000
k__Bacteria|p__Proteobacteria|c__Gammaproteobacteria|o__Enterobacterales|f__Thorselliaceae|g__Thorsellia|s__Thorsellia_kenyensis	0.00007170	0.00047136	0.00000000	0.00000000	0.00000000	0.00000000	0.00000000	0.00000000
k__Bacteria|p__Proteobacteria|c__Gammaproteobacteria|o__Enterobacterales|f__Vibrionaceae|g__Photobacterium|s__Photobacterium_damselae	0.00000000	0.00000000	0.00000000	0.00000000	0.00000000	0.00000000	0.00000000	0.00000000
k__Bacteria|p__Proteobacteria|c__Gammaproteobacteria|o__Enterobacterales|f__Vibrionaceae|g__Vibrio|s__Vibrio_gigantis	0.00000000	0.00000000	0.00000000	0.00000000	0.00000000	0.00000000	0.00000000	0.00000000
k__Bacteria|p__Proteobacteria|c__Gammaproteobacteria|o__Enterobacterales|f__Vibrionaceae|g__Vibrio|s__Vibrio_scophthalmi	0.00000000	0.00000000	0.00000000	0.00000000	0.00000000	0.00000000	0.00000000	0.00000000
k__Bacteria|p__Proteobacteria|c__Gammaproteobacteria|o__Enterobacterales|f__Yersiniaceae|g__Serratia|s__Serratia_sp_MYb239	0.00000000	0.00000000	0.00000000	0.00020259	0.00000000	0.00000000	0.00000000	0.00000000
k__Bacteria|p__Proteobacteria|c__Gammaproteobacteria|o__Halothiobacillales|f__Halothiobacillaceae|g__Thiovirga|s__Thiovirga_sulfuroxydans	0.00000000	0.00000000	0.00000000	0.00000000	0.00000000	0.00006458	0.00000000	0.00000000
k__Bacteria|p__Proteobacteria|c__Gammaproteobacteria|o__Methylococcales|f__Methylococcaceae|g__Methylomagnum|s__Methylomagnum_ishizawai	0.00007170	0.00001746	0.00000000	0.00000000	0.00000000	0.00004843	0.00000000	0.00000000
k__Bacteria|p__Proteobacteria|c__Gammaproteobacteria|o__Methylococcales|f__Methylococcaceae|g__Methyloterricola|s__Methyloterricola_oryzae	0.00000000	0.00000000	0.00000000	0.00001558	0.00002935	0.00001614	0.00000000	0.00000000
k__Bacteria|p__Proteobacteria|c__Gammaproteobacteria|o__Nitrosococcales|f__Methylophagaceae|g__Methylophaga|s__Methylophaga_sp_PBVC023FULL	0.00000000	0.00000000	0.00000000	0.00000000	0.00000000	0.00000000	0.00000000	0.00000000
k__Bacteria|p__Proteobacteria|c__Gammaproteobacteria|o__Pseudomonadales|f__Halomonadaceae|g__Halomonas|s__Candidatus_Halomonas_phosphatis	0.00000000	0.00001746	0.00000000	0.00004675	0.00000000	0.00000000	0.00000000	0.00000000
k__Bacteria|p__Proteobacteria|c__Gammaproteobacteria|o__Pseudomonadales|f__Halomonadaceae|g__Halomonas|s__Halomonas_hydrothermalis	0.00000000	0.00000000	0.00006043	0.00001558	0.00000000	0.00006458	0.00000000	0.00008401
k__Bacteria|p__Proteobacteria|c__Gammaproteobacteria|o__Pseudomonadales|f__Halomonadaceae|g__Halomonas|s__Halomonas_sp_1513	0.00000000	0.00000000	0.00000000	0.00000000	0.00000000	0.00000000	0.00000000	0.00008401
k__Bacteria|p__Proteobacteria|c__Gammaproteobacteria|o__Pseudomonadales|f__Halomonadaceae|g__HdN1|s__gamma_proteobacterium_HdN1	0.00001792	0.00000000	0.00000000	0.00000000	0.00000000	0.00000000	0.00001766	0.00000000
k__Bacteria|p__Proteobacteria|c__Gammaproteobacteria|o__Pseudomonadales|f__Marinobacteraceae|g__Marinobacter|s__Marinobacter_salarius	0.00000000	0.00000000	0.00000000	0.00000000	0.00000000	0.00000000	0.00000000	0.00000000
k__Bacteria|p__Proteobacteria|c__Gammaproteobacteria|o__Pseudomonadales|f__Moraxellaceae|g__Acinetobacter|s__Acinetobacter_baumannii	0.00008962	0.00038407	0.00323282	0.00991133	0.00017612	0.00330971	0.00173099	0.00113410
k__Bacteria|p__Proteobacteria|c__Gammaproteobacteria|o__Pseudomonadales|f__Moraxellaceae|g__Acinetobacter|s__Acinetobacter_gandensis	0.00000000	0.00001746	0.00003021	0.00035843	0.00001468	0.00011301	0.00008832	0.00035703
k__Bacteria|p__Proteobacteria|c__Gammaproteobacteria|o__Pseudomonadales|f__Moraxellaceae|g__Acinetobacter|s__Acinetobacter_junii	0.00016132	0.00176324	0.02510726	0.02206673	0.00186389	0.01632251	0.01275280	0.03824425
k__Bacteria|p__Proteobacteria|c__Gammaproteobacteria|o__Pseudomonadales|f__Moraxellaceae|g__Acinetobacter|s__Acinetobacter_marinus	0.00057359	0.00305511	0.00184301	0.00024934	0.00002935	0.00032290	0.00010598	0.00004200
k__Bacteria|p__Proteobacteria|c__Gammaproteobacteria|o__Pseudomonadales|f__Moraxellaceae|g__Acinetobacter|s__Acinetobacter_soli	0.00010755	0.00012220	0.00595202	0.00046752	0.00030820	0.00050049	0.00067120	0.00501943
k__Bacteria|p__Proteobacteria|c__Gammaproteobacteria|o__Pseudomonadales|f__Moraxellaceae|g__Acinetobacter|s__Acinetobacter_sp_ACNIH1	0.00007170	0.00017458	0.00235664	0.00911655	0.00033756	0.00345501	0.00125408	0.00027302
k__Bacteria|p__Proteobacteria|c__Gammaproteobacteria|o__Pseudomonadales|f__Moraxellaceae|g__Acinetobacter|s__Acinetobacter_sp_On4	0.00000000	0.00000000	0.00000000	0.00003117	0.00000000	0.00001614	0.00005299	0.00002100
k__Bacteria|p__Proteobacteria|c__Gammaproteobacteria|o__Pseudomonadales|f__Moraxellaceae|g__Acinetobacter|s__Acinetobacter_sp_SWBY1	0.00084246	0.00048882	0.00622394	0.04146862	0.00101267	0.01178579	0.00367394	0.00102909
k__Bacteria|p__Proteobacteria|c__Gammaproteobacteria|o__Pseudomonadales|f__Moraxellaceae|g__Acinetobacter|s__Acinetobacter_venetianus	0.00003585	0.00001746	0.00123875	0.00090386	0.00005871	0.00035519	0.00019429	0.00018902
k__Bacteria|p__Proteobacteria|c__Gammaproteobacteria|o__Pseudomonadales|f__Moraxellaceae|g__Enhydrobacter|s__Moraxella_osloensis	0.00008962	0.00019204	0.00389752	0.00246225	0.00086590	0.00237330	0.00098914	0.00086107
k__Bacteria|p__Proteobacteria|c__Gammaproteobacteria|o__Pseudomonadales|f__Moraxellaceae|g__Moraxella|s__Moraxella_osloensis	0.00001792	0.00006983	0.00350474	0.00051427	0.00019079	0.00064580	0.00045924	0.00037803
k__Bacteria|p__Proteobacteria|c__Gammaproteobacteria|o__Pseudomonadales|f__Moraxellaceae|g__Perlucidibaca|s__Perlucidibaca_piscinae	0.00003585	0.00000000	0.00000000	0.00000000	0.00020547	0.00000000	0.00049457	0.00006301
k__Bacteria|p__Proteobacteria|c__Gammaproteobacteria|o__Pseudomonadales|f__Moraxellaceae|g__Psychrobacter|s__Psychrobacter_faecalis	0.00001792	0.00000000	0.00024171	0.00003117	0.00000000	0.00000000	0.00008832	0.00035703
k__Bacteria|p__Proteobacteria|c__Gammaproteobacteria|o__Pseudomonadales|f__Nitrincolaceae|g__Balneatrix|s__Gammaproteobacteria_bacterium	0.00000000	0.00000000	0.00000000	0.00000000	0.00000000	0.00000000	0.00000000	0.00008401
k__Bacteria|p__Proteobacteria|c__Gammaproteobacteria|o__Pseudomonadales|f__Pseudomonadaceae|g__Oblitimonas|s__Oblitimonas_alkaliphila	0.00000000	0.00000000	0.00000000	0.00007792	0.00000000	0.00000000	0.00003533	0.00000000
k__Bacteria|p__Proteobacteria|c__Gammaproteobacteria|o__Pseudomonadales|f__Pseudomonadaceae|g__Pseudomonas|s__Pseudomonas_caeni	0.00000000	0.00000000	0.00000000	0.00001558	0.00001468	0.00000000	0.00000000	0.00000000
k__Bacteria|p__Proteobacteria|c__Gammaproteobacteria|o__Pseudomonadales|f__Pseudomonadaceae|g__Pseudomonas|s__Pseudomonas_psychrotolerans	0.00000000	0.00000000	0.00000000	0.00001558	0.00001468	0.00000000	0.00001766	0.00004200
k__Bacteria|p__Proteobacteria|c__Gammaproteobacteria|o__Pseudomonadales|f__Pseudomonadaceae|g__Pseudomonas|s__Pseudomonas_sp_StFLB209	0.00000000	0.00000000	0.00000000	0.00001558	0.00002935	0.00001614	0.00000000	0.00008401
k__Bacteria|p__Proteobacteria|c__Gammaproteobacteria|o__Pseudomonadales|f__Pseudomonadaceae|g__Pseudomonas|s__Pseudomonas_veronii	0.00001792	0.00001746	0.00000000	0.00000000	0.00127684	0.00000000	0.03488475	0.00386433
k__Bacteria|p__Proteobacteria|c__Gammaproteobacteria|o__Pseudomonadales|f__Saccharospirillaceae|g__Reinekea|s__Reinekea_forsetii	0.00000000	0.00000000	0.00000000	0.00000000	0.00000000	0.00000000	0.00000000	0.00000000
k__Bacteria|p__Proteobacteria|c__Gammaproteobacteria|o__Xanthomonadales|f__Xanthomonadaceae|g__Luteimonas|s__Luteimonas_marina	0.00000000	0.00000000	0.00000000	0.00001558	0.00000000	0.00000000	0.00000000	0.00000000
k__Bacteria|p__Proteobacteria|c__Gammaproteobacteria|o__Xanthomonadales|f__Xanthomonadaceae|g__Luteimonas|s__Luteimonas_sp	0.00000000	0.00001746	0.00000000	0.00000000	0.00000000	0.00001614	0.00001766	0.00000000
k__Bacteria|p__Proteobacteria|c__Gammaproteobacteria|o__Xanthomonadales|f__Xanthomonadaceae|g__Lysobacter|s__bacterium_SG_3	0.00000000	0.00000000	0.00009064	0.00003117	0.00002935	0.00001614	0.00012364	0.00031503
k__Bacteria|p__Proteobacteria|c__Gammaproteobacteria|o__Xanthomonadales|f__Xanthomonadaceae|g__Pseudoxanthomonas|s__Pseudoxanthomonas_mexicana	0.00001792	0.00005237	0.00069491	0.00017142	0.00029353	0.00008072	0.00204893	0.00226819
k__Bacteria|p__Proteobacteria|c__Gammaproteobacteria|o__Xanthomonadales|f__Xanthomonadaceae|g__Thermomonas|s__Thermomonas_koreensis	0.00000000	0.00001746	0.00012085	0.00004675	0.00007338	0.00003229	0.00178398	0.00048304
k__Bacteria|p__SAR324_clade_Marine_group_B_|c__unidentified_SAR324_clade_Marine_group_B_|o__unidentified_SAR324_clade_Marine_group_B_|f__unidentified_SAR324_clade_Marine_group_B_|g__unidentified_SAR324_clade_Marine_group_B_|s__SAR324_cluster_bacterium_JCVI_SC_AAA005	0.00000000	0.00000000	0.00000000	0.00000000	0.00000000	0.00000000	0.00000000	0.00000000
k__Bacteria|p__SAR324_clade_Marine_group_B_|c__unidentified_SAR324_clade_Marine_group_B_|o__unidentified_SAR324_clade_Marine_group_B_|f__unidentified_SAR324_clade_Marine_group_B_|g__unidentified_SAR324_clade_Marine_group_B_|s__s____bacterium__enrichment__culture__clone__B30	0.00012547	0.00001746	0.00000000	0.00000000	0.00000000	0.00008072	0.00000000	0.00000000
k__Bacteria|p__Schekmanbacteria|c__unidentified_Schekmanbacteria|o__unidentified_Schekmanbacteria|f__unidentified_Schekmanbacteria|g__unidentified_Schekmanbacteria|s__Candidatus_Schekmanbacteria_bacterium_RIFCSPLOWO2_02_FULL_38_14	0.00000000	0.00000000	0.00000000	0.00000000	0.00000000	0.00000000	0.00000000	0.00000000
k__Bacteria|p__Spirochaetota|c__Spirochaetia|o__Spirochaetales|f__Spirochaetaceae|g__GWE2_31_10|s__Spirochaetes_bacterium_GWE2_31_10	0.00000000	0.00000000	0.00000000	0.00000000	0.00002935	0.00009687	0.00000000	0.00000000
k__Bacteria|p__Spirochaetota|c__Spirochaetia|o__Spirochaetales|f__Spirochaetaceae|g__Spirochaeta_2|s__Spirochaeta_sp_MWH_HuW24	0.00000000	0.00000000	0.00000000	0.00000000	0.00000000	0.00000000	0.00000000	0.00000000
k__Bacteria|p__Spirochaetota|c__Spirochaetia|o__Spirochaetales|f__Spirochaetaceae|g__Spirochaeta|s__Spirochaeta_sp	0.00000000	0.00000000	0.00000000	0.00001558	0.00000000	0.00000000	0.00000000	0.00000000
k__Bacteria|p__Spirochaetota|c__Spirochaetia|o__Spirochaetales|f__Spirochaetaceae|g__Treponema|s__Treponema_denticola	0.00000000	0.00000000	0.00000000	0.00000000	0.00000000	0.00000000	0.00000000	0.00000000
k__Bacteria|p__Spirochaetota|c__Spirochaetia|o__Spirochaetales|f__Spirochaetaceae|g__Treponema|s__Treponema_lecithinolyticum	0.00000000	0.00000000	0.00000000	0.00000000	0.00000000	0.00000000	0.00000000	0.00000000
k__Bacteria|p__Spirochaetota|c__Spirochaetia|o__Spirochaetales|f__Spirochaetaceae|g__Treponema|s__Treponema_parvum	0.00000000	0.00000000	0.00000000	0.00000000	0.00000000	0.00000000	0.00000000	0.00000000
k__Bacteria|p__Spirochaetota|c__Spirochaetia|o__Spirochaetales|f__Spirochaetaceae|g__Treponema|s__Treponema_refringens	0.00000000	0.00000000	0.00000000	0.00000000	0.00000000	0.00000000	0.00000000	0.00000000
k__Bacteria|p__Spirochaetota|c__Spirochaetia|o__Spirochaetales|f__Spirochaetaceae|g__Treponema|s__Treponema_socranskii	0.00000000	0.00000000	0.00000000	0.00000000	0.00000000	0.00000000	0.00000000	0.00000000
k__Bacteria|p__Spirochaetota|c__Spirochaetia|o__Spirochaetales|f__Spirochaetaceae|g__Treponema|s__Treponema_zuelzerae	0.00016132	0.00001746	0.00003021	0.00015584	0.00004403	0.00001614	0.00000000	0.00000000
k__Bacteria|p__Spirochaetota|c__Spirochaetia|o__Spirochaetales|f__Spirochaetaceae|g__Treponema|s__bacterium_enrichment_culture_clone_M04	0.00000000	0.00000000	0.00000000	0.00000000	0.00000000	0.00000000	0.00000000	0.00000000
k__Bacteria|p__Sva0485|c__unidentified_Sva0485|o__unidentified_Sva0485|f__unidentified_Sva0485|g__unidentified_Sva0485|s__bacterium_enrichment_culture_clone_56	0.00000000	0.00000000	0.00000000	0.00000000	0.00000000	0.00000000	0.00000000	0.00000000
k__Bacteria|p__Verrucomicrobiota|c__Kiritimatiellae|o__WCHB1_41|f__unidentified_WCHB1_41|g__unidentified_WCHB1_41|s__Verrucomicrobia_bacterium_ADurb.Bin070	0.00023302	0.00006983	0.00015107	0.00000000	0.00000000	0.00000000	0.00000000	0.00000000
k__Bacteria|p__Verrucomicrobiota|c__Lentisphaeria|o__Oligosphaerales|f__Lenti_02|g__unidentified_Lenti_02|s__Lentisphaerae_bacterium_RIFOXYA12_64_32	0.00000000	0.00000000	0.00000000	0.00000000	0.00000000	0.00000000	0.00000000	0.00000000
k__Bacteria|p__Verrucomicrobiota|c__Lentisphaeria|o__Oligosphaerales|f__Lenti_02|g__unidentified_Lenti_02|s__Victivallales_bacterium_Lenti_02	0.00005377	0.00000000	0.00000000	0.00000000	0.00000000	0.00000000	0.00000000	0.00000000
k__Bacteria|p__Verrucomicrobiota|c__Omnitrophia|o__Omnitrophales|f__Omnitrophaceae|g__Candidatus_Omnitrophus|s__Omnitrophica_bacterium_RIFOXYB12_FULL_50_7	0.00000000	0.00000000	0.00000000	0.00000000	0.00000000	0.00000000	0.00000000	0.00000000
k__Bacteria|p__Verrucomicrobiota|c__Verrucomicrobiae|o__Verrucomicrobiales|f__Akkermansiaceae|g__Akkermansia|s__Akkermansia_muciniphila	0.00000000	0.00000000	0.00009064	0.00000000	0.00515139	0.00001614	0.02296211	0.00705660
k__Bacteria|p__WPS_2|c__unidentified_WPS_2|o__unidentified_WPS_2|f__unidentified_WPS_2|g__unidentified_WPS_2|s__Burkholderiales_bacterium_Beta_02	0.00075284	0.00062848	0.00193365	0.00042076	0.00148231	0.00019374	0.00026495	0.00016801
k__Bacteria|p__WPS_2|c__unidentified_WPS_2|o__unidentified_WPS_2|f__unidentified_WPS_2|g__unidentified_WPS_2|s__bacterium_ADurb.Bin236	0.00000000	0.00000000	0.00000000	0.00000000	0.00000000	0.00000000	0.00000000	0.00000000
k__Bacteria|p__Zixibacteria|c__unidentified_Zixibacteria|o__unidentified_Zixibacteria|f__unidentified_Zixibacteria|g__unidentified_Zixibacteria|s__bacterium_enrichment_culture_clone_Anammox_55	0.00000000	0.00000000	0.00000000	0.00000000	0.00000000	0.00000000	0.00000000	0.00000000
k__Bacteria|p__Zixibacteria|c__unidentified_Zixibacteria|o__unidentified_Zixibacteria|f__unidentified_Zixibacteria|g__unidentified_Zixibacteria|s__candidate_division_Zixibacteria_bacterium_RBG_16_43_9	0.00000000	0.00000000	0.00000000	0.00000000	0.00000000	0.00000000	0.00000000	0.00000000
k__Bacteria|p__Zixibacteria|c__unidentified_Zixibacteria|o__unidentified_Zixibacteria|f__unidentified_Zixibacteria|g__unidentified_Zixibacteria|s__candidate_division_Zixibacteria_bacterium_SM1_73	0.00001792	0.00003492	0.00000000	0.00001558	0.00000000	0.00000000	0.00000000	0.00000000
k__Bacteria|p__unidentified_Bacteria|c__Acidimicrobiia|o__unidentified_Acidimicrobiia|f__unidentified_Acidimicrobiia|g__unidentified_Acidimicrobiia|s__bacterium_YC_LK_LKJ4	0.00000000	0.00000000	0.00000000	0.00000000	0.00000000	0.00000000	0.00000000	0.00000000
k__Bacteria|p__unidentified_Bacteria|c__Alphaproteobacteria|o__Micavibrionales|f__unidentified_Micavibrionales|g__unidentified_Micavibrionales|s__bacterium_enrichment_culture_clone_SRAO_28	0.00000000	0.00000000	0.00000000	0.00000000	0.00000000	0.00001614	0.00000000	0.00000000
k__Bacteria|p__unidentified_Bacteria|c__Alphaproteobacteria|o__Rhodospirillales|f__unidentified_Rhodospirillales|g__unidentified_Rhodospirillales|s__Azospirillum_sp_47_25	0.00000000	0.00000000	0.00000000	0.00000000	0.00000000	0.00000000	0.00000000	0.00000000
k__Bacteria|p__unidentified_Bacteria|c__Alphaproteobacteria|o__unidentified_Alphaproteobacteria|f__unidentified_Alphaproteobacteria|g__unidentified_Alphaproteobacteria|s__Rhodospirillaceae_bacterium	0.00000000	0.00000000	0.00000000	0.00000000	0.00001468	0.00000000	0.00000000	0.00000000
k__Bacteria|p__unidentified_Bacteria|c__Anaerolineae|o__Caldilineales|f__Caldilineaceae|g__unidentified_Caldilineaceae|s__Chloroflexi_bacterium_ET1	0.00000000	0.00000000	0.00000000	0.00000000	0.00000000	0.00004843	0.00000000	0.00000000
k__Bacteria|p__unidentified_Bacteria|c__Babeliae|o__Babeliales|f__Babeliaceae|g__unidentified_Babeliaceae|s__candidate_division_TM6_bacterium_GW2011_GWE2_42_60	0.00001792	0.00000000	0.00000000	0.00000000	0.00000000	0.00000000	0.00000000	0.00000000
k__Bacteria|p__unidentified_Bacteria|c__Babeliae|o__Babeliales|f__unidentified_Babeliales|g__unidentified_Babeliales|s__candidate_division_TM6_bacterium_GW2011_GWF2_37_49	0.00001792	0.00000000	0.00000000	0.00003117	0.00001468	0.00001614	0.00003533	0.00000000
k__Bacteria|p__unidentified_Bacteria|c__Bacteroidia|o__Bacteroidales|f__Barnesiellaceae|g__unidentified_Barnesiellaceae|s__Bacteroidales_bacterium_36_12	0.00127265	0.00005237	0.00006043	0.00000000	0.00002935	0.00000000	0.00000000	0.00000000
k__Bacteria|p__unidentified_Bacteria|c__Bacteroidia|o__Bacteroidales|f__Marinifilaceae|g__unidentified_Marinifilaceae|s__Bacteroidetes_bacterium_GWF2_35_48	0.00000000	0.00000000	0.00000000	0.00001558	0.00001468	0.00000000	0.00000000	0.00000000
k__Bacteria|p__unidentified_Bacteria|c__Bacteroidia|o__Bacteroidales|f__Prolixibacteraceae|g__unidentified_Prolixibacteraceae|s__Bacteroidales_bacterium_6E	0.00051982	0.00005237	0.00030213	0.00014025	0.00023482	0.00001614	0.00003533	0.00002100
k__Bacteria|p__unidentified_Bacteria|c__Bacteroidia|o__Bacteroidales|f__Prolixibacteraceae|g__unidentified_Prolixibacteraceae|s__Mariniphaga_anaerophila	0.00000000	0.00000000	0.00000000	0.00000000	0.00000000	0.00000000	0.00000000	0.00000000
k__Bacteria|p__unidentified_Bacteria|c__Bacteroidia|o__Bacteroidales|f__Rikenellaceae|g__unidentified_Rikenellaceae|s__bacterium_enrichment_culture_clone_EtOH_23	0.00028679	0.00005237	0.00000000	0.00000000	0.00002935	0.00000000	0.00001766	0.00000000
k__Bacteria|p__unidentified_Bacteria|c__Bacteroidia|o__Bacteroidales|f__Rikenellaceae|g__unidentified_Rikenellaceae|s__iron_reducing_enrichment_clone_Cl_A7	0.00001792	0.00005237	0.00003021	0.00009350	0.00019079	0.00001614	0.00000000	0.00000000
k__Bacteria|p__unidentified_Bacteria|c__Bacteroidia|o__Chitinophagales|f__Saprospiraceae|g__unidentified_Saprospiraceae|s__Saprospira_sp_PdY3	0.00000000	0.00000000	0.00000000	0.00000000	0.00000000	0.00000000	0.00005299	0.00000000
k__Bacteria|p__unidentified_Bacteria|c__Bacteroidia|o__Chitinophagales|f__Saprospiraceae|g__unidentified_Saprospiraceae|s__bacterium_enrichment_culture_clone_SRAO_34	0.00000000	0.00000000	0.00000000	0.00003117	0.00000000	0.00000000	0.00000000	0.00000000
k__Bacteria|p__unidentified_Bacteria|c__Bacteroidia|o__Cytophagales|f__Microscillaceae|g__unidentified_Microscillaceae|s__Ohtaekwangia_sp	0.00000000	0.00000000	0.00000000	0.00000000	0.00000000	0.00000000	0.00000000	0.00000000
k__Bacteria|p__unidentified_Bacteria|c__Bacteroidia|o__Flavobacteriales|f__Weeksellaceae|g__unidentified_Weeksellaceae|s__Chishuiella_sp_YIM_102668	0.00000000	0.00000000	0.00000000	0.00003117	0.00000000	0.00000000	0.00001766	0.00000000
k__Bacteria|p__unidentified_Bacteria|c__Chloroflexia|o__Chloroflexales|f__Roseiflexaceae|g__unidentified_Roseiflexaceae|s__Chloroflexaceae_bacterium_sp_jj_1	0.00000000	0.00000000	0.00000000	0.00000000	0.00000000	0.00000000	0.00000000	0.00000000
k__Bacteria|p__unidentified_Bacteria|c__Clostridia|o__Lachnospirales|f__Lachnospiraceae|g__unidentified_Lachnospiraceae|s__Clostridiaceae_bacterium_SH032	0.00000000	0.00000000	0.00000000	0.00000000	0.00000000	0.00000000	0.00000000	0.00000000
k__Bacteria|p__unidentified_Bacteria|c__Clostridia|o__Lachnospirales|f__Lachnospiraceae|g__unidentified_Lachnospiraceae|s__Clostridium_sp_Culture_54	0.00000000	0.00000000	0.00000000	0.00000000	0.00000000	0.00000000	0.00012364	0.00000000
k__Bacteria|p__unidentified_Bacteria|c__Clostridia|o__Lachnospirales|f__Lachnospiraceae|g__unidentified_Lachnospiraceae|s__butyrate_producing_bacterium_L2_10	0.00000000	0.00000000	0.00000000	0.00000000	0.00042561	0.00000000	0.00100680	0.00035703
k__Bacteria|p__unidentified_Bacteria|c__Clostridia|o__Oscillospirales|f__Hungateiclostridiaceae|g__unidentified_Hungateiclostridiaceae|s__iron_reducing_bacterium_enrichment_culture_clone_FEA_2_A6	0.00000000	0.00000000	0.00000000	0.00006234	0.00026417	0.00004843	0.00003533	0.00000000
k__Bacteria|p__unidentified_Bacteria|c__Clostridia|o__Oscillospirales|f__Ruminococcaceae|g__unidentified_Ruminococcaceae|s___Clostridium__leptum	0.00000000	0.00000000	0.00000000	0.00000000	0.00000000	0.00000000	0.00001766	0.00002100
k__Bacteria|p__unidentified_Bacteria|c__Desulfobacteria|o__Desulfobacterales|f__Desulfosarcinaceae|g__unidentified_Desulfosarcinaceae|s__bacterium_enrichment_culture_clone_AOM_SR_B8	0.00000000	0.00000000	0.00000000	0.00000000	0.00000000	0.00000000	0.00000000	0.00000000
k__Bacteria|p__unidentified_Bacteria|c__Gammaproteobacteria|o__Burkholderiales|f__Neisseriaceae|g__unidentified_Neisseriaceae|s__Neisseriaceae_bacterium_DSM_100970	0.00059151	0.00000000	0.00000000	0.00000000	0.00000000	0.00000000	0.00000000	0.00000000
k__Bacteria|p__unidentified_Bacteria|c__Gammaproteobacteria|o__Burkholderiales|f__Rhodocyclaceae|g__unidentified_Rhodocyclaceae|s__Rhodocyclaceae_bacterium	0.00084246	0.00000000	0.00000000	0.00003117	0.00000000	0.00000000	0.00001766	0.00000000
k__Bacteria|p__unidentified_Bacteria|c__Gammaproteobacteria|o__Burkholderiales|f__Rhodocyclaceae|g__unidentified_Rhodocyclaceae|s__beta_proteobacterium_Rufe9	0.00037642	0.00000000	0.00000000	0.00000000	0.00000000	0.00000000	0.00000000	0.00000000
k__Bacteria|p__unidentified_Bacteria|c__Gammaproteobacteria|o__Enterobacterales|f__unidentified_Enterobacterales|g__unidentified_Enterobacterales|s__Idiomarina_sp	0.00394343	0.00001746	0.00000000	0.00021817	0.00001468	0.00012916	0.00026495	0.00002100
k__Bacteria|p__unidentified_Bacteria|c__Gammaproteobacteria|o__Salinisphaerales|f__Solimonadaceae|g__unidentified_Solimonadaceae|s__Sinobacteraceae_bacterium	0.00000000	0.00000000	0.00000000	0.00000000	0.00004403	0.00000000	0.00008832	0.00000000
k__Bacteria|p__unidentified_Bacteria|c__Kazania|o__unidentified_Kazania|f__unidentified_Kazania|g__unidentified_Kazania|s__candidate_division_Kazan_bacterium_RBG_13_50_9	0.00000000	0.00000000	0.00000000	0.00000000	0.00000000	0.00000000	0.00000000	0.00000000
k__Bacteria|p__unidentified_Bacteria|c__Negativicutes|o__Veillonellales_Selenomonadales|f__Sporomusaceae|g__unidentified_Sporomusaceae|s__Veillonellaceae_bacterium_6_15	0.00001792	0.00010475	0.00000000	0.00004675	0.00008806	0.00001614	0.00000000	0.00000000
k__Bacteria|p__unidentified_Bacteria|c__Polyangia|o__Polyangiales|f__Sandaracinaceae|g__unidentified_Sandaracinaceae|s__s____bacterium__enrichment__culture__clone__33	0.00000000	0.00000000	0.00000000	0.00000000	0.00000000	0.00000000	0.00000000	0.00000000
k__Bacteria|p__unidentified_Bacteria|c__Saccharimonadia|o__Saccharimonadales|f__unidentified_Saccharimonadales|g__unidentified_Saccharimonadales|s__Candidatus_Saccharibacteria_bacterium_UB2523	0.00000000	0.00000000	0.00000000	0.00000000	0.00000000	0.00000000	0.00000000	0.00000000
k__Bacteria|p__unidentified_Bacteria|c__Saccharimonadia|o__Saccharimonadales|f__unidentified_Saccharimonadales|g__unidentified_Saccharimonadales|s__TM7_phylum_sp_oral_clone_FR058	0.00001792	0.00001746	0.00003021	0.00000000	0.00014676	0.00000000	0.00003533	0.00000000
k__Bacteria|p__unidentified_Bacteria|c__Spirochaetia|o__Spirochaetales|f__Spirochaetaceae|g__unidentified_Spirochaetaceae|s__Leptospiraceae_bacterium_feline_oral_taxon_214	0.00000000	0.00000000	0.00000000	0.00001558	0.00000000	0.00000000	0.00000000	0.00000000
k__Bacteria|p__unidentified_Bacteria|c__Synergistia|o__Synergistales|f__Synergistaceae|g__unidentified_Synergistaceae|s__Synergistetes_bacterium_GK_MMP1	0.00000000	0.00000000	0.00000000	0.00000000	0.00000000	0.00000000	0.00000000	0.00000000
k__Bacteria|p__unidentified_Bacteria|c__Synergistia|o__Synergistales|f__Synergistaceae|g__unidentified_Synergistaceae|s__bacterium_enrichment_culture_clone_Ecwsrb046	0.00001792	0.00001746	0.00021149	0.00042076	0.00073382	0.00040362	0.00012364	0.00002100
k__Bacteria|p__unidentified_Bacteria|c__Syntrophobacteria|o__Syntrophobacterales|f__unidentified_Syntrophobacterales|g__unidentified_Syntrophobacterales|s__Deltaproteobacteria_bacterium_RBG_13_43_22	0.00003585	0.00000000	0.00000000	0.00000000	0.00000000	0.00004843	0.00000000	0.00000000
k__Bacteria|p__unidentified_Bacteria|c__Thermodesulfovibrionia|o__unidentified_Thermodesulfovibrionia|f__unidentified_Thermodesulfovibrionia|g__unidentified_Thermodesulfovibrionia|s__bacterium_enrichment_culture_clone_C11	0.00046604	0.00017458	0.00000000	0.00026493	0.00000000	0.00041977	0.00000000	0.00000000
k__Bacteria|p__unidentified_Bacteria|c__Thermodesulfovibrionia|o__unidentified_Thermodesulfovibrionia|f__unidentified_Thermodesulfovibrionia|g__unidentified_Thermodesulfovibrionia|s__saltmarsh_clone_LCP_6	0.00000000	0.00000000	0.00000000	0.00001558	0.00000000	0.00000000	0.00000000	0.00000000
k__Bacteria|p__unidentified_Bacteria|c__Thermoleophilia|o__Gaiellales|f__unidentified_Gaiellales|g__unidentified_Gaiellales|s__Gaiella_sp_EBR4_RS1	0.00000000	0.00000000	0.00000000	0.00000000	0.00000000	0.00000000	0.00000000	0.00000000
k__Bacteria|p__unidentified_Bacteria|c__Vicinamibacteria|o__Vicinamibacterales|f__unidentified_Vicinamibacterales|g__unidentified_Vicinamibacterales|s__Acidobacteria_bacterium_SCN_69_37	0.00000000	0.00000000	0.00000000	0.00000000	0.00000000	0.00000000	0.00000000	0.00000000
k__Bacteria|p__unidentified_Bacteria|c__unidentified_Bacteria|o__Gemmatales|f__Gemmataceae|g__unidentified_Gemmataceae|s__s____bacterium__enrichment__culture__clone__B145	0.00000000	0.00006983	0.00000000	0.00000000	0.00000000	0.00000000	0.00000000	0.00000000
k__Bacteria|p__unidentified_Bacteria|c__unidentified_Bacteria|o__Gemmatimonadales|f__Gemmatimonadaceae|g__unidentified_Gemmatimonadaceae|s__Gemmatimonadetes_bacterium_SCN_70_22	0.00001792	0.00000000	0.00000000	0.00000000	0.00000000	0.00001614	0.00000000	0.00002100
k__Bacteria|p__unidentified_Bacteria|c__unidentified_Bacteria|o__Propionibacteriales|f__Propionibacteriaceae|g__unidentified_Propionibacteriaceae|s__Gram_positive_bacterium_SOGA22	0.00000000	0.00000000	0.00000000	0.00000000	0.00000000	0.00000000	0.00000000	0.00000000
k__Bacteria|p__unidentified_Bacteria|c__unidentified_Bacteria|o__unidentified_Bacteria|f__unidentified_Bacteria|g__unidentified_Bacteria|s__Desulfarculaceae_bacterium_JdFR_97	0.00007170	0.00000000	0.00000000	0.00006234	0.00000000	0.00008072	0.00000000	0.00000000
k__Bacteria|p__unidentified_Bacteria|c__unidentified_Bacteria|o__unidentified_Bacteria|f__unidentified_Bacteria|g__unidentified_Bacteria|s__Myxococcales_bacterium_enrichment_culture_clone_11380	0.00007170	0.00000000	0.00000000	0.00000000	0.00000000	0.00000000	0.00000000	0.00000000
k__Bacteria|p__unidentified_Bacteria|c__unidentified_Bacteria|o__unidentified_Bacteria|f__unidentified_Bacteria|g__unidentified_Bacteria|s__anaerobic_bacterium_EtOH8	0.00000000	0.00000000	0.00000000	0.00000000	0.00000000	0.00000000	0.00000000	0.00000000
k__Bacteria|p__unidentified_Bacteria|c__unidentified_Bacteria|o__unidentified_Bacteria|f__unidentified_Bacteria|g__unidentified_Bacteria|s__anaerobic_bacterium_sk.prop8	0.00025095	0.00012220	0.00003021	0.00020259	0.00027885	0.00003229	0.00007065	0.00004200
k__Bacteria|p__unidentified_Bacteria|c__unidentified_Bacteria|o__unidentified_Bacteria|f__unidentified_Bacteria|g__unidentified_Bacteria|s__candidate_division_WS6_bacterium_GW2011_GWC2_36_7	0.00003585	0.00006983	0.00003021	0.00004675	0.00001468	0.00004843	0.00000000	0.00000000
k__Bacteria|p__unidentified_Bacteria|c__unidentified_Bacteria|o__unidentified_Bacteria|f__unidentified_Bacteria|g__unidentified_Bacteria|s__candidate_division_WS6_bacterium_GW2011_GWE2_33_157	0.00001792	0.00001746	0.00006043	0.00000000	0.00002935	0.00001614	0.00000000	0.00000000
k__Bacteria|p__unidentified_Bacteria|c__unidentified_Bacteria|o__unidentified_Bacteria|f__unidentified_Bacteria|g__unidentified_Bacteria|s__delta_proteobacterium_WX81	0.00003585	0.00010475	0.00000000	0.00007792	0.00000000	0.00012916	0.00000000	0.00000000
