class	Upstream	Upstream	Upstream	Midstream	Midstream	Midstream	Midstream	Midstream	Midstream	Downstream	Downstream	Downstream	Downstream	Downstream
subject	DeulS	NbbS	AbbS	BsbS	MdcS	KrcS	BsgS	JjfS	BbbS	CmbS	PgbS	HnbS	PaglaS	FatulS
k__Archaea	0.04732292	0.10432877	0.00681784	0.03162545	0.03990187	0.01577459	0.00050594	0.05492894	0.03590885	0.00149830	0.00021361	0.00125329	0.00027151	0.00057114
k__Bacteria	0.94748139	0.88267473	0.99284548	0.95448478	0.90512222	0.88724282	0.98621300	0.93244753	0.96224503	0.99580080	0.99829115	0.99570073	0.99132855	0.99939622
k__Archaea|p__Aenigmarchaeota	0.00000000	0.00006796	0.00000000	0.00000000	0.00000000	0.00000000	0.00000000	0.00000000	0.00000000	0.00000000	0.00000000	0.00000000	0.00000000	0.00000000
k__Archaea|p__Asgardarchaeota	0.00012036	0.00006796	0.00000000	0.00000000	0.00000000	0.00000000	0.00000000	0.00000000	0.00000000	0.00000000	0.00000000	0.00000000	0.00000000	0.00000000
k__Archaea|p__Crenarchaeota	0.00517563	0.06015766	0.00033668	0.00483122	0.00165519	0.00064863	0.00000000	0.00029682	0.00007240	0.00000000	0.00002136	0.00001586	0.00001697	0.00011423
k__Archaea|p__Euryarchaeota	0.00118357	0.00028881	0.00033668	0.00031784	0.00150740	0.00020756	0.00000000	0.00246185	0.00059727	0.00000000	0.00000000	0.00007932	0.00001697	0.00001632
k__Archaea|p__Hadarchaeota	0.00000000	0.00006796	0.00000000	0.00000000	0.00000000	0.00000000	0.00000000	0.00000000	0.00000000	0.00000000	0.00000000	0.00000000	0.00000000	0.00000000
k__Archaea|p__Halobacterota	0.03169572	0.01802521	0.00552161	0.01433475	0.03576390	0.01390655	0.00045851	0.05197821	0.03473240	0.00100544	0.00012816	0.00074563	0.00022060	0.00031005
k__Archaea|p__Nanoarchaeota	0.00054164	0.00049268	0.00005050	0.00041320	0.00026601	0.00000000	0.00003162	0.00000000	0.00016289	0.00043372	0.00006408	0.00039661	0.00000000	0.00013055
k__Archaea|p__Thermoplasmatota	0.00102309	0.00212361	0.00011784	0.00060390	0.00008867	0.00000000	0.00000000	0.00005238	0.00001810	0.00000000	0.00000000	0.00000000	0.00000000	0.00000000
k__Archaea|p__unidentified_Archaea	0.00726193	0.02273113	0.00035352	0.01099739	0.00062070	0.00093402	0.00001581	0.00013968	0.00030769	0.00005914	0.00000000	0.00001586	0.00001697	0.00000000
k__Bacteria|p__Abditibacteriota	0.00000000	0.00000000	0.00000000	0.00000000	0.00000000	0.00000000	0.00000000	0.00000000	0.00000000	0.00000000	0.00000000	0.00000000	0.00000000	0.00004895
k__Bacteria|p__Acetothermia	0.00038115	0.00013591	0.00021884	0.00015892	0.00026601	0.00015567	0.00006324	0.00000000	0.00000000	0.00000000	0.00000000	0.00000000	0.00000000	0.00000000
k__Bacteria|p__Acidobacteriota	0.02726233	0.08372125	0.01415753	0.02247155	0.02063075	0.11319825	0.00275108	0.00532528	0.01129391	0.00985727	0.03043896	0.05273345	0.03158038	0.02145853
k__Bacteria|p__Actinobacteria	0.00653975	0.00543644	0.05455953	0.01532007	0.00721189	0.00459227	0.00393688	0.02512484	0.02640676	0.02614147	0.00971911	0.02336834	0.01255748	0.03191854
k__Bacteria|p__Actinobacteriota	0.01269835	0.00869831	0.00777738	0.00444981	0.00407886	0.00166048	0.00109094	0.01164577	0.01355632	0.01082328	0.00267008	0.00355364	0.00246059	0.00331261
k__Bacteria|p__Armatimonadota	0.00010030	0.00049268	0.00001683	0.00006357	0.00008867	0.00005189	0.00001581	0.00000000	0.00000000	0.00000000	0.00000000	0.00007932	0.00000000	0.00008159
k__Bacteria|p__Bacteroidota	0.06162611	0.05857769	0.09810952	0.06852711	0.09434576	0.05809096	0.02009550	0.26549569	0.16479340	0.18194543	0.09939122	0.11600089	0.11216888	0.10574240
k__Bacteria|p__Bdellovibrionota	0.00154466	0.00149502	0.00074070	0.00108067	0.00076848	0.00046701	0.00009486	0.00029682	0.00043438	0.00017743	0.00072626	0.00017451	0.00079757	0.00249670
k__Bacteria|p__Berkelbacteria	0.00002006	0.00005097	0.00000000	0.00000000	0.00000000	0.00000000	0.00000000	0.00000000	0.00000000	0.00000000	0.00000000	0.00000000	0.00000000	0.00000000
k__Bacteria|p__CK_2C2_2	0.00000000	0.00000000	0.00003367	0.00000000	0.00000000	0.00000000	0.00000000	0.00000000	0.00000000	0.00000000	0.00000000	0.00000000	0.00000000	0.00000000
k__Bacteria|p__Caldatribacteriota	0.00000000	0.00000000	0.00000000	0.00000000	0.00000000	0.00000000	0.00000000	0.00003492	0.00000000	0.00001971	0.00000000	0.00000000	0.00000000	0.00000000
k__Bacteria|p__Caldisericota	0.00096291	0.00081547	0.00062286	0.00073104	0.00866018	0.00778351	0.00015811	0.00087300	0.00544787	0.00051258	0.00006408	0.00023797	0.00023757	0.00003264
k__Bacteria|p__Calditrichota	0.00032097	0.00035677	0.00015151	0.00015892	0.00050247	0.00005189	0.00001581	0.00000000	0.00000000	0.00003943	0.00000000	0.00000000	0.00000000	0.00000000
k__Bacteria|p__Campylobacterota	0.01620895	0.00480786	0.01235628	0.11413769	0.09056247	0.01354332	0.00534404	0.04026260	0.03161934	0.14847015	0.07911994	0.04007361	0.05206265	0.01832542
k__Bacteria|p__Candidatus_Falkowbacteria	0.00002006	0.00000000	0.00001683	0.00000000	0.00008867	0.00000000	0.00000000	0.00003492	0.00001810	0.00003943	0.00000000	0.00000000	0.00000000	0.00000000
k__Bacteria|p__Candidatus_Kaiserbacteria	0.00004012	0.00005097	0.00008417	0.00000000	0.00000000	0.00018162	0.00001581	0.00001746	0.00000000	0.00013800	0.00089715	0.00033315	0.00052606	0.00035900
k__Bacteria|p__Candidatus_Magasanikbacteria	0.00000000	0.00000000	0.00000000	0.00000000	0.00005911	0.00000000	0.00000000	0.00000000	0.00000000	0.00000000	0.00000000	0.00000000	0.00000000	0.00000000
k__Bacteria|p__Candidatus_Moranbacteria	0.00008024	0.00011892	0.00000000	0.00000000	0.00000000	0.00000000	0.00000000	0.00000000	0.00000000	0.00005914	0.00008544	0.00000000	0.00005091	0.00000000
k__Bacteria|p__Candidatus_Nomurabacteria	0.00000000	0.00000000	0.00000000	0.00000000	0.00000000	0.00000000	0.00000000	0.00000000	0.00000000	0.00000000	0.00000000	0.00000000	0.00000000	0.00000000
k__Bacteria|p__Candidatus_Pacebacteria	0.00000000	0.00003398	0.00015151	0.00000000	0.00005911	0.00000000	0.00000000	0.00003492	0.00007240	0.00007886	0.00000000	0.00000000	0.00000000	0.00000000
k__Bacteria|p__Candidatus_Peregrinibacteria	0.00008024	0.00000000	0.00000000	0.00000000	0.00002956	0.00000000	0.00000000	0.00000000	0.00001810	0.00000000	0.00000000	0.00003173	0.00000000	0.00003264
k__Bacteria|p__Candidatus_Raymondbacteria	0.00000000	0.00008494	0.00000000	0.00000000	0.00000000	0.00000000	0.00000000	0.00000000	0.00000000	0.00000000	0.00000000	0.00000000	0.00000000	0.00000000
k__Bacteria|p__Candidatus_Woesebacteria	0.00000000	0.00006796	0.00000000	0.00000000	0.00000000	0.00000000	0.00000000	0.00000000	0.00000000	0.00000000	0.00000000	0.00000000	0.00000000	0.00000000
k__Bacteria|p__Candidatus_Yanofskybacteria	0.00006018	0.00000000	0.00000000	0.00000000	0.00008867	0.00000000	0.00000000	0.00003492	0.00000000	0.00000000	0.00000000	0.00000000	0.00000000	0.00000000
k__Bacteria|p__Candidatus_Yonathbacteria	0.00000000	0.00000000	0.00000000	0.00000000	0.00000000	0.00010378	0.00000000	0.00000000	0.00000000	0.00000000	0.00000000	0.00000000	0.00000000	0.00000000
k__Bacteria|p__Candidatus_Zambryskibacteria	0.00000000	0.00000000	0.00000000	0.00000000	0.00000000	0.00000000	0.00000000	0.00000000	0.00000000	0.00000000	0.00000000	0.00003173	0.00000000	0.00000000
k__Bacteria|p__Chlamydiae	0.00002006	0.00006796	0.00001683	0.00000000	0.00011823	0.00018162	0.00003162	0.00003492	0.00005430	0.00000000	0.00000000	0.00000000	0.00000000	0.00000000
k__Bacteria|p__Chloroflexi	0.02361131	0.04462981	0.04361733	0.02987731	0.02728106	0.00703111	0.00284594	0.01333939	0.03027999	0.00759010	0.00311866	0.01426214	0.01148840	0.01055792
k__Bacteria|p__Cloacimonadota	0.00000000	0.00000000	0.00000000	0.00006357	0.00000000	0.00000000	0.00000000	0.00000000	0.00000000	0.00000000	0.00000000	0.00000000	0.00000000	0.00000000
k__Bacteria|p__Cyanobacteria	0.00088267	0.00030580	0.00191909	0.00076282	0.00067981	0.00132320	0.00033203	0.00041904	0.00206331	0.00007886	0.00017089	0.00015864	0.00045818	0.00060378
k__Bacteria|p__DTB120	0.00004012	0.00253134	0.00016834	0.00000000	0.00000000	0.00002595	0.00004743	0.00000000	0.00001810	0.00000000	0.00000000	0.00003173	0.00003394	0.00008159
k__Bacteria|p__Dadabacteria	0.00006018	0.00083246	0.00001683	0.00000000	0.00000000	0.00000000	0.00000000	0.00000000	0.00003620	0.00000000	0.00000000	0.00001586	0.00000000	0.00000000
k__Bacteria|p__Deferribacteres	0.00004012	0.00006796	0.00000000	0.00000000	0.00000000	0.00000000	0.00003162	0.00001746	0.00001810	0.00000000	0.00000000	0.00139607	0.00005091	0.00000000
k__Bacteria|p__Deferrisomatota	0.00688078	0.00215759	0.00023568	0.00174814	0.00076848	0.00031134	0.00015811	0.00006984	0.00000000	0.00011829	0.00010680	0.00022210	0.00003394	0.00008159
k__Bacteria|p__Deinococcota	0.00002006	0.00000000	0.00016834	0.00000000	0.00000000	0.00000000	0.00001581	0.00015714	0.00137554	0.00009857	0.00051266	0.00000000	0.00123878	0.00013055
k__Bacteria|p__Desulfobacterota	0.11239945	0.08742482	0.04405501	0.04646876	0.06008926	0.04758322	0.00622945	0.08471558	0.07590813	0.24686539	0.02024992	0.03249040	0.01936228	0.01909238
k__Bacteria|p__Edwardsbacteria	0.00004012	0.00010193	0.00000000	0.00009535	0.00002956	0.00000000	0.00000000	0.00000000	0.00000000	0.00000000	0.00000000	0.00000000	0.00000000	0.00000000
k__Bacteria|p__Elusimicrobia	0.00078236	0.00083246	0.00045452	0.00031784	0.00032513	0.00002595	0.00004743	0.00017460	0.00030769	0.00019715	0.00021361	0.00147539	0.00011879	0.00011423
k__Bacteria|p__Elusimicrobiota	0.00054164	0.00044171	0.00013467	0.00054033	0.00029557	0.00007784	0.00009486	0.00027936	0.00061537	0.00003943	0.00004272	0.00020624	0.00022060	0.00024477
k__Bacteria|p__Entotheonellaeota	0.00006018	0.00003398	0.00000000	0.00000000	0.00000000	0.00000000	0.00000000	0.00000000	0.00000000	0.00000000	0.00000000	0.00001586	0.00000000	0.00000000
k__Bacteria|p__FCPU426	0.00000000	0.00006796	0.00000000	0.00000000	0.00000000	0.00000000	0.00000000	0.00000000	0.00000000	0.00000000	0.00000000	0.00000000	0.00000000	0.00000000
k__Bacteria|p__FW113	0.00006018	0.00000000	0.00000000	0.00000000	0.00011823	0.00005189	0.00000000	0.00003492	0.00009050	0.00000000	0.00000000	0.00004759	0.00001697	0.00000000
k__Bacteria|p__Fibrobacterota	0.00006018	0.00028881	0.00010100	0.00025427	0.00032513	0.00000000	0.00001581	0.00005238	0.00001810	0.00000000	0.00000000	0.00003173	0.00000000	0.00001632
k__Bacteria|p__Firmicutes	0.09414432	0.08519928	0.15024494	0.09579811	0.15038572	0.03881379	0.84367885	0.09985334	0.06390835	0.03651132	0.03327993	0.03098328	0.01905683	0.03550856
k__Bacteria|p__Fusobacteriota	0.00024073	0.00027182	0.04902109	0.00000000	0.00008867	0.00051890	0.00003162	0.00026190	0.00155653	0.00011829	0.00010680	0.00038075	0.00032242	0.04908536
k__Bacteria|p__GAL15	0.00146442	0.00774693	0.00000000	0.00028606	0.00032513	0.00000000	0.00006324	0.00000000	0.00000000	0.00005914	0.00000000	0.00007932	0.00000000	0.00000000
k__Bacteria|p__Gemmatimonadetes	0.00046139	0.00101933	0.00111105	0.00012714	0.00044335	0.00000000	0.00006324	0.00019206	0.00001810	0.00011829	0.00002136	0.00012692	0.00001697	0.00021214
k__Bacteria|p__Gemmatimonadota	0.00010030	0.00039074	0.00010100	0.00009535	0.00005911	0.00002595	0.00000000	0.00000000	0.00000000	0.00000000	0.00000000	0.00007932	0.00000000	0.00001632
k__Bacteria|p__Gracilibacteria	0.00036109	0.00030580	0.00047136	0.00209777	0.00023646	0.00012973	0.00011068	0.00045396	0.00025339	0.00037458	0.00102531	0.00017451	0.00008485	0.00019582
k__Bacteria|p__Hydrogenedentes	0.00022067	0.00066257	0.00016834	0.00031784	0.00023646	0.00038918	0.00001581	0.00010476	0.00005430	0.00013800	0.00004272	0.00003173	0.00000000	0.00008159
k__Bacteria|p__Kapabacteria	0.00030091	0.00030580	0.00011784	0.00022249	0.00011823	0.00046701	0.00003162	0.00010476	0.00010860	0.00007886	0.00006408	0.00012692	0.00016970	0.00071800
k__Bacteria|p__Kryptonia	0.00417260	0.00090041	0.00035352	0.00143030	0.00070937	0.00000000	0.00025297	0.00001746	0.00000000	0.00001971	0.00008544	0.00007932	0.00005091	0.00034268
k__Bacteria|p__LCP_89	0.00098297	0.00059461	0.00006734	0.00025427	0.00011823	0.00000000	0.00007905	0.00019206	0.00010860	0.00039429	0.00008544	0.00000000	0.00000000	0.00000000
k__Bacteria|p__Latescibacteria	0.00068206	0.00088342	0.00048819	0.00031784	0.00035468	0.00010378	0.00003162	0.00000000	0.00007240	0.00000000	0.00000000	0.00000000	0.00000000	0.00003264
k__Bacteria|p__Latescibacterota	0.00553672	0.00754307	0.00136357	0.00203420	0.00153696	0.00059674	0.00025297	0.00006984	0.00007240	0.00007886	0.00006408	0.00022210	0.00008485	0.00048955
k__Bacteria|p__MBNT15	0.01356095	0.00621793	0.00082487	0.00219312	0.00212810	0.00184210	0.00047432	0.00012222	0.00003620	0.00070972	0.00012816	0.00015864	0.00013576	0.00031005
k__Bacteria|p__Margulisbacteria	0.00004012	0.00000000	0.00000000	0.00000000	0.00000000	0.00000000	0.00000000	0.00000000	0.00000000	0.00000000	0.00000000	0.00000000	0.00000000	0.00000000
k__Bacteria|p__Methylomirabilota	0.00369115	0.05339608	0.00092588	0.00203420	0.00082759	0.00542252	0.00022135	0.00010476	0.00065157	0.00082801	0.00010680	0.00098360	0.00028848	0.00032637
k__Bacteria|p__Modulibacteria	0.00082248	0.00059461	0.00006734	0.00069926	0.00053202	0.00012973	0.00000000	0.00064602	0.00005430	0.00005914	0.00004272	0.00000000	0.00000000	0.00001632
k__Bacteria|p__Myxococcota	0.01338041	0.01501818	0.00752487	0.01017100	0.00558626	0.00267234	0.00113838	0.00155393	0.00074207	0.00224746	0.00294777	0.00453723	0.00079757	0.00453648
k__Bacteria|p__NB1_j	0.00042127	0.00061160	0.00003367	0.00006357	0.00014778	0.00051890	0.00006324	0.00000000	0.00000000	0.00001971	0.00002136	0.00001586	0.00000000	0.00006527
k__Bacteria|p__NKB15	0.00026079	0.00016989	0.00000000	0.00000000	0.00000000	0.00000000	0.00001581	0.00000000	0.00000000	0.00000000	0.00000000	0.00000000	0.00000000	0.00000000
k__Bacteria|p__Nitrospinota	0.00318963	0.00188577	0.00117839	0.00123959	0.00067981	0.00000000	0.00026878	0.00000000	0.00000000	0.00000000	0.00000000	0.00007932	0.00000000	0.00031005
k__Bacteria|p__Nitrospirota	0.01231720	0.00920798	0.00139724	0.00295595	0.00206899	0.00308746	0.00072730	0.00062856	0.00027149	0.00070972	0.00764712	0.00230035	0.00091636	0.00390007
k__Bacteria|p__Parcubacteria	0.00000000	0.00000000	0.00000000	0.00000000	0.00000000	0.00000000	0.00000000	0.00000000	0.00000000	0.00000000	0.00000000	0.00000000	0.00000000	0.00000000
k__Bacteria|p__Planctomycetes	0.00004012	0.00001699	0.00001683	0.00000000	0.00000000	0.00000000	0.00006324	0.00000000	0.00000000	0.00003943	0.00000000	0.00001586	0.00001697	0.00006527
k__Bacteria|p__Planctomycetota	0.00028085	0.00056063	0.00010100	0.00025427	0.00002956	0.00010378	0.00001581	0.00000000	0.00000000	0.00003943	0.00002136	0.00006346	0.00001697	0.00004895
k__Bacteria|p__Proteobacteria	0.35069911	0.17824743	0.34661549	0.39142458	0.31699820	0.45564694	0.07465849	0.26196878	0.27382310	0.20116710	0.51737691	0.50480693	0.55639838	0.48042623
k__Bacteria|p__SAR324_clade_Marine_group_B_	0.00026079	0.00013591	0.00033668	0.00012714	0.00023646	0.00031134	0.00004743	0.00012222	0.00005430	0.00001971	0.00002136	0.00001586	0.00008485	0.00022846
k__Bacteria|p__Schekmanbacteria	0.00000000	0.00011892	0.00000000	0.00000000	0.00000000	0.00000000	0.00000000	0.00000000	0.00000000	0.00000000	0.00000000	0.00000000	0.00000000	0.00000000
k__Bacteria|p__Spirochaetota	0.00810448	0.00521559	0.00530276	0.00359163	0.00393107	0.00381392	0.00074311	0.00284597	0.00347505	0.00153773	0.00055538	0.00065044	0.00030545	0.00112596
k__Bacteria|p__Sumerlaeota	0.00014042	0.00042472	0.00003367	0.00003178	0.00011823	0.00002595	0.00001581	0.00006984	0.00003620	0.00007886	0.00000000	0.00007932	0.00001697	0.00000000
k__Bacteria|p__Sva0485	0.00856587	0.02312188	0.00193593	0.00394126	0.00357639	0.00287990	0.00049013	0.00006984	0.00012669	0.00015772	0.00002136	0.00036488	0.00005091	0.00039164
k__Bacteria|p__Synergistota	0.00373127	0.00137610	0.00562261	0.00092175	0.00165519	0.00070052	0.00039527	0.00803157	0.00959259	0.00412034	0.00102531	0.00042834	0.00096727	0.00052218
k__Bacteria|p__TA06	0.00058176	0.00042472	0.00020201	0.00028606	0.00044335	0.00000000	0.00001581	0.00000000	0.00000000	0.00000000	0.00000000	0.00000000	0.00000000	0.00000000
k__Bacteria|p__Thermotogae	0.00000000	0.00000000	0.00000000	0.00000000	0.00000000	0.00000000	0.00000000	0.00000000	0.00000000	0.00000000	0.00000000	0.00000000	0.00000000	0.00000000
k__Bacteria|p__Verrucomicrobiota	0.00457381	0.00927593	0.00648115	0.00305130	0.00608873	0.00438471	0.00047432	0.00136187	0.00117645	0.00049286	0.00027769	0.00271282	0.00025454	0.00323102
k__Bacteria|p__WOR_1	0.00008024	0.00013591	0.00003367	0.00006357	0.00014778	0.00000000	0.00000000	0.00000000	0.00000000	0.00000000	0.00000000	0.00000000	0.00000000	0.00000000
k__Bacteria|p__WPS_2	0.00022067	0.00052666	0.00026935	0.00003178	0.00029557	0.00018162	0.00001581	0.00006984	0.00003620	0.00005914	0.00002136	0.00007932	0.00003394	0.00009791
k__Bacteria|p__WS2	0.00016048	0.00006796	0.00006734	0.00000000	0.00005911	0.00002595	0.00000000	0.00000000	0.00000000	0.00000000	0.00000000	0.00000000	0.00000000	0.00000000
k__Bacteria|p__WS4	0.00000000	0.00062859	0.00006734	0.00000000	0.00005911	0.00000000	0.00001581	0.00000000	0.00000000	0.00000000	0.00000000	0.00001586	0.00000000	0.00000000
k__Bacteria|p__Zixibacteria	0.00230697	0.00283714	0.00106055	0.00219312	0.00112316	0.00181615	0.00033203	0.00001746	0.00001810	0.00025629	0.00008544	0.00012692	0.00011879	0.00022846
k__Bacteria|p__unidentified_Bacteria	0.08910911	0.08496144	0.09405249	0.08397432	0.05592173	0.06976624	0.01022957	0.07345392	0.21409567	0.03414557	0.08730108	0.06080845	0.07475097	0.10430639
k__Archaea|p__Aenigmarchaeota|c__Aenigmarchaeia	0.00000000	0.00006796	0.00000000	0.00000000	0.00000000	0.00000000	0.00000000	0.00000000	0.00000000	0.00000000	0.00000000	0.00000000	0.00000000	0.00000000
k__Archaea|p__Asgardarchaeota|c__Lokiarchaeia	0.00006018	0.00006796	0.00000000	0.00000000	0.00000000	0.00000000	0.00000000	0.00000000	0.00000000	0.00000000	0.00000000	0.00000000	0.00000000	0.00000000
k__Archaea|p__Crenarchaeota|c__Bathyarchaeia	0.00429296	0.05723557	0.00031985	0.00464052	0.00156652	0.00057079	0.00000000	0.00029682	0.00001810	0.00000000	0.00000000	0.00000000	0.00000000	0.00006527
k__Archaea|p__Crenarchaeota|c__Methanomethylicia	0.00014042	0.00113826	0.00001683	0.00012714	0.00008867	0.00007784	0.00000000	0.00000000	0.00005430	0.00000000	0.00000000	0.00000000	0.00000000	0.00000000
k__Archaea|p__Crenarchaeota|c__Nitrososphaeria	0.00074224	0.00139309	0.00000000	0.00006357	0.00000000	0.00000000	0.00000000	0.00000000	0.00000000	0.00000000	0.00002136	0.00001586	0.00001697	0.00004895
k__Archaea|p__Euryarchaeota|c__Methanobacteria	0.00034103	0.00016989	0.00030301	0.00012714	0.00088671	0.00020756	0.00000000	0.00242693	0.00057918	0.00000000	0.00000000	0.00007932	0.00001697	0.00001632
k__Archaea|p__Euryarchaeota|c__Thermococci	0.00084254	0.00011892	0.00003367	0.00019071	0.00062070	0.00000000	0.00000000	0.00003492	0.00001810	0.00000000	0.00000000	0.00000000	0.00000000	0.00000000
k__Archaea|p__Hadarchaeota|c__Hadarchaeia	0.00000000	0.00006796	0.00000000	0.00000000	0.00000000	0.00000000	0.00000000	0.00000000	0.00000000	0.00000000	0.00000000	0.00000000	0.00000000	0.00000000
k__Archaea|p__Halobacterota|c__ANME_1	0.00000000	0.00005097	0.00000000	0.00003178	0.00000000	0.00000000	0.00000000	0.00000000	0.00000000	0.00000000	0.00000000	0.00000000	0.00000000	0.00000000
k__Archaea|p__Halobacterota|c__Methanocellia	0.00000000	0.00003398	0.00000000	0.00000000	0.00005911	0.00002595	0.00000000	0.00000000	0.00000000	0.00000000	0.00000000	0.00000000	0.00000000	0.00001632
k__Archaea|p__Halobacterota|c__Methanomicrobia	0.00445345	0.00112127	0.00107739	0.00295595	0.00756658	0.00838025	0.00006324	0.00696651	0.00436191	0.00009857	0.00002136	0.00017451	0.00010182	0.00006527
k__Archaea|p__Halobacterota|c__Methanosarcinia	0.02724227	0.01681900	0.00444422	0.01134702	0.02813821	0.00550035	0.00039527	0.04501170	0.03037049	0.00090687	0.00010680	0.00057112	0.00011879	0.00022846
k__Archaea|p__Nanoarchaeota|c__Nanoarchaeia	0.00054164	0.00049268	0.00005050	0.00041320	0.00026601	0.00000000	0.00003162	0.00000000	0.00016289	0.00043372	0.00006408	0.00039661	0.00000000	0.00013055
k__Archaea|p__Thermoplasmatota|c__Thermoplasmata	0.00102309	0.00212361	0.00011784	0.00060390	0.00008867	0.00000000	0.00000000	0.00005238	0.00001810	0.00000000	0.00000000	0.00000000	0.00000000	0.00000000
k__Archaea|p__unidentified_Archaea|c__Hydrothermarchaeia	0.00008024	0.00000000	0.00000000	0.00000000	0.00000000	0.00000000	0.00000000	0.00000000	0.00000000	0.00000000	0.00000000	0.00000000	0.00000000	0.00000000
k__Archaea|p__unidentified_Archaea|c__Methanocellia	0.00008024	0.00015290	0.00000000	0.00000000	0.00000000	0.00000000	0.00000000	0.00000000	0.00000000	0.00000000	0.00000000	0.00000000	0.00000000	0.00000000
k__Archaea|p__unidentified_Archaea|c__Methanomicrobia	0.00050151	0.00016989	0.00006734	0.00012714	0.00000000	0.00007784	0.00000000	0.00010476	0.00012669	0.00000000	0.00000000	0.00000000	0.00000000	0.00000000
k__Archaea|p__unidentified_Archaea|c__Thermoplasmata	0.00659993	0.02240834	0.00028618	0.01087026	0.00062070	0.00085619	0.00001581	0.00003492	0.00018099	0.00005914	0.00000000	0.00001586	0.00001697	0.00000000
k__Bacteria|p__Abditibacteriota|c__Abditibacteria	0.00000000	0.00000000	0.00000000	0.00000000	0.00000000	0.00000000	0.00000000	0.00000000	0.00000000	0.00000000	0.00000000	0.00000000	0.00000000	0.00004895
k__Bacteria|p__Acetothermia|c__Acetothermiia	0.00038115	0.00013591	0.00021884	0.00015892	0.00026601	0.00015567	0.00006324	0.00000000	0.00000000	0.00000000	0.00000000	0.00000000	0.00000000	0.00000000
k__Bacteria|p__Acidobacteriota|c__AT_s3_28	0.00008024	0.00022086	0.00000000	0.00012714	0.00002956	0.00000000	0.00001581	0.00000000	0.00000000	0.00000000	0.00000000	0.00000000	0.00000000	0.00000000
k__Bacteria|p__Acidobacteriota|c__Acidobacteriae	0.00457381	0.04529238	0.00159925	0.00346450	0.00295569	0.00962561	0.00052176	0.00036666	0.00028959	0.00102516	0.00079034	0.00136434	0.00044121	0.00097910
k__Bacteria|p__Acidobacteriota|c__Aminicenantia	0.00706133	0.01274167	0.00361935	0.00591189	0.00750746	0.00168643	0.00055338	0.00019206	0.00079637	0.00021686	0.00004272	0.00019037	0.00018667	0.00062009
k__Bacteria|p__Acidobacteriota|c__Blastocatellia	0.00026079	0.00011892	0.00000000	0.00006357	0.00023646	0.00000000	0.00001581	0.00008730	0.00000000	0.00000000	0.00008544	0.00006346	0.00000000	0.00016318
k__Bacteria|p__Acidobacteriota|c__Holophagae	0.00162491	0.00548741	0.00207060	0.00123959	0.00100494	0.01494435	0.00022135	0.00324755	0.00930300	0.00441606	0.02796112	0.04656217	0.02984948	0.01218975
k__Bacteria|p__Acidobacteriota|c__Subgroup_11	0.00008024	0.00018688	0.00003367	0.00003178	0.00002956	0.00015567	0.00000000	0.00000000	0.00001810	0.00000000	0.00000000	0.00000000	0.00000000	0.00000000
k__Bacteria|p__Acidobacteriota|c__Subgroup_18	0.00196594	0.00497774	0.00106055	0.00381412	0.00200987	0.00197182	0.00031622	0.00036666	0.00001810	0.00023657	0.00004272	0.00012692	0.00001697	0.00009791
k__Bacteria|p__Acidobacteriota|c__Subgroup_19	0.00026079	0.00003398	0.00010100	0.00019071	0.00011823	0.00018162	0.00001581	0.00000000	0.00000000	0.00003943	0.00000000	0.00000000	0.00003394	0.00000000
k__Bacteria|p__Acidobacteriota|c__Subgroup_20	0.00000000	0.00000000	0.00000000	0.00000000	0.00000000	0.00000000	0.00000000	0.00000000	0.00000000	0.00000000	0.00000000	0.00000000	0.00000000	0.00000000
k__Bacteria|p__Acidobacteriota|c__Subgroup_21	0.00010030	0.00035677	0.00003367	0.00015892	0.00000000	0.00015567	0.00001581	0.00000000	0.00000000	0.00000000	0.00000000	0.00001586	0.00001697	0.00000000
k__Bacteria|p__Acidobacteriota|c__Subgroup_22	0.00365103	0.00526656	0.00132990	0.00216134	0.00118228	0.00664193	0.00023716	0.00005238	0.00007240	0.00037458	0.00025633	0.00049180	0.00005091	0.00055482
k__Bacteria|p__Acidobacteriota|c__Subgroup_5	0.00000000	0.00090041	0.00000000	0.00000000	0.00000000	0.00000000	0.00000000	0.00000000	0.00000000	0.00000000	0.00000000	0.00000000	0.00000000	0.00001632
k__Bacteria|p__Acidobacteriota|c__Thermoanaerobaculia	0.00349054	0.00295607	0.00181809	0.00298773	0.00257145	0.07370988	0.00037946	0.00054126	0.00063347	0.00283889	0.00023497	0.00042834	0.00032242	0.00096278
k__Bacteria|p__Acidobacteriota|c__Vicinamibacteria	0.00308933	0.00297306	0.00220528	0.00162100	0.00115272	0.00142698	0.00030040	0.00043650	0.00009050	0.00047315	0.00098259	0.00336326	0.00064484	0.00580930
k__Bacteria|p__Acidobacteriota|c__c5LKS83	0.00070212	0.00161394	0.00023568	0.00041320	0.00159607	0.00254261	0.00011068	0.00003492	0.00001810	0.00021686	0.00004272	0.00011105	0.00000000	0.00004895
k__Bacteria|p__Acidobacteriota|c__unidentified_Acidobacteriota	0.00000000	0.00003398	0.00000000	0.00000000	0.00000000	0.00000000	0.00000000	0.00000000	0.00000000	0.00000000	0.00000000	0.00000000	0.00000000	0.00000000
k__Bacteria|p__Actinobacteria|c__unidentified_Actinobacteria	0.00653975	0.00543644	0.05455953	0.01532007	0.00721189	0.00459227	0.00393688	0.02512484	0.02640676	0.02614147	0.00971911	0.02336834	0.01255748	0.03191854
k__Bacteria|p__Actinobacteriota|c__Acidimicrobiia	0.00134406	0.00064558	0.00055553	0.00044498	0.00026601	0.00010378	0.00020554	0.00013968	0.00007240	0.00015772	0.00029905	0.00023797	0.00015273	0.00086487
k__Bacteria|p__Actinobacteriota|c__Coriobacteriia	0.01009047	0.00706738	0.00698618	0.00333736	0.00336949	0.00129725	0.00083797	0.01134895	0.01306764	0.01056699	0.00226423	0.00322048	0.00230786	0.00231719
k__Bacteria|p__Actinobacteriota|c__MB_A2_108	0.00016048	0.00045870	0.00001683	0.00003178	0.00011823	0.00000000	0.00000000	0.00000000	0.00000000	0.00001971	0.00000000	0.00000000	0.00000000	0.00003264
k__Bacteria|p__Actinobacteriota|c__RBG_16_55_12	0.00030091	0.00005097	0.00000000	0.00041320	0.00011823	0.00000000	0.00001581	0.00000000	0.00000000	0.00000000	0.00000000	0.00000000	0.00000000	0.00000000
k__Bacteria|p__Actinobacteriota|c__Rubrobacteria	0.00004012	0.00000000	0.00000000	0.00000000	0.00000000	0.00000000	0.00000000	0.00005238	0.00000000	0.00000000	0.00000000	0.00000000	0.00000000	0.00000000
k__Bacteria|p__Actinobacteriota|c__Thermoleophilia	0.00052158	0.00032279	0.00011784	0.00012714	0.00020690	0.00002595	0.00003162	0.00005238	0.00032579	0.00007886	0.00010680	0.00007932	0.00000000	0.00008159
k__Bacteria|p__Actinobacteriota|c__WCHB1_81	0.00016048	0.00003398	0.00010100	0.00009535	0.00000000	0.00023351	0.00000000	0.00005238	0.00009050	0.00000000	0.00000000	0.00000000	0.00000000	0.00001632
k__Bacteria|p__Armatimonadota|c__Chthonomonadetes	0.00000000	0.00003398	0.00000000	0.00000000	0.00008867	0.00002595	0.00000000	0.00000000	0.00000000	0.00000000	0.00000000	0.00000000	0.00000000	0.00000000
k__Bacteria|p__Armatimonadota|c__DG_56	0.00000000	0.00040773	0.00000000	0.00000000	0.00000000	0.00002595	0.00001581	0.00000000	0.00000000	0.00000000	0.00000000	0.00000000	0.00000000	0.00000000
k__Bacteria|p__Armatimonadota|c__Fimbriimonadia	0.00010030	0.00000000	0.00001683	0.00006357	0.00000000	0.00000000	0.00000000	0.00000000	0.00000000	0.00000000	0.00000000	0.00004759	0.00000000	0.00008159
k__Bacteria|p__Bacteroidota|c__Bacteroidia	0.05787478	0.05701471	0.09679646	0.06770072	0.09334082	0.05347274	0.01982671	0.26504173	0.16459431	0.18121599	0.09584535	0.11536631	0.11053980	0.09742008
k__Bacteria|p__Bacteroidota|c__Chlorobia	0.00154466	0.00001699	0.00003367	0.00022249	0.00017734	0.00018162	0.00009486	0.00000000	0.00000000	0.00001971	0.00000000	0.00000000	0.00000000	0.00000000
k__Bacteria|p__Bacteroidota|c__Ignavibacteria	0.00208630	0.00154599	0.00127940	0.00057212	0.00082759	0.00443660	0.00017392	0.00045396	0.00019909	0.00070972	0.00354587	0.00063458	0.00162908	0.00832232
k__Bacteria|p__Bacteroidota|c__OC31	0.00012036	0.00000000	0.00000000	0.00003178	0.00000000	0.00000000	0.00000000	0.00000000	0.00000000	0.00000000	0.00000000	0.00000000	0.00000000	0.00000000
k__Bacteria|p__Bacteroidota|c__Rhodothermia	0.00000000	0.00000000	0.00000000	0.00000000	0.00000000	0.00000000	0.00000000	0.00000000	0.00000000	0.00000000	0.00000000	0.00000000	0.00000000	0.00000000
k__Bacteria|p__Bdellovibrionota|c__Bdellovibrionia	0.00128388	0.00098536	0.00069020	0.00085818	0.00073892	0.00041512	0.00009486	0.00012222	0.00032579	0.00013800	0.00053402	0.00017451	0.00078060	0.00238247
k__Bacteria|p__Bdellovibrionota|c__Oligoflexia	0.00026079	0.00050967	0.00005050	0.00022249	0.00002956	0.00005189	0.00000000	0.00017460	0.00010860	0.00003943	0.00019225	0.00000000	0.00001697	0.00011423
k__Bacteria|p__Berkelbacteria|c__unidentified_Berkelbacteria	0.00002006	0.00001699	0.00000000	0.00000000	0.00000000	0.00000000	0.00000000	0.00000000	0.00000000	0.00000000	0.00000000	0.00000000	0.00000000	0.00000000
k__Bacteria|p__Caldatribacteriota|c__Caldatribacteriia	0.00000000	0.00000000	0.00000000	0.00000000	0.00000000	0.00000000	0.00000000	0.00003492	0.00000000	0.00001971	0.00000000	0.00000000	0.00000000	0.00000000
k__Bacteria|p__Caldisericota|c__Caldisericia	0.00096291	0.00081547	0.00062286	0.00073104	0.00866018	0.00778351	0.00015811	0.00087300	0.00544787	0.00051258	0.00006408	0.00023797	0.00023757	0.00003264
k__Bacteria|p__Calditrichota|c__Calditrichia	0.00032097	0.00035677	0.00015151	0.00015892	0.00050247	0.00005189	0.00001581	0.00000000	0.00000000	0.00003943	0.00000000	0.00000000	0.00000000	0.00000000
k__Bacteria|p__Campylobacterota|c__Campylobacteria	0.01620895	0.00480786	0.01235628	0.11413769	0.09056247	0.01354332	0.00534404	0.04026260	0.03161934	0.14847015	0.07911994	0.04007361	0.05206265	0.01832542
k__Bacteria|p__Candidatus_Falkowbacteria|c__ABY1	0.00002006	0.00000000	0.00001683	0.00000000	0.00008867	0.00000000	0.00000000	0.00003492	0.00001810	0.00003943	0.00000000	0.00000000	0.00000000	0.00000000
k__Bacteria|p__Candidatus_Kaiserbacteria|c__unidentified_Candidatus_Kaiserbacteria	0.00004012	0.00000000	0.00005050	0.00000000	0.00000000	0.00002595	0.00001581	0.00000000	0.00000000	0.00011829	0.00000000	0.00001586	0.00010182	0.00001632
k__Bacteria|p__Candidatus_Magasanikbacteria|c__ABY1	0.00000000	0.00000000	0.00000000	0.00000000	0.00005911	0.00000000	0.00000000	0.00000000	0.00000000	0.00000000	0.00000000	0.00000000	0.00000000	0.00000000
k__Bacteria|p__Candidatus_Pacebacteria|c__Microgenomatia	0.00000000	0.00003398	0.00015151	0.00000000	0.00005911	0.00000000	0.00000000	0.00003492	0.00007240	0.00007886	0.00000000	0.00000000	0.00000000	0.00000000
k__Bacteria|p__Candidatus_Raymondbacteria|c__Fibrobacteria	0.00000000	0.00008494	0.00000000	0.00000000	0.00000000	0.00000000	0.00000000	0.00000000	0.00000000	0.00000000	0.00000000	0.00000000	0.00000000	0.00000000
k__Bacteria|p__Candidatus_Woesebacteria|c__Microgenomatia	0.00000000	0.00006796	0.00000000	0.00000000	0.00000000	0.00000000	0.00000000	0.00000000	0.00000000	0.00000000	0.00000000	0.00000000	0.00000000	0.00000000
k__Bacteria|p__Candidatus_Zambryskibacteria|c__unidentified_Candidatus_Zambryskibacteria	0.00000000	0.00000000	0.00000000	0.00000000	0.00000000	0.00000000	0.00000000	0.00000000	0.00000000	0.00000000	0.00000000	0.00003173	0.00000000	0.00000000
k__Bacteria|p__Chlamydiae|c__unidentified_Chlamydiae	0.00002006	0.00006796	0.00001683	0.00000000	0.00011823	0.00018162	0.00003162	0.00003492	0.00005430	0.00000000	0.00000000	0.00000000	0.00000000	0.00000000
k__Bacteria|p__Chloroflexi|c__AD3	0.00000000	0.00000000	0.00003367	0.00000000	0.00000000	0.00000000	0.00000000	0.00000000	0.00000000	0.00000000	0.00000000	0.00000000	0.00000000	0.00000000
k__Bacteria|p__Chloroflexi|c__Anaerolineae	0.01590804	0.01532398	0.04040200	0.01563791	0.02332043	0.00544846	0.00170756	0.01295527	0.03000851	0.00727466	0.00269145	0.01337373	0.01106416	0.00889346
k__Bacteria|p__Chloroflexi|c__Chloroflexia	0.00008024	0.00006796	0.00011784	0.00000000	0.00000000	0.00000000	0.00003162	0.00000000	0.00005430	0.00000000	0.00006408	0.00001586	0.00005091	0.00021214
k__Bacteria|p__Chloroflexi|c__Dehalococcoidia	0.00387169	0.01817811	0.00102688	0.01220520	0.00292614	0.00072646	0.00069567	0.00013968	0.00010860	0.00003943	0.00002136	0.00033315	0.00005091	0.00035900
k__Bacteria|p__Chloroflexi|c__Gitt_GS_136	0.00008024	0.00013591	0.00013467	0.00003178	0.00008867	0.00002595	0.00000000	0.00001746	0.00003620	0.00000000	0.00002136	0.00019037	0.00006788	0.00027741
k__Bacteria|p__Chloroflexi|c__JG30_KF_CM66	0.00020061	0.00528354	0.00001683	0.00000000	0.00008867	0.00007784	0.00006324	0.00001746	0.00003620	0.00003943	0.00000000	0.00011105	0.00000000	0.00008159
k__Bacteria|p__Chloroflexi|c__KD4_96	0.00226685	0.00295607	0.00144774	0.00139851	0.00041380	0.00046701	0.00020554	0.00010476	0.00001810	0.00023657	0.00027769	0.00019037	0.00023757	0.00045691
k__Bacteria|p__Chloroflexi|c__Ktedonobacteria	0.00002006	0.00006796	0.00001683	0.00000000	0.00002956	0.00000000	0.00000000	0.00000000	0.00000000	0.00000000	0.00000000	0.00000000	0.00000000	0.00000000
k__Bacteria|p__Chloroflexi|c__NLS2_31	0.00002006	0.00000000	0.00000000	0.00009535	0.00000000	0.00000000	0.00004743	0.00000000	0.00000000	0.00000000	0.00000000	0.00000000	0.00000000	0.00000000
k__Bacteria|p__Chloroflexi|c__OLB14	0.00064194	0.00010193	0.00001683	0.00006357	0.00005911	0.00020756	0.00001581	0.00006984	0.00000000	0.00000000	0.00000000	0.00000000	0.00001697	0.00017950
k__Bacteria|p__Chloroflexi|c__P2_11E	0.00004012	0.00013591	0.00000000	0.00000000	0.00005911	0.00000000	0.00000000	0.00000000	0.00000000	0.00000000	0.00004272	0.00000000	0.00000000	0.00000000
k__Bacteria|p__Chloroflexi|c__SHA_26	0.00012036	0.00023784	0.00021884	0.00038141	0.00026601	0.00000000	0.00001581	0.00003492	0.00000000	0.00000000	0.00000000	0.00000000	0.00000000	0.00001632
k__Bacteria|p__Chloroflexi|c__SL56_marine_group	0.00000000	0.00000000	0.00000000	0.00000000	0.00000000	0.00000000	0.00000000	0.00000000	0.00000000	0.00000000	0.00000000	0.00000000	0.00000000	0.00000000
k__Bacteria|p__Chloroflexi|c__TK10	0.00000000	0.00018688	0.00001683	0.00000000	0.00000000	0.00005189	0.00000000	0.00000000	0.00001810	0.00000000	0.00000000	0.00003173	0.00000000	0.00001632
k__Bacteria|p__Cloacimonadota|c__Cloacimonadia	0.00000000	0.00000000	0.00000000	0.00006357	0.00000000	0.00000000	0.00000000	0.00000000	0.00000000	0.00000000	0.00000000	0.00000000	0.00000000	0.00000000
k__Bacteria|p__Cyanobacteria|c__Cyanobacteriia	0.00068206	0.00023784	0.00158241	0.00006357	0.00023646	0.00119347	0.00028459	0.00012222	0.00121265	0.00000000	0.00002136	0.00012692	0.00039030	0.00016318
k__Bacteria|p__Cyanobacteria|c__Sericytochromatia	0.00006018	0.00000000	0.00030301	0.00041320	0.00008867	0.00010378	0.00001581	0.00005238	0.00001810	0.00001971	0.00014952	0.00001586	0.00001697	0.00044059
k__Bacteria|p__Cyanobacteria|c__Vampirivibrionia	0.00014042	0.00006796	0.00003367	0.00028606	0.00035468	0.00002595	0.00003162	0.00024444	0.00083256	0.00005914	0.00000000	0.00001586	0.00005091	0.00000000
k__Bacteria|p__DTB120|c__unidentified_DTB120	0.00004012	0.00000000	0.00010100	0.00000000	0.00000000	0.00002595	0.00001581	0.00000000	0.00001810	0.00000000	0.00000000	0.00000000	0.00003394	0.00006527
k__Bacteria|p__Dadabacteria|c__Dadabacteriia	0.00006018	0.00083246	0.00001683	0.00000000	0.00000000	0.00000000	0.00000000	0.00000000	0.00003620	0.00000000	0.00000000	0.00001586	0.00000000	0.00000000
k__Bacteria|p__Deferribacteres|c__unidentified_Deferribacteres	0.00004012	0.00006796	0.00000000	0.00000000	0.00000000	0.00000000	0.00003162	0.00001746	0.00001810	0.00000000	0.00000000	0.00139607	0.00005091	0.00000000
k__Bacteria|p__Deferrisomatota|c__Defferrisomatia	0.00688078	0.00215759	0.00023568	0.00174814	0.00076848	0.00031134	0.00015811	0.00006984	0.00000000	0.00011829	0.00010680	0.00022210	0.00003394	0.00008159
k__Bacteria|p__Deinococcota|c__Deinococci	0.00002006	0.00000000	0.00016834	0.00000000	0.00000000	0.00000000	0.00001581	0.00015714	0.00137554	0.00009857	0.00051266	0.00000000	0.00123878	0.00013055
k__Bacteria|p__Desulfobacterota|c__Desulfarculia	0.00000000	0.00000000	0.00000000	0.00000000	0.00000000	0.00000000	0.00000000	0.00000000	0.00000000	0.00000000	0.00000000	0.00000000	0.00000000	0.00000000
k__Bacteria|p__Desulfobacterota|c__Desulfobaccia	0.00070212	0.00290510	0.00129623	0.00111245	0.00023646	0.00077835	0.00004743	0.00000000	0.00001810	0.00005914	0.00000000	0.00003173	0.00000000	0.00019582
k__Bacteria|p__Desulfobacterota|c__Desulfobacteria	0.01281871	0.01049913	0.00526909	0.01045706	0.00570449	0.00601925	0.00082216	0.00268883	0.00235290	0.00964041	0.00121756	0.00158645	0.00111999	0.00203978
k__Bacteria|p__Desulfobacterota|c__Desulfobulbia	0.01406247	0.01333628	0.01045402	0.00460873	0.00786215	0.00381392	0.00099608	0.05969550	0.03216231	0.18784008	0.00856563	0.01784751	0.00702540	0.00484653
k__Bacteria|p__Desulfobacterota|c__Desulfomonilia	0.00046139	0.00011892	0.00008417	0.00009535	0.00005911	0.00054485	0.00000000	0.00005238	0.00007240	0.00001971	0.00002136	0.00004759	0.00010182	0.00008159
k__Bacteria|p__Desulfobacterota|c__Desulfovibrionia	0.02351100	0.01799123	0.00239045	0.00505372	0.00975379	0.00521495	0.00101189	0.00845061	0.00242530	0.00270089	0.00115348	0.00161817	0.00035636	0.00050587
k__Bacteria|p__Desulfobacterota|c__Desulfuromonadia	0.02832554	0.02060752	0.01515075	0.00791431	0.00733012	0.02070415	0.00142297	0.00876488	0.02941123	0.04061194	0.00826658	0.00966145	0.00916357	0.00921982
k__Bacteria|p__Desulfobacterota|c__Syntrophia	0.02595839	0.01428766	0.00537010	0.01176022	0.02258150	0.00594142	0.00140716	0.00375388	0.00631663	0.00315433	0.00066218	0.00093600	0.00095030	0.00096278
k__Bacteria|p__Desulfobacterota|c__Syntrophobacteria	0.00128388	0.00355068	0.00175075	0.00171636	0.00115272	0.00124536	0.00009486	0.00034920	0.00101356	0.00199117	0.00019225	0.00053939	0.00049212	0.00058746
k__Bacteria|p__Desulfobacterota|c__Syntrophorhabdia	0.00449357	0.00356767	0.00183492	0.00346450	0.00526114	0.00316530	0.00037946	0.00087300	0.00213571	0.00074915	0.00012816	0.00020624	0.00015273	0.00052218
k__Bacteria|p__Edwardsbacteria|c__unidentified_Edwardsbacteria	0.00004012	0.00010193	0.00000000	0.00009535	0.00002956	0.00000000	0.00000000	0.00000000	0.00000000	0.00000000	0.00000000	0.00000000	0.00000000	0.00000000
k__Bacteria|p__Elusimicrobia|c__unidentified_Elusimicrobia	0.00078236	0.00083246	0.00045452	0.00031784	0.00032513	0.00002595	0.00004743	0.00017460	0.00030769	0.00019715	0.00021361	0.00147539	0.00011879	0.00011423
k__Bacteria|p__Elusimicrobiota|c__4_29	0.00000000	0.00003398	0.00000000	0.00000000	0.00000000	0.00000000	0.00000000	0.00000000	0.00000000	0.00000000	0.00000000	0.00000000	0.00000000	0.00000000
k__Bacteria|p__Elusimicrobiota|c__Endomicrobia	0.00022067	0.00018688	0.00003367	0.00022249	0.00020690	0.00005189	0.00006324	0.00024444	0.00057918	0.00003943	0.00004272	0.00009519	0.00020363	0.00011423
k__Bacteria|p__Elusimicrobiota|c__Lineage_IIa	0.00000000	0.00008494	0.00003367	0.00000000	0.00000000	0.00000000	0.00000000	0.00000000	0.00000000	0.00000000	0.00000000	0.00004759	0.00000000	0.00003264
k__Bacteria|p__Elusimicrobiota|c__Lineage_IIb	0.00008024	0.00005097	0.00003367	0.00006357	0.00008867	0.00002595	0.00000000	0.00003492	0.00003620	0.00000000	0.00000000	0.00004759	0.00001697	0.00009791
k__Bacteria|p__Elusimicrobiota|c__Lineage_IIc	0.00024073	0.00005097	0.00003367	0.00015892	0.00000000	0.00000000	0.00003162	0.00000000	0.00000000	0.00000000	0.00000000	0.00001586	0.00000000	0.00000000
k__Bacteria|p__Elusimicrobiota|c__Rs_M47	0.00000000	0.00003398	0.00000000	0.00000000	0.00000000	0.00000000	0.00000000	0.00000000	0.00000000	0.00000000	0.00000000	0.00000000	0.00000000	0.00000000
k__Bacteria|p__Entotheonellaeota|c__Entotheonellia	0.00006018	0.00003398	0.00000000	0.00000000	0.00000000	0.00000000	0.00000000	0.00000000	0.00000000	0.00000000	0.00000000	0.00001586	0.00000000	0.00000000
k__Bacteria|p__Fibrobacterota|c__Chitinivibrionia	0.00000000	0.00000000	0.00000000	0.00000000	0.00008867	0.00000000	0.00000000	0.00000000	0.00000000	0.00000000	0.00000000	0.00000000	0.00000000	0.00000000
k__Bacteria|p__Fibrobacterota|c__Fibrobacteria	0.00006018	0.00028881	0.00010100	0.00025427	0.00023646	0.00000000	0.00001581	0.00005238	0.00001810	0.00000000	0.00000000	0.00003173	0.00000000	0.00001632
k__Bacteria|p__Firmicutes|c__BRH_c20a	0.00104315	0.00030580	0.00011784	0.00019071	0.00029557	0.00007784	0.00009486	0.00150155	0.00066967	0.00063087	0.00032041	0.00004759	0.00023757	0.00001632
k__Bacteria|p__Firmicutes|c__Bacilli	0.04188650	0.01760049	0.09080349	0.06264700	0.11609967	0.00588953	0.83201050	0.02997870	0.03424372	0.00898983	0.01713126	0.00361710	0.01038538	0.00571140
k__Bacteria|p__Firmicutes|c__Clostridia	0.04792473	0.06358941	0.03245627	0.02895557	0.02589188	0.03196430	0.00918606	0.06124943	0.02580949	0.02556975	0.01450390	0.02528794	0.00783994	0.01117802
k__Bacteria|p__Firmicutes|c__Desulfitobacteriia	0.00036109	0.00067956	0.00011784	0.00019071	0.00047291	0.00018162	0.00000000	0.00031428	0.00014479	0.00023657	0.00034177	0.00022210	0.00027151	0.00004895
k__Bacteria|p__Firmicutes|c__Desulfotomaculia	0.00002006	0.00000000	0.00000000	0.00000000	0.00000000	0.00000000	0.00001581	0.00005238	0.00000000	0.00000000	0.00002136	0.00000000	0.00000000	0.00000000
k__Bacteria|p__Firmicutes|c__Dethiobacteria	0.00000000	0.00000000	0.00000000	0.00000000	0.00000000	0.00000000	0.00000000	0.00003492	0.00000000	0.00000000	0.00000000	0.00000000	0.00000000	0.00000000
k__Bacteria|p__Firmicutes|c__Limnochordia	0.00010030	0.00008494	0.00003367	0.00038141	0.00029557	0.00000000	0.00004743	0.00000000	0.00000000	0.00000000	0.00000000	0.00000000	0.00000000	0.00000000
k__Bacteria|p__Firmicutes|c__Negativicutes	0.00112339	0.00146104	0.02592462	0.00158922	0.00059114	0.00046701	0.00188148	0.00499354	0.00228050	0.00051258	0.00059810	0.00163404	0.00018667	0.01837437
k__Bacteria|p__Firmicutes|c__Syntrophomonadia	0.00090273	0.00054364	0.00062286	0.00120781	0.00605917	0.00005189	0.00030040	0.00087300	0.00032579	0.00011829	0.00017089	0.00001586	0.00006788	0.00006527
k__Bacteria|p__Firmicutes|c__TSAC18	0.00014042	0.00000000	0.00010100	0.00022249	0.00002956	0.00000000	0.00001581	0.00005238	0.00000000	0.00000000	0.00000000	0.00000000	0.00000000	0.00008159
k__Bacteria|p__Firmicutes|c__Thermacetogenia	0.00000000	0.00000000	0.00000000	0.00000000	0.00000000	0.00000000	0.00000000	0.00000000	0.00000000	0.00000000	0.00000000	0.00000000	0.00000000	0.00000000
k__Bacteria|p__Firmicutes|c__Thermoanaerobacteria	0.00000000	0.00000000	0.00000000	0.00000000	0.00000000	0.00000000	0.00000000	0.00000000	0.00000000	0.00000000	0.00000000	0.00000000	0.00000000	0.00000000
k__Bacteria|p__Firmicutes|c__unidentified_Firmicutes	0.00042127	0.00056063	0.00005050	0.00022249	0.00062070	0.00012973	0.00011068	0.00026190	0.00005430	0.00007886	0.00002136	0.00012692	0.00001697	0.00003264
k__Bacteria|p__Fusobacteriota|c__Fusobacteriia	0.00024073	0.00027182	0.04902109	0.00000000	0.00008867	0.00051890	0.00003162	0.00026190	0.00155653	0.00011829	0.00010680	0.00038075	0.00032242	0.04908536
k__Bacteria|p__Gemmatimonadetes|c__unidentified_Gemmatimonadetes	0.00046139	0.00101933	0.00111105	0.00012714	0.00044335	0.00000000	0.00006324	0.00019206	0.00001810	0.00011829	0.00002136	0.00012692	0.00001697	0.00021214
k__Bacteria|p__Gemmatimonadota|c__AKAU4049	0.00002006	0.00000000	0.00000000	0.00009535	0.00005911	0.00000000	0.00000000	0.00000000	0.00000000	0.00000000	0.00000000	0.00000000	0.00000000	0.00001632
k__Bacteria|p__Gemmatimonadota|c__BD2_11_terrestrial_group	0.00002006	0.00006796	0.00006734	0.00000000	0.00000000	0.00000000	0.00000000	0.00000000	0.00000000	0.00000000	0.00000000	0.00000000	0.00000000	0.00000000
k__Bacteria|p__Gemmatimonadota|c__Longimicrobia	0.00000000	0.00000000	0.00000000	0.00000000	0.00000000	0.00000000	0.00000000	0.00000000	0.00000000	0.00000000	0.00000000	0.00000000	0.00000000	0.00000000
k__Bacteria|p__Gemmatimonadota|c__S0134_terrestrial_group	0.00006018	0.00032279	0.00003367	0.00000000	0.00000000	0.00002595	0.00000000	0.00000000	0.00000000	0.00000000	0.00000000	0.00007932	0.00000000	0.00000000
k__Bacteria|p__Gracilibacteria|c__Candidatus_Peribacteria	0.00000000	0.00000000	0.00000000	0.00000000	0.00000000	0.00000000	0.00000000	0.00000000	0.00000000	0.00000000	0.00000000	0.00000000	0.00000000	0.00000000
k__Bacteria|p__Gracilibacteria|c__unidentified_Gracilibacteria	0.00020061	0.00022086	0.00035352	0.00015892	0.00008867	0.00012973	0.00007905	0.00045396	0.00014479	0.00037458	0.00102531	0.00017451	0.00008485	0.00017950
k__Bacteria|p__Hydrogenedentes|c__Hydrogenedentia	0.00022067	0.00066257	0.00016834	0.00031784	0.00023646	0.00038918	0.00001581	0.00010476	0.00005430	0.00013800	0.00004272	0.00003173	0.00000000	0.00008159
k__Bacteria|p__Kapabacteria|c__unidentified_Kapabacteria	0.00030091	0.00030580	0.00011784	0.00022249	0.00011823	0.00046701	0.00003162	0.00010476	0.00010860	0.00007886	0.00006408	0.00012692	0.00016970	0.00071800
k__Bacteria|p__Kryptonia|c__unidentified_Kryptonia	0.00417260	0.00090041	0.00035352	0.00143030	0.00070937	0.00000000	0.00025297	0.00001746	0.00000000	0.00001971	0.00008544	0.00007932	0.00005091	0.00034268
k__Bacteria|p__LCP_89|c__unidentified_LCP_89	0.00000000	0.00005097	0.00000000	0.00000000	0.00000000	0.00000000	0.00000000	0.00000000	0.00000000	0.00000000	0.00000000	0.00000000	0.00000000	0.00000000
k__Bacteria|p__Latescibacteria|c__unidentified_Latescibacteria	0.00068206	0.00088342	0.00048819	0.00031784	0.00035468	0.00010378	0.00003162	0.00000000	0.00007240	0.00000000	0.00000000	0.00000000	0.00000000	0.00003264
k__Bacteria|p__Latescibacterota|c__unidentified_Latescibacterota	0.00012036	0.00091740	0.00000000	0.00000000	0.00000000	0.00000000	0.00001581	0.00000000	0.00000000	0.00000000	0.00000000	0.00000000	0.00000000	0.00000000
k__Bacteria|p__MBNT15|c__unidentified_MBNT15	0.00074224	0.00105331	0.00006734	0.00009535	0.00032513	0.00015567	0.00003162	0.00006984	0.00000000	0.00039429	0.00002136	0.00011105	0.00006788	0.00006527
k__Bacteria|p__Methylomirabilota|c__Methylomirabilia	0.00369115	0.05339608	0.00092588	0.00203420	0.00082759	0.00542252	0.00022135	0.00010476	0.00065157	0.00082801	0.00010680	0.00098360	0.00028848	0.00032637
k__Bacteria|p__Modulibacteria|c__Moduliflexia	0.00082248	0.00059461	0.00006734	0.00069926	0.00053202	0.00012973	0.00000000	0.00064602	0.00005430	0.00005914	0.00004272	0.00000000	0.00000000	0.00001632
k__Bacteria|p__Myxococcota|c__Myxococcia	0.00750266	0.00789983	0.00560578	0.00616617	0.00200987	0.00114158	0.00050594	0.00073332	0.00025339	0.00167574	0.00243512	0.00402957	0.00052606	0.00295361
k__Bacteria|p__Myxococcota|c__Polyangia	0.00585769	0.00490979	0.00191909	0.00400483	0.00348772	0.00142698	0.00060081	0.00082062	0.00048868	0.00057172	0.00046993	0.00046007	0.00027151	0.00158287
k__Bacteria|p__Myxococcota|c__bacteriap25	0.00000000	0.00220856	0.00000000	0.00000000	0.00005911	0.00000000	0.00000000	0.00000000	0.00000000	0.00000000	0.00004272	0.00004759	0.00000000	0.00000000
k__Bacteria|p__Nitrospinota|c__P9X2b3D02	0.00318963	0.00188577	0.00117839	0.00123959	0.00067981	0.00000000	0.00026878	0.00000000	0.00000000	0.00000000	0.00000000	0.00007932	0.00000000	0.00031005
k__Bacteria|p__Nitrospirota|c__4_29_1	0.00900720	0.00518161	0.00101005	0.00143030	0.00094582	0.00010378	0.00039527	0.00000000	0.00001810	0.00000000	0.00004272	0.00015864	0.00001697	0.00032637
k__Bacteria|p__Nitrospirota|c__BMS9AB35	0.00000000	0.00000000	0.00000000	0.00000000	0.00000000	0.00000000	0.00000000	0.00000000	0.00000000	0.00000000	0.00000000	0.00000000	0.00000000	0.00000000
k__Bacteria|p__Nitrospirota|c__HDB_SIOI1093	0.00006018	0.00000000	0.00000000	0.00000000	0.00000000	0.00000000	0.00000000	0.00000000	0.00000000	0.00000000	0.00000000	0.00000000	0.00000000	0.00000000
k__Bacteria|p__Nitrospirota|c__Leptospirillia	0.00054164	0.00129116	0.00001683	0.00003178	0.00002956	0.00000000	0.00003162	0.00001746	0.00000000	0.00000000	0.00000000	0.00003173	0.00000000	0.00000000
k__Bacteria|p__Nitrospirota|c__Nitrospira	0.00254769	0.00265027	0.00037035	0.00146208	0.00103449	0.00298368	0.00030040	0.00061110	0.00025339	0.00070972	0.00760440	0.00210997	0.00089939	0.00357370
k__Bacteria|p__Nitrospirota|c__Thermodesulfovibrionia	0.00016048	0.00000000	0.00000000	0.00003178	0.00005911	0.00000000	0.00000000	0.00000000	0.00000000	0.00000000	0.00000000	0.00000000	0.00000000	0.00000000
k__Bacteria|p__Parcubacteria|c__unidentified_Parcubacteria	0.00000000	0.00000000	0.00000000	0.00000000	0.00000000	0.00000000	0.00000000	0.00000000	0.00000000	0.00000000	0.00000000	0.00000000	0.00000000	0.00000000
k__Bacteria|p__Planctomycetes|c__unidentified_Planctomycetes	0.00004012	0.00001699	0.00001683	0.00000000	0.00000000	0.00000000	0.00006324	0.00000000	0.00000000	0.00003943	0.00000000	0.00001586	0.00001697	0.00006527
k__Bacteria|p__Planctomycetota|c__OM190	0.00014042	0.00000000	0.00005050	0.00000000	0.00000000	0.00000000	0.00001581	0.00000000	0.00000000	0.00003943	0.00002136	0.00003173	0.00001697	0.00001632
k__Bacteria|p__Planctomycetota|c__Phycisphaerae	0.00000000	0.00037376	0.00005050	0.00000000	0.00002956	0.00010378	0.00000000	0.00000000	0.00000000	0.00000000	0.00000000	0.00000000	0.00000000	0.00003264
k__Bacteria|p__Planctomycetota|c__Pla3_lineage	0.00000000	0.00003398	0.00000000	0.00000000	0.00000000	0.00000000	0.00000000	0.00000000	0.00000000	0.00000000	0.00000000	0.00000000	0.00000000	0.00000000
k__Bacteria|p__Planctomycetota|c__Pla4_lineage	0.00002006	0.00015290	0.00000000	0.00015892	0.00000000	0.00000000	0.00000000	0.00000000	0.00000000	0.00000000	0.00000000	0.00000000	0.00000000	0.00000000
k__Bacteria|p__Planctomycetota|c__vadinHA49	0.00012036	0.00000000	0.00000000	0.00009535	0.00000000	0.00000000	0.00000000	0.00000000	0.00000000	0.00000000	0.00000000	0.00003173	0.00000000	0.00000000
k__Bacteria|p__Proteobacteria|c__Alphaproteobacteria	0.01624907	0.04787469	0.06944094	0.04151039	0.04859161	0.05614508	0.00988174	0.04703705	0.05844238	0.02474174	0.07093880	0.10305549	0.11220282	0.14381293
k__Bacteria|p__Proteobacteria|c__Gammaproteobacteria	0.33420931	0.13037274	0.27717455	0.34536902	0.26754943	0.39929429	0.06357513	0.21369208	0.21538072	0.17597193	0.44470789	0.40175144	0.44419556	0.33661331
k__Bacteria|p__Proteobacteria|c__Magnetococcia	0.00000000	0.00000000	0.00000000	0.00000000	0.00000000	0.00000000	0.00000000	0.00000000	0.00000000	0.00000000	0.00000000	0.00000000	0.00000000	0.00000000
k__Bacteria|p__SAR324_clade_Marine_group_B_|c__unidentified_SAR324_clade_Marine_group_B_	0.00020061	0.00013591	0.00003367	0.00000000	0.00011823	0.00031134	0.00000000	0.00003492	0.00000000	0.00000000	0.00002136	0.00000000	0.00003394	0.00003264
k__Bacteria|p__Schekmanbacteria|c__unidentified_Schekmanbacteria	0.00000000	0.00011892	0.00000000	0.00000000	0.00000000	0.00000000	0.00000000	0.00000000	0.00000000	0.00000000	0.00000000	0.00000000	0.00000000	0.00000000
k__Bacteria|p__Spirochaetota|c__Brachyspirae	0.00000000	0.00000000	0.00000000	0.00000000	0.00000000	0.00000000	0.00000000	0.00000000	0.00021719	0.00000000	0.00000000	0.00000000	0.00000000	0.00000000
k__Bacteria|p__Spirochaetota|c__Brevinematia	0.00000000	0.00003398	0.00000000	0.00000000	0.00000000	0.00000000	0.00000000	0.00000000	0.00220810	0.00000000	0.00004272	0.00000000	0.00000000	0.00000000
k__Bacteria|p__Spirochaetota|c__Leptospirae	0.00294891	0.00093439	0.00011784	0.00139851	0.00200987	0.00036323	0.00045851	0.00048888	0.00030769	0.00013800	0.00002136	0.00015864	0.00006788	0.00004895
k__Bacteria|p__Spirochaetota|c__MVP_15	0.00170515	0.00081547	0.00045452	0.00028606	0.00038424	0.00010378	0.00007905	0.00137933	0.00023529	0.00025629	0.00032041	0.00044420	0.00011879	0.00006527
k__Bacteria|p__Spirochaetota|c__Spirochaetia	0.00341030	0.00343176	0.00473040	0.00187528	0.00150740	0.00334691	0.00020554	0.00064602	0.00041628	0.00106458	0.00008544	0.00004759	0.00011879	0.00101173
k__Bacteria|p__Spirochaetota|c__V2072_189E03	0.00004012	0.00000000	0.00000000	0.00003178	0.00002956	0.00000000	0.00000000	0.00033174	0.00009050	0.00007886	0.00008544	0.00000000	0.00000000	0.00000000
k__Bacteria|p__Sumerlaeota|c__Sumerlaeia	0.00014042	0.00042472	0.00003367	0.00003178	0.00011823	0.00002595	0.00001581	0.00006984	0.00003620	0.00007886	0.00000000	0.00007932	0.00001697	0.00000000
k__Bacteria|p__Sva0485|c__unidentified_Sva0485	0.00026079	0.00035677	0.00006734	0.00012714	0.00002956	0.00000000	0.00000000	0.00000000	0.00000000	0.00000000	0.00000000	0.00000000	0.00000000	0.00000000
k__Bacteria|p__Synergistota|c__Synergistia	0.00373127	0.00137610	0.00562261	0.00092175	0.00165519	0.00070052	0.00039527	0.00803157	0.00959259	0.00412034	0.00102531	0.00042834	0.00096727	0.00052218
k__Bacteria|p__Thermotogae|c__unidentified_Thermotogae	0.00000000	0.00000000	0.00000000	0.00000000	0.00000000	0.00000000	0.00000000	0.00000000	0.00000000	0.00000000	0.00000000	0.00000000	0.00000000	0.00000000
k__Bacteria|p__Verrucomicrobiota|c__Kiritimatiellae	0.00028085	0.00040773	0.00005050	0.00006357	0.00014778	0.00007784	0.00011068	0.00024444	0.00012669	0.00015772	0.00008544	0.00000000	0.00001697	0.00004895
k__Bacteria|p__Verrucomicrobiota|c__Lentisphaeria	0.00008024	0.00011892	0.00005050	0.00009535	0.00020690	0.00000000	0.00000000	0.00003492	0.00000000	0.00001971	0.00000000	0.00001586	0.00000000	0.00000000
k__Bacteria|p__Verrucomicrobiota|c__Omnitrophia	0.00006018	0.00022086	0.00000000	0.00012714	0.00000000	0.00005189	0.00000000	0.00000000	0.00003620	0.00000000	0.00000000	0.00000000	0.00000000	0.00000000
k__Bacteria|p__Verrucomicrobiota|c__Verrucomicrobiae	0.00415254	0.00852842	0.00638015	0.00276524	0.00573405	0.00425499	0.00036365	0.00108252	0.00101356	0.00031543	0.00019225	0.00269696	0.00023757	0.00318206
k__Bacteria|p__WPS_2|c__unidentified_WPS_2	0.00022067	0.00052666	0.00026935	0.00003178	0.00029557	0.00010378	0.00001581	0.00005238	0.00003620	0.00005914	0.00002136	0.00007932	0.00001697	0.00000000
k__Bacteria|p__Zixibacteria|c__unidentified_Zixibacteria	0.00006018	0.00073052	0.00003367	0.00009535	0.00002956	0.00033729	0.00000000	0.00000000	0.00000000	0.00000000	0.00000000	0.00000000	0.00000000	0.00003264
k__Bacteria|p__unidentified_Bacteria|c__Acidimicrobiia	0.00373127	0.00174986	0.00414120	0.00279702	0.00195076	0.00627870	0.00022135	0.00029682	0.00019909	0.00069001	0.00029905	0.00033315	0.00013576	0.00114228
k__Bacteria|p__unidentified_Bacteria|c__Acidobacteriae	0.00034103	0.00482484	0.00020201	0.00012714	0.00000000	0.00179021	0.00000000	0.00000000	0.00003620	0.00017743	0.00010680	0.00012692	0.00000000	0.00000000
k__Bacteria|p__unidentified_Bacteria|c__Alphaproteobacteria	0.00216654	0.00244640	0.00439372	0.00301952	0.00266012	0.00433282	0.00047432	0.00214757	0.00244339	0.00159688	0.00284097	0.00150712	0.00256241	0.00766959
k__Bacteria|p__unidentified_Bacteria|c__Anaerolineae	0.00569721	0.00608202	0.01154824	0.00349628	0.00419709	0.00168643	0.00045851	0.03160247	0.17811442	0.00469206	0.00117484	0.01064505	0.00461572	0.00238247
k__Bacteria|p__unidentified_Bacteria|c__Babeliae	0.00038115	0.00013591	0.00011784	0.00022249	0.00041380	0.00236100	0.00004743	0.00000000	0.00028959	0.00017743	0.00000000	0.00000000	0.00000000	0.00000000
k__Bacteria|p__unidentified_Bacteria|c__Bacilli	0.00110333	0.00040773	0.00000000	0.00012714	0.00073892	0.00000000	0.00071148	0.00036666	0.00000000	0.00007886	0.00042721	0.00004759	0.00000000	0.00000000
k__Bacteria|p__unidentified_Bacteria|c__Bacteroidia	0.00649963	0.00387347	0.00289548	0.00295595	0.00780303	0.00124536	0.00074311	0.00736809	0.00457910	0.00445548	0.00390900	0.00520354	0.01851380	0.00350843
k__Bacteria|p__unidentified_Bacteria|c__CPR2	0.00016048	0.00010193	0.00000000	0.00000000	0.00005911	0.00000000	0.00000000	0.00003492	0.00001810	0.00005914	0.00000000	0.00003173	0.00001697	0.00000000
k__Bacteria|p__unidentified_Bacteria|c__Campylobacteria	0.00034103	0.00049268	0.00020201	0.00019071	0.00076848	0.00033729	0.00001581	0.00064602	0.00104975	0.00035486	0.00046993	0.00036488	0.00039030	0.00004895
k__Bacteria|p__unidentified_Bacteria|c__Chitinivibrionia	0.00034103	0.00000000	0.00000000	0.00003178	0.00008867	0.00010378	0.00006324	0.00000000	0.00000000	0.00000000	0.00000000	0.00000000	0.00000000	0.00001632
k__Bacteria|p__unidentified_Bacteria|c__Chloroflexia	0.00008024	0.00000000	0.00000000	0.00000000	0.00002956	0.00000000	0.00000000	0.00005238	0.00000000	0.00000000	0.00000000	0.00000000	0.00000000	0.00000000
k__Bacteria|p__unidentified_Bacteria|c__Clostridia	0.00365103	0.00710136	0.00099322	0.00092175	0.00183253	0.00230911	0.00075892	0.00570940	0.00309497	0.00212917	0.00072626	0.00153885	0.00047515	0.00052218
k__Bacteria|p__unidentified_Bacteria|c__Coriobacteriia	0.00004012	0.00013591	0.00000000	0.00000000	0.00026601	0.00002595	0.00001581	0.00003492	0.00003620	0.00003943	0.00000000	0.00000000	0.00000000	0.00000000
k__Bacteria|p__unidentified_Bacteria|c__Dehalococcoidia	0.00012036	0.00040773	0.00013467	0.00031784	0.00035468	0.00007784	0.00001581	0.00006984	0.00000000	0.00000000	0.00000000	0.00000000	0.00000000	0.00004895
k__Bacteria|p__unidentified_Bacteria|c__Desulfarculia	0.00008024	0.00005097	0.00001683	0.00009535	0.00002956	0.00000000	0.00000000	0.00000000	0.00000000	0.00001971	0.00000000	0.00000000	0.00000000	0.00000000
k__Bacteria|p__unidentified_Bacteria|c__Desulfitobacteriia	0.00002006	0.00000000	0.00001683	0.00000000	0.00000000	0.00002595	0.00001581	0.00008730	0.00001810	0.00015772	0.00000000	0.00004759	0.00005091	0.00000000
k__Bacteria|p__unidentified_Bacteria|c__Desulfobacteria	0.00160485	0.00088342	0.00006734	0.00041320	0.00014778	0.00041512	0.00015811	0.00003492	0.00001810	0.00007886	0.00002136	0.00000000	0.00000000	0.00004895
k__Bacteria|p__unidentified_Bacteria|c__Desulfobulbia	0.00455375	0.00361863	0.00090904	0.00155743	0.00065025	0.00267234	0.00015811	0.00015714	0.00005430	0.00025629	0.00096123	0.00268109	0.00025454	0.00039164
k__Bacteria|p__unidentified_Bacteria|c__Desulfovibrionia	0.00048145	0.00073052	0.00001683	0.00006357	0.00017734	0.00000000	0.00006324	0.00000000	0.00001810	0.00000000	0.00004272	0.00252245	0.00000000	0.00000000
k__Bacteria|p__unidentified_Bacteria|c__Desulfuromonadia	0.00154466	0.00139309	0.00058920	0.00028606	0.00041380	0.00446255	0.00006324	0.00001746	0.00003620	0.00031543	0.00002136	0.00004759	0.00003394	0.00022846
k__Bacteria|p__unidentified_Bacteria|c__Dethiobacteria	0.00000000	0.00000000	0.00000000	0.00000000	0.00000000	0.00000000	0.00000000	0.00000000	0.00000000	0.00000000	0.00000000	0.00000000	0.00000000	0.00000000
k__Bacteria|p__unidentified_Bacteria|c__Fibrobacteria	0.00006018	0.00000000	0.00067337	0.00000000	0.00000000	0.00000000	0.00001581	0.00005238	0.00003620	0.00000000	0.00000000	0.00001586	0.00000000	0.00011423
k__Bacteria|p__unidentified_Bacteria|c__Fusobacteriia	0.00024073	0.00015290	0.00008417	0.00000000	0.00000000	0.00005189	0.00004743	0.00024444	0.00168323	0.00015772	0.00004272	0.00000000	0.00016970	0.00003264
k__Bacteria|p__unidentified_Bacteria|c__Gammaproteobacteria	0.01031114	0.00523258	0.04395401	0.03785519	0.01167499	0.02423268	0.00194473	0.00644271	0.00651572	0.00772810	0.06858913	0.02593838	0.04289908	0.07666324
k__Bacteria|p__unidentified_Bacteria|c__Holophagae	0.00008024	0.00023784	0.00005050	0.00000000	0.00002956	0.00000000	0.00000000	0.00001746	0.00000000	0.00000000	0.00000000	0.00001586	0.00001697	0.00000000
k__Bacteria|p__unidentified_Bacteria|c__Kazania	0.00000000	0.00000000	0.00000000	0.00000000	0.00000000	0.00000000	0.00000000	0.00000000	0.00000000	0.00000000	0.00000000	0.00000000	0.00000000	0.00000000
k__Bacteria|p__unidentified_Bacteria|c__Ktedonobacteria	0.00000000	0.00000000	0.00000000	0.00006357	0.00000000	0.00000000	0.00000000	0.00000000	0.00000000	0.00000000	0.00000000	0.00000000	0.00000000	0.00000000
k__Bacteria|p__unidentified_Bacteria|c__Leptospirae	0.00000000	0.00000000	0.00000000	0.00000000	0.00000000	0.00000000	0.00000000	0.00000000	0.00000000	0.00000000	0.00000000	0.00000000	0.00000000	0.00000000
k__Bacteria|p__unidentified_Bacteria|c__Myxococcia	0.00000000	0.00000000	0.00003367	0.00000000	0.00000000	0.00000000	0.00000000	0.00000000	0.00000000	0.00000000	0.00000000	0.00000000	0.00000000	0.00000000
k__Bacteria|p__unidentified_Bacteria|c__Negativicutes	0.00136412	0.00054364	0.00008417	0.00009535	0.00082759	0.00015567	0.00047432	0.00490624	0.00190042	0.00070972	0.00053402	0.00034902	0.00025454	0.00022846
k__Bacteria|p__unidentified_Bacteria|c__Oligoflexia	0.00002006	0.00000000	0.00015151	0.00006357	0.00000000	0.00018162	0.00001581	0.00006984	0.00000000	0.00000000	0.00004272	0.00000000	0.00008485	0.00060378
k__Bacteria|p__unidentified_Bacteria|c__Phycisphaerae	0.00000000	0.00000000	0.00000000	0.00000000	0.00000000	0.00000000	0.00000000	0.00000000	0.00000000	0.00000000	0.00000000	0.00000000	0.00000000	0.00000000
k__Bacteria|p__unidentified_Bacteria|c__Polyangia	0.00032097	0.00015290	0.00000000	0.00057212	0.00198032	0.00095997	0.00006324	0.00001746	0.00000000	0.00027600	0.00000000	0.00000000	0.00003394	0.00003264
k__Bacteria|p__unidentified_Bacteria|c__Rhodothermia	0.00014042	0.00000000	0.00000000	0.00006357	0.00000000	0.00000000	0.00001581	0.00000000	0.00000000	0.00000000	0.00000000	0.00000000	0.00000000	0.00000000
k__Bacteria|p__unidentified_Bacteria|c__Saccharimonadia	0.00092279	0.00127417	0.00292914	0.00136673	0.00257145	0.00038918	0.00113838	0.00366659	0.00199091	0.00534264	0.00222151	0.00053939	0.00125575	0.00275779
k__Bacteria|p__unidentified_Bacteria|c__Spirochaetia	0.00220666	0.00220856	0.00021884	0.00092175	0.00079804	0.00023351	0.00011068	0.00054126	0.00030769	0.00031543	0.00014952	0.00011105	0.00023757	0.00029373
k__Bacteria|p__unidentified_Bacteria|c__Sumerlaeia	0.00000000	0.00000000	0.00000000	0.00000000	0.00005911	0.00002595	0.00000000	0.00000000	0.00000000	0.00000000	0.00000000	0.00000000	0.00000000	0.00000000
k__Bacteria|p__unidentified_Bacteria|c__Symbiobacteriia	0.00000000	0.00000000	0.00000000	0.00000000	0.00000000	0.00000000	0.00000000	0.00000000	0.00000000	0.00000000	0.00000000	0.00000000	0.00000000	0.00000000
k__Bacteria|p__unidentified_Bacteria|c__Synergistia	0.00138418	0.00079848	0.00015151	0.00028606	0.00014778	0.00033729	0.00006324	0.00593638	0.00700440	0.00102516	0.00044857	0.00096773	0.00081454	0.00037532
k__Bacteria|p__unidentified_Bacteria|c__Syntrophia	0.00318963	0.00210662	0.00069020	0.00216134	0.00277835	0.00433282	0.00015811	0.00061110	0.00213571	0.00047315	0.00004272	0.00047593	0.00018667	0.00021214
k__Bacteria|p__unidentified_Bacteria|c__Syntrophobacteria	0.00244739	0.00219157	0.00109422	0.00171636	0.00070937	0.00090808	0.00006324	0.00008730	0.00000000	0.00005914	0.00002136	0.00011105	0.00003394	0.00009791
k__Bacteria|p__unidentified_Bacteria|c__Syntrophomonadia	0.00000000	0.00000000	0.00000000	0.00000000	0.00005911	0.00000000	0.00000000	0.00001746	0.00000000	0.00000000	0.00000000	0.00000000	0.00000000	0.00000000
k__Bacteria|p__unidentified_Bacteria|c__Thermodesulfovibrionia	0.01719192	0.01724372	0.00725553	0.01239591	0.00381285	0.00404743	0.00099608	0.00010476	0.00010860	0.00023657	0.00027769	0.00036488	0.00018667	0.00110964
k__Bacteria|p__unidentified_Bacteria|c__Thermoleophilia	0.00170515	0.00174986	0.00186859	0.00177992	0.00209854	0.00064863	0.00034784	0.00057618	0.00130314	0.00114344	0.00032041	0.00034902	0.00028848	0.00024477
k__Bacteria|p__unidentified_Bacteria|c__Verrucomicrobiae	0.00016048	0.00011892	0.00094271	0.00006357	0.00005911	0.00018162	0.00007905	0.00001746	0.00000000	0.00000000	0.00002136	0.00000000	0.00000000	0.00037532
k__Bacteria|p__unidentified_Bacteria|c__Vicinamibacteria	0.00609842	0.00594611	0.00538693	0.00394126	0.00316259	0.00264639	0.00034784	0.00036666	0.00021719	0.00065058	0.00046993	0.00106292	0.00015273	0.00122387
k__Bacteria|p__unidentified_Bacteria|c__WWE3	0.00012036	0.00000000	0.00003367	0.00006357	0.00002956	0.00000000	0.00000000	0.00000000	0.00001810	0.00000000	0.00002136	0.00000000	0.00000000	0.00000000
k__Bacteria|p__unidentified_Bacteria|c__unidentified_Bacteria	0.00810448	0.01056709	0.00220528	0.00394126	0.00254190	0.00223127	0.00036365	0.00115236	0.00083256	0.00074915	0.00309730	0.00540978	0.00108605	0.00393270
k__Archaea|p__Aenigmarchaeota|c__Aenigmarchaeia|o__Aenigmarchaeales	0.00000000	0.00006796	0.00000000	0.00000000	0.00000000	0.00000000	0.00000000	0.00000000	0.00000000	0.00000000	0.00000000	0.00000000	0.00000000	0.00000000
k__Archaea|p__Crenarchaeota|c__Bathyarchaeia|o__unidentified_Bathyarchaeia	0.00140424	0.01024430	0.00025251	0.00390948	0.00156652	0.00057079	0.00000000	0.00024444	0.00001810	0.00000000	0.00000000	0.00000000	0.00000000	0.00000000
k__Archaea|p__Crenarchaeota|c__Methanomethylicia|o__Methanomethyliales	0.00014042	0.00113826	0.00001683	0.00012714	0.00008867	0.00007784	0.00000000	0.00000000	0.00005430	0.00000000	0.00000000	0.00000000	0.00000000	0.00000000
k__Archaea|p__Crenarchaeota|c__Nitrososphaeria|o__Caldiarchaeales	0.00000000	0.00049268	0.00000000	0.00000000	0.00000000	0.00000000	0.00000000	0.00000000	0.00000000	0.00000000	0.00000000	0.00000000	0.00000000	0.00000000
k__Archaea|p__Crenarchaeota|c__Nitrososphaeria|o__Group_1.1c	0.00000000	0.00005097	0.00000000	0.00000000	0.00000000	0.00000000	0.00000000	0.00000000	0.00000000	0.00000000	0.00000000	0.00000000	0.00000000	0.00000000
k__Archaea|p__Crenarchaeota|c__Nitrososphaeria|o__Marine_Benthic_Group_A	0.00000000	0.00020387	0.00000000	0.00000000	0.00000000	0.00000000	0.00000000	0.00000000	0.00000000	0.00000000	0.00000000	0.00000000	0.00000000	0.00000000
k__Archaea|p__Crenarchaeota|c__Nitrososphaeria|o__Nitrosopumilales	0.00066200	0.00000000	0.00000000	0.00006357	0.00000000	0.00000000	0.00000000	0.00000000	0.00000000	0.00000000	0.00002136	0.00000000	0.00001697	0.00004895
k__Archaea|p__Crenarchaeota|c__Nitrososphaeria|o__Nitrososphaerales	0.00000000	0.00010193	0.00000000	0.00000000	0.00000000	0.00000000	0.00000000	0.00000000	0.00000000	0.00000000	0.00000000	0.00000000	0.00000000	0.00000000
k__Archaea|p__Crenarchaeota|c__Nitrososphaeria|o__Nitrosotaleales	0.00002006	0.00023784	0.00000000	0.00000000	0.00000000	0.00000000	0.00000000	0.00000000	0.00000000	0.00000000	0.00000000	0.00000000	0.00000000	0.00000000
k__Archaea|p__Crenarchaeota|c__Nitrososphaeria|o__SCGC_AB_179_E04	0.00006018	0.00008494	0.00000000	0.00000000	0.00000000	0.00000000	0.00000000	0.00000000	0.00000000	0.00000000	0.00000000	0.00001586	0.00000000	0.00000000
k__Archaea|p__Euryarchaeota|c__Methanobacteria|o__Methanobacteriales	0.00034103	0.00016989	0.00030301	0.00012714	0.00088671	0.00020756	0.00000000	0.00242693	0.00057918	0.00000000	0.00000000	0.00007932	0.00001697	0.00001632
k__Archaea|p__Euryarchaeota|c__Thermococci|o__Methanofastidiosales	0.00084254	0.00011892	0.00003367	0.00019071	0.00062070	0.00000000	0.00000000	0.00003492	0.00001810	0.00000000	0.00000000	0.00000000	0.00000000	0.00000000
k__Archaea|p__Hadarchaeota|c__Hadarchaeia|o__unidentified_Hadarchaeia	0.00000000	0.00006796	0.00000000	0.00000000	0.00000000	0.00000000	0.00000000	0.00000000	0.00000000	0.00000000	0.00000000	0.00000000	0.00000000	0.00000000
k__Archaea|p__Halobacterota|c__ANME_1|o__ANME_1a	0.00000000	0.00005097	0.00000000	0.00003178	0.00000000	0.00000000	0.00000000	0.00000000	0.00000000	0.00000000	0.00000000	0.00000000	0.00000000	0.00000000
k__Archaea|p__Halobacterota|c__Methanocellia|o__Methanocellales	0.00000000	0.00003398	0.00000000	0.00000000	0.00005911	0.00002595	0.00000000	0.00000000	0.00000000	0.00000000	0.00000000	0.00000000	0.00000000	0.00001632
k__Archaea|p__Halobacterota|c__Methanomicrobia|o__Methanomicrobiales	0.00445345	0.00112127	0.00107739	0.00295595	0.00756658	0.00838025	0.00006324	0.00696651	0.00436191	0.00009857	0.00002136	0.00017451	0.00010182	0.00006527
k__Archaea|p__Halobacterota|c__Methanosarcinia|o__Methanosarciniales	0.02724227	0.01681900	0.00444422	0.01134702	0.02813821	0.00550035	0.00039527	0.04501170	0.03037049	0.00090687	0.00010680	0.00057112	0.00011879	0.00022846
k__Archaea|p__Nanoarchaeota|c__Nanoarchaeia|o__Woesearchaeales	0.00054164	0.00049268	0.00005050	0.00041320	0.00026601	0.00000000	0.00003162	0.00000000	0.00016289	0.00043372	0.00006408	0.00039661	0.00000000	0.00013055
k__Archaea|p__Thermoplasmatota|c__Thermoplasmata|o__Marine_Benthic_Group_D_and_DHVEG_1	0.00012036	0.00057762	0.00008417	0.00019071	0.00000000	0.00000000	0.00000000	0.00000000	0.00000000	0.00000000	0.00000000	0.00000000	0.00000000	0.00000000
k__Archaea|p__Thermoplasmatota|c__Thermoplasmata|o__Methanomassiliicoccales	0.00000000	0.00000000	0.00000000	0.00003178	0.00005911	0.00000000	0.00000000	0.00005238	0.00001810	0.00000000	0.00000000	0.00000000	0.00000000	0.00000000
k__Archaea|p__Thermoplasmatota|c__Thermoplasmata|o__SG8_5	0.00090273	0.00154599	0.00003367	0.00038141	0.00002956	0.00000000	0.00000000	0.00000000	0.00000000	0.00000000	0.00000000	0.00000000	0.00000000	0.00000000
k__Archaea|p__unidentified_Archaea|c__Hydrothermarchaeia|o__Hydrothermarchaeales	0.00008024	0.00000000	0.00000000	0.00000000	0.00000000	0.00000000	0.00000000	0.00000000	0.00000000	0.00000000	0.00000000	0.00000000	0.00000000	0.00000000
k__Archaea|p__unidentified_Archaea|c__Methanocellia|o__Methanocellales	0.00008024	0.00015290	0.00000000	0.00000000	0.00000000	0.00000000	0.00000000	0.00000000	0.00000000	0.00000000	0.00000000	0.00000000	0.00000000	0.00000000
k__Archaea|p__unidentified_Archaea|c__Methanomicrobia|o__Methanomicrobiales	0.00050151	0.00016989	0.00006734	0.00012714	0.00000000	0.00007784	0.00000000	0.00010476	0.00012669	0.00000000	0.00000000	0.00000000	0.00000000	0.00000000
k__Archaea|p__unidentified_Archaea|c__Thermoplasmata|o__Methanomassiliicoccales	0.00561696	0.02154191	0.00028618	0.01013922	0.00053202	0.00085619	0.00001581	0.00003492	0.00018099	0.00005914	0.00000000	0.00001586	0.00001697	0.00000000
k__Bacteria|p__Abditibacteriota|c__Abditibacteria|o__Abditibacteriales	0.00000000	0.00000000	0.00000000	0.00000000	0.00000000	0.00000000	0.00000000	0.00000000	0.00000000	0.00000000	0.00000000	0.00000000	0.00000000	0.00004895
k__Bacteria|p__Acidobacteriota|c__Acidobacteriae|o__AKIW659	0.00006018	0.00045870	0.00001683	0.00012714	0.00005911	0.00000000	0.00000000	0.00000000	0.00000000	0.00000000	0.00000000	0.00003173	0.00000000	0.00000000
k__Bacteria|p__Acidobacteriota|c__Acidobacteriae|o__Acidobacteriales	0.00012036	0.00154599	0.00016834	0.00009535	0.00008867	0.00716083	0.00001581	0.00006984	0.00001810	0.00049286	0.00000000	0.00015864	0.00000000	0.00000000
k__Bacteria|p__Acidobacteriota|c__Acidobacteriae|o__Bryobacterales	0.00050151	0.00056063	0.00021884	0.00041320	0.00014778	0.00000000	0.00004743	0.00006984	0.00005430	0.00017743	0.00029905	0.00009519	0.00023757	0.00037532
k__Bacteria|p__Acidobacteriota|c__Acidobacteriae|o__Elev_16S_1166	0.00002006	0.00000000	0.00000000	0.00000000	0.00000000	0.00000000	0.00001581	0.00000000	0.00000000	0.00000000	0.00002136	0.00000000	0.00000000	0.00000000
k__Bacteria|p__Acidobacteriota|c__Acidobacteriae|o__GOUTB8	0.00040121	0.00018688	0.00013467	0.00028606	0.00044335	0.00038918	0.00003162	0.00000000	0.00007240	0.00001971	0.00000000	0.00000000	0.00001697	0.00000000
k__Bacteria|p__Acidobacteriota|c__Acidobacteriae|o__PAUC26f	0.00016048	0.00081547	0.00000000	0.00012714	0.00005911	0.00000000	0.00006324	0.00000000	0.00000000	0.00000000	0.00000000	0.00003173	0.00000000	0.00006527
k__Bacteria|p__Acidobacteriota|c__Acidobacteriae|o__Solibacterales	0.00034103	0.00062859	0.00021884	0.00041320	0.00026601	0.00023351	0.00000000	0.00005238	0.00000000	0.00000000	0.00008544	0.00009519	0.00001697	0.00001632
k__Bacteria|p__Acidobacteriota|c__Acidobacteriae|o__Subgroup_12	0.00000000	0.00095138	0.00003367	0.00000000	0.00000000	0.00000000	0.00000000	0.00000000	0.00000000	0.00000000	0.00000000	0.00007932	0.00000000	0.00000000
k__Bacteria|p__Acidobacteriota|c__Acidobacteriae|o__Subgroup_13	0.00020061	0.00375454	0.00000000	0.00006357	0.00011823	0.00031134	0.00000000	0.00006984	0.00001810	0.00000000	0.00000000	0.00007932	0.00000000	0.00000000
k__Bacteria|p__Acidobacteriota|c__Acidobacteriae|o__Subgroup_15	0.00004012	0.00394142	0.00000000	0.00000000	0.00000000	0.00002595	0.00000000	0.00000000	0.00000000	0.00000000	0.00000000	0.00001586	0.00000000	0.00000000
k__Bacteria|p__Acidobacteriota|c__Acidobacteriae|o__Subgroup_2	0.00120363	0.02908498	0.00013467	0.00022249	0.00020690	0.00005189	0.00009486	0.00000000	0.00000000	0.00003943	0.00000000	0.00033315	0.00001697	0.00009791
k__Bacteria|p__Acidobacteriota|c__Acidobacteriae|o__unidentified_Acidobacteriae	0.00076230	0.00035677	0.00023568	0.00092175	0.00065025	0.00088213	0.00014230	0.00010476	0.00009050	0.00021686	0.00027769	0.00039661	0.00015273	0.00039164
k__Bacteria|p__Acidobacteriota|c__Aminicenantia|o__Aminicenantales	0.00706133	0.01274167	0.00361935	0.00591189	0.00750746	0.00168643	0.00055338	0.00019206	0.00079637	0.00021686	0.00004272	0.00019037	0.00018667	0.00062009
k__Bacteria|p__Acidobacteriota|c__Blastocatellia|o__11_24	0.00016048	0.00000000	0.00000000	0.00006357	0.00000000	0.00000000	0.00000000	0.00000000	0.00000000	0.00000000	0.00000000	0.00000000	0.00000000	0.00000000
k__Bacteria|p__Acidobacteriota|c__Blastocatellia|o__Blastocatellales	0.00002006	0.00000000	0.00000000	0.00000000	0.00011823	0.00000000	0.00001581	0.00008730	0.00000000	0.00000000	0.00008544	0.00004759	0.00000000	0.00016318
k__Bacteria|p__Acidobacteriota|c__Blastocatellia|o__DS_100	0.00008024	0.00001699	0.00000000	0.00000000	0.00002956	0.00000000	0.00000000	0.00000000	0.00000000	0.00000000	0.00000000	0.00001586	0.00000000	0.00000000
k__Bacteria|p__Acidobacteriota|c__Blastocatellia|o__Pyrinomonadales	0.00000000	0.00010193	0.00000000	0.00000000	0.00008867	0.00000000	0.00000000	0.00000000	0.00000000	0.00000000	0.00000000	0.00000000	0.00000000	0.00000000
k__Bacteria|p__Acidobacteriota|c__Holophagae|o__Holophagales	0.00062188	0.00346573	0.00149824	0.00060390	0.00041380	0.01320603	0.00015811	0.00293327	0.00892292	0.00417948	0.02785432	0.04597519	0.02952706	0.01147174
k__Bacteria|p__Acidobacteriota|c__Holophagae|o__Subgroup_7	0.00100303	0.00202168	0.00057236	0.00063569	0.00059114	0.00173832	0.00006324	0.00031428	0.00038008	0.00023657	0.00010680	0.00058698	0.00032242	0.00071800
k__Bacteria|p__Acidobacteriota|c__Thermoanaerobaculia|o__Thermoanaerobaculales	0.00349054	0.00295607	0.00181809	0.00298773	0.00257145	0.07370988	0.00037946	0.00054126	0.00063347	0.00283889	0.00023497	0.00042834	0.00032242	0.00096278
k__Bacteria|p__Acidobacteriota|c__Vicinamibacteria|o__Subgroup_17	0.00146442	0.00210662	0.00087538	0.00076282	0.00038424	0.00044107	0.00022135	0.00033174	0.00000000	0.00011829	0.00027769	0.00020624	0.00003394	0.00075064
k__Bacteria|p__Acidobacteriota|c__Vicinamibacteria|o__Subgroup_9	0.00008024	0.00022086	0.00000000	0.00000000	0.00000000	0.00000000	0.00000000	0.00000000	0.00000000	0.00000000	0.00000000	0.00000000	0.00000000	0.00000000
k__Bacteria|p__Acidobacteriota|c__Vicinamibacteria|o__Vicinamibacterales	0.00154466	0.00064558	0.00132990	0.00085818	0.00076848	0.00098591	0.00007905	0.00010476	0.00009050	0.00035486	0.00070490	0.00315703	0.00061090	0.00505866
k__Bacteria|p__Acidobacteriota|c__unidentified_Acidobacteriota|o__unidentified_Acidobacteriota	0.00000000	0.00003398	0.00000000	0.00000000	0.00000000	0.00000000	0.00000000	0.00000000	0.00000000	0.00000000	0.00000000	0.00000000	0.00000000	0.00000000
k__Bacteria|p__Actinobacteria|c__unidentified_Actinobacteria|o__Actinomycetales	0.00008024	0.00011892	0.01045402	0.00000000	0.00000000	0.00000000	0.00001581	0.00069840	0.00028959	0.00031543	0.00012816	0.00046007	0.00000000	0.00589090
k__Bacteria|p__Actinobacteria|c__unidentified_Actinobacteria|o__Bifidobacteriales	0.00076230	0.00050967	0.00131306	0.00044498	0.00023646	0.00002595	0.00028459	0.00171107	0.00045248	0.00031543	0.00021361	0.00031729	0.00016970	0.00076696
k__Bacteria|p__Actinobacteria|c__unidentified_Actinobacteria|o__Corynebacteriales	0.00054164	0.00152900	0.00824874	0.00746933	0.00227588	0.00046701	0.00060081	0.00213011	0.00085066	0.00086744	0.00083307	0.00069804	0.00045818	0.01310357
k__Bacteria|p__Actinobacteria|c__unidentified_Actinobacteria|o__Frankiales	0.00018055	0.00011892	0.00003367	0.00012714	0.00029557	0.00010378	0.00001581	0.00003492	0.00000000	0.00005914	0.00000000	0.00017451	0.00006788	0.00001632
k__Bacteria|p__Actinobacteria|c__unidentified_Actinobacteria|o__KIST_JJY010	0.00020061	0.00000000	0.00000000	0.00009535	0.00000000	0.00000000	0.00001581	0.00000000	0.00000000	0.00000000	0.00000000	0.00000000	0.00000000	0.00000000
k__Bacteria|p__Actinobacteria|c__unidentified_Actinobacteria|o__Micrococcales	0.00314951	0.00253134	0.03203542	0.00448160	0.00257145	0.00249072	0.00226094	0.01185529	0.02211725	0.02237600	0.00574602	0.01954501	0.00968963	0.00969305
k__Bacteria|p__Actinobacteria|c__unidentified_Actinobacteria|o__Micromonosporales	0.00002006	0.00006796	0.00001683	0.00000000	0.00005911	0.00000000	0.00004743	0.00001746	0.00000000	0.00001971	0.00000000	0.00007932	0.00000000	0.00000000
k__Bacteria|p__Actinobacteria|c__unidentified_Actinobacteria|o__Nitriliruptorales	0.00002006	0.00008494	0.00000000	0.00006357	0.00000000	0.00000000	0.00001581	0.00003492	0.00000000	0.00001971	0.00002136	0.00004759	0.00000000	0.00000000
k__Bacteria|p__Actinobacteria|c__unidentified_Actinobacteria|o__PeM15	0.00068206	0.00008494	0.00055553	0.00031784	0.00026601	0.00015567	0.00015811	0.00013968	0.00019909	0.00021686	0.00029905	0.00025383	0.00018667	0.00071800
k__Bacteria|p__Actinobacteria|c__unidentified_Actinobacteria|o__Propionibacteriales	0.00066200	0.00013591	0.00181809	0.00057212	0.00106405	0.00127131	0.00028459	0.00831093	0.00175562	0.00181374	0.00230695	0.00168163	0.00196847	0.00168078
k__Bacteria|p__Actinobacteria|c__unidentified_Actinobacteria|o__Pseudonocardiales	0.00004012	0.00000000	0.00000000	0.00168457	0.00023646	0.00000000	0.00020554	0.00017460	0.00000000	0.00001971	0.00006408	0.00001586	0.00000000	0.00000000
k__Bacteria|p__Actinobacteria|c__unidentified_Actinobacteria|o__Streptomycetales	0.00000000	0.00003398	0.00000000	0.00000000	0.00002956	0.00002595	0.00001581	0.00000000	0.00061537	0.00003943	0.00000000	0.00000000	0.00000000	0.00000000
k__Bacteria|p__Actinobacteria|c__unidentified_Actinobacteria|o__Streptosporangiales	0.00000000	0.00022086	0.00000000	0.00003178	0.00000000	0.00000000	0.00000000	0.00000000	0.00005430	0.00000000	0.00004272	0.00000000	0.00000000	0.00000000
k__Bacteria|p__Actinobacteriota|c__Acidimicrobiia|o__IMCC26256	0.00032097	0.00033978	0.00021884	0.00015892	0.00005911	0.00000000	0.00001581	0.00006984	0.00003620	0.00003943	0.00000000	0.00000000	0.00000000	0.00004895
k__Bacteria|p__Actinobacteriota|c__Acidimicrobiia|o__Microtrichales	0.00102309	0.00030580	0.00031985	0.00028606	0.00020690	0.00010378	0.00018973	0.00006984	0.00003620	0.00011829	0.00029905	0.00023797	0.00015273	0.00076696
k__Bacteria|p__Actinobacteriota|c__Coriobacteriia|o__CG2_30_50_142	0.00002006	0.00000000	0.00000000	0.00000000	0.00000000	0.00000000	0.00000000	0.00000000	0.00000000	0.00003943	0.00000000	0.00000000	0.00000000	0.00000000
k__Bacteria|p__Actinobacteriota|c__Coriobacteriia|o__Coriobacteriales	0.00076230	0.00280317	0.00181809	0.00022249	0.00041380	0.00038918	0.00011068	0.00553480	0.00139364	0.00084772	0.00061946	0.00061871	0.00013576	0.00066905
k__Bacteria|p__Actinobacteriota|c__Coriobacteriia|o__FS118_23B_02	0.00028085	0.00023784	0.00001683	0.00000000	0.00000000	0.00000000	0.00000000	0.00000000	0.00000000	0.00000000	0.00000000	0.00000000	0.00000000	0.00000000
k__Bacteria|p__Actinobacteriota|c__Coriobacteriia|o__OPB41	0.00890690	0.00402637	0.00515125	0.00308308	0.00295569	0.00090808	0.00072730	0.00581416	0.01167400	0.00967984	0.00164477	0.00260177	0.00217211	0.00164815
k__Bacteria|p__Actinobacteriota|c__Rubrobacteria|o__Rubrobacterales	0.00004012	0.00000000	0.00000000	0.00000000	0.00000000	0.00000000	0.00000000	0.00005238	0.00000000	0.00000000	0.00000000	0.00000000	0.00000000	0.00000000
k__Bacteria|p__Actinobacteriota|c__Thermoleophilia|o__Gaiellales	0.00038115	0.00018688	0.00011784	0.00003178	0.00011823	0.00002595	0.00003162	0.00001746	0.00000000	0.00005914	0.00010680	0.00006346	0.00000000	0.00008159
k__Bacteria|p__Actinobacteriota|c__Thermoleophilia|o__Solirubrobacterales	0.00014042	0.00013591	0.00000000	0.00009535	0.00008867	0.00000000	0.00000000	0.00003492	0.00032579	0.00001971	0.00000000	0.00001586	0.00000000	0.00000000
k__Bacteria|p__Armatimonadota|c__Chthonomonadetes|o__Chthonomonadales	0.00000000	0.00003398	0.00000000	0.00000000	0.00008867	0.00002595	0.00000000	0.00000000	0.00000000	0.00000000	0.00000000	0.00000000	0.00000000	0.00000000
k__Bacteria|p__Armatimonadota|c__Fimbriimonadia|o__Fimbriimonadales	0.00010030	0.00000000	0.00001683	0.00006357	0.00000000	0.00000000	0.00000000	0.00000000	0.00000000	0.00000000	0.00000000	0.00004759	0.00000000	0.00008159
k__Bacteria|p__Bacteroidota|c__Bacteroidia|o__Bacteroidales	0.04595880	0.04964153	0.04706833	0.05609942	0.07876925	0.04270555	0.01460916	0.24098195	0.14540913	0.15464080	0.04184556	0.06721769	0.02014288	0.03562279
k__Bacteria|p__Bacteroidota|c__Bacteroidia|o__Bacteroidetes_VC2.1_Bac22	0.00000000	0.00005097	0.00003367	0.00012714	0.00005911	0.00000000	0.00000000	0.00000000	0.00000000	0.00000000	0.00000000	0.00000000	0.00000000	0.00003264
k__Bacteria|p__Bacteroidota|c__Bacteroidia|o__Chitinophagales	0.00158479	0.00025483	0.00264296	0.00607082	0.00422664	0.00095997	0.00086959	0.00399832	0.00079637	0.00173488	0.00307594	0.00076149	0.00303755	0.00430802
k__Bacteria|p__Bacteroidota|c__Bacteroidia|o__Cytophagales	0.00054164	0.00028881	0.00063970	0.00022249	0.00035468	0.00007784	0.00007905	0.00005238	0.00000000	0.00011829	0.00000000	0.00006346	0.00006788	0.00119123
k__Bacteria|p__Bacteroidota|c__Bacteroidia|o__Flavobacteriales	0.00485466	0.00265027	0.04380250	0.00203420	0.00251234	0.00607114	0.00333607	0.01325209	0.01523954	0.01163157	0.04314856	0.03274423	0.07609157	0.05135360
k__Bacteria|p__Bacteroidota|c__Bacteroidia|o__Sphingobacteriales	0.00433309	0.00375454	0.00250829	0.00286059	0.00676854	0.00285396	0.00083797	0.00445228	0.00276918	0.01249901	0.00760440	0.01445252	0.01113204	0.00486284
k__Bacteria|p__Bacteroidota|c__Chlorobia|o__Chlorobiales	0.00154466	0.00001699	0.00003367	0.00022249	0.00017734	0.00018162	0.00009486	0.00000000	0.00000000	0.00001971	0.00000000	0.00000000	0.00000000	0.00000000
k__Bacteria|p__Bacteroidota|c__Ignavibacteria|o__Ignavibacteriales	0.00144436	0.00115524	0.00121206	0.00047677	0.00067981	0.00435877	0.00011068	0.00040158	0.00018099	0.00070972	0.00354587	0.00061871	0.00162908	0.00830600
k__Bacteria|p__Bacteroidota|c__Ignavibacteria|o__SJA_28	0.00064194	0.00039074	0.00006734	0.00009535	0.00014778	0.00007784	0.00006324	0.00005238	0.00001810	0.00000000	0.00000000	0.00001586	0.00000000	0.00001632
k__Bacteria|p__Bacteroidota|c__Rhodothermia|o__Balneolales	0.00000000	0.00000000	0.00000000	0.00000000	0.00000000	0.00000000	0.00000000	0.00000000	0.00000000	0.00000000	0.00000000	0.00000000	0.00000000	0.00000000
k__Bacteria|p__Bdellovibrionota|c__Bdellovibrionia|o__Bacteriovoracales	0.00018055	0.00005097	0.00011784	0.00028606	0.00044335	0.00007784	0.00000000	0.00003492	0.00023529	0.00005914	0.00019225	0.00007932	0.00037333	0.00081591
k__Bacteria|p__Bdellovibrionota|c__Bdellovibrionia|o__Bdellovibrionales	0.00110333	0.00093439	0.00057236	0.00057212	0.00029557	0.00033729	0.00009486	0.00008730	0.00009050	0.00007886	0.00034177	0.00009519	0.00040727	0.00156655
k__Bacteria|p__Bdellovibrionota|c__Oligoflexia|o__0319_6G20	0.00008024	0.00047569	0.00000000	0.00012714	0.00000000	0.00000000	0.00000000	0.00000000	0.00010860	0.00003943	0.00004272	0.00000000	0.00000000	0.00003264
k__Bacteria|p__Bdellovibrionota|c__Oligoflexia|o__053A03_B_DI_P58	0.00018055	0.00003398	0.00005050	0.00006357	0.00002956	0.00005189	0.00000000	0.00017460	0.00000000	0.00000000	0.00014952	0.00000000	0.00001697	0.00008159
k__Bacteria|p__Bdellovibrionota|c__Oligoflexia|o__Oligoflexales	0.00000000	0.00000000	0.00000000	0.00003178	0.00000000	0.00000000	0.00000000	0.00000000	0.00000000	0.00000000	0.00000000	0.00000000	0.00000000	0.00000000
k__Bacteria|p__Berkelbacteria|c__unidentified_Berkelbacteria|o__unidentified_Berkelbacteria	0.00002006	0.00001699	0.00000000	0.00000000	0.00000000	0.00000000	0.00000000	0.00000000	0.00000000	0.00000000	0.00000000	0.00000000	0.00000000	0.00000000
k__Bacteria|p__Caldatribacteriota|c__Caldatribacteriia|o__Caldatribacteriales	0.00000000	0.00000000	0.00000000	0.00000000	0.00000000	0.00000000	0.00000000	0.00003492	0.00000000	0.00001971	0.00000000	0.00000000	0.00000000	0.00000000
k__Bacteria|p__Caldisericota|c__Caldisericia|o__Caldisericales	0.00096291	0.00081547	0.00062286	0.00073104	0.00866018	0.00778351	0.00015811	0.00087300	0.00544787	0.00051258	0.00006408	0.00023797	0.00023757	0.00003264
k__Bacteria|p__Calditrichota|c__Calditrichia|o__Calditrichales	0.00032097	0.00035677	0.00015151	0.00015892	0.00050247	0.00005189	0.00001581	0.00000000	0.00000000	0.00003943	0.00000000	0.00000000	0.00000000	0.00000000
k__Bacteria|p__Campylobacterota|c__Campylobacteria|o__Campylobacterales	0.01620895	0.00480786	0.01235628	0.11413769	0.09056247	0.01354332	0.00534404	0.04026260	0.03161934	0.14847015	0.07911994	0.04007361	0.05206265	0.01832542
k__Bacteria|p__Candidatus_Falkowbacteria|c__ABY1|o__unidentified_ABY1	0.00002006	0.00000000	0.00000000	0.00000000	0.00000000	0.00000000	0.00000000	0.00000000	0.00001810	0.00000000	0.00000000	0.00000000	0.00000000	0.00000000
k__Bacteria|p__Candidatus_Kaiserbacteria|c__unidentified_Candidatus_Kaiserbacteria|o__unidentified_Candidatus_Kaiserbacteria	0.00004012	0.00000000	0.00005050	0.00000000	0.00000000	0.00002595	0.00001581	0.00000000	0.00000000	0.00011829	0.00000000	0.00001586	0.00010182	0.00001632
k__Bacteria|p__Candidatus_Raymondbacteria|c__Fibrobacteria|o__Fibrobacterales	0.00000000	0.00008494	0.00000000	0.00000000	0.00000000	0.00000000	0.00000000	0.00000000	0.00000000	0.00000000	0.00000000	0.00000000	0.00000000	0.00000000
k__Bacteria|p__Candidatus_Woesebacteria|c__Microgenomatia|o__unidentified_Microgenomatia	0.00000000	0.00006796	0.00000000	0.00000000	0.00000000	0.00000000	0.00000000	0.00000000	0.00000000	0.00000000	0.00000000	0.00000000	0.00000000	0.00000000
k__Bacteria|p__Candidatus_Zambryskibacteria|c__unidentified_Candidatus_Zambryskibacteria|o__unidentified_Candidatus_Zambryskibacteria	0.00000000	0.00000000	0.00000000	0.00000000	0.00000000	0.00000000	0.00000000	0.00000000	0.00000000	0.00000000	0.00000000	0.00003173	0.00000000	0.00000000
k__Bacteria|p__Chlamydiae|c__unidentified_Chlamydiae|o__Chlamydiales	0.00002006	0.00006796	0.00001683	0.00000000	0.00011823	0.00018162	0.00003162	0.00003492	0.00005430	0.00000000	0.00000000	0.00000000	0.00000000	0.00000000
k__Bacteria|p__Chloroflexi|c__Anaerolineae|o__1_20	0.00000000	0.00000000	0.00000000	0.00006357	0.00000000	0.00000000	0.00000000	0.00000000	0.00000000	0.00000000	0.00000000	0.00000000	0.00000000	0.00000000
k__Bacteria|p__Chloroflexi|c__Anaerolineae|o__ADurb.Bin180	0.00076230	0.00098536	0.00070703	0.00111245	0.00070937	0.00002595	0.00001581	0.00001746	0.00000000	0.00000000	0.00000000	0.00006346	0.00000000	0.00003264
k__Bacteria|p__Chloroflexi|c__Anaerolineae|o__Anaerolineales	0.00547654	0.00793381	0.02836557	0.00540334	0.01522182	0.00461822	0.00083797	0.01056326	0.02955603	0.00569750	0.00168749	0.01273916	0.01069083	0.00693527
k__Bacteria|p__Chloroflexi|c__Anaerolineae|o__MSB_5B2	0.00004012	0.00039074	0.00001683	0.00000000	0.00002956	0.00000000	0.00000000	0.00000000	0.00000000	0.00000000	0.00000000	0.00001586	0.00000000	0.00000000
k__Bacteria|p__Chloroflexi|c__Anaerolineae|o__MSB_5E12	0.00014042	0.00015290	0.00005050	0.00015892	0.00014778	0.00000000	0.00000000	0.00000000	0.00000000	0.00003943	0.00000000	0.00001586	0.00000000	0.00008159
k__Bacteria|p__Chloroflexi|c__Anaerolineae|o__RBG_13_54_9	0.00234709	0.00334681	0.00077437	0.00069926	0.00100494	0.00033729	0.00015811	0.00015714	0.00005430	0.00007886	0.00019225	0.00006346	0.00005091	0.00006527
k__Bacteria|p__Chloroflexi|c__Anaerolineae|o__SBR1031	0.00112339	0.00078149	0.00101005	0.00098532	0.00076848	0.00002595	0.00004743	0.00010476	0.00007240	0.00009857	0.00004272	0.00004759	0.00018667	0.00037532
k__Bacteria|p__Chloroflexi|c__Anaerolineae|o__SJA_15	0.00577745	0.00122320	0.00920829	0.00696078	0.00523158	0.00044107	0.00061662	0.00211265	0.00032579	0.00136030	0.00076898	0.00039661	0.00013576	0.00138705
k__Bacteria|p__Chloroflexi|c__Anaerolineae|o__Thermoflexales	0.00000000	0.00000000	0.00003367	0.00003178	0.00000000	0.00000000	0.00000000	0.00000000	0.00000000	0.00000000	0.00000000	0.00000000	0.00000000	0.00000000
k__Bacteria|p__Chloroflexi|c__Chloroflexia|o__Chloroflexales	0.00006018	0.00000000	0.00011784	0.00000000	0.00000000	0.00000000	0.00003162	0.00000000	0.00001810	0.00000000	0.00000000	0.00000000	0.00003394	0.00019582
k__Bacteria|p__Chloroflexi|c__Chloroflexia|o__Thermomicrobiales	0.00002006	0.00006796	0.00000000	0.00000000	0.00000000	0.00000000	0.00000000	0.00000000	0.00003620	0.00000000	0.00006408	0.00001586	0.00001697	0.00001632
k__Bacteria|p__Chloroflexi|c__Dehalococcoidia|o__661239	0.00000000	0.00011892	0.00000000	0.00000000	0.00000000	0.00000000	0.00000000	0.00000000	0.00000000	0.00000000	0.00000000	0.00000000	0.00000000	0.00000000
k__Bacteria|p__Chloroflexi|c__Dehalococcoidia|o__FS117_23B_02	0.00118357	0.00253134	0.00058920	0.00759647	0.00162563	0.00018162	0.00026878	0.00000000	0.00000000	0.00001971	0.00000000	0.00003173	0.00000000	0.00003264
k__Bacteria|p__Chloroflexi|c__Dehalococcoidia|o__FW22	0.00000000	0.00020387	0.00000000	0.00000000	0.00000000	0.00000000	0.00000000	0.00000000	0.00000000	0.00000000	0.00000000	0.00000000	0.00000000	0.00000000
k__Bacteria|p__Chloroflexi|c__Dehalococcoidia|o__GIF3	0.00032097	0.00042472	0.00003367	0.00079461	0.00011823	0.00000000	0.00006324	0.00000000	0.00000000	0.00000000	0.00000000	0.00000000	0.00003394	0.00003264
k__Bacteria|p__Chloroflexi|c__Dehalococcoidia|o__GIF9	0.00090273	0.00183480	0.00005050	0.00082639	0.00038424	0.00036323	0.00006324	0.00006984	0.00010860	0.00000000	0.00000000	0.00007932	0.00000000	0.00003264
k__Bacteria|p__Chloroflexi|c__Dehalococcoidia|o__MSBL5	0.00068206	0.00290510	0.00020201	0.00222491	0.00050247	0.00005189	0.00015811	0.00000000	0.00000000	0.00000000	0.00000000	0.00003173	0.00001697	0.00009791
k__Bacteria|p__Chloroflexi|c__Dehalococcoidia|o__Napoli_4B_65	0.00000000	0.00000000	0.00000000	0.00006357	0.00000000	0.00000000	0.00000000	0.00000000	0.00000000	0.00000000	0.00000000	0.00000000	0.00000000	0.00000000
k__Bacteria|p__Chloroflexi|c__Dehalococcoidia|o__RBG_13_46_9	0.00020061	0.00032279	0.00006734	0.00034963	0.00000000	0.00000000	0.00003162	0.00003492	0.00000000	0.00001971	0.00000000	0.00003173	0.00000000	0.00009791
k__Bacteria|p__Chloroflexi|c__Dehalococcoidia|o__S085	0.00040121	0.00638782	0.00003367	0.00000000	0.00000000	0.00000000	0.00006324	0.00000000	0.00000000	0.00000000	0.00002136	0.00012692	0.00000000	0.00001632
k__Bacteria|p__Chloroflexi|c__Dehalococcoidia|o__SAR202_clade	0.00000000	0.00008494	0.00000000	0.00000000	0.00000000	0.00000000	0.00000000	0.00000000	0.00000000	0.00000000	0.00000000	0.00000000	0.00000000	0.00000000
k__Bacteria|p__Chloroflexi|c__Dehalococcoidia|o__SPG12_343_353_B75	0.00000000	0.00005097	0.00000000	0.00000000	0.00000000	0.00000000	0.00000000	0.00000000	0.00000000	0.00000000	0.00000000	0.00000000	0.00000000	0.00000000
k__Bacteria|p__Chloroflexi|c__Dehalococcoidia|o__Sh765B_AG_111	0.00000000	0.00003398	0.00000000	0.00000000	0.00000000	0.00000000	0.00000000	0.00000000	0.00000000	0.00000000	0.00000000	0.00000000	0.00000000	0.00000000
k__Bacteria|p__Chloroflexi|c__Dehalococcoidia|o__Sh765B_TzT_20	0.00000000	0.00008494	0.00000000	0.00019071	0.00000000	0.00000000	0.00001581	0.00000000	0.00000000	0.00000000	0.00000000	0.00000000	0.00000000	0.00000000
k__Bacteria|p__Chloroflexi|c__Dehalococcoidia|o__t0.6.f	0.00002006	0.00027182	0.00000000	0.00003178	0.00000000	0.00000000	0.00000000	0.00000000	0.00000000	0.00000000	0.00000000	0.00000000	0.00000000	0.00000000
k__Bacteria|p__Chloroflexi|c__Dehalococcoidia|o__vadinBA26	0.00006018	0.00030580	0.00001683	0.00006357	0.00005911	0.00010378	0.00000000	0.00003492	0.00000000	0.00000000	0.00000000	0.00000000	0.00000000	0.00000000
k__Bacteria|p__Chloroflexi|c__Ktedonobacteria|o__C0119	0.00002006	0.00000000	0.00000000	0.00000000	0.00002956	0.00000000	0.00000000	0.00000000	0.00000000	0.00000000	0.00000000	0.00000000	0.00000000	0.00000000
k__Bacteria|p__Chloroflexi|c__Ktedonobacteria|o__Ktedonobacterales	0.00000000	0.00006796	0.00001683	0.00000000	0.00000000	0.00000000	0.00000000	0.00000000	0.00000000	0.00000000	0.00000000	0.00000000	0.00000000	0.00000000
k__Bacteria|p__Chloroflexi|c__TK10|o__unidentified_TK10	0.00000000	0.00005097	0.00000000	0.00000000	0.00000000	0.00000000	0.00000000	0.00000000	0.00000000	0.00000000	0.00000000	0.00000000	0.00000000	0.00000000
k__Bacteria|p__Cloacimonadota|c__Cloacimonadia|o__Cloacimonadales	0.00000000	0.00000000	0.00000000	0.00006357	0.00000000	0.00000000	0.00000000	0.00000000	0.00000000	0.00000000	0.00000000	0.00000000	0.00000000	0.00000000
k__Bacteria|p__Cyanobacteria|c__Cyanobacteriia|o__Chloroplast	0.00048145	0.00016989	0.00158241	0.00006357	0.00017734	0.00119347	0.00028459	0.00012222	0.00076017	0.00000000	0.00002136	0.00003173	0.00039030	0.00016318
k__Bacteria|p__Cyanobacteria|c__Cyanobacteriia|o__Cyanobacteriales	0.00008024	0.00001699	0.00000000	0.00000000	0.00000000	0.00000000	0.00000000	0.00000000	0.00000000	0.00000000	0.00000000	0.00009519	0.00000000	0.00000000
k__Bacteria|p__Cyanobacteria|c__Cyanobacteriia|o__Geitlerinematales	0.00000000	0.00000000	0.00000000	0.00000000	0.00005911	0.00000000	0.00000000	0.00000000	0.00000000	0.00000000	0.00000000	0.00000000	0.00000000	0.00000000
k__Bacteria|p__Cyanobacteria|c__Cyanobacteriia|o__Leptolyngbyales	0.00000000	0.00000000	0.00000000	0.00000000	0.00000000	0.00000000	0.00000000	0.00000000	0.00000000	0.00000000	0.00000000	0.00000000	0.00000000	0.00000000
k__Bacteria|p__Cyanobacteria|c__Cyanobacteriia|o__Pseudanabaenales	0.00000000	0.00000000	0.00000000	0.00000000	0.00000000	0.00000000	0.00000000	0.00000000	0.00000000	0.00000000	0.00000000	0.00000000	0.00000000	0.00000000
k__Bacteria|p__Cyanobacteria|c__Cyanobacteriia|o__Synechococcales	0.00012036	0.00005097	0.00000000	0.00000000	0.00000000	0.00000000	0.00000000	0.00000000	0.00045248	0.00000000	0.00000000	0.00000000	0.00000000	0.00000000
k__Bacteria|p__Cyanobacteria|c__Sericytochromatia|o__unidentified_Sericytochromatia	0.00004012	0.00000000	0.00008417	0.00000000	0.00000000	0.00010378	0.00000000	0.00005238	0.00000000	0.00001971	0.00008544	0.00000000	0.00000000	0.00016318
k__Bacteria|p__Cyanobacteria|c__Vampirivibrionia|o__Caenarcaniphilales	0.00000000	0.00000000	0.00000000	0.00000000	0.00000000	0.00000000	0.00000000	0.00000000	0.00000000	0.00000000	0.00000000	0.00000000	0.00000000	0.00000000
k__Bacteria|p__Cyanobacteria|c__Vampirivibrionia|o__Gastranaerophilales	0.00012036	0.00003398	0.00000000	0.00025427	0.00029557	0.00002595	0.00003162	0.00024444	0.00014479	0.00005914	0.00000000	0.00001586	0.00001697	0.00000000
k__Bacteria|p__Cyanobacteria|c__Vampirivibrionia|o__Obscuribacterales	0.00002006	0.00000000	0.00003367	0.00003178	0.00005911	0.00000000	0.00000000	0.00000000	0.00000000	0.00000000	0.00000000	0.00000000	0.00003394	0.00000000
k__Bacteria|p__Cyanobacteria|c__Vampirivibrionia|o__Vampirovibrionales	0.00000000	0.00003398	0.00000000	0.00000000	0.00000000	0.00000000	0.00000000	0.00000000	0.00068777	0.00000000	0.00000000	0.00000000	0.00000000	0.00000000
k__Bacteria|p__DTB120|c__unidentified_DTB120|o__unidentified_DTB120	0.00004012	0.00000000	0.00010100	0.00000000	0.00000000	0.00002595	0.00001581	0.00000000	0.00001810	0.00000000	0.00000000	0.00000000	0.00003394	0.00006527
k__Bacteria|p__Dadabacteria|c__Dadabacteriia|o__Dadabacteriales	0.00006018	0.00083246	0.00001683	0.00000000	0.00000000	0.00000000	0.00000000	0.00000000	0.00003620	0.00000000	0.00000000	0.00001586	0.00000000	0.00000000
k__Bacteria|p__Deferribacteres|c__unidentified_Deferribacteres|o__Deferribacterales	0.00004012	0.00006796	0.00000000	0.00000000	0.00000000	0.00000000	0.00003162	0.00001746	0.00001810	0.00000000	0.00000000	0.00139607	0.00005091	0.00000000
k__Bacteria|p__Deferrisomatota|c__Defferrisomatia|o__Defferrisomatales	0.00688078	0.00215759	0.00023568	0.00174814	0.00076848	0.00031134	0.00015811	0.00006984	0.00000000	0.00011829	0.00010680	0.00022210	0.00003394	0.00008159
k__Bacteria|p__Deinococcota|c__Deinococci|o__Deinococcales	0.00002006	0.00000000	0.00016834	0.00000000	0.00000000	0.00000000	0.00000000	0.00015714	0.00137554	0.00009857	0.00051266	0.00000000	0.00123878	0.00013055
k__Bacteria|p__Deinococcota|c__Deinococci|o__Thermales	0.00000000	0.00000000	0.00000000	0.00000000	0.00000000	0.00000000	0.00001581	0.00000000	0.00000000	0.00000000	0.00000000	0.00000000	0.00000000	0.00000000
k__Bacteria|p__Desulfobacterota|c__Desulfarculia|o__Desulfarculales	0.00000000	0.00000000	0.00000000	0.00000000	0.00000000	0.00000000	0.00000000	0.00000000	0.00000000	0.00000000	0.00000000	0.00000000	0.00000000	0.00000000
k__Bacteria|p__Desulfobacterota|c__Desulfobaccia|o__Desulfobaccales	0.00070212	0.00290510	0.00129623	0.00111245	0.00023646	0.00077835	0.00004743	0.00000000	0.00001810	0.00005914	0.00000000	0.00003173	0.00000000	0.00019582
k__Bacteria|p__Desulfobacterota|c__Desulfobacteria|o__Desulfatiglandales	0.00304921	0.00141008	0.00065653	0.00158922	0.00106405	0.00088213	0.00022135	0.00001746	0.00005430	0.00017743	0.00004272	0.00000000	0.00003394	0.00021214
k__Bacteria|p__Desulfobacterota|c__Desulfobacteria|o__Desulfobacterales	0.00976950	0.00908906	0.00461256	0.00886784	0.00464044	0.00513712	0.00060081	0.00267137	0.00229860	0.00946298	0.00117484	0.00158645	0.00108605	0.00182765
k__Bacteria|p__Desulfobacterota|c__Desulfobulbia|o__Desulfobulbales	0.01406247	0.01333628	0.01045402	0.00460873	0.00786215	0.00381392	0.00099608	0.05969550	0.03216231	0.18784008	0.00856563	0.01784751	0.00702540	0.00484653
k__Bacteria|p__Desulfobacterota|c__Desulfomonilia|o__Desulfomonilales	0.00046139	0.00011892	0.00008417	0.00009535	0.00005911	0.00054485	0.00000000	0.00005238	0.00007240	0.00001971	0.00002136	0.00004759	0.00010182	0.00008159
k__Bacteria|p__Desulfobacterota|c__Desulfovibrionia|o__Desulfovibrionales	0.02351100	0.01799123	0.00239045	0.00505372	0.00975379	0.00521495	0.00101189	0.00845061	0.00242530	0.00270089	0.00115348	0.00161817	0.00035636	0.00050587
k__Bacteria|p__Desulfobacterota|c__Desulfuromonadia|o__Bradymonadales	0.00004012	0.00000000	0.00033668	0.00000000	0.00000000	0.00000000	0.00000000	0.00000000	0.00000000	0.00000000	0.00000000	0.00003173	0.00000000	0.00013055
k__Bacteria|p__Desulfobacterota|c__Desulfuromonadia|o__Desulfuromonadales	0.00954884	0.01185824	0.00641382	0.00311487	0.00159607	0.00225722	0.00034784	0.00223487	0.00725779	0.01334674	0.00096123	0.00188787	0.00142544	0.00171342
k__Bacteria|p__Desulfobacterota|c__Desulfuromonadia|o__Geobacterales	0.01827519	0.00837552	0.00757537	0.00457695	0.00523158	0.01694212	0.00102770	0.00644271	0.02215345	0.02702863	0.00719855	0.00769426	0.00753449	0.00522185
k__Bacteria|p__Desulfobacterota|c__Syntrophia|o__Syntrophales	0.02595839	0.01428766	0.00537010	0.01176022	0.02258150	0.00594142	0.00140716	0.00375388	0.00631663	0.00315433	0.00066218	0.00093600	0.00095030	0.00096278
k__Bacteria|p__Desulfobacterota|c__Syntrophobacteria|o__Syntrophobacterales	0.00128388	0.00355068	0.00175075	0.00171636	0.00115272	0.00124536	0.00009486	0.00034920	0.00101356	0.00199117	0.00019225	0.00053939	0.00049212	0.00058746
k__Bacteria|p__Desulfobacterota|c__Syntrophorhabdia|o__Syntrophorhabdales	0.00449357	0.00356767	0.00183492	0.00346450	0.00526114	0.00316530	0.00037946	0.00087300	0.00213571	0.00074915	0.00012816	0.00020624	0.00015273	0.00052218
k__Bacteria|p__Edwardsbacteria|c__unidentified_Edwardsbacteria|o__unidentified_Edwardsbacteria	0.00004012	0.00010193	0.00000000	0.00009535	0.00002956	0.00000000	0.00000000	0.00000000	0.00000000	0.00000000	0.00000000	0.00000000	0.00000000	0.00000000
k__Bacteria|p__Elusimicrobia|c__unidentified_Elusimicrobia|o__Elusimicrobiales	0.00000000	0.00000000	0.00000000	0.00003178	0.00000000	0.00000000	0.00000000	0.00000000	0.00000000	0.00000000	0.00000000	0.00000000	0.00000000	0.00000000
k__Bacteria|p__Elusimicrobia|c__unidentified_Elusimicrobia|o__Lineage_IV	0.00074224	0.00067956	0.00021884	0.00022249	0.00032513	0.00002595	0.00004743	0.00017460	0.00030769	0.00019715	0.00019225	0.00144367	0.00011879	0.00000000
k__Bacteria|p__Elusimicrobia|c__unidentified_Elusimicrobia|o__MD2894_B20	0.00004012	0.00000000	0.00000000	0.00000000	0.00000000	0.00000000	0.00000000	0.00000000	0.00000000	0.00000000	0.00000000	0.00000000	0.00000000	0.00000000
k__Bacteria|p__Elusimicrobia|c__unidentified_Elusimicrobia|o__MVP_88	0.00000000	0.00000000	0.00023568	0.00006357	0.00000000	0.00000000	0.00000000	0.00000000	0.00000000	0.00000000	0.00002136	0.00003173	0.00000000	0.00011423
k__Bacteria|p__Elusimicrobiota|c__Endomicrobia|o__Endomicrobiales	0.00022067	0.00018688	0.00003367	0.00022249	0.00020690	0.00005189	0.00006324	0.00024444	0.00057918	0.00003943	0.00004272	0.00009519	0.00020363	0.00011423
k__Bacteria|p__Entotheonellaeota|c__Entotheonellia|o__Entotheonellales	0.00006018	0.00003398	0.00000000	0.00000000	0.00000000	0.00000000	0.00000000	0.00000000	0.00000000	0.00000000	0.00000000	0.00001586	0.00000000	0.00000000
k__Bacteria|p__Fibrobacterota|c__Chitinivibrionia|o__Chitinivibrionales	0.00000000	0.00000000	0.00000000	0.00000000	0.00008867	0.00000000	0.00000000	0.00000000	0.00000000	0.00000000	0.00000000	0.00000000	0.00000000	0.00000000
k__Bacteria|p__Fibrobacterota|c__Fibrobacteria|o__Fibrobacterales	0.00006018	0.00028881	0.00010100	0.00025427	0.00023646	0.00000000	0.00001581	0.00005238	0.00001810	0.00000000	0.00000000	0.00003173	0.00000000	0.00001632
k__Bacteria|p__Firmicutes|c__Bacilli|o__Acholeplasmatales	0.00022067	0.00008494	0.00006734	0.00000000	0.00000000	0.00000000	0.00000000	0.00005238	0.00001810	0.00009857	0.00002136	0.00001586	0.00000000	0.00000000
k__Bacteria|p__Firmicutes|c__Bacilli|o__Bacillales	0.02774379	0.00188577	0.00060603	0.03248363	0.04406940	0.00033729	0.82434227	0.00045396	0.00671481	0.00039429	0.00021361	0.00044420	0.00184968	0.00026109
k__Bacteria|p__Firmicutes|c__Bacilli|o__Brevibacillales	0.00004012	0.00005097	0.00000000	0.00000000	0.00000000	0.00000000	0.00000000	0.00000000	0.00000000	0.00000000	0.00000000	0.00000000	0.00000000	0.00000000
k__Bacteria|p__Firmicutes|c__Bacilli|o__Entomoplasmatales	0.00014042	0.00000000	0.00000000	0.00120781	0.04052257	0.00005189	0.00001581	0.00537766	0.00000000	0.00039429	0.00232831	0.00000000	0.00000000	0.00000000
k__Bacteria|p__Firmicutes|c__Bacilli|o__Erysipelotrichales	0.00405224	0.00959872	0.00173392	0.01309516	0.00576360	0.00108969	0.00314634	0.00326501	0.00170133	0.00376548	0.00418669	0.00191960	0.00028848	0.00093014
k__Bacteria|p__Firmicutes|c__Bacilli|o__Exiguobacterales	0.00008024	0.00000000	0.00030301	0.00000000	0.00002956	0.00010378	0.00001581	0.00000000	0.00003620	0.00000000	0.00002136	0.00000000	0.00010182	0.00026109
k__Bacteria|p__Firmicutes|c__Bacilli|o__Izemoplasmatales	0.00030091	0.00040773	0.00077437	0.00003178	0.00020690	0.00000000	0.00000000	0.00000000	0.00001810	0.00005914	0.00008544	0.00006346	0.00001697	0.00004895
k__Bacteria|p__Firmicutes|c__Bacilli|o__Lactobacillales	0.00597805	0.00494377	0.08263892	0.00403662	0.01294594	0.00347664	0.00188148	0.01606314	0.02157427	0.00155745	0.00123892	0.00104705	0.00777206	0.00409589
k__Bacteria|p__Firmicutes|c__Bacilli|o__Mycoplasmatales	0.00318963	0.00000000	0.00180126	0.01125167	0.01220702	0.00064863	0.00251391	0.00455704	0.00034389	0.00268118	0.00892876	0.00000000	0.00000000	0.00000000
k__Bacteria|p__Firmicutes|c__Bacilli|o__Paenibacillales	0.00004012	0.00020387	0.00003367	0.00000000	0.00000000	0.00000000	0.00000000	0.00000000	0.00000000	0.00000000	0.00000000	0.00004759	0.00001697	0.00001632
k__Bacteria|p__Firmicutes|c__Bacilli|o__RF39	0.00002006	0.00003398	0.00000000	0.00000000	0.00005911	0.00000000	0.00003162	0.00010476	0.00003620	0.00000000	0.00008544	0.00000000	0.00001697	0.00000000
k__Bacteria|p__Firmicutes|c__Bacilli|o__Staphylococcales	0.00008024	0.00018688	0.00284497	0.00015892	0.00023646	0.00018162	0.00006324	0.00006984	0.00380084	0.00003943	0.00000000	0.00004759	0.00032242	0.00009791
k__Bacteria|p__Firmicutes|c__Bacilli|o__Thermoactinomycetales	0.00000000	0.00020387	0.00000000	0.00038141	0.00005911	0.00000000	0.00000000	0.00003492	0.00000000	0.00000000	0.00002136	0.00003173	0.00000000	0.00000000
k__Bacteria|p__Firmicutes|c__Clostridia|o__Christensenellales	0.00655981	0.00553838	0.00191909	0.00177992	0.00514291	0.00285396	0.00056919	0.01468380	0.00684151	0.00382462	0.00220015	0.00077736	0.00115393	0.00076696
k__Bacteria|p__Firmicutes|c__Clostridia|o__Clostridia_UCG_014	0.00158479	0.00300703	0.00030301	0.00022249	0.00011823	0.00044107	0.00047432	0.00013968	0.00019909	0.00017743	0.00008544	0.00004759	0.00003394	0.00027741
k__Bacteria|p__Firmicutes|c__Clostridia|o__Clostridia_vadinBB60_group	0.00034103	0.00013591	0.00025251	0.00006357	0.00017734	0.00189399	0.00003162	0.00003492	0.00001810	0.00009857	0.00000000	0.00006346	0.00000000	0.00000000
k__Bacteria|p__Firmicutes|c__Clostridia|o__Clostridiales	0.00320969	0.00061160	0.00114472	0.00098532	0.00245323	0.00046701	0.00080635	0.00513322	0.00130314	0.00155745	0.00034177	0.00039661	0.00028848	0.00039164
k__Bacteria|p__Firmicutes|c__Clostridia|o__Eubacteriales	0.00020061	0.00020387	0.00080804	0.00000000	0.00005911	0.00005189	0.00003162	0.00038412	0.00005430	0.00021686	0.00025633	0.00001586	0.00003394	0.00004895
k__Bacteria|p__Firmicutes|c__Clostridia|o__Lachnospirales	0.00804429	0.03185417	0.00888844	0.01608289	0.00475867	0.01042991	0.00276689	0.00637287	0.00381894	0.00346976	0.00576738	0.01048640	0.00106908	0.00419380
k__Bacteria|p__Firmicutes|c__Clostridia|o__Monoglobales	0.00040121	0.00064558	0.00000000	0.00003178	0.00000000	0.00020756	0.00007905	0.00005238	0.00005430	0.00019715	0.00000000	0.00007932	0.00000000	0.00000000
k__Bacteria|p__Firmicutes|c__Clostridia|o__Oscillospirales	0.01107344	0.01296252	0.00227261	0.00410018	0.00555670	0.01273902	0.00243486	0.01306003	0.00799986	0.00536235	0.00247784	0.01042295	0.00242665	0.00189292
k__Bacteria|p__Firmicutes|c__Clostridia|o__Peptococcales	0.00000000	0.00011892	0.00008417	0.00000000	0.00000000	0.00000000	0.00000000	0.00000000	0.00000000	0.00000000	0.00000000	0.00000000	0.00000000	0.00000000
k__Bacteria|p__Firmicutes|c__Clostridia|o__Peptostreptococcales_Tissierellales	0.01622901	0.00840950	0.01676683	0.00565762	0.00733012	0.00254261	0.00194473	0.02023606	0.00514018	0.01052756	0.00316138	0.00299838	0.00279998	0.00360634
k__Bacteria|p__Firmicutes|c__Clostridia|o__Proteinivoracales	0.00008024	0.00000000	0.00000000	0.00000000	0.00000000	0.00000000	0.00000000	0.00000000	0.00000000	0.00000000	0.00000000	0.00000000	0.00000000	0.00000000
k__Bacteria|p__Firmicutes|c__Clostridia|o__Thermincolales	0.00000000	0.00003398	0.00000000	0.00000000	0.00000000	0.00000000	0.00000000	0.00000000	0.00000000	0.00000000	0.00000000	0.00000000	0.00000000	0.00000000
k__Bacteria|p__Firmicutes|c__Clostridia|o__unidentified_Clostridia	0.00000000	0.00000000	0.00000000	0.00000000	0.00011823	0.00002595	0.00001581	0.00003492	0.00000000	0.00000000	0.00002136	0.00000000	0.00000000	0.00000000
k__Bacteria|p__Firmicutes|c__Desulfitobacteriia|o__Desulfitobacteriales	0.00036109	0.00067956	0.00011784	0.00019071	0.00047291	0.00018162	0.00000000	0.00031428	0.00014479	0.00023657	0.00034177	0.00022210	0.00027151	0.00004895
k__Bacteria|p__Firmicutes|c__Desulfotomaculia|o__Desulfotomaculales	0.00002006	0.00000000	0.00000000	0.00000000	0.00000000	0.00000000	0.00001581	0.00005238	0.00000000	0.00000000	0.00002136	0.00000000	0.00000000	0.00000000
k__Bacteria|p__Firmicutes|c__Dethiobacteria|o__Dethiobacterales	0.00000000	0.00000000	0.00000000	0.00000000	0.00000000	0.00000000	0.00000000	0.00003492	0.00000000	0.00000000	0.00000000	0.00000000	0.00000000	0.00000000
k__Bacteria|p__Firmicutes|c__Limnochordia|o__MBA03	0.00000000	0.00006796	0.00000000	0.00000000	0.00000000	0.00000000	0.00000000	0.00000000	0.00000000	0.00000000	0.00000000	0.00000000	0.00000000	0.00000000
k__Bacteria|p__Firmicutes|c__Limnochordia|o__unidentified_Limnochordia	0.00010030	0.00001699	0.00003367	0.00038141	0.00029557	0.00000000	0.00004743	0.00000000	0.00000000	0.00000000	0.00000000	0.00000000	0.00000000	0.00000000
k__Bacteria|p__Firmicutes|c__Negativicutes|o__Acidaminococcales	0.00014042	0.00081547	0.00001683	0.00009535	0.00000000	0.00005189	0.00006324	0.00059364	0.00010860	0.00007886	0.00006408	0.00106292	0.00001697	0.00001632
k__Bacteria|p__Firmicutes|c__Negativicutes|o__Veillonellales_Selenomonadales	0.00098297	0.00064558	0.02590778	0.00149387	0.00059114	0.00041512	0.00181824	0.00439990	0.00217191	0.00043372	0.00053402	0.00057112	0.00016970	0.01835806
k__Bacteria|p__Firmicutes|c__Syntrophomonadia|o__Syntrophomonadales	0.00090273	0.00054364	0.00062286	0.00120781	0.00605917	0.00005189	0.00030040	0.00087300	0.00032579	0.00011829	0.00017089	0.00001586	0.00006788	0.00006527
k__Bacteria|p__Firmicutes|c__Thermacetogenia|o__Thermacetogeniales	0.00000000	0.00000000	0.00000000	0.00000000	0.00000000	0.00000000	0.00000000	0.00000000	0.00000000	0.00000000	0.00000000	0.00000000	0.00000000	0.00000000
k__Bacteria|p__Firmicutes|c__Thermoanaerobacteria|o__Thermoanaerobacterales	0.00000000	0.00000000	0.00000000	0.00000000	0.00000000	0.00000000	0.00000000	0.00000000	0.00000000	0.00000000	0.00000000	0.00000000	0.00000000	0.00000000
k__Bacteria|p__Firmicutes|c__unidentified_Firmicutes|o__DTU014	0.00016048	0.00000000	0.00001683	0.00015892	0.00062070	0.00002595	0.00004743	0.00026190	0.00003620	0.00007886	0.00002136	0.00001586	0.00001697	0.00003264
k__Bacteria|p__Firmicutes|c__unidentified_Firmicutes|o__Oscillospirales	0.00026079	0.00056063	0.00003367	0.00006357	0.00000000	0.00010378	0.00006324	0.00000000	0.00001810	0.00000000	0.00000000	0.00011105	0.00000000	0.00000000
k__Bacteria|p__Fusobacteriota|c__Fusobacteriia|o__Fusobacteriales	0.00024073	0.00027182	0.04902109	0.00000000	0.00008867	0.00051890	0.00003162	0.00026190	0.00155653	0.00011829	0.00010680	0.00038075	0.00032242	0.04908536
k__Bacteria|p__Gemmatimonadetes|c__unidentified_Gemmatimonadetes|o__Gemmatimonadales	0.00046139	0.00101933	0.00111105	0.00012714	0.00044335	0.00000000	0.00006324	0.00019206	0.00001810	0.00011829	0.00002136	0.00012692	0.00001697	0.00021214
k__Bacteria|p__Gemmatimonadota|c__Longimicrobia|o__Longimicrobiales	0.00000000	0.00000000	0.00000000	0.00000000	0.00000000	0.00000000	0.00000000	0.00000000	0.00000000	0.00000000	0.00000000	0.00000000	0.00000000	0.00000000
k__Bacteria|p__Gracilibacteria|c__Candidatus_Peribacteria|o__unidentified_Candidatus_Peribacteria	0.00000000	0.00000000	0.00000000	0.00000000	0.00000000	0.00000000	0.00000000	0.00000000	0.00000000	0.00000000	0.00000000	0.00000000	0.00000000	0.00000000
k__Bacteria|p__Gracilibacteria|c__unidentified_Gracilibacteria|o__Absconditabacteriales__SR1_	0.00012036	0.00015290	0.00010100	0.00000000	0.00002956	0.00000000	0.00007905	0.00015714	0.00007240	0.00007886	0.00012816	0.00003173	0.00001697	0.00009791
k__Bacteria|p__Gracilibacteria|c__unidentified_Gracilibacteria|o__JGI_0000069_P22	0.00004012	0.00003398	0.00010100	0.00015892	0.00005911	0.00012973	0.00000000	0.00027936	0.00005430	0.00027600	0.00010680	0.00007932	0.00003394	0.00003264
k__Bacteria|p__Gracilibacteria|c__unidentified_Gracilibacteria|o__unidentified_Gracilibacteria	0.00004012	0.00003398	0.00015151	0.00000000	0.00000000	0.00000000	0.00000000	0.00001746	0.00001810	0.00001971	0.00079034	0.00006346	0.00003394	0.00004895
k__Bacteria|p__Hydrogenedentes|c__Hydrogenedentia|o__Hydrogenedentiales	0.00022067	0.00066257	0.00016834	0.00031784	0.00023646	0.00038918	0.00001581	0.00010476	0.00005430	0.00013800	0.00004272	0.00003173	0.00000000	0.00008159
k__Bacteria|p__Kapabacteria|c__unidentified_Kapabacteria|o__Kapabacteriales	0.00030091	0.00030580	0.00011784	0.00022249	0.00011823	0.00046701	0.00003162	0.00010476	0.00010860	0.00007886	0.00006408	0.00012692	0.00016970	0.00071800
k__Bacteria|p__Kryptonia|c__unidentified_Kryptonia|o__Kryptoniales	0.00417260	0.00090041	0.00035352	0.00143030	0.00070937	0.00000000	0.00025297	0.00001746	0.00000000	0.00001971	0.00008544	0.00007932	0.00005091	0.00034268
k__Bacteria|p__LCP_89|c__unidentified_LCP_89|o__unidentified_LCP_89	0.00000000	0.00005097	0.00000000	0.00000000	0.00000000	0.00000000	0.00000000	0.00000000	0.00000000	0.00000000	0.00000000	0.00000000	0.00000000	0.00000000
k__Bacteria|p__Latescibacteria|c__unidentified_Latescibacteria|o__Latescibacterales	0.00068206	0.00088342	0.00048819	0.00031784	0.00035468	0.00010378	0.00003162	0.00000000	0.00007240	0.00000000	0.00000000	0.00000000	0.00000000	0.00003264
k__Bacteria|p__Latescibacterota|c__unidentified_Latescibacterota|o__unidentified_Latescibacterota	0.00012036	0.00091740	0.00000000	0.00000000	0.00000000	0.00000000	0.00001581	0.00000000	0.00000000	0.00000000	0.00000000	0.00000000	0.00000000	0.00000000
k__Bacteria|p__MBNT15|c__unidentified_MBNT15|o__unidentified_MBNT15	0.00074224	0.00105331	0.00006734	0.00009535	0.00032513	0.00015567	0.00003162	0.00006984	0.00000000	0.00039429	0.00002136	0.00011105	0.00006788	0.00006527
k__Bacteria|p__Methylomirabilota|c__Methylomirabilia|o__Methylomirabilales	0.00270818	0.04299888	0.00087538	0.00171636	0.00053202	0.00542252	0.00015811	0.00008730	0.00065157	0.00082801	0.00010680	0.00072976	0.00025454	0.00026109
k__Bacteria|p__Methylomirabilota|c__Methylomirabilia|o__Rokubacteriales	0.00098297	0.01039720	0.00005050	0.00031784	0.00029557	0.00000000	0.00006324	0.00001746	0.00000000	0.00000000	0.00000000	0.00025383	0.00003394	0.00006527
k__Bacteria|p__Modulibacteria|c__Moduliflexia|o__Moduliflexales	0.00082248	0.00059461	0.00006734	0.00069926	0.00053202	0.00012973	0.00000000	0.00064602	0.00005430	0.00005914	0.00004272	0.00000000	0.00000000	0.00001632
k__Bacteria|p__Myxococcota|c__Myxococcia|o__Myxococcales	0.00750266	0.00789983	0.00560578	0.00616617	0.00200987	0.00114158	0.00050594	0.00073332	0.00025339	0.00167574	0.00243512	0.00402957	0.00052606	0.00295361
k__Bacteria|p__Myxococcota|c__Polyangia|o__Blfdi19	0.00020061	0.00003398	0.00043769	0.00009535	0.00017734	0.00002595	0.00000000	0.00000000	0.00000000	0.00000000	0.00000000	0.00001586	0.00005091	0.00032637
k__Bacteria|p__Myxococcota|c__Polyangia|o__Haliangiales	0.00164497	0.00212361	0.00045452	0.00095353	0.00109361	0.00007784	0.00012649	0.00006984	0.00034389	0.00027600	0.00029905	0.00028556	0.00020363	0.00040796
k__Bacteria|p__Myxococcota|c__Polyangia|o__MidBa8	0.00010030	0.00000000	0.00000000	0.00000000	0.00000000	0.00000000	0.00000000	0.00000000	0.00000000	0.00000000	0.00000000	0.00000000	0.00000000	0.00000000
k__Bacteria|p__Myxococcota|c__Polyangia|o__Nannocystales	0.00010030	0.00013591	0.00001683	0.00003178	0.00008867	0.00036323	0.00007905	0.00001746	0.00000000	0.00009857	0.00000000	0.00003173	0.00000000	0.00000000
k__Bacteria|p__Myxococcota|c__Polyangia|o__PS_B29	0.00004012	0.00000000	0.00000000	0.00000000	0.00000000	0.00000000	0.00000000	0.00000000	0.00000000	0.00000000	0.00000000	0.00000000	0.00000000	0.00000000
k__Bacteria|p__Myxococcota|c__Polyangia|o__Polyangiales	0.00192582	0.00134212	0.00055553	0.00200242	0.00162563	0.00085619	0.00028459	0.00064602	0.00014479	0.00017743	0.00012816	0.00009519	0.00001697	0.00045691
k__Bacteria|p__Myxococcota|c__Polyangia|o__UASB_TL25	0.00014042	0.00040773	0.00008417	0.00006357	0.00008867	0.00000000	0.00001581	0.00003492	0.00000000	0.00000000	0.00000000	0.00003173	0.00000000	0.00000000
k__Bacteria|p__Myxococcota|c__Polyangia|o__VHS_B3_70	0.00006018	0.00000000	0.00000000	0.00000000	0.00000000	0.00000000	0.00000000	0.00000000	0.00000000	0.00000000	0.00000000	0.00000000	0.00000000	0.00000000
k__Bacteria|p__Myxococcota|c__Polyangia|o__VHS_B4_70	0.00066200	0.00003398	0.00008417	0.00028606	0.00000000	0.00000000	0.00004743	0.00000000	0.00000000	0.00000000	0.00000000	0.00000000	0.00000000	0.00001632
k__Bacteria|p__Myxococcota|c__Polyangia|o__mle1_27	0.00004012	0.00008494	0.00003367	0.00003178	0.00000000	0.00007784	0.00000000	0.00005238	0.00000000	0.00001971	0.00004272	0.00000000	0.00000000	0.00034268
k__Bacteria|p__Nitrospirota|c__Leptospirillia|o__Leptospirillales	0.00054164	0.00129116	0.00001683	0.00003178	0.00002956	0.00000000	0.00003162	0.00001746	0.00000000	0.00000000	0.00000000	0.00003173	0.00000000	0.00000000
k__Bacteria|p__Nitrospirota|c__Nitrospira|o__Nitrospirales	0.00254769	0.00265027	0.00037035	0.00146208	0.00103449	0.00298368	0.00030040	0.00061110	0.00025339	0.00070972	0.00760440	0.00210997	0.00089939	0.00357370
k__Bacteria|p__Nitrospirota|c__Thermodesulfovibrionia|o__Magnetobacteriales	0.00000000	0.00000000	0.00000000	0.00000000	0.00000000	0.00000000	0.00000000	0.00000000	0.00000000	0.00000000	0.00000000	0.00000000	0.00000000	0.00000000
k__Bacteria|p__Nitrospirota|c__Thermodesulfovibrionia|o__Thermodesulfovibrionales	0.00016048	0.00000000	0.00000000	0.00003178	0.00005911	0.00000000	0.00000000	0.00000000	0.00000000	0.00000000	0.00000000	0.00000000	0.00000000	0.00000000
k__Bacteria|p__Parcubacteria|c__unidentified_Parcubacteria|o__GWA2_38_13b	0.00000000	0.00000000	0.00000000	0.00000000	0.00000000	0.00000000	0.00000000	0.00000000	0.00000000	0.00000000	0.00000000	0.00000000	0.00000000	0.00000000
k__Bacteria|p__Planctomycetes|c__unidentified_Planctomycetes|o__Gemmatales	0.00000000	0.00000000	0.00000000	0.00000000	0.00000000	0.00000000	0.00004743	0.00000000	0.00000000	0.00000000	0.00000000	0.00000000	0.00000000	0.00000000
k__Bacteria|p__Planctomycetes|c__unidentified_Planctomycetes|o__Isosphaerales	0.00000000	0.00000000	0.00000000	0.00000000	0.00000000	0.00000000	0.00000000	0.00000000	0.00000000	0.00003943	0.00000000	0.00000000	0.00000000	0.00000000
k__Bacteria|p__Planctomycetes|c__unidentified_Planctomycetes|o__Pirellulales	0.00004012	0.00001699	0.00001683	0.00000000	0.00000000	0.00000000	0.00001581	0.00000000	0.00000000	0.00000000	0.00000000	0.00001586	0.00001697	0.00006527
k__Bacteria|p__Planctomycetota|c__OM190|o__unidentified_OM190	0.00004012	0.00000000	0.00000000	0.00000000	0.00000000	0.00000000	0.00000000	0.00000000	0.00000000	0.00000000	0.00000000	0.00000000	0.00000000	0.00000000
k__Bacteria|p__Planctomycetota|c__Phycisphaerae|o__CCM11a	0.00000000	0.00000000	0.00000000	0.00000000	0.00000000	0.00000000	0.00000000	0.00000000	0.00000000	0.00000000	0.00000000	0.00000000	0.00000000	0.00000000
k__Bacteria|p__Planctomycetota|c__Phycisphaerae|o__Phycisphaerales	0.00000000	0.00000000	0.00000000	0.00000000	0.00000000	0.00000000	0.00000000	0.00000000	0.00000000	0.00000000	0.00000000	0.00000000	0.00000000	0.00003264
k__Bacteria|p__Planctomycetota|c__Phycisphaerae|o__Pla1_lineage	0.00000000	0.00003398	0.00005050	0.00000000	0.00000000	0.00000000	0.00000000	0.00000000	0.00000000	0.00000000	0.00000000	0.00000000	0.00000000	0.00000000
k__Bacteria|p__Planctomycetota|c__Phycisphaerae|o__Tepidisphaerales	0.00000000	0.00006796	0.00000000	0.00000000	0.00002956	0.00007784	0.00000000	0.00000000	0.00000000	0.00000000	0.00000000	0.00000000	0.00000000	0.00000000
k__Bacteria|p__Planctomycetota|c__Phycisphaerae|o__mle1_8	0.00000000	0.00027182	0.00000000	0.00000000	0.00000000	0.00002595	0.00000000	0.00000000	0.00000000	0.00000000	0.00000000	0.00000000	0.00000000	0.00000000
k__Bacteria|p__Proteobacteria|c__Alphaproteobacteria|o__Acetobacterales	0.00134406	0.00083246	0.00202010	0.00158922	0.00301481	0.00228316	0.00066405	0.00055872	0.00300447	0.00061115	0.00098259	0.00204651	0.00162908	0.00251301
k__Bacteria|p__Proteobacteria|c__Alphaproteobacteria|o__Azospirillales	0.00002006	0.00003398	0.00011784	0.00006357	0.00005911	0.00005189	0.00001581	0.00006984	0.00025339	0.00001971	0.00002136	0.00004759	0.00006788	0.00009791
k__Bacteria|p__Proteobacteria|c__Alphaproteobacteria|o__Caulobacterales	0.00192582	0.00091740	0.00639698	0.00111245	0.00537936	0.00897699	0.00025297	0.00405070	0.00501348	0.00283889	0.02112571	0.01653076	0.01272718	0.02514646
k__Bacteria|p__Proteobacteria|c__Alphaproteobacteria|o__Defluviicoccales	0.00000000	0.00000000	0.00001683	0.00000000	0.00017734	0.00020756	0.00003162	0.00008730	0.00000000	0.00000000	0.00000000	0.00000000	0.00000000	0.00000000
k__Bacteria|p__Proteobacteria|c__Alphaproteobacteria|o__Dongiales	0.00012036	0.00020387	0.00001683	0.00031784	0.00026601	0.00404743	0.00001581	0.00033174	0.00036198	0.00033515	0.00032041	0.00014278	0.00047515	0.00031005
k__Bacteria|p__Proteobacteria|c__Alphaproteobacteria|o__Elsterales	0.00000000	0.00000000	0.00000000	0.00000000	0.00000000	0.00000000	0.00000000	0.00000000	0.00001810	0.00001971	0.00000000	0.00000000	0.00000000	0.00001632
k__Bacteria|p__Proteobacteria|c__Alphaproteobacteria|o__Ferrovibrionales	0.00000000	0.00000000	0.00000000	0.00009535	0.00002956	0.00018162	0.00000000	0.00001746	0.00000000	0.00000000	0.00004272	0.00000000	0.00000000	0.00001632
k__Bacteria|p__Proteobacteria|c__Alphaproteobacteria|o__Kiloniellales	0.00000000	0.00000000	0.00000000	0.00000000	0.00005911	0.00000000	0.00000000	0.00000000	0.00001810	0.00000000	0.00000000	0.00000000	0.00001697	0.00000000
k__Bacteria|p__Proteobacteria|c__Alphaproteobacteria|o__Micropepsales	0.00000000	0.00000000	0.00000000	0.00006357	0.00000000	0.00000000	0.00000000	0.00000000	0.00000000	0.00000000	0.00000000	0.00000000	0.00000000	0.00000000
k__Bacteria|p__Proteobacteria|c__Alphaproteobacteria|o__NRL2	0.00000000	0.00000000	0.00000000	0.00000000	0.00000000	0.00000000	0.00000000	0.00000000	0.00000000	0.00000000	0.00000000	0.00003173	0.00000000	0.00004895
k__Bacteria|p__Proteobacteria|c__Alphaproteobacteria|o__Paracaedibacterales	0.00006018	0.00003398	0.00006734	0.00003178	0.00023646	0.00015567	0.00000000	0.00001746	0.00010860	0.00000000	0.00002136	0.00000000	0.00027151	0.00008159
k__Bacteria|p__Proteobacteria|c__Alphaproteobacteria|o__Parvibaculales	0.00002006	0.00000000	0.00000000	0.00003178	0.00011823	0.01953662	0.00000000	0.00005238	0.00001810	0.00053229	0.00002136	0.00006346	0.00003394	0.00003264
k__Bacteria|p__Proteobacteria|c__Alphaproteobacteria|o__Reyranellales	0.00006018	0.00006796	0.00008417	0.00019071	0.00038424	0.00041512	0.00012649	0.00008730	0.00018099	0.00011829	0.00006408	0.00012692	0.00022060	0.00003264
k__Bacteria|p__Proteobacteria|c__Alphaproteobacteria|o__Rhizobiales	0.00437321	0.01527301	0.00941030	0.00896319	0.01318240	0.00537063	0.00417405	0.00923630	0.02037972	0.00419920	0.00694222	0.01232668	0.00843388	0.01579609
k__Bacteria|p__Proteobacteria|c__Alphaproteobacteria|o__Rhodobacterales	0.00381151	0.00224253	0.02706934	0.02580891	0.01267993	0.00199777	0.00349418	0.02388518	0.01109482	0.00648608	0.01085122	0.01269156	0.02747374	0.04781254
k__Bacteria|p__Proteobacteria|c__Alphaproteobacteria|o__Rhodospirillales	0.00004012	0.00016989	0.00000000	0.00000000	0.00005911	0.00010378	0.00000000	0.00005238	0.00000000	0.00007886	0.00008544	0.00001586	0.00000000	0.00000000
k__Bacteria|p__Proteobacteria|c__Alphaproteobacteria|o__Rickettsiales	0.00002006	0.00000000	0.00020201	0.00003178	0.00023646	0.00254261	0.00000000	0.00005238	0.00228050	0.00003943	0.00000000	0.00003173	0.00179877	0.00044059
k__Bacteria|p__Proteobacteria|c__Alphaproteobacteria|o__Sphingomonadales	0.00393187	0.02801468	0.02398869	0.00321022	0.01259126	0.01024829	0.00107513	0.00846807	0.01571012	0.00946298	0.03035352	0.05899990	0.05900321	0.05130465
k__Bacteria|p__Proteobacteria|c__Alphaproteobacteria|o__Tistrellales	0.00050151	0.00008494	0.00000000	0.00000000	0.00011823	0.00000000	0.00003162	0.00003492	0.00000000	0.00000000	0.00000000	0.00000000	0.00000000	0.00000000
k__Bacteria|p__Proteobacteria|c__Alphaproteobacteria|o__Zavarziniales	0.00000000	0.00000000	0.00000000	0.00000000	0.00000000	0.00000000	0.00000000	0.00000000	0.00000000	0.00000000	0.00000000	0.00000000	0.00000000	0.00000000
k__Bacteria|p__Proteobacteria|c__Gammaproteobacteria|o__1013_28_CG33	0.00014042	0.00000000	0.00010100	0.00047677	0.00008867	0.00586358	0.00004743	0.00008730	0.00005430	0.00041401	0.00034177	0.00033315	0.00025454	0.00034268
k__Bacteria|p__Proteobacteria|c__Gammaproteobacteria|o__Acidiferrobacterales	0.00074224	0.00056063	0.00106055	0.00047677	0.00029557	0.00012973	0.00011068	0.00024444	0.00021719	0.00005914	0.00032041	0.00053939	0.00057697	0.00110964
k__Bacteria|p__Proteobacteria|c__Gammaproteobacteria|o__Acidithiobacillales	0.00000000	0.00005097	0.00006734	0.00000000	0.00002956	0.00012973	0.00000000	0.00017460	0.00001810	0.00001971	0.00025633	0.00133261	0.00000000	0.00031005
k__Bacteria|p__Proteobacteria|c__Gammaproteobacteria|o__Beggiatoales	0.00002006	0.00000000	0.00000000	0.00003178	0.00000000	0.00000000	0.00001581	0.00000000	0.00001810	0.00000000	0.00000000	0.00000000	0.00000000	0.00000000
k__Bacteria|p__Proteobacteria|c__Gammaproteobacteria|o__Burkholderiales	0.05608939	0.05482315	0.18017609	0.14175831	0.08802057	0.25296422	0.00942322	0.10711667	0.09509330	0.10773993	0.35877390	0.35161976	0.28303552	0.23302492
k__Bacteria|p__Proteobacteria|c__Gammaproteobacteria|o__CCD24	0.00010030	0.00005097	0.00000000	0.00006357	0.00005911	0.00002595	0.00000000	0.00000000	0.00000000	0.00000000	0.00000000	0.00000000	0.00000000	0.00000000
k__Bacteria|p__Proteobacteria|c__Gammaproteobacteria|o__CCM19a	0.00014042	0.00000000	0.00000000	0.00000000	0.00002956	0.00000000	0.00000000	0.00000000	0.00000000	0.00000000	0.00000000	0.00000000	0.00000000	0.00000000
k__Bacteria|p__Proteobacteria|c__Gammaproteobacteria|o__Cardiobacteriales	0.00000000	0.00000000	0.00296281	0.00000000	0.00002956	0.00023351	0.00000000	0.00000000	0.00009050	0.00000000	0.00000000	0.00000000	0.00025454	0.00091382
k__Bacteria|p__Proteobacteria|c__Gammaproteobacteria|o__Chromatiales	0.00050151	0.00057762	0.00013467	0.00015892	0.00020690	0.00005189	0.00001581	0.00005238	0.00000000	0.00003943	0.00000000	0.00003173	0.00001697	0.00006527
k__Bacteria|p__Proteobacteria|c__Gammaproteobacteria|o__Competibacterales	0.00044133	0.00064558	0.00651482	0.00149387	0.00192120	0.02093765	0.00017392	0.00197297	0.00191852	0.00433720	0.00608779	0.00782118	0.01024962	0.01155334
k__Bacteria|p__Proteobacteria|c__Gammaproteobacteria|o__Coxiellales	0.00038115	0.00025483	0.00020201	0.00019071	0.00020690	0.00000000	0.00009486	0.00005238	0.00973738	0.00000000	0.00000000	0.00000000	0.00758540	0.00000000
k__Bacteria|p__Proteobacteria|c__Gammaproteobacteria|o__Diplorickettsiales	0.00004012	0.00008494	0.00005050	0.00015892	0.00011823	0.00500739	0.00000000	0.00000000	0.00005430	0.00037458	0.00004272	0.00009519	0.00018667	0.00009791
k__Bacteria|p__Proteobacteria|c__Gammaproteobacteria|o__Ectothiorhodospirales	0.00068206	0.00086643	0.00003367	0.01255483	0.00171430	0.00000000	0.00039527	0.00001746	0.00000000	0.00000000	0.00000000	0.00001586	0.00011879	0.00000000
k__Bacteria|p__Proteobacteria|c__Gammaproteobacteria|o__Enterobacterales	0.16860920	0.05215589	0.04546908	0.14032801	0.10336062	0.01925123	0.04063370	0.05767015	0.07293986	0.03840391	0.03870554	0.00780531	0.04456210	0.01888024
k__Bacteria|p__Proteobacteria|c__Gammaproteobacteria|o__Ga0077536	0.00006018	0.00000000	0.00003367	0.00000000	0.00011823	0.00023351	0.00000000	0.00000000	0.00000000	0.00003943	0.00000000	0.00003173	0.00006788	0.00013055
k__Bacteria|p__Proteobacteria|c__Gammaproteobacteria|o__HOC36	0.00012036	0.00000000	0.00000000	0.00012714	0.00000000	0.00000000	0.00000000	0.00000000	0.00000000	0.00000000	0.00000000	0.00000000	0.00000000	0.00000000
k__Bacteria|p__Proteobacteria|c__Gammaproteobacteria|o__Halothiobacillales	0.00010030	0.00025483	0.00025251	0.00009535	0.00005911	0.00062268	0.00003162	0.00087300	0.00184612	0.00100544	0.00328954	0.00122156	0.00242665	0.00065273
k__Bacteria|p__Proteobacteria|c__Gammaproteobacteria|o__Immundisolibacterales	0.00004012	0.00001699	0.00015151	0.00000000	0.00005911	0.00025945	0.00000000	0.00003492	0.00000000	0.00005914	0.00012816	0.00080909	0.00005091	0.00156655
k__Bacteria|p__Proteobacteria|c__Gammaproteobacteria|o__JG36_GS_52	0.00006018	0.00000000	0.00005050	0.00000000	0.00005911	0.00000000	0.00000000	0.00000000	0.00000000	0.00000000	0.00008544	0.00000000	0.00000000	0.00004895
k__Bacteria|p__Proteobacteria|c__Gammaproteobacteria|o__JG36_TzT_191	0.00008024	0.00000000	0.00000000	0.00000000	0.00000000	0.00000000	0.00000000	0.00000000	0.00000000	0.00000000	0.00000000	0.00000000	0.00000000	0.00000000
k__Bacteria|p__Proteobacteria|c__Gammaproteobacteria|o__KF_JG30_C25	0.00010030	0.00000000	0.00000000	0.00022249	0.00005911	0.00000000	0.00000000	0.00006984	0.00000000	0.00000000	0.00000000	0.00000000	0.00000000	0.00003264
k__Bacteria|p__Proteobacteria|c__Gammaproteobacteria|o__Legionellales	0.00018055	0.00013591	0.00000000	0.00000000	0.00005911	0.00062268	0.00014230	0.00003492	0.00014479	0.00007886	0.00000000	0.00000000	0.00005091	0.00000000
k__Bacteria|p__Proteobacteria|c__Gammaproteobacteria|o__MBMPE27	0.00002006	0.00000000	0.00000000	0.00003178	0.00002956	0.00000000	0.00000000	0.00000000	0.00000000	0.00000000	0.00000000	0.00000000	0.00000000	0.00000000
k__Bacteria|p__Proteobacteria|c__Gammaproteobacteria|o__Methylococcales	0.00210636	0.00163093	0.00161608	0.00165279	0.00313304	0.02978492	0.00031622	0.00050634	0.00012669	0.00155745	0.00049130	0.00025383	0.00016970	0.00115860
k__Bacteria|p__Proteobacteria|c__Gammaproteobacteria|o__Nitrosococcales	0.00050151	0.00069654	0.00057236	0.00057212	0.00124139	0.00277612	0.00009486	0.00148409	0.00412662	0.00023657	0.00004272	0.00017451	0.00066181	0.00011423
k__Bacteria|p__Proteobacteria|c__Gammaproteobacteria|o__PLTA13	0.00086261	0.00015290	0.00016834	0.00031784	0.00041380	0.00010378	0.00006324	0.00012222	0.00005430	0.00003943	0.00036313	0.00009519	0.00008485	0.00066905
k__Bacteria|p__Proteobacteria|c__Gammaproteobacteria|o__Pseudomonadales	0.08774499	0.01038021	0.00974698	0.02456932	0.03203972	0.02869522	0.00586580	0.01957258	0.01187309	0.00895040	0.00899284	0.01007393	0.01791987	0.03335455
k__Bacteria|p__Proteobacteria|c__Gammaproteobacteria|o__R7C24	0.00004012	0.00000000	0.00003367	0.00009535	0.00000000	0.00018162	0.00000000	0.00000000	0.00000000	0.00000000	0.00002136	0.00001586	0.00000000	0.00003264
k__Bacteria|p__Proteobacteria|c__Gammaproteobacteria|o__Run_SP154	0.00487472	0.00314294	0.00158241	0.00228847	0.00165519	0.00415121	0.00039527	0.00130949	0.00101356	0.00132087	0.00220015	0.00223689	0.00232483	0.00388375
k__Bacteria|p__Proteobacteria|c__Gammaproteobacteria|o__SZB30	0.00066200	0.00005097	0.00104372	0.00244740	0.00268968	0.00108969	0.00018973	0.00000000	0.00000000	0.00007886	0.00002136	0.00003173	0.00006788	0.00024477
k__Bacteria|p__Proteobacteria|c__Gammaproteobacteria|o__Salinisphaerales	0.00000000	0.00005097	0.00000000	0.00000000	0.00000000	0.00194588	0.00000000	0.00000000	0.00000000	0.00021686	0.00000000	0.00000000	0.00000000	0.00000000
k__Bacteria|p__Proteobacteria|c__Gammaproteobacteria|o__Steroidobacterales	0.00050151	0.00005097	0.00015151	0.00006357	0.00026601	0.00000000	0.00004743	0.00001746	0.00099546	0.00001971	0.00000000	0.00000000	0.00013576	0.00000000
k__Bacteria|p__Proteobacteria|c__Gammaproteobacteria|o__Tenderiales	0.00000000	0.00000000	0.00003367	0.00000000	0.00000000	0.00000000	0.00000000	0.00008730	0.00000000	0.00003943	0.00017089	0.00004759	0.00000000	0.00008159
k__Bacteria|p__Proteobacteria|c__Gammaproteobacteria|o__Thiotrichales	0.00038115	0.00003398	0.00042085	0.00000000	0.00023646	0.00007784	0.00003162	0.00010476	0.00025339	0.00005914	0.00010680	0.00017451	0.00003394	0.00065273
k__Bacteria|p__Proteobacteria|c__Gammaproteobacteria|o__WD260	0.00000000	0.00000000	0.00000000	0.00009535	0.00000000	0.00000000	0.00000000	0.00000000	0.00000000	0.00000000	0.00000000	0.00000000	0.00000000	0.00000000
k__Bacteria|p__Proteobacteria|c__Gammaproteobacteria|o__Xanthomonadales	0.00621878	0.00288811	0.02407286	0.01258661	0.02849289	0.02275381	0.00526499	0.02196459	0.01417169	0.01064585	0.02338994	0.01573754	0.07305401	0.02720256
k__Bacteria|p__Proteobacteria|c__Gammaproteobacteria|o__unidentified_Gammaproteobacteria	0.00022067	0.00006796	0.00010100	0.00041320	0.00014778	0.00075241	0.00007905	0.00003492	0.00057918	0.00005914	0.00006408	0.00011105	0.00005091	0.00011423
k__Bacteria|p__Proteobacteria|c__Magnetococcia|o__Magnetococcales	0.00000000	0.00000000	0.00000000	0.00000000	0.00000000	0.00000000	0.00000000	0.00000000	0.00000000	0.00000000	0.00000000	0.00000000	0.00000000	0.00000000
k__Bacteria|p__SAR324_clade_Marine_group_B_|c__unidentified_SAR324_clade_Marine_group_B_|o__unidentified_SAR324_clade_Marine_group_B_	0.00020061	0.00013591	0.00003367	0.00000000	0.00011823	0.00031134	0.00000000	0.00003492	0.00000000	0.00000000	0.00002136	0.00000000	0.00003394	0.00003264
k__Bacteria|p__Schekmanbacteria|c__unidentified_Schekmanbacteria|o__unidentified_Schekmanbacteria	0.00000000	0.00011892	0.00000000	0.00000000	0.00000000	0.00000000	0.00000000	0.00000000	0.00000000	0.00000000	0.00000000	0.00000000	0.00000000	0.00000000
k__Bacteria|p__Spirochaetota|c__Brachyspirae|o__Brachyspirales	0.00000000	0.00000000	0.00000000	0.00000000	0.00000000	0.00000000	0.00000000	0.00000000	0.00021719	0.00000000	0.00000000	0.00000000	0.00000000	0.00000000
k__Bacteria|p__Spirochaetota|c__Brevinematia|o__Brevinematales	0.00000000	0.00003398	0.00000000	0.00000000	0.00000000	0.00000000	0.00000000	0.00000000	0.00220810	0.00000000	0.00004272	0.00000000	0.00000000	0.00000000
k__Bacteria|p__Spirochaetota|c__Leptospirae|o__Leptospirales	0.00294891	0.00093439	0.00011784	0.00139851	0.00200987	0.00036323	0.00045851	0.00048888	0.00030769	0.00013800	0.00002136	0.00015864	0.00006788	0.00004895
k__Bacteria|p__Spirochaetota|c__Spirochaetia|o__Spirochaetales	0.00341030	0.00343176	0.00473040	0.00187528	0.00150740	0.00334691	0.00020554	0.00064602	0.00041628	0.00106458	0.00008544	0.00004759	0.00011879	0.00101173
k__Bacteria|p__Sumerlaeota|c__Sumerlaeia|o__Sumerlaeales	0.00014042	0.00042472	0.00003367	0.00003178	0.00011823	0.00002595	0.00001581	0.00006984	0.00003620	0.00007886	0.00000000	0.00007932	0.00001697	0.00000000
k__Bacteria|p__Sva0485|c__unidentified_Sva0485|o__unidentified_Sva0485	0.00026079	0.00035677	0.00006734	0.00012714	0.00002956	0.00000000	0.00000000	0.00000000	0.00000000	0.00000000	0.00000000	0.00000000	0.00000000	0.00000000
k__Bacteria|p__Synergistota|c__Synergistia|o__Synergistales	0.00373127	0.00137610	0.00562261	0.00092175	0.00165519	0.00070052	0.00039527	0.00803157	0.00959259	0.00412034	0.00102531	0.00042834	0.00096727	0.00052218
k__Bacteria|p__Thermotogae|c__unidentified_Thermotogae|o__Petrotogales	0.00000000	0.00000000	0.00000000	0.00000000	0.00000000	0.00000000	0.00000000	0.00000000	0.00000000	0.00000000	0.00000000	0.00000000	0.00000000	0.00000000
k__Bacteria|p__Verrucomicrobiota|c__Kiritimatiellae|o__WCHB1_41	0.00028085	0.00040773	0.00005050	0.00006357	0.00014778	0.00007784	0.00011068	0.00024444	0.00012669	0.00015772	0.00008544	0.00000000	0.00001697	0.00004895
k__Bacteria|p__Verrucomicrobiota|c__Lentisphaeria|o__Oligosphaerales	0.00008024	0.00011892	0.00005050	0.00009535	0.00020690	0.00000000	0.00000000	0.00003492	0.00000000	0.00001971	0.00000000	0.00001586	0.00000000	0.00000000
k__Bacteria|p__Verrucomicrobiota|c__Lentisphaeria|o__Victivallales	0.00000000	0.00000000	0.00000000	0.00000000	0.00000000	0.00000000	0.00000000	0.00000000	0.00000000	0.00000000	0.00000000	0.00000000	0.00000000	0.00000000
k__Bacteria|p__Verrucomicrobiota|c__Omnitrophia|o__Omnitrophales	0.00006018	0.00022086	0.00000000	0.00012714	0.00000000	0.00005189	0.00000000	0.00000000	0.00003620	0.00000000	0.00000000	0.00000000	0.00000000	0.00000000
k__Bacteria|p__Verrucomicrobiota|c__Verrucomicrobiae|o__Chthoniobacterales	0.00006018	0.00013591	0.00003367	0.00006357	0.00002956	0.00000000	0.00000000	0.00001746	0.00001810	0.00000000	0.00000000	0.00000000	0.00000000	0.00003264
k__Bacteria|p__Verrucomicrobiota|c__Verrucomicrobiae|o__LD1_PB3	0.00004012	0.00000000	0.00000000	0.00000000	0.00005911	0.00000000	0.00000000	0.00001746	0.00001810	0.00000000	0.00000000	0.00001586	0.00000000	0.00000000
k__Bacteria|p__Verrucomicrobiota|c__Verrucomicrobiae|o__Opitutales	0.00020061	0.00006796	0.00005050	0.00009535	0.00005911	0.00000000	0.00003162	0.00005238	0.00003620	0.00001971	0.00002136	0.00000000	0.00000000	0.00001632
k__Bacteria|p__Verrucomicrobiota|c__Verrucomicrobiae|o__Pedosphaerales	0.00302915	0.00535150	0.00259246	0.00222491	0.00502468	0.00399554	0.00015811	0.00043650	0.00066967	0.00013800	0.00008544	0.00022210	0.00010182	0.00048955
k__Bacteria|p__Verrucomicrobiota|c__Verrucomicrobiae|o__S_BQ2_57_soil_group	0.00004012	0.00005097	0.00000000	0.00000000	0.00000000	0.00000000	0.00000000	0.00000000	0.00000000	0.00000000	0.00000000	0.00000000	0.00000000	0.00000000
k__Bacteria|p__Verrucomicrobiota|c__Verrucomicrobiae|o__Verrucomicrobiales	0.00078236	0.00292209	0.00370352	0.00038141	0.00056158	0.00025945	0.00017392	0.00055872	0.00027149	0.00015772	0.00008544	0.00245899	0.00013576	0.00264356
k__Bacteria|p__WPS_2|c__unidentified_WPS_2|o__unidentified_WPS_2	0.00022067	0.00052666	0.00026935	0.00003178	0.00029557	0.00010378	0.00001581	0.00005238	0.00003620	0.00005914	0.00002136	0.00007932	0.00001697	0.00000000
k__Bacteria|p__Zixibacteria|c__unidentified_Zixibacteria|o__unidentified_Zixibacteria	0.00006018	0.00073052	0.00003367	0.00009535	0.00002956	0.00033729	0.00000000	0.00000000	0.00000000	0.00000000	0.00000000	0.00000000	0.00000000	0.00003264
k__Bacteria|p__unidentified_Bacteria|c__Acidimicrobiia|o__Actinomarinales	0.00308933	0.00159696	0.00377085	0.00212955	0.00150740	0.00601925	0.00011068	0.00005238	0.00018099	0.00049286	0.00010680	0.00007932	0.00005091	0.00047323
k__Bacteria|p__unidentified_Bacteria|c__Acidimicrobiia|o__Microtrichales	0.00052158	0.00001699	0.00030301	0.00057212	0.00038424	0.00025945	0.00011068	0.00022698	0.00001810	0.00015772	0.00017089	0.00022210	0.00006788	0.00063641
k__Bacteria|p__unidentified_Bacteria|c__Acidimicrobiia|o__unidentified_Acidimicrobiia	0.00000000	0.00003398	0.00000000	0.00000000	0.00000000	0.00000000	0.00000000	0.00000000	0.00000000	0.00000000	0.00000000	0.00000000	0.00000000	0.00000000
k__Bacteria|p__unidentified_Bacteria|c__Acidobacteriae|o__Acidobacteriales	0.00034103	0.00482484	0.00020201	0.00012714	0.00000000	0.00179021	0.00000000	0.00000000	0.00003620	0.00017743	0.00010680	0.00012692	0.00000000	0.00000000
k__Bacteria|p__unidentified_Bacteria|c__Alphaproteobacteria|o__Acetobacterales	0.00000000	0.00000000	0.00003367	0.00003178	0.00005911	0.00044107	0.00000000	0.00000000	0.00000000	0.00015772	0.00002136	0.00000000	0.00000000	0.00008159
k__Bacteria|p__unidentified_Bacteria|c__Alphaproteobacteria|o__Azospirillales	0.00006018	0.00008494	0.00003367	0.00000000	0.00002956	0.00000000	0.00000000	0.00000000	0.00000000	0.00001971	0.00000000	0.00000000	0.00000000	0.00006527
k__Bacteria|p__unidentified_Bacteria|c__Alphaproteobacteria|o__Caulobacterales	0.00000000	0.00000000	0.00023568	0.00000000	0.00014778	0.00007784	0.00000000	0.00001746	0.00052488	0.00001971	0.00002136	0.00003173	0.00000000	0.00017950
k__Bacteria|p__unidentified_Bacteria|c__Alphaproteobacteria|o__Defluviicoccales	0.00000000	0.00000000	0.00000000	0.00000000	0.00002956	0.00031134	0.00001581	0.00000000	0.00000000	0.00001971	0.00000000	0.00001586	0.00000000	0.00004895
k__Bacteria|p__unidentified_Bacteria|c__Alphaproteobacteria|o__Elsterales	0.00008024	0.00066257	0.00000000	0.00009535	0.00008867	0.00000000	0.00000000	0.00000000	0.00000000	0.00000000	0.00000000	0.00004759	0.00000000	0.00000000
k__Bacteria|p__unidentified_Bacteria|c__Alphaproteobacteria|o__Ferrovibrionales	0.00022067	0.00000000	0.00000000	0.00000000	0.00000000	0.00000000	0.00001581	0.00000000	0.00000000	0.00000000	0.00000000	0.00000000	0.00000000	0.00000000
k__Bacteria|p__unidentified_Bacteria|c__Alphaproteobacteria|o__Holosporales	0.00000000	0.00013591	0.00000000	0.00015892	0.00000000	0.00018162	0.00000000	0.00000000	0.00000000	0.00000000	0.00004272	0.00001586	0.00000000	0.00000000
k__Bacteria|p__unidentified_Bacteria|c__Alphaproteobacteria|o__Kiloniellales	0.00006018	0.00000000	0.00000000	0.00000000	0.00000000	0.00000000	0.00000000	0.00000000	0.00000000	0.00000000	0.00000000	0.00000000	0.00000000	0.00006527
k__Bacteria|p__unidentified_Bacteria|c__Alphaproteobacteria|o__Micavibrionales	0.00006018	0.00000000	0.00090904	0.00009535	0.00000000	0.00005189	0.00000000	0.00012222	0.00076017	0.00021686	0.00025633	0.00007932	0.00054303	0.00205610
k__Bacteria|p__unidentified_Bacteria|c__Alphaproteobacteria|o__Micropepsales	0.00000000	0.00000000	0.00005050	0.00000000	0.00000000	0.00000000	0.00000000	0.00000000	0.00000000	0.00000000	0.00000000	0.00006346	0.00003394	0.00008159
k__Bacteria|p__unidentified_Bacteria|c__Alphaproteobacteria|o__Paracaedibacterales	0.00004012	0.00000000	0.00005050	0.00006357	0.00000000	0.00005189	0.00000000	0.00000000	0.00000000	0.00000000	0.00000000	0.00000000	0.00001697	0.00019582
k__Bacteria|p__unidentified_Bacteria|c__Alphaproteobacteria|o__Puniceispirillales	0.00000000	0.00000000	0.00000000	0.00000000	0.00000000	0.00005189	0.00000000	0.00000000	0.00000000	0.00000000	0.00000000	0.00000000	0.00000000	0.00000000
k__Bacteria|p__unidentified_Bacteria|c__Alphaproteobacteria|o__Reyranellales	0.00002006	0.00000000	0.00000000	0.00003178	0.00000000	0.00057079	0.00000000	0.00000000	0.00000000	0.00005914	0.00000000	0.00000000	0.00000000	0.00000000
k__Bacteria|p__unidentified_Bacteria|c__Alphaproteobacteria|o__Rhizobiales	0.00074224	0.00052666	0.00252512	0.00063569	0.00135962	0.00051890	0.00042689	0.00047142	0.00056108	0.00037458	0.00049130	0.00076149	0.00106908	0.00256197
k__Bacteria|p__unidentified_Bacteria|c__Alphaproteobacteria|o__Rhodospirillales	0.00004012	0.00003398	0.00023568	0.00006357	0.00023646	0.00098591	0.00000000	0.00120474	0.00032579	0.00045343	0.00106803	0.00038075	0.00037333	0.00101173
k__Bacteria|p__unidentified_Bacteria|c__Alphaproteobacteria|o__Rickettsiales	0.00000000	0.00000000	0.00000000	0.00158922	0.00035468	0.00010378	0.00000000	0.00000000	0.00000000	0.00000000	0.00034177	0.00001586	0.00000000	0.00000000
k__Bacteria|p__unidentified_Bacteria|c__Alphaproteobacteria|o__Sneathiellales	0.00000000	0.00000000	0.00000000	0.00000000	0.00000000	0.00000000	0.00000000	0.00000000	0.00000000	0.00000000	0.00000000	0.00000000	0.00000000	0.00000000
k__Bacteria|p__unidentified_Bacteria|c__Alphaproteobacteria|o__Thalassobaculales	0.00000000	0.00000000	0.00000000	0.00000000	0.00000000	0.00002595	0.00000000	0.00005238	0.00005430	0.00003943	0.00000000	0.00003173	0.00006788	0.00000000
k__Bacteria|p__unidentified_Bacteria|c__Alphaproteobacteria|o__unidentified_Alphaproteobacteria	0.00000000	0.00000000	0.00000000	0.00000000	0.00005911	0.00038918	0.00000000	0.00001746	0.00000000	0.00001971	0.00000000	0.00000000	0.00001697	0.00000000
k__Bacteria|p__unidentified_Bacteria|c__Anaerolineae|o__Anaerolineales	0.00425284	0.00536849	0.01047085	0.00254275	0.00363550	0.00145292	0.00036365	0.03153263	0.17807822	0.00463292	0.00113212	0.01061332	0.00459875	0.00230088
k__Bacteria|p__unidentified_Bacteria|c__Anaerolineae|o__Ardenticatenales	0.00016048	0.00003398	0.00000000	0.00015892	0.00005911	0.00000000	0.00000000	0.00000000	0.00003620	0.00000000	0.00000000	0.00000000	0.00000000	0.00000000
k__Bacteria|p__unidentified_Bacteria|c__Anaerolineae|o__Caldilineales	0.00012036	0.00006796	0.00035352	0.00006357	0.00002956	0.00000000	0.00000000	0.00001746	0.00000000	0.00000000	0.00004272	0.00001586	0.00001697	0.00006527
k__Bacteria|p__unidentified_Bacteria|c__Babeliae|o__Babeliales	0.00038115	0.00013591	0.00011784	0.00022249	0.00041380	0.00236100	0.00004743	0.00000000	0.00028959	0.00017743	0.00000000	0.00000000	0.00000000	0.00000000
k__Bacteria|p__unidentified_Bacteria|c__Bacilli|o__Erysipelotrichales	0.00000000	0.00040773	0.00000000	0.00000000	0.00000000	0.00000000	0.00000000	0.00000000	0.00000000	0.00000000	0.00000000	0.00004759	0.00000000	0.00000000
k__Bacteria|p__unidentified_Bacteria|c__Bacilli|o__Mycoplasmatales	0.00110333	0.00000000	0.00000000	0.00012714	0.00073892	0.00000000	0.00071148	0.00036666	0.00000000	0.00007886	0.00042721	0.00000000	0.00000000	0.00000000
k__Bacteria|p__unidentified_Bacteria|c__Bacteroidia|o__Bacteroidales	0.00551666	0.00358466	0.00114472	0.00266989	0.00688677	0.00067457	0.00072730	0.00703635	0.00284158	0.00415977	0.00190110	0.00349018	0.00156120	0.00125651
k__Bacteria|p__unidentified_Bacteria|c__Bacteroidia|o__Chitinophagales	0.00086261	0.00022086	0.00141407	0.00022249	0.00079804	0.00057079	0.00001581	0.00017460	0.00003620	0.00007886	0.00004272	0.00023797	0.00050909	0.00163183
k__Bacteria|p__unidentified_Bacteria|c__Bacteroidia|o__Cytophagales	0.00010030	0.00000000	0.00010100	0.00000000	0.00011823	0.00000000	0.00000000	0.00000000	0.00000000	0.00000000	0.00000000	0.00000000	0.00000000	0.00003264
k__Bacteria|p__unidentified_Bacteria|c__Bacteroidia|o__Flavobacteriales	0.00002006	0.00006796	0.00023568	0.00006357	0.00000000	0.00000000	0.00000000	0.00015714	0.00170133	0.00021686	0.00196518	0.00147539	0.01644352	0.00058746
k__Bacteria|p__unidentified_Bacteria|c__Campylobacteria|o__Campylobacterales	0.00034103	0.00049268	0.00020201	0.00019071	0.00076848	0.00033729	0.00001581	0.00064602	0.00104975	0.00035486	0.00046993	0.00036488	0.00039030	0.00004895
k__Bacteria|p__unidentified_Bacteria|c__Chloroflexia|o__Chloroflexales	0.00008024	0.00000000	0.00000000	0.00000000	0.00002956	0.00000000	0.00000000	0.00005238	0.00000000	0.00000000	0.00000000	0.00000000	0.00000000	0.00000000
k__Bacteria|p__unidentified_Bacteria|c__Clostridia|o__Christensenellales	0.00060182	0.00020387	0.00011784	0.00041320	0.00035468	0.00064863	0.00004743	0.00111744	0.00090496	0.00061115	0.00023497	0.00022210	0.00023757	0.00006527
k__Bacteria|p__unidentified_Bacteria|c__Clostridia|o__Eubacteriales	0.00002006	0.00000000	0.00000000	0.00000000	0.00000000	0.00002595	0.00007905	0.00356183	0.00130314	0.00086744	0.00036313	0.00003173	0.00010182	0.00000000
k__Bacteria|p__unidentified_Bacteria|c__Clostridia|o__Lachnospirales	0.00012036	0.00231049	0.00005050	0.00000000	0.00000000	0.00015567	0.00001581	0.00000000	0.00003620	0.00001971	0.00000000	0.00026970	0.00000000	0.00006527
k__Bacteria|p__unidentified_Bacteria|c__Clostridia|o__Oscillospirales	0.00238721	0.00421324	0.00042085	0.00044498	0.00097538	0.00140103	0.00049013	0.00054126	0.00056108	0.00041401	0.00012816	0.00082495	0.00010182	0.00014686
k__Bacteria|p__unidentified_Bacteria|c__Clostridia|o__Peptococcales	0.00046139	0.00035677	0.00010100	0.00006357	0.00032513	0.00007784	0.00012649	0.00024444	0.00016289	0.00007886	0.00000000	0.00019037	0.00001697	0.00006527
k__Bacteria|p__unidentified_Bacteria|c__Clostridia|o__Peptostreptococcales_Tissierellales	0.00006018	0.00001699	0.00030301	0.00000000	0.00011823	0.00000000	0.00000000	0.00024444	0.00012669	0.00013800	0.00000000	0.00000000	0.00001697	0.00017950
k__Bacteria|p__unidentified_Bacteria|c__Clostridia|o__Proteinivoracales	0.00000000	0.00000000	0.00000000	0.00000000	0.00000000	0.00000000	0.00000000	0.00000000	0.00000000	0.00000000	0.00000000	0.00000000	0.00000000	0.00000000
k__Bacteria|p__unidentified_Bacteria|c__Coriobacteriia|o__Coriobacteriales	0.00004012	0.00013591	0.00000000	0.00000000	0.00026601	0.00002595	0.00001581	0.00003492	0.00003620	0.00003943	0.00000000	0.00000000	0.00000000	0.00000000
k__Bacteria|p__unidentified_Bacteria|c__Dehalococcoidia|o__Dehalococcoidales	0.00012036	0.00040773	0.00013467	0.00031784	0.00035468	0.00007784	0.00001581	0.00006984	0.00000000	0.00000000	0.00000000	0.00000000	0.00000000	0.00004895
k__Bacteria|p__unidentified_Bacteria|c__Desulfarculia|o__Desulfarculales	0.00008024	0.00005097	0.00001683	0.00009535	0.00002956	0.00000000	0.00000000	0.00000000	0.00000000	0.00001971	0.00000000	0.00000000	0.00000000	0.00000000
k__Bacteria|p__unidentified_Bacteria|c__Desulfitobacteriia|o__Desulfitobacteriales	0.00002006	0.00000000	0.00001683	0.00000000	0.00000000	0.00002595	0.00001581	0.00008730	0.00001810	0.00015772	0.00000000	0.00004759	0.00005091	0.00000000
k__Bacteria|p__unidentified_Bacteria|c__Desulfobacteria|o__Desulfobacterales	0.00160485	0.00088342	0.00006734	0.00041320	0.00014778	0.00041512	0.00015811	0.00003492	0.00001810	0.00007886	0.00002136	0.00000000	0.00000000	0.00004895
k__Bacteria|p__unidentified_Bacteria|c__Desulfobulbia|o__Desulfobulbales	0.00455375	0.00361863	0.00090904	0.00155743	0.00065025	0.00267234	0.00015811	0.00015714	0.00005430	0.00025629	0.00096123	0.00268109	0.00025454	0.00039164
k__Bacteria|p__unidentified_Bacteria|c__Desulfovibrionia|o__Desulfovibrionales	0.00048145	0.00073052	0.00001683	0.00006357	0.00017734	0.00000000	0.00006324	0.00000000	0.00001810	0.00000000	0.00004272	0.00252245	0.00000000	0.00000000
k__Bacteria|p__unidentified_Bacteria|c__Desulfuromonadia|o__Geobacterales	0.00154466	0.00139309	0.00058920	0.00028606	0.00041380	0.00446255	0.00006324	0.00001746	0.00003620	0.00031543	0.00002136	0.00004759	0.00003394	0.00022846
k__Bacteria|p__unidentified_Bacteria|c__Dethiobacteria|o__Dethiobacterales	0.00000000	0.00000000	0.00000000	0.00000000	0.00000000	0.00000000	0.00000000	0.00000000	0.00000000	0.00000000	0.00000000	0.00000000	0.00000000	0.00000000
k__Bacteria|p__unidentified_Bacteria|c__Fibrobacteria|o__Fibrobacterales	0.00006018	0.00000000	0.00067337	0.00000000	0.00000000	0.00000000	0.00001581	0.00005238	0.00003620	0.00000000	0.00000000	0.00001586	0.00000000	0.00011423
k__Bacteria|p__unidentified_Bacteria|c__Fusobacteriia|o__Fusobacteriales	0.00024073	0.00015290	0.00008417	0.00000000	0.00000000	0.00005189	0.00004743	0.00024444	0.00168323	0.00015772	0.00004272	0.00000000	0.00016970	0.00003264
k__Bacteria|p__unidentified_Bacteria|c__Gammaproteobacteria|o__Arenicellales	0.00004012	0.00008494	0.00011784	0.00009535	0.00041380	0.00145292	0.00001581	0.00001746	0.00000000	0.00009857	0.00000000	0.00004759	0.00000000	0.00001632
k__Bacteria|p__unidentified_Bacteria|c__Gammaproteobacteria|o__Beggiatoales	0.00000000	0.00000000	0.00000000	0.00003178	0.00000000	0.00000000	0.00001581	0.00000000	0.00000000	0.00000000	0.00000000	0.00000000	0.00000000	0.00000000
k__Bacteria|p__unidentified_Bacteria|c__Gammaproteobacteria|o__Burkholderiales	0.00740236	0.00285413	0.03336532	0.02838345	0.00378329	0.01733129	0.00105932	0.00431260	0.00284158	0.00490892	0.06173235	0.01786338	0.03134280	0.04911800
k__Bacteria|p__unidentified_Bacteria|c__Gammaproteobacteria|o__Chromatiales	0.00000000	0.00000000	0.00000000	0.00003178	0.00020690	0.00057079	0.00000000	0.00000000	0.00001810	0.00001971	0.00002136	0.00001586	0.00000000	0.00000000
k__Bacteria|p__unidentified_Bacteria|c__Gammaproteobacteria|o__Diplorickettsiales	0.00006018	0.00000000	0.00000000	0.00003178	0.00000000	0.00025945	0.00000000	0.00000000	0.00000000	0.00001971	0.00000000	0.00000000	0.00000000	0.00000000
k__Bacteria|p__unidentified_Bacteria|c__Gammaproteobacteria|o__Enterobacterales	0.00022067	0.00000000	0.00000000	0.00006357	0.00014778	0.00000000	0.00006324	0.00005238	0.00000000	0.00001971	0.00002136	0.00001586	0.00010182	0.00000000
k__Bacteria|p__unidentified_Bacteria|c__Gammaproteobacteria|o__Halothiobacillales	0.00000000	0.00032279	0.00033668	0.00000000	0.00000000	0.00012973	0.00000000	0.00054126	0.00233480	0.00126173	0.00190110	0.00220516	0.00697449	0.00254565
k__Bacteria|p__unidentified_Bacteria|c__Gammaproteobacteria|o__Methylococcales	0.00000000	0.00000000	0.00001683	0.00000000	0.00002956	0.00000000	0.00000000	0.00000000	0.00000000	0.00000000	0.00000000	0.00000000	0.00000000	0.00001632
k__Bacteria|p__unidentified_Bacteria|c__Gammaproteobacteria|o__Nitrosococcales	0.00000000	0.00003398	0.00000000	0.00000000	0.00000000	0.00000000	0.00000000	0.00000000	0.00000000	0.00000000	0.00000000	0.00000000	0.00000000	0.00000000
k__Bacteria|p__unidentified_Bacteria|c__Gammaproteobacteria|o__Pseudomonadales	0.00020061	0.00016989	0.00008417	0.00003178	0.00038424	0.00150481	0.00004743	0.00017460	0.00016289	0.00017743	0.00004272	0.00009519	0.00010182	0.00008159
k__Bacteria|p__unidentified_Bacteria|c__Gammaproteobacteria|o__Salinisphaerales	0.00000000	0.00001699	0.00000000	0.00000000	0.00000000	0.00114158	0.00000000	0.00031428	0.00027149	0.00045343	0.00170885	0.00001586	0.00049212	0.00068537
k__Bacteria|p__unidentified_Bacteria|c__Gammaproteobacteria|o__Steroidobacterales	0.00230697	0.00163093	0.00986482	0.00915390	0.00667987	0.00137509	0.00071148	0.00097776	0.00086876	0.00072944	0.00311866	0.00560015	0.00383512	0.02410209
k__Bacteria|p__unidentified_Bacteria|c__Gammaproteobacteria|o__Xanthomonadales	0.00008024	0.00011892	0.00016834	0.00003178	0.00002956	0.00010378	0.00000000	0.00005238	0.00001810	0.00003943	0.00004272	0.00007932	0.00005091	0.00009791
k__Bacteria|p__unidentified_Bacteria|c__Gammaproteobacteria|o__unidentified_Gammaproteobacteria	0.00000000	0.00000000	0.00000000	0.00000000	0.00000000	0.00000000	0.00003162	0.00000000	0.00000000	0.00000000	0.00000000	0.00000000	0.00000000	0.00000000
k__Bacteria|p__unidentified_Bacteria|c__Holophagae|o__Holophagales	0.00008024	0.00023784	0.00005050	0.00000000	0.00002956	0.00000000	0.00000000	0.00001746	0.00000000	0.00000000	0.00000000	0.00001586	0.00001697	0.00000000
k__Bacteria|p__unidentified_Bacteria|c__Kazania|o__unidentified_Kazania	0.00000000	0.00000000	0.00000000	0.00000000	0.00000000	0.00000000	0.00000000	0.00000000	0.00000000	0.00000000	0.00000000	0.00000000	0.00000000	0.00000000
k__Bacteria|p__unidentified_Bacteria|c__Ktedonobacteria|o__Ktedonobacterales	0.00000000	0.00000000	0.00000000	0.00006357	0.00000000	0.00000000	0.00000000	0.00000000	0.00000000	0.00000000	0.00000000	0.00000000	0.00000000	0.00000000
k__Bacteria|p__unidentified_Bacteria|c__Leptospirae|o__Leptospirales	0.00000000	0.00000000	0.00000000	0.00000000	0.00000000	0.00000000	0.00000000	0.00000000	0.00000000	0.00000000	0.00000000	0.00000000	0.00000000	0.00000000
k__Bacteria|p__unidentified_Bacteria|c__Myxococcia|o__Myxococcales	0.00000000	0.00000000	0.00003367	0.00000000	0.00000000	0.00000000	0.00000000	0.00000000	0.00000000	0.00000000	0.00000000	0.00000000	0.00000000	0.00000000
k__Bacteria|p__unidentified_Bacteria|c__Negativicutes|o__Acidaminococcales	0.00028085	0.00005097	0.00001683	0.00006357	0.00038424	0.00000000	0.00025297	0.00132695	0.00070587	0.00013800	0.00006408	0.00007932	0.00008485	0.00009791
k__Bacteria|p__unidentified_Bacteria|c__Negativicutes|o__Veillonellales_Selenomonadales	0.00108327	0.00049268	0.00006734	0.00003178	0.00038424	0.00015567	0.00022135	0.00357929	0.00119455	0.00057172	0.00046993	0.00026970	0.00016970	0.00013055
k__Bacteria|p__unidentified_Bacteria|c__Oligoflexia|o__Oligoflexales	0.00002006	0.00000000	0.00015151	0.00006357	0.00000000	0.00018162	0.00001581	0.00006984	0.00000000	0.00000000	0.00004272	0.00000000	0.00008485	0.00060378
k__Bacteria|p__unidentified_Bacteria|c__Phycisphaerae|o__Phycisphaerales	0.00000000	0.00000000	0.00000000	0.00000000	0.00000000	0.00000000	0.00000000	0.00000000	0.00000000	0.00000000	0.00000000	0.00000000	0.00000000	0.00000000
k__Bacteria|p__unidentified_Bacteria|c__Polyangia|o__Polyangiales	0.00032097	0.00015290	0.00000000	0.00057212	0.00198032	0.00095997	0.00006324	0.00001746	0.00000000	0.00027600	0.00000000	0.00000000	0.00003394	0.00003264
k__Bacteria|p__unidentified_Bacteria|c__Rhodothermia|o__Rhodothermales	0.00014042	0.00000000	0.00000000	0.00006357	0.00000000	0.00000000	0.00001581	0.00000000	0.00000000	0.00000000	0.00000000	0.00000000	0.00000000	0.00000000
k__Bacteria|p__unidentified_Bacteria|c__Saccharimonadia|o__Saccharimonadales	0.00092279	0.00127417	0.00292914	0.00136673	0.00257145	0.00038918	0.00113838	0.00366659	0.00199091	0.00534264	0.00222151	0.00053939	0.00125575	0.00275779
k__Bacteria|p__unidentified_Bacteria|c__Spirochaetia|o__Spirochaetales	0.00220666	0.00220856	0.00021884	0.00092175	0.00079804	0.00023351	0.00011068	0.00054126	0.00030769	0.00031543	0.00014952	0.00011105	0.00023757	0.00029373
k__Bacteria|p__unidentified_Bacteria|c__Symbiobacteriia|o__Symbiobacteriales	0.00000000	0.00000000	0.00000000	0.00000000	0.00000000	0.00000000	0.00000000	0.00000000	0.00000000	0.00000000	0.00000000	0.00000000	0.00000000	0.00000000
k__Bacteria|p__unidentified_Bacteria|c__Synergistia|o__Synergistales	0.00138418	0.00079848	0.00015151	0.00028606	0.00014778	0.00033729	0.00006324	0.00593638	0.00700440	0.00102516	0.00044857	0.00096773	0.00081454	0.00037532
k__Bacteria|p__unidentified_Bacteria|c__Syntrophia|o__Syntrophales	0.00318963	0.00210662	0.00069020	0.00216134	0.00277835	0.00433282	0.00015811	0.00061110	0.00213571	0.00047315	0.00004272	0.00047593	0.00018667	0.00021214
k__Bacteria|p__unidentified_Bacteria|c__Syntrophobacteria|o__Syntrophobacterales	0.00244739	0.00219157	0.00109422	0.00171636	0.00070937	0.00090808	0.00006324	0.00008730	0.00000000	0.00005914	0.00002136	0.00011105	0.00003394	0.00009791
k__Bacteria|p__unidentified_Bacteria|c__Syntrophomonadia|o__Syntrophomonadales	0.00000000	0.00000000	0.00000000	0.00000000	0.00005911	0.00000000	0.00000000	0.00001746	0.00000000	0.00000000	0.00000000	0.00000000	0.00000000	0.00000000
k__Bacteria|p__unidentified_Bacteria|c__Thermodesulfovibrionia|o__unidentified_Thermodesulfovibrionia	0.00158479	0.00113826	0.00173392	0.00279702	0.00035468	0.00054485	0.00026878	0.00000000	0.00000000	0.00001971	0.00000000	0.00000000	0.00000000	0.00008159
k__Bacteria|p__unidentified_Bacteria|c__Thermoleophilia|o__Gaiellales	0.00170515	0.00174986	0.00186859	0.00177992	0.00209854	0.00064863	0.00034784	0.00057618	0.00130314	0.00114344	0.00032041	0.00034902	0.00028848	0.00024477
k__Bacteria|p__unidentified_Bacteria|c__Verrucomicrobiae|o__Methylacidiphilales	0.00000000	0.00000000	0.00000000	0.00000000	0.00000000	0.00000000	0.00000000	0.00000000	0.00000000	0.00000000	0.00000000	0.00000000	0.00000000	0.00000000
k__Bacteria|p__unidentified_Bacteria|c__Verrucomicrobiae|o__Opitutales	0.00000000	0.00000000	0.00000000	0.00000000	0.00000000	0.00000000	0.00000000	0.00000000	0.00000000	0.00000000	0.00000000	0.00000000	0.00000000	0.00000000
k__Bacteria|p__unidentified_Bacteria|c__Verrucomicrobiae|o__Pedosphaerales	0.00016048	0.00011892	0.00015151	0.00006357	0.00002956	0.00018162	0.00000000	0.00000000	0.00000000	0.00000000	0.00000000	0.00000000	0.00000000	0.00001632
k__Bacteria|p__unidentified_Bacteria|c__Verrucomicrobiae|o__Verrucomicrobiales	0.00000000	0.00000000	0.00079121	0.00000000	0.00002956	0.00000000	0.00007905	0.00001746	0.00000000	0.00000000	0.00002136	0.00000000	0.00000000	0.00035900
k__Bacteria|p__unidentified_Bacteria|c__Vicinamibacteria|o__Vicinamibacterales	0.00609842	0.00594611	0.00538693	0.00394126	0.00316259	0.00264639	0.00034784	0.00036666	0.00021719	0.00065058	0.00046993	0.00106292	0.00015273	0.00122387
k__Bacteria|p__unidentified_Bacteria|c__unidentified_Bacteria|o__Actinomycetales	0.00000000	0.00000000	0.00010100	0.00000000	0.00000000	0.00005189	0.00000000	0.00034920	0.00054298	0.00007886	0.00006408	0.00000000	0.00001697	0.00004895
k__Bacteria|p__unidentified_Bacteria|c__unidentified_Bacteria|o__Bifidobacteriales	0.00000000	0.00000000	0.00000000	0.00000000	0.00000000	0.00000000	0.00000000	0.00000000	0.00000000	0.00000000	0.00000000	0.00000000	0.00000000	0.00000000
k__Bacteria|p__unidentified_Bacteria|c__unidentified_Bacteria|o__Gemmatales	0.00000000	0.00001699	0.00000000	0.00000000	0.00000000	0.00000000	0.00000000	0.00000000	0.00000000	0.00000000	0.00006408	0.00000000	0.00000000	0.00003264
k__Bacteria|p__unidentified_Bacteria|c__unidentified_Bacteria|o__Gemmatimonadales	0.00744248	0.00820563	0.00207060	0.00381412	0.00224633	0.00191993	0.00031622	0.00064602	0.00023529	0.00059144	0.00288369	0.00533046	0.00100120	0.00381848
k__Bacteria|p__unidentified_Bacteria|c__unidentified_Bacteria|o__Micromonosporales	0.00000000	0.00000000	0.00000000	0.00000000	0.00005911	0.00000000	0.00000000	0.00000000	0.00000000	0.00000000	0.00000000	0.00000000	0.00000000	0.00000000
k__Bacteria|p__unidentified_Bacteria|c__unidentified_Bacteria|o__Planctomycetales	0.00000000	0.00005097	0.00000000	0.00000000	0.00000000	0.00000000	0.00000000	0.00000000	0.00000000	0.00000000	0.00000000	0.00000000	0.00000000	0.00000000
k__Bacteria|p__unidentified_Bacteria|c__unidentified_Bacteria|o__Propionibacteriales	0.00000000	0.00000000	0.00000000	0.00000000	0.00000000	0.00000000	0.00000000	0.00000000	0.00003620	0.00000000	0.00000000	0.00000000	0.00000000	0.00000000
k__Bacteria|p__unidentified_Bacteria|c__unidentified_Bacteria|o__unidentified_Bacteria	0.00066200	0.00229350	0.00003367	0.00012714	0.00023646	0.00025945	0.00004743	0.00015714	0.00001810	0.00007886	0.00008544	0.00007932	0.00006788	0.00003264
k__Archaea|p__Crenarchaeota|c__Bathyarchaeia|o__unidentified_Bathyarchaeia|f__unidentified_Bathyarchaeia	0.00140424	0.01024430	0.00025251	0.00390948	0.00156652	0.00057079	0.00000000	0.00024444	0.00001810	0.00000000	0.00000000	0.00000000	0.00000000	0.00000000
k__Archaea|p__Crenarchaeota|c__Methanomethylicia|o__Methanomethyliales|f__Methanomethyliaceae	0.00014042	0.00113826	0.00001683	0.00012714	0.00008867	0.00007784	0.00000000	0.00000000	0.00005430	0.00000000	0.00000000	0.00000000	0.00000000	0.00000000
k__Archaea|p__Crenarchaeota|c__Nitrososphaeria|o__Caldiarchaeales|f__Caldiarchaeaceae	0.00000000	0.00049268	0.00000000	0.00000000	0.00000000	0.00000000	0.00000000	0.00000000	0.00000000	0.00000000	0.00000000	0.00000000	0.00000000	0.00000000
k__Archaea|p__Crenarchaeota|c__Nitrososphaeria|o__Nitrosopumilales|f__Nitrosopumilaceae	0.00066200	0.00000000	0.00000000	0.00006357	0.00000000	0.00000000	0.00000000	0.00000000	0.00000000	0.00000000	0.00002136	0.00000000	0.00001697	0.00004895
k__Archaea|p__Crenarchaeota|c__Nitrososphaeria|o__Nitrososphaerales|f__Nitrososphaeraceae	0.00000000	0.00010193	0.00000000	0.00000000	0.00000000	0.00000000	0.00000000	0.00000000	0.00000000	0.00000000	0.00000000	0.00000000	0.00000000	0.00000000
k__Archaea|p__Crenarchaeota|c__Nitrososphaeria|o__Nitrosotaleales|f__Nitrosotaleaceae	0.00002006	0.00023784	0.00000000	0.00000000	0.00000000	0.00000000	0.00000000	0.00000000	0.00000000	0.00000000	0.00000000	0.00000000	0.00000000	0.00000000
k__Archaea|p__Euryarchaeota|c__Methanobacteria|o__Methanobacteriales|f__Methanobacteriaceae	0.00034103	0.00016989	0.00030301	0.00012714	0.00088671	0.00020756	0.00000000	0.00242693	0.00057918	0.00000000	0.00000000	0.00007932	0.00001697	0.00001632
k__Archaea|p__Euryarchaeota|c__Thermococci|o__Methanofastidiosales|f__Methanofastidiosaceae	0.00084254	0.00011892	0.00003367	0.00019071	0.00062070	0.00000000	0.00000000	0.00003492	0.00001810	0.00000000	0.00000000	0.00000000	0.00000000	0.00000000
k__Archaea|p__Hadarchaeota|c__Hadarchaeia|o__unidentified_Hadarchaeia|f__Hadarchaeales	0.00000000	0.00006796	0.00000000	0.00000000	0.00000000	0.00000000	0.00000000	0.00000000	0.00000000	0.00000000	0.00000000	0.00000000	0.00000000	0.00000000
k__Archaea|p__Halobacterota|c__Methanocellia|o__Methanocellales|f__Methanocellaceae	0.00000000	0.00003398	0.00000000	0.00000000	0.00005911	0.00002595	0.00000000	0.00000000	0.00000000	0.00000000	0.00000000	0.00000000	0.00000000	0.00001632
k__Archaea|p__Halobacterota|c__Methanomicrobia|o__Methanomicrobiales|f__Methanocorpusculaceae	0.00000000	0.00000000	0.00000000	0.00000000	0.00000000	0.00000000	0.00000000	0.00001746	0.00000000	0.00000000	0.00000000	0.00000000	0.00000000	0.00000000
k__Archaea|p__Halobacterota|c__Methanomicrobia|o__Methanomicrobiales|f__Methanoregulaceae	0.00318963	0.00064558	0.00082487	0.00273346	0.00635474	0.00804297	0.00001581	0.00497608	0.00358365	0.00005914	0.00000000	0.00011105	0.00010182	0.00004895
k__Archaea|p__Halobacterota|c__Methanomicrobia|o__Methanomicrobiales|f__Methanospirillaceae	0.00126382	0.00047569	0.00021884	0.00012714	0.00121183	0.00033729	0.00004743	0.00197297	0.00077827	0.00003943	0.00002136	0.00006346	0.00000000	0.00001632
k__Archaea|p__Halobacterota|c__Methanomicrobia|o__Methanomicrobiales|f__Rice_Cluster_II	0.00000000	0.00000000	0.00003367	0.00000000	0.00000000	0.00000000	0.00000000	0.00000000	0.00000000	0.00000000	0.00000000	0.00000000	0.00000000	0.00000000
k__Archaea|p__Halobacterota|c__Methanosarcinia|o__Methanosarciniales|f__Methanoperedenaceae	0.01506550	0.00499473	0.00000000	0.00009535	0.00011823	0.00018162	0.00004743	0.00000000	0.00000000	0.00000000	0.00002136	0.00001586	0.00000000	0.00000000
k__Archaea|p__Halobacterota|c__Methanosarcinia|o__Methanosarciniales|f__Methanosaetaceae	0.01157496	0.01179029	0.00444422	0.01121988	0.02745840	0.00521495	0.00034784	0.04441806	0.03018950	0.00078858	0.00006408	0.00052353	0.00011879	0.00022846
k__Archaea|p__Halobacterota|c__Methanosarcinia|o__Methanosarciniales|f__Methanosarcinaceae	0.00060182	0.00003398	0.00000000	0.00003178	0.00056158	0.00010378	0.00000000	0.00059364	0.00018099	0.00011829	0.00002136	0.00003173	0.00000000	0.00000000
k__Archaea|p__Nanoarchaeota|c__Nanoarchaeia|o__Woesearchaeales|f__GW2011_GWC1_47_15	0.00004012	0.00005097	0.00000000	0.00000000	0.00000000	0.00000000	0.00000000	0.00000000	0.00000000	0.00000000	0.00000000	0.00000000	0.00000000	0.00003264
k__Archaea|p__Nanoarchaeota|c__Nanoarchaeia|o__Woesearchaeales|f__SCGC_AAA011_D5	0.00008024	0.00000000	0.00000000	0.00000000	0.00020690	0.00000000	0.00003162	0.00000000	0.00000000	0.00000000	0.00000000	0.00000000	0.00000000	0.00000000
k__Archaea|p__Thermoplasmatota|c__Thermoplasmata|o__Methanomassiliicoccales|f__Methanomassiliicoccaceae	0.00000000	0.00000000	0.00000000	0.00003178	0.00005911	0.00000000	0.00000000	0.00005238	0.00001810	0.00000000	0.00000000	0.00000000	0.00000000	0.00000000
k__Archaea|p__unidentified_Archaea|c__Methanomicrobia|o__Methanomicrobiales|f__Methanomicrobiaceae	0.00032097	0.00006796	0.00003367	0.00006357	0.00000000	0.00000000	0.00000000	0.00000000	0.00000000	0.00000000	0.00000000	0.00000000	0.00000000	0.00000000
k__Archaea|p__unidentified_Archaea|c__Thermoplasmata|o__Methanomassiliicoccales|f__Methanomassiliicoccaceae	0.00060182	0.00112127	0.00011784	0.00066747	0.00041380	0.00080430	0.00000000	0.00003492	0.00016289	0.00000000	0.00000000	0.00001586	0.00000000	0.00000000
k__Archaea|p__unidentified_Archaea|c__Thermoplasmata|o__Methanomassiliicoccales|f__Methanomethylophilaceae	0.00000000	0.00000000	0.00008417	0.00000000	0.00000000	0.00000000	0.00000000	0.00000000	0.00000000	0.00000000	0.00000000	0.00000000	0.00000000	0.00000000
k__Bacteria|p__Abditibacteriota|c__Abditibacteria|o__Abditibacteriales|f__Abditibacteriaceae	0.00000000	0.00000000	0.00000000	0.00000000	0.00000000	0.00000000	0.00000000	0.00000000	0.00000000	0.00000000	0.00000000	0.00000000	0.00000000	0.00004895
k__Bacteria|p__Acidobacteriota|c__Acidobacteriae|o__Acidobacteriales|f__Acidobacteriaceae__Subgroup_1_	0.00000000	0.00001699	0.00006734	0.00000000	0.00000000	0.00000000	0.00000000	0.00001746	0.00000000	0.00000000	0.00000000	0.00000000	0.00000000	0.00000000
k__Bacteria|p__Acidobacteriota|c__Acidobacteriae|o__Acidobacteriales|f__Koribacteraceae	0.00002006	0.00023784	0.00000000	0.00006357	0.00008867	0.00609709	0.00001581	0.00005238	0.00001810	0.00047315	0.00000000	0.00014278	0.00000000	0.00000000
k__Bacteria|p__Acidobacteriota|c__Acidobacteriae|o__Bryobacterales|f__Bryobacteraceae	0.00050151	0.00056063	0.00021884	0.00041320	0.00014778	0.00000000	0.00004743	0.00006984	0.00005430	0.00017743	0.00029905	0.00009519	0.00023757	0.00037532
k__Bacteria|p__Acidobacteriota|c__Acidobacteriae|o__Solibacterales|f__Solibacteraceae	0.00034103	0.00062859	0.00021884	0.00041320	0.00026601	0.00023351	0.00000000	0.00005238	0.00000000	0.00000000	0.00008544	0.00009519	0.00001697	0.00001632
k__Bacteria|p__Acidobacteriota|c__Acidobacteriae|o__unidentified_Acidobacteriae|f__unidentified_Acidobacteriae	0.00076230	0.00035677	0.00023568	0.00092175	0.00065025	0.00088213	0.00014230	0.00010476	0.00009050	0.00021686	0.00027769	0.00039661	0.00015273	0.00039164
k__Bacteria|p__Acidobacteriota|c__Blastocatellia|o__Blastocatellales|f__Blastocatellaceae	0.00002006	0.00000000	0.00000000	0.00000000	0.00011823	0.00000000	0.00001581	0.00008730	0.00000000	0.00000000	0.00008544	0.00004759	0.00000000	0.00016318
k__Bacteria|p__Acidobacteriota|c__Blastocatellia|o__Pyrinomonadales|f__Pyrinomonadaceae	0.00000000	0.00010193	0.00000000	0.00000000	0.00008867	0.00000000	0.00000000	0.00000000	0.00000000	0.00000000	0.00000000	0.00000000	0.00000000	0.00000000
k__Bacteria|p__Acidobacteriota|c__Holophagae|o__Holophagales|f__Holophagaceae	0.00062188	0.00346573	0.00149824	0.00060390	0.00041380	0.01320603	0.00015811	0.00293327	0.00892292	0.00417948	0.02785432	0.04597519	0.02952706	0.01147174
k__Bacteria|p__Acidobacteriota|c__Holophagae|o__Subgroup_7|f__unidentified_Subgroup_7	0.00020061	0.00028881	0.00000000	0.00012714	0.00017734	0.00085619	0.00001581	0.00017460	0.00019909	0.00009857	0.00002136	0.00031729	0.00015273	0.00008159
k__Bacteria|p__Acidobacteriota|c__Thermoanaerobaculia|o__Thermoanaerobaculales|f__Thermoanaerobaculaceae	0.00349054	0.00295607	0.00181809	0.00298773	0.00257145	0.07370988	0.00037946	0.00054126	0.00063347	0.00283889	0.00023497	0.00042834	0.00032242	0.00096278
k__Bacteria|p__Acidobacteriota|c__Vicinamibacteria|o__Vicinamibacterales|f__Vicinamibacteraceae	0.00154466	0.00064558	0.00132990	0.00085818	0.00076848	0.00098591	0.00007905	0.00010476	0.00009050	0.00035486	0.00070490	0.00315703	0.00061090	0.00505866
k__Bacteria|p__Acidobacteriota|c__unidentified_Acidobacteriota|o__unidentified_Acidobacteriota|f__unidentified_Acidobacteriota	0.00000000	0.00003398	0.00000000	0.00000000	0.00000000	0.00000000	0.00000000	0.00000000	0.00000000	0.00000000	0.00000000	0.00000000	0.00000000	0.00000000
k__Bacteria|p__Actinobacteria|c__unidentified_Actinobacteria|o__Actinomycetales|f__Actinomycetaceae	0.00008024	0.00011892	0.01045402	0.00000000	0.00000000	0.00000000	0.00001581	0.00069840	0.00028959	0.00031543	0.00012816	0.00046007	0.00000000	0.00589090
k__Bacteria|p__Actinobacteria|c__unidentified_Actinobacteria|o__Bifidobacteriales|f__Bifidobacteriaceae	0.00076230	0.00050967	0.00131306	0.00044498	0.00023646	0.00002595	0.00028459	0.00171107	0.00045248	0.00031543	0.00021361	0.00031729	0.00016970	0.00076696
k__Bacteria|p__Actinobacteria|c__unidentified_Actinobacteria|o__Corynebacteriales|f__Corynebacteriaceae	0.00012036	0.00006796	0.00819824	0.00047677	0.00038424	0.00000000	0.00009486	0.00050634	0.00079637	0.00009857	0.00004272	0.00020624	0.00045818	0.01294039
k__Bacteria|p__Actinobacteria|c__unidentified_Actinobacteria|o__Corynebacteriales|f__Dietziaceae	0.00000000	0.00003398	0.00000000	0.00000000	0.00002956	0.00000000	0.00000000	0.00006984	0.00000000	0.00003943	0.00000000	0.00001586	0.00000000	0.00011423
k__Bacteria|p__Actinobacteria|c__unidentified_Actinobacteria|o__Corynebacteriales|f__Mycobacteriaceae	0.00032097	0.00000000	0.00003367	0.00664293	0.00162563	0.00020756	0.00047432	0.00137933	0.00003620	0.00067029	0.00066218	0.00006346	0.00000000	0.00000000
k__Bacteria|p__Actinobacteria|c__unidentified_Actinobacteria|o__Corynebacteriales|f__Nocardiaceae	0.00010030	0.00142707	0.00001683	0.00022249	0.00023646	0.00025945	0.00003162	0.00017460	0.00001810	0.00005914	0.00012816	0.00041248	0.00000000	0.00004895
k__Bacteria|p__Actinobacteria|c__unidentified_Actinobacteria|o__Corynebacteriales|f__Tsukamurellaceae	0.00000000	0.00000000	0.00000000	0.00012714	0.00000000	0.00000000	0.00000000	0.00000000	0.00000000	0.00000000	0.00000000	0.00000000	0.00000000	0.00000000
k__Bacteria|p__Actinobacteria|c__unidentified_Actinobacteria|o__Frankiales|f__Acidothermaceae	0.00000000	0.00005097	0.00000000	0.00000000	0.00000000	0.00000000	0.00000000	0.00000000	0.00000000	0.00000000	0.00000000	0.00000000	0.00000000	0.00000000
k__Bacteria|p__Actinobacteria|c__unidentified_Actinobacteria|o__Frankiales|f__Geodermatophilaceae	0.00002006	0.00000000	0.00000000	0.00000000	0.00000000	0.00005189	0.00000000	0.00003492	0.00000000	0.00000000	0.00000000	0.00014278	0.00000000	0.00000000
k__Bacteria|p__Actinobacteria|c__unidentified_Actinobacteria|o__Frankiales|f__Sporichthyaceae	0.00016048	0.00006796	0.00003367	0.00012714	0.00029557	0.00005189	0.00001581	0.00000000	0.00000000	0.00005914	0.00000000	0.00003173	0.00006788	0.00001632
k__Bacteria|p__Actinobacteria|c__unidentified_Actinobacteria|o__Micrococcales|f__AKAU3644	0.00000000	0.00000000	0.00000000	0.00000000	0.00000000	0.00000000	0.00000000	0.00005238	0.00000000	0.00000000	0.00000000	0.00000000	0.00000000	0.00000000
k__Bacteria|p__Actinobacteria|c__unidentified_Actinobacteria|o__Micrococcales|f__Beutenbergiaceae	0.00000000	0.00000000	0.00000000	0.00000000	0.00000000	0.00000000	0.00000000	0.00001746	0.00000000	0.00000000	0.00000000	0.00000000	0.00000000	0.00000000
k__Bacteria|p__Actinobacteria|c__unidentified_Actinobacteria|o__Micrococcales|f__Bogoriellaceae	0.00014042	0.00076450	0.00082487	0.00028606	0.00047291	0.00163454	0.00003162	0.00738555	0.01909468	0.01975396	0.00106803	0.01476981	0.00139151	0.00055482
k__Bacteria|p__Actinobacteria|c__unidentified_Actinobacteria|o__Micrococcales|f__Brevibacteriaceae	0.00012036	0.00015290	0.00003367	0.00003178	0.00002956	0.00000000	0.00000000	0.00000000	0.00001810	0.00000000	0.00002136	0.00001586	0.00000000	0.00000000
k__Bacteria|p__Actinobacteria|c__unidentified_Actinobacteria|o__Micrococcales|f__Cellulomonadaceae	0.00020061	0.00008494	0.00052186	0.00038141	0.00038424	0.00007784	0.00053757	0.00122220	0.00065157	0.00132087	0.00213607	0.00176095	0.00271513	0.00316574
k__Bacteria|p__Actinobacteria|c__unidentified_Actinobacteria|o__Micrococcales|f__Demequinaceae	0.00004012	0.00000000	0.00111105	0.00009535	0.00005911	0.00000000	0.00000000	0.00003492	0.00001810	0.00009857	0.00006408	0.00003173	0.00003394	0.00079960
k__Bacteria|p__Actinobacteria|c__unidentified_Actinobacteria|o__Micrococcales|f__Dermatophilaceae	0.00002006	0.00000000	0.00001683	0.00000000	0.00000000	0.00000000	0.00000000	0.00001746	0.00009050	0.00000000	0.00000000	0.00000000	0.00000000	0.00000000
k__Bacteria|p__Actinobacteria|c__unidentified_Actinobacteria|o__Micrococcales|f__Intrasporangiaceae	0.00014042	0.00025483	0.00048819	0.00047677	0.00026601	0.00010378	0.00025297	0.00041904	0.00146604	0.00049286	0.00153797	0.00199892	0.00437815	0.00143601
k__Bacteria|p__Actinobacteria|c__unidentified_Actinobacteria|o__Micrococcales|f__Jonesiaceae	0.00000000	0.00000000	0.00000000	0.00000000	0.00000000	0.00000000	0.00000000	0.00000000	0.00000000	0.00000000	0.00000000	0.00000000	0.00000000	0.00011423
k__Bacteria|p__Actinobacteria|c__unidentified_Actinobacteria|o__Micrococcales|f__Microbacteriaceae	0.00216654	0.00084944	0.00143090	0.00200242	0.00091627	0.00041512	0.00123324	0.00221741	0.00045248	0.00059144	0.00074762	0.00082495	0.00066181	0.00146864
k__Bacteria|p__Actinobacteria|c__unidentified_Actinobacteria|o__Micrococcales|f__Micrococcaceae	0.00032097	0.00037376	0.02760803	0.00120781	0.00044335	0.00025945	0.00020554	0.00048888	0.00032579	0.00011829	0.00017089	0.00014278	0.00050909	0.00215401
k__Bacteria|p__Actinobacteria|c__unidentified_Actinobacteria|o__Micromonosporales|f__Micromonosporaceae	0.00002006	0.00006796	0.00001683	0.00000000	0.00005911	0.00000000	0.00004743	0.00001746	0.00000000	0.00001971	0.00000000	0.00007932	0.00000000	0.00000000
k__Bacteria|p__Actinobacteria|c__unidentified_Actinobacteria|o__Nitriliruptorales|f__Nitriliruptoraceae	0.00002006	0.00008494	0.00000000	0.00006357	0.00000000	0.00000000	0.00001581	0.00003492	0.00000000	0.00001971	0.00002136	0.00004759	0.00000000	0.00000000
k__Bacteria|p__Actinobacteria|c__unidentified_Actinobacteria|o__Propionibacteriales|f__Nocardioidaceae	0.00008024	0.00001699	0.00010100	0.00019071	0.00011823	0.00064863	0.00007905	0.00029682	0.00085066	0.00015772	0.00059810	0.00058698	0.00061090	0.00104437
k__Bacteria|p__Actinobacteria|c__unidentified_Actinobacteria|o__Propionibacteriales|f__Propionibacteriaceae	0.00058176	0.00011892	0.00171708	0.00038141	0.00094582	0.00062268	0.00020554	0.00801411	0.00090496	0.00165602	0.00170885	0.00109465	0.00135757	0.00063641
k__Bacteria|p__Actinobacteria|c__unidentified_Actinobacteria|o__Pseudonocardiales|f__Pseudonocardiaceae	0.00004012	0.00000000	0.00000000	0.00168457	0.00023646	0.00000000	0.00020554	0.00017460	0.00000000	0.00001971	0.00006408	0.00001586	0.00000000	0.00000000
k__Bacteria|p__Actinobacteria|c__unidentified_Actinobacteria|o__Streptomycetales|f__Streptomycetaceae	0.00000000	0.00003398	0.00000000	0.00000000	0.00002956	0.00002595	0.00001581	0.00000000	0.00061537	0.00003943	0.00000000	0.00000000	0.00000000	0.00000000
k__Bacteria|p__Actinobacteria|c__unidentified_Actinobacteria|o__Streptosporangiales|f__Nocardiopsaceae	0.00000000	0.00013591	0.00000000	0.00000000	0.00000000	0.00000000	0.00000000	0.00000000	0.00000000	0.00000000	0.00000000	0.00000000	0.00000000	0.00000000
k__Bacteria|p__Actinobacteria|c__unidentified_Actinobacteria|o__Streptosporangiales|f__Streptosporangiaceae	0.00000000	0.00008494	0.00000000	0.00000000	0.00000000	0.00000000	0.00000000	0.00000000	0.00005430	0.00000000	0.00000000	0.00000000	0.00000000	0.00000000
k__Bacteria|p__Actinobacteria|c__unidentified_Actinobacteria|o__Streptosporangiales|f__Thermomonosporaceae	0.00000000	0.00000000	0.00000000	0.00003178	0.00000000	0.00000000	0.00000000	0.00000000	0.00000000	0.00000000	0.00004272	0.00000000	0.00000000	0.00000000
k__Bacteria|p__Actinobacteriota|c__Acidimicrobiia|o__Microtrichales|f__Iamiaceae	0.00012036	0.00011892	0.00000000	0.00000000	0.00000000	0.00007784	0.00011068	0.00003492	0.00001810	0.00005914	0.00004272	0.00011105	0.00000000	0.00013055
k__Bacteria|p__Actinobacteriota|c__Acidimicrobiia|o__Microtrichales|f__Ilumatobacteraceae	0.00076230	0.00016989	0.00031985	0.00022249	0.00017734	0.00002595	0.00006324	0.00001746	0.00001810	0.00005914	0.00025633	0.00012692	0.00015273	0.00063641
k__Bacteria|p__Actinobacteriota|c__Acidimicrobiia|o__Microtrichales|f__Microtrichaceae	0.00014042	0.00001699	0.00000000	0.00006357	0.00002956	0.00000000	0.00001581	0.00001746	0.00000000	0.00000000	0.00000000	0.00000000	0.00000000	0.00000000
k__Bacteria|p__Actinobacteriota|c__Coriobacteriia|o__Coriobacteriales|f__Atopobiaceae	0.00046139	0.00086643	0.00149824	0.00009535	0.00011823	0.00023351	0.00009486	0.00483640	0.00124885	0.00053229	0.00049130	0.00022210	0.00013576	0.00060378
k__Bacteria|p__Actinobacteriota|c__Coriobacteriia|o__Coriobacteriales|f__Coriobacteriaceae	0.00012036	0.00028881	0.00011784	0.00006357	0.00000000	0.00002595	0.00001581	0.00057618	0.00009050	0.00023657	0.00006408	0.00006346	0.00000000	0.00001632
k__Bacteria|p__Actinobacteriota|c__Coriobacteriia|o__Coriobacteriales|f__Eggerthellaceae	0.00018055	0.00164792	0.00020201	0.00006357	0.00029557	0.00012973	0.00000000	0.00012222	0.00005430	0.00007886	0.00006408	0.00033315	0.00000000	0.00004895
k__Bacteria|p__Actinobacteriota|c__Rubrobacteria|o__Rubrobacterales|f__Rubrobacteriaceae	0.00004012	0.00000000	0.00000000	0.00000000	0.00000000	0.00000000	0.00000000	0.00005238	0.00000000	0.00000000	0.00000000	0.00000000	0.00000000	0.00000000
k__Bacteria|p__Actinobacteriota|c__Thermoleophilia|o__Gaiellales|f__Gaiellaceae	0.00038115	0.00018688	0.00011784	0.00003178	0.00011823	0.00002595	0.00003162	0.00001746	0.00000000	0.00005914	0.00010680	0.00006346	0.00000000	0.00008159
k__Bacteria|p__Actinobacteriota|c__Thermoleophilia|o__Solirubrobacterales|f__67_14	0.00014042	0.00013591	0.00000000	0.00009535	0.00002956	0.00000000	0.00000000	0.00003492	0.00032579	0.00001971	0.00000000	0.00001586	0.00000000	0.00000000
k__Bacteria|p__Actinobacteriota|c__Thermoleophilia|o__Solirubrobacterales|f__Solirubrobacteraceae	0.00000000	0.00000000	0.00000000	0.00000000	0.00005911	0.00000000	0.00000000	0.00000000	0.00000000	0.00000000	0.00000000	0.00000000	0.00000000	0.00000000
k__Bacteria|p__Armatimonadota|c__Fimbriimonadia|o__Fimbriimonadales|f__Fimbriimonadaceae	0.00004012	0.00000000	0.00001683	0.00006357	0.00000000	0.00000000	0.00000000	0.00000000	0.00000000	0.00000000	0.00000000	0.00004759	0.00000000	0.00008159
k__Bacteria|p__Bacteroidota|c__Bacteroidia|o__Bacteroidales|f__Bacteroidaceae	0.00162491	0.00309198	0.00074070	0.01083847	0.00830550	0.00051890	0.00026878	0.00738555	0.00146604	0.00293747	0.00318274	0.00038075	0.00010182	0.00019582
k__Bacteria|p__Bacteroidota|c__Bacteroidia|o__Bacteroidales|f__Bacteroidales_BS11_gut_group	0.00000000	0.00000000	0.00000000	0.00000000	0.00000000	0.00000000	0.00000000	0.00000000	0.00000000	0.00000000	0.00000000	0.00000000	0.00000000	0.00000000
k__Bacteria|p__Bacteroidota|c__Bacteroidia|o__Bacteroidales|f__Bacteroidales_RF16_group	0.00000000	0.00000000	0.00000000	0.00000000	0.00005911	0.00000000	0.00000000	0.00000000	0.00000000	0.00000000	0.00000000	0.00000000	0.00000000	0.00000000
k__Bacteria|p__Bacteroidota|c__Bacteroidia|o__Bacteroidales|f__Bacteroidales_UCG_001	0.00002006	0.00000000	0.00000000	0.00000000	0.00011823	0.00000000	0.00001581	0.00006984	0.00000000	0.00000000	0.00000000	0.00000000	0.00000000	0.00000000
k__Bacteria|p__Bacteroidota|c__Bacteroidia|o__Bacteroidales|f__Bacteroidetes_BD2_2	0.00080242	0.00037376	0.00023568	0.00073104	0.00053202	0.00002595	0.00009486	0.00005238	0.00005430	0.00003943	0.00000000	0.00014278	0.00001697	0.00024477
k__Bacteria|p__Bacteroidota|c__Bacteroidia|o__Bacteroidales|f__Bacteroidetes_vadinHA17	0.01717186	0.01365907	0.01366934	0.01757676	0.04208908	0.01445139	0.00166013	0.03837692	0.07062316	0.08715795	0.01179109	0.05281277	0.01447505	0.01411530
k__Bacteria|p__Bacteroidota|c__Bacteroidia|o__Bacteroidales|f__Barnesiellaceae	0.00000000	0.00000000	0.00000000	0.00009535	0.00000000	0.00000000	0.00000000	0.00000000	0.00000000	0.00000000	0.00000000	0.00000000	0.00000000	0.00000000
k__Bacteria|p__Bacteroidota|c__Bacteroidia|o__Bacteroidales|f__Dysgonomonadaceae	0.00060182	0.00006796	0.00005050	0.01172843	0.00966512	0.00093402	0.00308310	0.00665223	0.00057918	0.00412034	0.01102211	0.00006346	0.00005091	0.00001632
k__Bacteria|p__Bacteroidota|c__Bacteroidia|o__Bacteroidales|f__F082	0.00000000	0.00003398	0.00003367	0.00003178	0.00000000	0.00000000	0.00000000	0.00012222	0.00000000	0.00001971	0.00002136	0.00000000	0.00000000	0.00001632
k__Bacteria|p__Bacteroidota|c__Bacteroidia|o__Bacteroidales|f__FTLpost3	0.00000000	0.00013591	0.00000000	0.00003178	0.00011823	0.00002595	0.00000000	0.00001746	0.00001810	0.00000000	0.00000000	0.00000000	0.00001697	0.00000000
k__Bacteria|p__Bacteroidota|c__Bacteroidia|o__Bacteroidales|f__GZKB124	0.00000000	0.00000000	0.00000000	0.00000000	0.00000000	0.00000000	0.00000000	0.00008730	0.00012669	0.00003943	0.00000000	0.00000000	0.00001697	0.00000000
k__Bacteria|p__Bacteroidota|c__Bacteroidia|o__Bacteroidales|f__LKC2.127_25	0.00000000	0.00000000	0.00000000	0.00000000	0.00000000	0.00000000	0.00000000	0.00003492	0.00000000	0.00001971	0.00000000	0.00000000	0.00000000	0.00000000
k__Bacteria|p__Bacteroidota|c__Bacteroidia|o__Bacteroidales|f__M2PB4_65_termite_group	0.00028085	0.00005097	0.00001683	0.00000000	0.00005911	0.00005189	0.00000000	0.00134441	0.00048868	0.00015772	0.00010680	0.00007932	0.00010182	0.00001632
k__Bacteria|p__Bacteroidota|c__Bacteroidia|o__Bacteroidales|f__ML635J_40_aquatic_group	0.00004012	0.00000000	0.00000000	0.00003178	0.00000000	0.00000000	0.00000000	0.00000000	0.00000000	0.00000000	0.00000000	0.00000000	0.00000000	0.00000000
k__Bacteria|p__Bacteroidota|c__Bacteroidia|o__Bacteroidales|f__Marinifilaceae	0.00000000	0.00003398	0.00000000	0.00003178	0.00005911	0.00002595	0.00003162	0.00001746	0.00000000	0.00000000	0.00002136	0.00001586	0.00000000	0.00000000
k__Bacteria|p__Bacteroidota|c__Bacteroidia|o__Bacteroidales|f__Marinilabiliaceae	0.00014042	0.00035677	0.00015151	0.00034963	0.00070937	0.00000000	0.00004743	0.00071586	0.00021719	0.00023657	0.00004272	0.00000000	0.00005091	0.00035900
k__Bacteria|p__Bacteroidota|c__Bacteroidia|o__Bacteroidales|f__Muribaculaceae	0.00116351	0.01540892	0.00045452	0.00044498	0.00124139	0.02036686	0.00044270	0.00061110	0.00025339	0.00078858	0.00006408	0.00176095	0.00000000	0.00047323
k__Bacteria|p__Bacteroidota|c__Bacteroidia|o__Bacteroidales|f__Paludibacteraceae	0.00377139	0.00176684	0.00154874	0.00146208	0.00118228	0.00057079	0.00098027	0.15279184	0.06332917	0.04759088	0.00792481	0.00705968	0.00376725	0.00062009
k__Bacteria|p__Bacteroidota|c__Bacteroidia|o__Bacteroidales|f__PeH15	0.00000000	0.00000000	0.00000000	0.00000000	0.00000000	0.00000000	0.00000000	0.00003492	0.00000000	0.00000000	0.00000000	0.00000000	0.00000000	0.00000000
k__Bacteria|p__Bacteroidota|c__Bacteroidia|o__Bacteroidales|f__Porphyromonadaceae	0.00002006	0.00001699	0.01452789	0.00000000	0.00014778	0.00002595	0.00000000	0.00000000	0.00000000	0.00000000	0.00000000	0.00000000	0.00000000	0.00512394
k__Bacteria|p__Bacteroidota|c__Bacteroidia|o__Bacteroidales|f__Prevotellaceae	0.00256775	0.00423023	0.00954497	0.00127137	0.00121183	0.00285396	0.00498039	0.00597130	0.00314926	0.00179402	0.00143117	0.00096773	0.00033939	0.01099852
k__Bacteria|p__Bacteroidota|c__Bacteroidia|o__Bacteroidales|f__Prolixibacteraceae	0.00417260	0.00197071	0.00018518	0.00479944	0.00511335	0.00046701	0.00128067	0.00518560	0.00092306	0.00500749	0.00397309	0.00249072	0.00018667	0.00009791
k__Bacteria|p__Bacteroidota|c__Bacteroidia|o__Bacteroidales|f__Rikenellaceae	0.00154466	0.00152900	0.00042085	0.00069926	0.00073892	0.00077835	0.00028459	0.00254915	0.00063347	0.00059144	0.00036313	0.00042834	0.00022060	0.00009791
k__Bacteria|p__Bacteroidota|c__Bacteroidia|o__Bacteroidales|f__Rs_E47_termite_group	0.00002006	0.00000000	0.00001683	0.00006357	0.00005911	0.00007784	0.00001581	0.00013968	0.00001810	0.00007886	0.00004272	0.00000000	0.00003394	0.00000000
k__Bacteria|p__Bacteroidota|c__Bacteroidia|o__Bacteroidales|f__SB_5	0.00126382	0.00047569	0.00057236	0.00136673	0.00200987	0.00046701	0.00012649	0.00106506	0.00007240	0.00023657	0.00036313	0.00034902	0.00039030	0.00050587
k__Bacteria|p__Bacteroidota|c__Bacteroidia|o__Bacteroidales|f__Tannerellaceae	0.00852575	0.00208963	0.00303015	0.00155743	0.00248278	0.00033729	0.00063243	0.01574886	0.00269678	0.00185317	0.00081171	0.00042834	0.00022060	0.00248038
k__Bacteria|p__Bacteroidota|c__Bacteroidia|o__Bacteroidales|f__Williamwhitmaniaceae	0.00188569	0.00428120	0.00038719	0.00095353	0.00130051	0.00015567	0.00014230	0.00099522	0.00066967	0.00021686	0.00014952	0.00022210	0.00013576	0.00011423
k__Bacteria|p__Bacteroidota|c__Bacteroidia|o__Bacteroidales|f__p_251_o5	0.00010030	0.00000000	0.00001683	0.00000000	0.00008867	0.00000000	0.00000000	0.00000000	0.00000000	0.00000000	0.00000000	0.00000000	0.00000000	0.00000000
k__Bacteria|p__Bacteroidota|c__Bacteroidia|o__Bacteroidales|f__p_2534_18B5_gut_group	0.00000000	0.00000000	0.00000000	0.00000000	0.00000000	0.00005189	0.00000000	0.00000000	0.00000000	0.00000000	0.00000000	0.00000000	0.00000000	0.00000000
k__Bacteria|p__Bacteroidota|c__Bacteroidia|o__Bacteroidales|f__unidentified_Bacteroidales	0.00000000	0.00000000	0.00143090	0.00000000	0.00005911	0.00000000	0.00000000	0.00000000	0.00000000	0.00000000	0.00000000	0.00000000	0.00000000	0.00014686
k__Bacteria|p__Bacteroidota|c__Bacteroidia|o__Chitinophagales|f__37_13	0.00004012	0.00000000	0.00000000	0.00000000	0.00002956	0.00005189	0.00000000	0.00000000	0.00000000	0.00000000	0.00002136	0.00000000	0.00000000	0.00003264
k__Bacteria|p__Bacteroidota|c__Bacteroidia|o__Chitinophagales|f__Chitinophagaceae	0.00132400	0.00025483	0.00232311	0.00607082	0.00419709	0.00090808	0.00086959	0.00399832	0.00079637	0.00173488	0.00303322	0.00074563	0.00300361	0.00367161
k__Bacteria|p__Bacteroidota|c__Bacteroidia|o__Chitinophagales|f__Saprospiraceae	0.00022067	0.00000000	0.00031985	0.00000000	0.00000000	0.00000000	0.00000000	0.00000000	0.00000000	0.00000000	0.00002136	0.00001586	0.00003394	0.00060378
k__Bacteria|p__Bacteroidota|c__Bacteroidia|o__Cytophagales|f__Cyclobacteriaceae	0.00018055	0.00027182	0.00018518	0.00006357	0.00005911	0.00007784	0.00000000	0.00001746	0.00000000	0.00001971	0.00000000	0.00004759	0.00006788	0.00008159
k__Bacteria|p__Bacteroidota|c__Bacteroidia|o__Cytophagales|f__Hymenobacteraceae	0.00004012	0.00000000	0.00000000	0.00003178	0.00020690	0.00000000	0.00000000	0.00000000	0.00000000	0.00005914	0.00000000	0.00000000	0.00000000	0.00000000
k__Bacteria|p__Bacteroidota|c__Bacteroidia|o__Cytophagales|f__Microscillaceae	0.00026079	0.00001699	0.00030301	0.00003178	0.00000000	0.00000000	0.00003162	0.00000000	0.00000000	0.00000000	0.00000000	0.00001586	0.00000000	0.00093014
k__Bacteria|p__Bacteroidota|c__Bacteroidia|o__Cytophagales|f__Spirosomaceae	0.00006018	0.00000000	0.00015151	0.00003178	0.00008867	0.00000000	0.00004743	0.00003492	0.00000000	0.00003943	0.00000000	0.00000000	0.00000000	0.00017950
k__Bacteria|p__Bacteroidota|c__Bacteroidia|o__Flavobacteriales|f__Crocinitomicaceae	0.00006018	0.00005097	0.00006734	0.00000000	0.00002956	0.00020756	0.00007905	0.00000000	0.00038008	0.00003943	0.00002136	0.00001586	0.00001697	0.00001632
k__Bacteria|p__Bacteroidota|c__Bacteroidia|o__Flavobacteriales|f__Flavobacteriaceae	0.00092279	0.00040773	0.03116004	0.00092175	0.00082759	0.00000000	0.00241905	0.00090792	0.00032579	0.00045343	0.00038449	0.00036488	0.00115393	0.01385421
k__Bacteria|p__Bacteroidota|c__Bacteroidia|o__Flavobacteriales|f__NS9_marine_group	0.00032097	0.00013591	0.00030301	0.00015892	0.00020690	0.00000000	0.00001581	0.00012222	0.00000000	0.00001971	0.00006408	0.00001586	0.00005091	0.00042428
k__Bacteria|p__Bacteroidota|c__Bacteroidia|o__Flavobacteriales|f__Weeksellaceae	0.00355072	0.00205566	0.01227211	0.00095353	0.00144829	0.00586358	0.00082216	0.01222195	0.01447938	0.01111900	0.04267863	0.03233176	0.07486976	0.03705879
k__Bacteria|p__Bacteroidota|c__Bacteroidia|o__Sphingobacteriales|f__ADurb.Bin408	0.00008024	0.00003398	0.00000000	0.00006357	0.00008867	0.00000000	0.00004743	0.00000000	0.00000000	0.00000000	0.00000000	0.00000000	0.00000000	0.00000000
k__Bacteria|p__Bacteroidota|c__Bacteroidia|o__Sphingobacteriales|f__AKYH767	0.00040121	0.00003398	0.00006734	0.00022249	0.00017734	0.00000000	0.00003162	0.00000000	0.00000000	0.00000000	0.00002136	0.00000000	0.00003394	0.00050587
k__Bacteria|p__Bacteroidota|c__Bacteroidia|o__Sphingobacteriales|f__CMW_169	0.00000000	0.00000000	0.00000000	0.00000000	0.00000000	0.00000000	0.00001581	0.00001746	0.00000000	0.00000000	0.00000000	0.00000000	0.00000000	0.00000000
k__Bacteria|p__Bacteroidota|c__Bacteroidia|o__Sphingobacteriales|f__KD1_131	0.00008024	0.00003398	0.00000000	0.00006357	0.00005911	0.00005189	0.00000000	0.00015714	0.00001810	0.00001971	0.00004272	0.00000000	0.00000000	0.00000000
k__Bacteria|p__Bacteroidota|c__Bacteroidia|o__Sphingobacteriales|f__KD3_93	0.00000000	0.00000000	0.00000000	0.00000000	0.00000000	0.00012973	0.00000000	0.00000000	0.00000000	0.00001971	0.00002136	0.00004759	0.00000000	0.00000000
k__Bacteria|p__Bacteroidota|c__Bacteroidia|o__Sphingobacteriales|f__Lentimicrobiaceae	0.00300909	0.00351670	0.00168342	0.00232026	0.00617740	0.00212749	0.00064824	0.00387610	0.00246149	0.01222301	0.00736943	0.01424628	0.01062295	0.00352475
k__Bacteria|p__Bacteroidota|c__Bacteroidia|o__Sphingobacteriales|f__LiUU_11_161	0.00002006	0.00000000	0.00001683	0.00000000	0.00000000	0.00000000	0.00000000	0.00000000	0.00000000	0.00001971	0.00000000	0.00000000	0.00000000	0.00000000
k__Bacteria|p__Bacteroidota|c__Bacteroidia|o__Sphingobacteriales|f__NS11_12_marine_group	0.00014042	0.00000000	0.00020201	0.00000000	0.00005911	0.00033729	0.00000000	0.00000000	0.00000000	0.00003943	0.00000000	0.00000000	0.00003394	0.00017950
k__Bacteria|p__Bacteroidota|c__Bacteroidia|o__Sphingobacteriales|f__S15A_MN91	0.00040121	0.00000000	0.00000000	0.00006357	0.00002956	0.00002595	0.00003162	0.00008730	0.00001810	0.00005914	0.00006408	0.00003173	0.00001697	0.00000000
k__Bacteria|p__Bacteroidota|c__Bacteroidia|o__Sphingobacteriales|f__ST_12K33	0.00000000	0.00006796	0.00003367	0.00000000	0.00000000	0.00000000	0.00000000	0.00003492	0.00001810	0.00000000	0.00002136	0.00001586	0.00000000	0.00000000
k__Bacteria|p__Bacteroidota|c__Bacteroidia|o__Sphingobacteriales|f__Sphingobacteriaceae	0.00016048	0.00001699	0.00040402	0.00006357	0.00011823	0.00007784	0.00003162	0.00027936	0.00025339	0.00005914	0.00002136	0.00007932	0.00032242	0.00037532
k__Bacteria|p__Bacteroidota|c__Bacteroidia|o__Sphingobacteriales|f__Z4MB62	0.00000000	0.00000000	0.00000000	0.00000000	0.00000000	0.00000000	0.00000000	0.00000000	0.00000000	0.00000000	0.00000000	0.00003173	0.00001697	0.00013055
k__Bacteria|p__Bacteroidota|c__Bacteroidia|o__Sphingobacteriales|f__env.OPS_17	0.00000000	0.00000000	0.00000000	0.00000000	0.00000000	0.00010378	0.00000000	0.00000000	0.00000000	0.00001971	0.00004272	0.00000000	0.00006788	0.00008159
k__Bacteria|p__Bacteroidota|c__Chlorobia|o__Chlorobiales|f__Chlorobiaceae	0.00154466	0.00001699	0.00003367	0.00022249	0.00017734	0.00018162	0.00009486	0.00000000	0.00000000	0.00001971	0.00000000	0.00000000	0.00000000	0.00000000
k__Bacteria|p__Bacteroidota|c__Ignavibacteria|o__Ignavibacteriales|f__BSN166	0.00012036	0.00091740	0.00000000	0.00000000	0.00000000	0.00000000	0.00000000	0.00000000	0.00000000	0.00000000	0.00000000	0.00000000	0.00000000	0.00000000
k__Bacteria|p__Bacteroidota|c__Ignavibacteria|o__Ignavibacteriales|f__BSV40	0.00000000	0.00000000	0.00000000	0.00000000	0.00002956	0.00002595	0.00001581	0.00000000	0.00000000	0.00000000	0.00000000	0.00000000	0.00000000	0.00000000
k__Bacteria|p__Bacteroidota|c__Ignavibacteria|o__Ignavibacteriales|f__Ignavibacteriaceae	0.00022067	0.00015290	0.00003367	0.00009535	0.00000000	0.00415121	0.00000000	0.00000000	0.00000000	0.00017743	0.00000000	0.00000000	0.00000000	0.00000000
k__Bacteria|p__Bacteroidota|c__Ignavibacteria|o__Ignavibacteriales|f__LD_RB_34	0.00040121	0.00000000	0.00016834	0.00009535	0.00000000	0.00000000	0.00001581	0.00000000	0.00000000	0.00000000	0.00000000	0.00000000	0.00001697	0.00003264
k__Bacteria|p__Bacteroidota|c__Ignavibacteria|o__Ignavibacteriales|f__Melioribacteraceae	0.00000000	0.00000000	0.00015151	0.00000000	0.00000000	0.00000000	0.00000000	0.00003492	0.00009050	0.00011829	0.00027769	0.00000000	0.00018667	0.00169710
k__Bacteria|p__Bacteroidota|c__Ignavibacteria|o__Ignavibacteriales|f__PHOS_HE36	0.00046139	0.00005097	0.00080804	0.00022249	0.00047291	0.00018162	0.00006324	0.00036666	0.00009050	0.00041401	0.00326818	0.00061871	0.00140847	0.00642940
k__Bacteria|p__Bacteroidota|c__Ignavibacteria|o__Ignavibacteriales|f__SR_FBR_L83	0.00008024	0.00003398	0.00000000	0.00003178	0.00002956	0.00000000	0.00001581	0.00000000	0.00000000	0.00000000	0.00000000	0.00000000	0.00001697	0.00014686
k__Bacteria|p__Bacteroidota|c__Ignavibacteria|o__Ignavibacteriales|f__UA_50	0.00008024	0.00000000	0.00003367	0.00000000	0.00011823	0.00000000	0.00000000	0.00000000	0.00000000	0.00000000	0.00000000	0.00000000	0.00000000	0.00000000
k__Bacteria|p__Bacteroidota|c__Rhodothermia|o__Balneolales|f__Balneolaceae	0.00000000	0.00000000	0.00000000	0.00000000	0.00000000	0.00000000	0.00000000	0.00000000	0.00000000	0.00000000	0.00000000	0.00000000	0.00000000	0.00000000
k__Bacteria|p__Bdellovibrionota|c__Bdellovibrionia|o__Bacteriovoracales|f__Bacteriovoracaceae	0.00018055	0.00005097	0.00011784	0.00028606	0.00044335	0.00007784	0.00000000	0.00003492	0.00023529	0.00005914	0.00019225	0.00007932	0.00037333	0.00081591
k__Bacteria|p__Bdellovibrionota|c__Bdellovibrionia|o__Bdellovibrionales|f__Bdellovibrionaceae	0.00110333	0.00093439	0.00057236	0.00057212	0.00029557	0.00033729	0.00009486	0.00008730	0.00009050	0.00007886	0.00034177	0.00009519	0.00040727	0.00156655
k__Bacteria|p__Bdellovibrionota|c__Oligoflexia|o__0319_6G20|f__unidentified_0319_6G20	0.00000000	0.00000000	0.00000000	0.00006357	0.00000000	0.00000000	0.00000000	0.00000000	0.00009050	0.00000000	0.00000000	0.00000000	0.00000000	0.00000000
k__Bacteria|p__Bdellovibrionota|c__Oligoflexia|o__Oligoflexales|f__Oligoflexaceae	0.00000000	0.00000000	0.00000000	0.00003178	0.00000000	0.00000000	0.00000000	0.00000000	0.00000000	0.00000000	0.00000000	0.00000000	0.00000000	0.00000000
k__Bacteria|p__Berkelbacteria|c__unidentified_Berkelbacteria|o__unidentified_Berkelbacteria|f__unidentified_Berkelbacteria	0.00002006	0.00001699	0.00000000	0.00000000	0.00000000	0.00000000	0.00000000	0.00000000	0.00000000	0.00000000	0.00000000	0.00000000	0.00000000	0.00000000
k__Bacteria|p__Caldatribacteriota|c__Caldatribacteriia|o__Caldatribacteriales|f__Caldatribacteriaceae	0.00000000	0.00000000	0.00000000	0.00000000	0.00000000	0.00000000	0.00000000	0.00003492	0.00000000	0.00001971	0.00000000	0.00000000	0.00000000	0.00000000
k__Bacteria|p__Caldisericota|c__Caldisericia|o__Caldisericales|f__Caldisericaceae	0.00080242	0.00081547	0.00048819	0.00060390	0.00842373	0.00778351	0.00014230	0.00085554	0.00544787	0.00049286	0.00006408	0.00023797	0.00023757	0.00003264
k__Bacteria|p__Caldisericota|c__Caldisericia|o__Caldisericales|f__WCHB1_02	0.00016048	0.00000000	0.00013467	0.00012714	0.00023646	0.00000000	0.00001581	0.00001746	0.00000000	0.00001971	0.00000000	0.00000000	0.00000000	0.00000000
k__Bacteria|p__Calditrichota|c__Calditrichia|o__Calditrichales|f__Calditrichaceae	0.00032097	0.00035677	0.00015151	0.00015892	0.00050247	0.00005189	0.00001581	0.00000000	0.00000000	0.00003943	0.00000000	0.00000000	0.00000000	0.00000000
k__Bacteria|p__Campylobacterota|c__Campylobacteria|o__Campylobacterales|f__Arcobacteraceae	0.00160485	0.00056063	0.00116156	0.00251097	0.00212810	0.00103780	0.00319378	0.02646925	0.00360174	0.00362747	0.00608779	0.00055526	0.00056000	0.00053850
k__Bacteria|p__Campylobacterota|c__Campylobacteria|o__Campylobacterales|f__Campylobacteraceae	0.00000000	0.00003398	0.00247462	0.00000000	0.00000000	0.00000000	0.00000000	0.00000000	0.00000000	0.00000000	0.00000000	0.00000000	0.00000000	0.00292097
k__Bacteria|p__Campylobacterota|c__Campylobacteria|o__Campylobacterales|f__Helicobacteraceae	0.00052158	0.00020387	0.00006734	0.00012714	0.00023646	0.00002595	0.00012649	0.00008730	0.00000000	0.00009857	0.00000000	0.00145953	0.00000000	0.00000000
k__Bacteria|p__Campylobacterota|c__Campylobacteria|o__Campylobacterales|f__Sulfurimonadaceae	0.00924793	0.00263328	0.00707035	0.10892505	0.07117312	0.01167527	0.00169175	0.00907916	0.02499502	0.08248561	0.06085656	0.02589079	0.04196576	0.01315253
k__Bacteria|p__Campylobacterota|c__Campylobacteria|o__Campylobacterales|f__Sulfurospirillaceae	0.00437321	0.00032279	0.00006734	0.00066747	0.00059114	0.00010378	0.00015811	0.00080316	0.00124885	0.00043372	0.00027769	0.00033315	0.00020363	0.00016318
k__Bacteria|p__Campylobacterota|c__Campylobacteria|o__Campylobacterales|f__Sulfurovaceae	0.00038115	0.00105331	0.00151507	0.00088996	0.01643366	0.00070052	0.00017392	0.00382372	0.00177372	0.06178535	0.01189790	0.01181902	0.00933327	0.00155024
k__Bacteria|p__Candidatus_Falkowbacteria|c__ABY1|o__unidentified_ABY1|f__unidentified_ABY1	0.00002006	0.00000000	0.00000000	0.00000000	0.00000000	0.00000000	0.00000000	0.00000000	0.00001810	0.00000000	0.00000000	0.00000000	0.00000000	0.00000000
k__Bacteria|p__Candidatus_Kaiserbacteria|c__unidentified_Candidatus_Kaiserbacteria|o__unidentified_Candidatus_Kaiserbacteria|f__unidentified_Candidatus_Kaiserbacteria	0.00004012	0.00000000	0.00005050	0.00000000	0.00000000	0.00002595	0.00001581	0.00000000	0.00000000	0.00011829	0.00000000	0.00001586	0.00010182	0.00001632
k__Bacteria|p__Candidatus_Woesebacteria|c__Microgenomatia|o__unidentified_Microgenomatia|f__unidentified_Microgenomatia	0.00000000	0.00006796	0.00000000	0.00000000	0.00000000	0.00000000	0.00000000	0.00000000	0.00000000	0.00000000	0.00000000	0.00000000	0.00000000	0.00000000
k__Bacteria|p__Candidatus_Zambryskibacteria|c__unidentified_Candidatus_Zambryskibacteria|o__unidentified_Candidatus_Zambryskibacteria|f__unidentified_Candidatus_Zambryskibacteria	0.00000000	0.00000000	0.00000000	0.00000000	0.00000000	0.00000000	0.00000000	0.00000000	0.00000000	0.00000000	0.00000000	0.00003173	0.00000000	0.00000000
k__Bacteria|p__Chlamydiae|c__unidentified_Chlamydiae|o__Chlamydiales|f__Parachlamydiaceae	0.00002006	0.00000000	0.00001683	0.00000000	0.00002956	0.00018162	0.00000000	0.00001746	0.00005430	0.00000000	0.00000000	0.00000000	0.00000000	0.00000000
k__Bacteria|p__Chlamydiae|c__unidentified_Chlamydiae|o__Chlamydiales|f__cvE6	0.00000000	0.00005097	0.00000000	0.00000000	0.00000000	0.00000000	0.00000000	0.00000000	0.00000000	0.00000000	0.00000000	0.00000000	0.00000000	0.00000000
k__Bacteria|p__Chloroflexi|c__Anaerolineae|o__Anaerolineales|f__Anaerolineaceae	0.00547654	0.00793381	0.02836557	0.00540334	0.01522182	0.00461822	0.00083797	0.01056326	0.02955603	0.00569750	0.00168749	0.01273916	0.01069083	0.00693527
k__Bacteria|p__Chloroflexi|c__Anaerolineae|o__SBR1031|f__A4b	0.00004012	0.00000000	0.00010100	0.00015892	0.00002956	0.00000000	0.00000000	0.00003492	0.00005430	0.00003943	0.00004272	0.00001586	0.00016970	0.00017950
k__Bacteria|p__Chloroflexi|c__Anaerolineae|o__SBR1031|f__unidentified_SBR1031	0.00012036	0.00010193	0.00005050	0.00012714	0.00000000	0.00002595	0.00001581	0.00000000	0.00001810	0.00003943	0.00000000	0.00000000	0.00001697	0.00000000
k__Bacteria|p__Chloroflexi|c__Anaerolineae|o__Thermoflexales|f__Thermoflexaceae	0.00000000	0.00000000	0.00003367	0.00003178	0.00000000	0.00000000	0.00000000	0.00000000	0.00000000	0.00000000	0.00000000	0.00000000	0.00000000	0.00000000
k__Bacteria|p__Chloroflexi|c__Chloroflexia|o__Chloroflexales|f__Chloroflexaceae	0.00006018	0.00000000	0.00005050	0.00000000	0.00000000	0.00000000	0.00000000	0.00000000	0.00000000	0.00000000	0.00000000	0.00000000	0.00000000	0.00000000
k__Bacteria|p__Chloroflexi|c__Chloroflexia|o__Chloroflexales|f__Herpetosiphonaceae	0.00000000	0.00000000	0.00006734	0.00000000	0.00000000	0.00000000	0.00000000	0.00000000	0.00001810	0.00000000	0.00000000	0.00000000	0.00003394	0.00013055
k__Bacteria|p__Chloroflexi|c__Chloroflexia|o__Chloroflexales|f__Roseiflexaceae	0.00000000	0.00000000	0.00000000	0.00000000	0.00000000	0.00000000	0.00003162	0.00000000	0.00000000	0.00000000	0.00000000	0.00000000	0.00000000	0.00006527
k__Bacteria|p__Chloroflexi|c__Chloroflexia|o__Thermomicrobiales|f__AKYG1722	0.00000000	0.00000000	0.00000000	0.00000000	0.00000000	0.00000000	0.00000000	0.00000000	0.00000000	0.00000000	0.00000000	0.00000000	0.00001697	0.00000000
k__Bacteria|p__Chloroflexi|c__Chloroflexia|o__Thermomicrobiales|f__JG30_KF_CM45	0.00002006	0.00000000	0.00000000	0.00000000	0.00000000	0.00000000	0.00000000	0.00000000	0.00003620	0.00000000	0.00006408	0.00001586	0.00000000	0.00001632
k__Bacteria|p__Chloroflexi|c__Chloroflexia|o__Thermomicrobiales|f__Thermomicrobiaceae	0.00000000	0.00006796	0.00000000	0.00000000	0.00000000	0.00000000	0.00000000	0.00000000	0.00000000	0.00000000	0.00000000	0.00000000	0.00000000	0.00000000
k__Bacteria|p__Chloroflexi|c__Dehalococcoidia|o__GIF3|f__unidentified_GIF3	0.00008024	0.00005097	0.00003367	0.00034963	0.00005911	0.00000000	0.00004743	0.00000000	0.00000000	0.00000000	0.00000000	0.00000000	0.00003394	0.00003264
k__Bacteria|p__Chloroflexi|c__Dehalococcoidia|o__GIF9|f__AB_539_J10	0.00018055	0.00049268	0.00003367	0.00000000	0.00000000	0.00000000	0.00000000	0.00006984	0.00000000	0.00000000	0.00000000	0.00000000	0.00000000	0.00000000
k__Bacteria|p__Chloroflexi|c__Dehalococcoidia|o__RBG_13_46_9|f__unidentified_RBG_13_46_9	0.00002006	0.00003398	0.00000000	0.00000000	0.00000000	0.00000000	0.00000000	0.00000000	0.00000000	0.00000000	0.00000000	0.00003173	0.00000000	0.00000000
k__Bacteria|p__Chloroflexi|c__Ktedonobacteria|o__Ktedonobacterales|f__JG30_KF_AS9	0.00000000	0.00006796	0.00001683	0.00000000	0.00000000	0.00000000	0.00000000	0.00000000	0.00000000	0.00000000	0.00000000	0.00000000	0.00000000	0.00000000
k__Bacteria|p__Chloroflexi|c__TK10|o__unidentified_TK10|f__unidentified_TK10	0.00000000	0.00005097	0.00000000	0.00000000	0.00000000	0.00000000	0.00000000	0.00000000	0.00000000	0.00000000	0.00000000	0.00000000	0.00000000	0.00000000
k__Bacteria|p__Cloacimonadota|c__Cloacimonadia|o__Cloacimonadales|f__PBS_18	0.00000000	0.00000000	0.00000000	0.00006357	0.00000000	0.00000000	0.00000000	0.00000000	0.00000000	0.00000000	0.00000000	0.00000000	0.00000000	0.00000000
k__Bacteria|p__Cyanobacteria|c__Cyanobacteriia|o__Chloroplast|f__unidentified_Chloroplast	0.00048145	0.00016989	0.00158241	0.00006357	0.00017734	0.00119347	0.00028459	0.00012222	0.00076017	0.00000000	0.00002136	0.00003173	0.00039030	0.00016318
k__Bacteria|p__Cyanobacteria|c__Cyanobacteriia|o__Cyanobacteriales|f__Chroococcidiopsaceae	0.00000000	0.00000000	0.00000000	0.00000000	0.00000000	0.00000000	0.00000000	0.00000000	0.00000000	0.00000000	0.00000000	0.00004759	0.00000000	0.00000000
k__Bacteria|p__Cyanobacteria|c__Cyanobacteriia|o__Cyanobacteriales|f__Cyanobacteriaceae	0.00006018	0.00000000	0.00000000	0.00000000	0.00000000	0.00000000	0.00000000	0.00000000	0.00000000	0.00000000	0.00000000	0.00000000	0.00000000	0.00000000
k__Bacteria|p__Cyanobacteria|c__Cyanobacteriia|o__Cyanobacteriales|f__Microcystaceae	0.00002006	0.00001699	0.00000000	0.00000000	0.00000000	0.00000000	0.00000000	0.00000000	0.00000000	0.00000000	0.00000000	0.00004759	0.00000000	0.00000000
k__Bacteria|p__Cyanobacteria|c__Cyanobacteriia|o__Cyanobacteriales|f__Oscillatoriaceae	0.00000000	0.00000000	0.00000000	0.00000000	0.00000000	0.00000000	0.00000000	0.00000000	0.00000000	0.00000000	0.00000000	0.00000000	0.00000000	0.00000000
k__Bacteria|p__Cyanobacteria|c__Cyanobacteriia|o__Cyanobacteriales|f__Phormidiaceae	0.00000000	0.00000000	0.00000000	0.00000000	0.00000000	0.00000000	0.00000000	0.00000000	0.00000000	0.00000000	0.00000000	0.00000000	0.00000000	0.00000000
k__Bacteria|p__Cyanobacteria|c__Cyanobacteriia|o__Geitlerinematales|f__Geitlerinemataceae	0.00000000	0.00000000	0.00000000	0.00000000	0.00005911	0.00000000	0.00000000	0.00000000	0.00000000	0.00000000	0.00000000	0.00000000	0.00000000	0.00000000
k__Bacteria|p__Cyanobacteria|c__Cyanobacteriia|o__Leptolyngbyales|f__Leptolyngbyaceae	0.00000000	0.00000000	0.00000000	0.00000000	0.00000000	0.00000000	0.00000000	0.00000000	0.00000000	0.00000000	0.00000000	0.00000000	0.00000000	0.00000000
k__Bacteria|p__Cyanobacteria|c__Cyanobacteriia|o__Pseudanabaenales|f__Pseudanabaenaceae	0.00000000	0.00000000	0.00000000	0.00000000	0.00000000	0.00000000	0.00000000	0.00000000	0.00000000	0.00000000	0.00000000	0.00000000	0.00000000	0.00000000
k__Bacteria|p__Cyanobacteria|c__Cyanobacteriia|o__Synechococcales|f__Cyanobiaceae	0.00012036	0.00005097	0.00000000	0.00000000	0.00000000	0.00000000	0.00000000	0.00000000	0.00045248	0.00000000	0.00000000	0.00000000	0.00000000	0.00000000
k__Bacteria|p__Cyanobacteria|c__Sericytochromatia|o__unidentified_Sericytochromatia|f__unidentified_Sericytochromatia	0.00004012	0.00000000	0.00008417	0.00000000	0.00000000	0.00010378	0.00000000	0.00005238	0.00000000	0.00001971	0.00008544	0.00000000	0.00000000	0.00016318
k__Bacteria|p__Cyanobacteria|c__Vampirivibrionia|o__Gastranaerophilales|f__unidentified_Gastranaerophilales	0.00002006	0.00000000	0.00000000	0.00009535	0.00008867	0.00002595	0.00000000	0.00010476	0.00010860	0.00000000	0.00000000	0.00000000	0.00001697	0.00000000
k__Bacteria|p__Cyanobacteria|c__Vampirivibrionia|o__Obscuribacterales|f__Obscuribacteraceae	0.00002006	0.00000000	0.00003367	0.00003178	0.00005911	0.00000000	0.00000000	0.00000000	0.00000000	0.00000000	0.00000000	0.00000000	0.00003394	0.00000000
k__Bacteria|p__Cyanobacteria|c__Vampirivibrionia|o__Vampirovibrionales|f__Vampirovibrionaceae	0.00000000	0.00000000	0.00000000	0.00000000	0.00000000	0.00000000	0.00000000	0.00000000	0.00000000	0.00000000	0.00000000	0.00000000	0.00000000	0.00000000
k__Bacteria|p__DTB120|c__unidentified_DTB120|o__unidentified_DTB120|f__unidentified_DTB120	0.00004012	0.00000000	0.00010100	0.00000000	0.00000000	0.00002595	0.00001581	0.00000000	0.00001810	0.00000000	0.00000000	0.00000000	0.00003394	0.00006527
k__Bacteria|p__Deferribacteres|c__unidentified_Deferribacteres|o__Deferribacterales|f__Deferribacteraceae	0.00004012	0.00006796	0.00000000	0.00000000	0.00000000	0.00000000	0.00003162	0.00001746	0.00001810	0.00000000	0.00000000	0.00139607	0.00005091	0.00000000
k__Bacteria|p__Deferrisomatota|c__Defferrisomatia|o__Defferrisomatales|f__Defferrisomataceae	0.00688078	0.00215759	0.00023568	0.00174814	0.00076848	0.00031134	0.00015811	0.00006984	0.00000000	0.00011829	0.00010680	0.00022210	0.00003394	0.00008159
k__Bacteria|p__Deinococcota|c__Deinococci|o__Deinococcales|f__Deinococcaceae	0.00002006	0.00000000	0.00010100	0.00000000	0.00000000	0.00000000	0.00000000	0.00013968	0.00106785	0.00007886	0.00046993	0.00000000	0.00123878	0.00013055
k__Bacteria|p__Deinococcota|c__Deinococci|o__Deinococcales|f__Trueperaceae	0.00000000	0.00000000	0.00006734	0.00000000	0.00000000	0.00000000	0.00000000	0.00001746	0.00030769	0.00001971	0.00004272	0.00000000	0.00000000	0.00000000
k__Bacteria|p__Deinococcota|c__Deinococci|o__Thermales|f__Thermaceae	0.00000000	0.00000000	0.00000000	0.00000000	0.00000000	0.00000000	0.00001581	0.00000000	0.00000000	0.00000000	0.00000000	0.00000000	0.00000000	0.00000000
k__Bacteria|p__Desulfobacterota|c__Desulfarculia|o__Desulfarculales|f__Desulfarculaceae	0.00000000	0.00000000	0.00000000	0.00000000	0.00000000	0.00000000	0.00000000	0.00000000	0.00000000	0.00000000	0.00000000	0.00000000	0.00000000	0.00000000
k__Bacteria|p__Desulfobacterota|c__Desulfobaccia|o__Desulfobaccales|f__Desulfobaccaceae	0.00070212	0.00290510	0.00129623	0.00111245	0.00023646	0.00077835	0.00004743	0.00000000	0.00001810	0.00005914	0.00000000	0.00003173	0.00000000	0.00019582
k__Bacteria|p__Desulfobacterota|c__Desulfobacteria|o__Desulfatiglandales|f__Desulfatiglandaceae	0.00304921	0.00141008	0.00065653	0.00158922	0.00106405	0.00088213	0.00022135	0.00001746	0.00005430	0.00017743	0.00004272	0.00000000	0.00003394	0.00021214
k__Bacteria|p__Desulfobacterota|c__Desulfobacteria|o__Desulfobacterales|f__Desulfobacteraceae	0.00226685	0.00215759	0.00023568	0.00057212	0.00026601	0.00049296	0.00012649	0.00057618	0.00005430	0.00037458	0.00010680	0.00022210	0.00001697	0.00004895
k__Bacteria|p__Desulfobacterota|c__Desulfobacteria|o__Desulfobacterales|f__Desulfococcaceae	0.00030091	0.00035677	0.00011784	0.00006357	0.00008867	0.00010378	0.00001581	0.00024444	0.00023529	0.00169545	0.00019225	0.00014278	0.00037333	0.00013055
k__Bacteria|p__Desulfobacterota|c__Desulfobacteria|o__Desulfobacterales|f__Desulforegulaceae	0.00046139	0.00015290	0.00001683	0.00006357	0.00005911	0.00005189	0.00001581	0.00010476	0.00001810	0.00005914	0.00002136	0.00000000	0.00001697	0.00000000
k__Bacteria|p__Desulfobacterota|c__Desulfobacteria|o__Desulfobacterales|f__Desulfosarcinaceae	0.00519569	0.00526656	0.00390553	0.00785074	0.00390152	0.00428093	0.00039527	0.00148409	0.00182802	0.00684094	0.00076898	0.00114224	0.00064484	0.00158287
k__Bacteria|p__Desulfobacterota|c__Desulfobacteria|o__Desulfobacterales|f__unidentified_Desulfobacterales	0.00070212	0.00040773	0.00008417	0.00000000	0.00017734	0.00015567	0.00000000	0.00020952	0.00016289	0.00037458	0.00008544	0.00004759	0.00003394	0.00001632
k__Bacteria|p__Desulfobacterota|c__Desulfobulbia|o__Desulfobulbales|f__Desulfobulbaceae	0.00553672	0.00553838	0.00191909	0.00260632	0.00401974	0.00134914	0.00060081	0.03951182	0.01947476	0.04019793	0.00292641	0.00878891	0.00268119	0.00099541
k__Bacteria|p__Desulfobacterota|c__Desulfobulbia|o__Desulfobulbales|f__Desulfocapsaceae	0.00800417	0.00708437	0.00834975	0.00158922	0.00378329	0.00225722	0.00034784	0.02013130	0.01198168	0.14714928	0.00540425	0.00843989	0.00415755	0.00357370
k__Bacteria|p__Desulfobacterota|c__Desulfobulbia|o__Desulfobulbales|f__Desulfurivibrionaceae	0.00052158	0.00071353	0.00018518	0.00041320	0.00005911	0.00020756	0.00004743	0.00005238	0.00070587	0.00049286	0.00023497	0.00061871	0.00018667	0.00027741
k__Bacteria|p__Desulfobacterota|c__Desulfomonilia|o__Desulfomonilales|f__Desulfomonilaceae	0.00046139	0.00011892	0.00008417	0.00009535	0.00005911	0.00054485	0.00000000	0.00005238	0.00007240	0.00001971	0.00002136	0.00004759	0.00010182	0.00008159
k__Bacteria|p__Desulfobacterota|c__Desulfovibrionia|o__Desulfovibrionales|f__Desulfomicrobiaceae	0.02020101	0.01197717	0.00202010	0.00340093	0.00836461	0.00064863	0.00082216	0.00588400	0.00161083	0.00191231	0.00079034	0.00096773	0.00028848	0.00035900
k__Bacteria|p__Desulfobacterota|c__Desulfovibrionia|o__Desulfovibrionales|f__Desulfovibrionaceae	0.00318963	0.00594611	0.00018518	0.00082639	0.00127095	0.00365825	0.00017392	0.00256661	0.00081446	0.00074915	0.00036313	0.00061871	0.00006788	0.00011423
k__Bacteria|p__Desulfobacterota|c__Desulfuromonadia|o__Desulfuromonadales|f__Desulfuromonadaceae	0.00196594	0.00186878	0.00025251	0.00050855	0.00017734	0.00093402	0.00007905	0.00219995	0.00713109	0.01281445	0.00083307	0.00118983	0.00118787	0.00021214
k__Bacteria|p__Desulfobacterota|c__Desulfuromonadia|o__Desulfuromonadales|f__Geothermobacteraceae	0.00569721	0.00436614	0.00589196	0.00216134	0.00133006	0.00114158	0.00022135	0.00003492	0.00009050	0.00053229	0.00012816	0.00053939	0.00022060	0.00130546
k__Bacteria|p__Desulfobacterota|c__Desulfuromonadia|o__Desulfuromonadales|f__MA_28_I98C	0.00088267	0.00336380	0.00026935	0.00028606	0.00008867	0.00015567	0.00004743	0.00000000	0.00001810	0.00000000	0.00000000	0.00012692	0.00000000	0.00014686
k__Bacteria|p__Desulfobacterota|c__Desulfuromonadia|o__Desulfuromonadales|f__Syntrophotaleaceae	0.00064194	0.00018688	0.00000000	0.00003178	0.00000000	0.00000000	0.00000000	0.00000000	0.00001810	0.00000000	0.00000000	0.00000000	0.00000000	0.00004895
k__Bacteria|p__Desulfobacterota|c__Desulfuromonadia|o__Geobacterales|f__Geobacteraceae	0.01811471	0.00827359	0.00754171	0.00448160	0.00502468	0.01678645	0.00099608	0.00619827	0.02200865	0.02693005	0.00719855	0.00769426	0.00750055	0.00522185
k__Bacteria|p__Desulfobacterota|c__Syntrophia|o__Syntrophales|f__Smithellaceae	0.01737246	0.00866433	0.00205377	0.00518085	0.01395088	0.00269829	0.00069567	0.00178091	0.00117645	0.00092658	0.00027769	0.00026970	0.00039030	0.00050587
k__Bacteria|p__Desulfobacterota|c__Syntrophia|o__Syntrophales|f__Syntrophaceae	0.00858593	0.00562332	0.00331633	0.00657937	0.00863063	0.00324313	0.00071148	0.00197297	0.00514018	0.00222774	0.00038449	0.00066631	0.00056000	0.00045691
k__Bacteria|p__Desulfobacterota|c__Syntrophobacteria|o__Syntrophobacterales|f__Syntrophobacteraceae	0.00128388	0.00355068	0.00175075	0.00171636	0.00115272	0.00124536	0.00009486	0.00034920	0.00101356	0.00199117	0.00019225	0.00053939	0.00049212	0.00058746
k__Bacteria|p__Desulfobacterota|c__Syntrophorhabdia|o__Syntrophorhabdales|f__Syntrophorhabdaceae	0.00449357	0.00356767	0.00183492	0.00346450	0.00526114	0.00316530	0.00037946	0.00087300	0.00213571	0.00074915	0.00012816	0.00020624	0.00015273	0.00052218
k__Bacteria|p__Edwardsbacteria|c__unidentified_Edwardsbacteria|o__unidentified_Edwardsbacteria|f__unidentified_Edwardsbacteria	0.00004012	0.00010193	0.00000000	0.00009535	0.00002956	0.00000000	0.00000000	0.00000000	0.00000000	0.00000000	0.00000000	0.00000000	0.00000000	0.00000000
k__Bacteria|p__Elusimicrobia|c__unidentified_Elusimicrobia|o__Elusimicrobiales|f__Elusimicrobiaceae	0.00000000	0.00000000	0.00000000	0.00003178	0.00000000	0.00000000	0.00000000	0.00000000	0.00000000	0.00000000	0.00000000	0.00000000	0.00000000	0.00000000
k__Bacteria|p__Elusimicrobia|c__unidentified_Elusimicrobia|o__Lineage_IV|f__unidentified_Lineage_IV	0.00036109	0.00028881	0.00013467	0.00003178	0.00008867	0.00000000	0.00001581	0.00008730	0.00010860	0.00013800	0.00010680	0.00053939	0.00001697	0.00000000
k__Bacteria|p__Elusimicrobiota|c__Endomicrobia|o__Endomicrobiales|f__Endomicrobiaceae	0.00022067	0.00018688	0.00003367	0.00022249	0.00020690	0.00005189	0.00006324	0.00024444	0.00057918	0.00003943	0.00004272	0.00009519	0.00020363	0.00011423
k__Bacteria|p__Entotheonellaeota|c__Entotheonellia|o__Entotheonellales|f__Entotheonellaceae	0.00006018	0.00003398	0.00000000	0.00000000	0.00000000	0.00000000	0.00000000	0.00000000	0.00000000	0.00000000	0.00000000	0.00001586	0.00000000	0.00000000
k__Bacteria|p__Fibrobacterota|c__Chitinivibrionia|o__Chitinivibrionales|f__Chitinivibrionaceae	0.00000000	0.00000000	0.00000000	0.00000000	0.00008867	0.00000000	0.00000000	0.00000000	0.00000000	0.00000000	0.00000000	0.00000000	0.00000000	0.00000000
k__Bacteria|p__Fibrobacterota|c__Fibrobacteria|o__Fibrobacterales|f__B122	0.00000000	0.00003398	0.00000000	0.00012714	0.00002956	0.00000000	0.00000000	0.00000000	0.00000000	0.00000000	0.00000000	0.00000000	0.00000000	0.00000000
k__Bacteria|p__Fibrobacterota|c__Fibrobacteria|o__Fibrobacterales|f__B5_096	0.00000000	0.00000000	0.00000000	0.00000000	0.00000000	0.00000000	0.00000000	0.00000000	0.00000000	0.00000000	0.00000000	0.00000000	0.00000000	0.00000000
k__Bacteria|p__Fibrobacterota|c__Fibrobacteria|o__Fibrobacterales|f__Fibrobacteraceae	0.00002006	0.00001699	0.00000000	0.00000000	0.00000000	0.00000000	0.00000000	0.00003492	0.00001810	0.00000000	0.00000000	0.00000000	0.00000000	0.00000000
k__Bacteria|p__Fibrobacterota|c__Fibrobacteria|o__Fibrobacterales|f__unidentified_Fibrobacterales	0.00004012	0.00023784	0.00010100	0.00012714	0.00020690	0.00000000	0.00001581	0.00001746	0.00000000	0.00000000	0.00000000	0.00003173	0.00000000	0.00001632
k__Bacteria|p__Firmicutes|c__Bacilli|o__Acholeplasmatales|f__Acholeplasmataceae	0.00022067	0.00008494	0.00006734	0.00000000	0.00000000	0.00000000	0.00000000	0.00005238	0.00001810	0.00009857	0.00002136	0.00001586	0.00000000	0.00000000
k__Bacteria|p__Firmicutes|c__Bacilli|o__Bacillales|f__Bacillaceae	0.02762342	0.00174986	0.00008417	0.03248363	0.04403984	0.00031134	0.82434227	0.00043650	0.00667861	0.00031543	0.00019225	0.00042834	0.00181574	0.00008159
k__Bacteria|p__Firmicutes|c__Bacilli|o__Bacillales|f__Planococcaceae	0.00012036	0.00013591	0.00052186	0.00000000	0.00002956	0.00002595	0.00000000	0.00001746	0.00003620	0.00007886	0.00002136	0.00001586	0.00003394	0.00017950
k__Bacteria|p__Firmicutes|c__Bacilli|o__Bacillales|f__Salisediminibacteriaceae	0.00000000	0.00000000	0.00000000	0.00000000	0.00000000	0.00000000	0.00000000	0.00000000	0.00000000	0.00000000	0.00000000	0.00000000	0.00000000	0.00000000
k__Bacteria|p__Firmicutes|c__Bacilli|o__Brevibacillales|f__Brevibacillaceae	0.00004012	0.00005097	0.00000000	0.00000000	0.00000000	0.00000000	0.00000000	0.00000000	0.00000000	0.00000000	0.00000000	0.00000000	0.00000000	0.00000000
k__Bacteria|p__Firmicutes|c__Bacilli|o__Entomoplasmatales|f__unidentified_Entomoplasmatales	0.00014042	0.00000000	0.00000000	0.00120781	0.04052257	0.00005189	0.00001581	0.00537766	0.00000000	0.00039429	0.00232831	0.00000000	0.00000000	0.00000000
k__Bacteria|p__Firmicutes|c__Bacilli|o__Erysipelotrichales|f__Erysipelatoclostridiaceae	0.00156473	0.00117223	0.00005050	0.00133494	0.00082759	0.00007784	0.00020554	0.00094284	0.00074207	0.00074915	0.00032041	0.00015864	0.00010182	0.00001632
k__Bacteria|p__Firmicutes|c__Bacilli|o__Erysipelotrichales|f__Erysipelotrichaceae	0.00248751	0.00842649	0.00168342	0.01176022	0.00493601	0.00101186	0.00294080	0.00232217	0.00095926	0.00301632	0.00386628	0.00176095	0.00018667	0.00091382
k__Bacteria|p__Firmicutes|c__Bacilli|o__Exiguobacterales|f__Exiguobacteraceae	0.00008024	0.00000000	0.00030301	0.00000000	0.00002956	0.00010378	0.00001581	0.00000000	0.00003620	0.00000000	0.00002136	0.00000000	0.00010182	0.00026109
k__Bacteria|p__Firmicutes|c__Bacilli|o__Izemoplasmatales|f__Izemoplasmataceae	0.00026079	0.00039074	0.00001683	0.00003178	0.00014778	0.00000000	0.00000000	0.00000000	0.00001810	0.00005914	0.00008544	0.00004759	0.00001697	0.00001632
k__Bacteria|p__Firmicutes|c__Bacilli|o__Lactobacillales|f__Aerococcaceae	0.00004012	0.00003398	0.00102688	0.00000000	0.00000000	0.00000000	0.00000000	0.00006984	0.00007240	0.00000000	0.00000000	0.00003173	0.00000000	0.00000000
k__Bacteria|p__Firmicutes|c__Bacilli|o__Lactobacillales|f__Carnobacteriaceae	0.00014042	0.00006796	0.00003367	0.00000000	0.00008867	0.00000000	0.00001581	0.00024444	0.00066967	0.00001971	0.00002136	0.00001586	0.00003394	0.00001632
k__Bacteria|p__Firmicutes|c__Bacilli|o__Lactobacillales|f__Enterococcaceae	0.00044133	0.00010193	0.00006734	0.00003178	0.00011823	0.00018162	0.00004743	0.00012222	0.00014479	0.00000000	0.00000000	0.00001586	0.00006788	0.00000000
k__Bacteria|p__Firmicutes|c__Bacilli|o__Lactobacillales|f__Lactobacillaceae	0.00441333	0.00329584	0.00297965	0.00098532	0.00475867	0.00054485	0.00101189	0.00085554	0.00088686	0.00019715	0.00021361	0.00011105	0.00028848	0.00050587
k__Bacteria|p__Firmicutes|c__Bacilli|o__Lactobacillales|f__Streptococcaceae	0.00092279	0.00142707	0.07454169	0.00301952	0.00795082	0.00275018	0.00080635	0.01475364	0.01980055	0.00132087	0.00100395	0.00085668	0.00733086	0.00344316
k__Bacteria|p__Firmicutes|c__Bacilli|o__Lactobacillales|f__Vagococcaceae	0.00000000	0.00000000	0.00000000	0.00000000	0.00000000	0.00000000	0.00000000	0.00001746	0.00000000	0.00001971	0.00000000	0.00000000	0.00001697	0.00000000
k__Bacteria|p__Firmicutes|c__Bacilli|o__Mycoplasmatales|f__Mycoplasmataceae	0.00318963	0.00000000	0.00180126	0.01125167	0.01220702	0.00064863	0.00251391	0.00455704	0.00034389	0.00268118	0.00892876	0.00000000	0.00000000	0.00000000
k__Bacteria|p__Firmicutes|c__Bacilli|o__Paenibacillales|f__Paenibacillaceae	0.00004012	0.00020387	0.00003367	0.00000000	0.00000000	0.00000000	0.00000000	0.00000000	0.00000000	0.00000000	0.00000000	0.00004759	0.00001697	0.00001632
k__Bacteria|p__Firmicutes|c__Bacilli|o__Staphylococcales|f__Gemellaceae	0.00000000	0.00000000	0.00175075	0.00000000	0.00005911	0.00000000	0.00001581	0.00003492	0.00009050	0.00003943	0.00000000	0.00001586	0.00000000	0.00008159
k__Bacteria|p__Firmicutes|c__Bacilli|o__Staphylococcales|f__Staphylococcaceae	0.00008024	0.00018688	0.00109422	0.00015892	0.00017734	0.00018162	0.00004743	0.00003492	0.00371034	0.00000000	0.00000000	0.00003173	0.00032242	0.00001632
k__Bacteria|p__Firmicutes|c__Bacilli|o__Thermoactinomycetales|f__Thermoactinomycetaceae	0.00000000	0.00020387	0.00000000	0.00038141	0.00005911	0.00000000	0.00000000	0.00003492	0.00000000	0.00000000	0.00002136	0.00003173	0.00000000	0.00000000
k__Bacteria|p__Firmicutes|c__Clostridia|o__Christensenellales|f__Christensenellaceae	0.00655981	0.00553838	0.00191909	0.00177992	0.00514291	0.00285396	0.00056919	0.01468380	0.00684151	0.00382462	0.00220015	0.00077736	0.00115393	0.00076696
k__Bacteria|p__Firmicutes|c__Clostridia|o__Clostridia_UCG_014|f__unidentified_Clostridia_UCG_014	0.00000000	0.00003398	0.00021884	0.00000000	0.00000000	0.00000000	0.00000000	0.00000000	0.00000000	0.00000000	0.00000000	0.00001586	0.00000000	0.00021214
k__Bacteria|p__Firmicutes|c__Clostridia|o__Clostridia_vadinBB60_group|f__unidentified_Clostridia_vadinBB60_group	0.00000000	0.00001699	0.00025251	0.00006357	0.00002956	0.00054485	0.00000000	0.00000000	0.00000000	0.00001971	0.00000000	0.00000000	0.00000000	0.00000000
k__Bacteria|p__Firmicutes|c__Clostridia|o__Clostridiales|f__Caloramatoraceae	0.00000000	0.00000000	0.00000000	0.00000000	0.00000000	0.00000000	0.00000000	0.00000000	0.00000000	0.00000000	0.00000000	0.00000000	0.00000000	0.00000000
k__Bacteria|p__Firmicutes|c__Clostridia|o__Clostridiales|f__Clostridiaceae	0.00320969	0.00061160	0.00114472	0.00098532	0.00245323	0.00046701	0.00080635	0.00513322	0.00130314	0.00155745	0.00034177	0.00039661	0.00028848	0.00039164
k__Bacteria|p__Firmicutes|c__Clostridia|o__Eubacteriales|f__Alkalibacteraceae	0.00006018	0.00015290	0.00006734	0.00000000	0.00000000	0.00000000	0.00001581	0.00017460	0.00000000	0.00011829	0.00021361	0.00001586	0.00000000	0.00001632
k__Bacteria|p__Firmicutes|c__Clostridia|o__Eubacteriales|f__Anaerofustaceae	0.00006018	0.00005097	0.00000000	0.00000000	0.00000000	0.00005189	0.00001581	0.00008730	0.00000000	0.00005914	0.00000000	0.00000000	0.00003394	0.00001632
k__Bacteria|p__Firmicutes|c__Clostridia|o__Eubacteriales|f__Eubacteriaceae	0.00008024	0.00000000	0.00074070	0.00000000	0.00005911	0.00000000	0.00000000	0.00012222	0.00005430	0.00003943	0.00004272	0.00000000	0.00000000	0.00001632
k__Bacteria|p__Firmicutes|c__Clostridia|o__Lachnospirales|f__Defluviitaleaceae	0.00002006	0.00005097	0.00058920	0.00000000	0.00000000	0.00002595	0.00000000	0.00000000	0.00001810	0.00000000	0.00000000	0.00000000	0.00000000	0.00022846
k__Bacteria|p__Firmicutes|c__Clostridia|o__Lachnospirales|f__Lachnospiraceae	0.00802423	0.03180320	0.00829924	0.01608289	0.00475867	0.01040396	0.00276689	0.00633795	0.00380084	0.00346976	0.00519064	0.01048640	0.00106908	0.00396534
k__Bacteria|p__Firmicutes|c__Clostridia|o__Monoglobales|f__Monoglobaceae	0.00040121	0.00064558	0.00000000	0.00003178	0.00000000	0.00020756	0.00007905	0.00005238	0.00005430	0.00019715	0.00000000	0.00007932	0.00000000	0.00000000
k__Bacteria|p__Firmicutes|c__Clostridia|o__Oscillospirales|f__Butyricicoccaceae	0.00012036	0.00030580	0.00000000	0.00003178	0.00002956	0.00046701	0.00000000	0.00022698	0.00005430	0.00003943	0.00000000	0.00003173	0.00000000	0.00000000
k__Bacteria|p__Firmicutes|c__Clostridia|o__Oscillospirales|f__Ethanoligenenaceae	0.00002006	0.00001699	0.00006734	0.00000000	0.00000000	0.00000000	0.00000000	0.00000000	0.00000000	0.00000000	0.00000000	0.00000000	0.00000000	0.00000000
k__Bacteria|p__Firmicutes|c__Clostridia|o__Oscillospirales|f__Hungateiclostridiaceae	0.00367109	0.00151201	0.00090904	0.00139851	0.00336949	0.00080430	0.00042689	0.00246185	0.00115835	0.00226717	0.00132436	0.00109465	0.00174787	0.00127283
k__Bacteria|p__Firmicutes|c__Clostridia|o__Oscillospirales|f__Oscillospiraceae	0.00294891	0.00358466	0.00057236	0.00063569	0.00050247	0.00293179	0.00121743	0.00523798	0.00219001	0.00136030	0.00061946	0.00491798	0.00030545	0.00021214
k__Bacteria|p__Firmicutes|c__Clostridia|o__Oscillospirales|f__Ruminococcaceae	0.00228691	0.00270123	0.00048819	0.00171636	0.00100494	0.00674571	0.00036365	0.00174599	0.00367414	0.00098573	0.00025633	0.00087254	0.00030545	0.00027741
k__Bacteria|p__Firmicutes|c__Clostridia|o__Oscillospirales|f__UCG_010	0.00076230	0.00212361	0.00001683	0.00006357	0.00017734	0.00111564	0.00007905	0.00012222	0.00007240	0.00007886	0.00004272	0.00004759	0.00000000	0.00000000
k__Bacteria|p__Firmicutes|c__Clostridia|o__Oscillospirales|f___Clostridium__methylpentosum_group	0.00000000	0.00000000	0.00005050	0.00000000	0.00000000	0.00000000	0.00000000	0.00000000	0.00000000	0.00000000	0.00000000	0.00000000	0.00000000	0.00000000
k__Bacteria|p__Firmicutes|c__Clostridia|o__Oscillospirales|f___Eubacterium__coprostanoligenes_group	0.00126382	0.00261629	0.00016834	0.00025427	0.00047291	0.00067457	0.00034784	0.00316025	0.00083256	0.00059144	0.00021361	0.00345845	0.00006788	0.00011423
k__Bacteria|p__Firmicutes|c__Clostridia|o__Oscillospirales|f__unidentified_Oscillospirales	0.00000000	0.00000000	0.00000000	0.00000000	0.00000000	0.00000000	0.00000000	0.00005238	0.00000000	0.00000000	0.00000000	0.00000000	0.00000000	0.00001632
k__Bacteria|p__Firmicutes|c__Clostridia|o__Peptococcales|f__Peptococcaceae	0.00000000	0.00011892	0.00008417	0.00000000	0.00000000	0.00000000	0.00000000	0.00000000	0.00000000	0.00000000	0.00000000	0.00000000	0.00000000	0.00000000
k__Bacteria|p__Firmicutes|c__Clostridia|o__Peptostreptococcales_Tissierellales|f__Acidaminobacteraceae	0.00088267	0.00103632	0.00425904	0.00031784	0.00038424	0.00000000	0.00011068	0.00136187	0.00009050	0.00080830	0.00021361	0.00006346	0.00020363	0.00034268
k__Bacteria|p__Firmicutes|c__Clostridia|o__Peptostreptococcales_Tissierellales|f__Anaerovoracaceae	0.00988987	0.00496076	0.00447789	0.00378234	0.00499512	0.00080430	0.00102770	0.00988232	0.00298637	0.00737324	0.00205062	0.00253831	0.00147635	0.00125651
k__Bacteria|p__Firmicutes|c__Clostridia|o__Peptostreptococcales_Tissierellales|f__Family_XI	0.00042127	0.00010193	0.00291231	0.00015892	0.00005911	0.00057079	0.00003162	0.00298565	0.00050678	0.00021686	0.00032041	0.00006346	0.00001697	0.00017950
k__Bacteria|p__Firmicutes|c__Clostridia|o__Peptostreptococcales_Tissierellales|f__Fusibacteraceae	0.00066200	0.00022086	0.00065653	0.00015892	0.00035468	0.00010378	0.00007905	0.00038412	0.00023529	0.00009857	0.00002136	0.00001586	0.00066181	0.00066905
k__Bacteria|p__Firmicutes|c__Clostridia|o__Peptostreptococcales_Tissierellales|f__Peptostreptococcaceae	0.00407230	0.00156298	0.00434321	0.00114424	0.00138918	0.00101186	0.00058500	0.00546496	0.00130314	0.00191231	0.00053402	0.00030142	0.00042424	0.00110964
k__Bacteria|p__Firmicutes|c__Clostridia|o__Peptostreptococcales_Tissierellales|f__Sedimentibacteraceae	0.00004012	0.00000000	0.00003367	0.00003178	0.00000000	0.00002595	0.00003162	0.00003492	0.00000000	0.00001971	0.00000000	0.00000000	0.00000000	0.00000000
k__Bacteria|p__Firmicutes|c__Clostridia|o__Peptostreptococcales_Tissierellales|f__Thermotaleaceae	0.00002006	0.00000000	0.00000000	0.00000000	0.00002956	0.00000000	0.00000000	0.00000000	0.00000000	0.00000000	0.00000000	0.00000000	0.00000000	0.00000000
k__Bacteria|p__Firmicutes|c__Clostridia|o__Peptostreptococcales_Tissierellales|f__unidentified_Peptostreptococcales_Tissierellales	0.00002006	0.00000000	0.00001683	0.00000000	0.00000000	0.00000000	0.00000000	0.00008730	0.00000000	0.00000000	0.00000000	0.00000000	0.00000000	0.00004895
k__Bacteria|p__Firmicutes|c__Clostridia|o__Proteinivoracales|f__unidentified_Proteinivoracales	0.00008024	0.00000000	0.00000000	0.00000000	0.00000000	0.00000000	0.00000000	0.00000000	0.00000000	0.00000000	0.00000000	0.00000000	0.00000000	0.00000000
k__Bacteria|p__Firmicutes|c__Clostridia|o__Thermincolales|f__Thermincolaceae	0.00000000	0.00003398	0.00000000	0.00000000	0.00000000	0.00000000	0.00000000	0.00000000	0.00000000	0.00000000	0.00000000	0.00000000	0.00000000	0.00000000
k__Bacteria|p__Firmicutes|c__Clostridia|o__unidentified_Clostridia|f__Gracilibacteraceae	0.00000000	0.00000000	0.00000000	0.00000000	0.00011823	0.00002595	0.00001581	0.00003492	0.00000000	0.00000000	0.00002136	0.00000000	0.00000000	0.00000000
k__Bacteria|p__Firmicutes|c__Desulfitobacteriia|o__Desulfitobacteriales|f__Desulfitobacteriaceae	0.00000000	0.00005097	0.00000000	0.00006357	0.00026601	0.00000000	0.00000000	0.00000000	0.00000000	0.00000000	0.00000000	0.00000000	0.00000000	0.00000000
k__Bacteria|p__Firmicutes|c__Desulfitobacteriia|o__Desulfitobacteriales|f__Syntrophobotulaceae	0.00008024	0.00013591	0.00000000	0.00000000	0.00000000	0.00000000	0.00000000	0.00000000	0.00000000	0.00000000	0.00000000	0.00003173	0.00001697	0.00000000
k__Bacteria|p__Firmicutes|c__Desulfitobacteriia|o__Desulfitobacteriales|f__unidentified_Desulfitobacteriales	0.00028085	0.00049268	0.00011784	0.00012714	0.00020690	0.00018162	0.00000000	0.00031428	0.00014479	0.00023657	0.00034177	0.00019037	0.00025454	0.00004895
k__Bacteria|p__Firmicutes|c__Desulfotomaculia|o__Desulfotomaculales|f__Desulfurisporaceae	0.00002006	0.00000000	0.00000000	0.00000000	0.00000000	0.00000000	0.00001581	0.00005238	0.00000000	0.00000000	0.00002136	0.00000000	0.00000000	0.00000000
k__Bacteria|p__Firmicutes|c__Dethiobacteria|o__Dethiobacterales|f__Dethiobacteraceae	0.00000000	0.00000000	0.00000000	0.00000000	0.00000000	0.00000000	0.00000000	0.00003492	0.00000000	0.00000000	0.00000000	0.00000000	0.00000000	0.00000000
k__Bacteria|p__Firmicutes|c__Limnochordia|o__unidentified_Limnochordia|f__unidentified_Limnochordia	0.00010030	0.00001699	0.00003367	0.00038141	0.00029557	0.00000000	0.00004743	0.00000000	0.00000000	0.00000000	0.00000000	0.00000000	0.00000000	0.00000000
k__Bacteria|p__Firmicutes|c__Negativicutes|o__Acidaminococcales|f__Acidaminococcaceae	0.00014042	0.00081547	0.00001683	0.00009535	0.00000000	0.00005189	0.00006324	0.00059364	0.00010860	0.00007886	0.00006408	0.00106292	0.00001697	0.00001632
k__Bacteria|p__Firmicutes|c__Negativicutes|o__Veillonellales_Selenomonadales|f__Selenomonadaceae	0.00028085	0.00000000	0.01084120	0.00076282	0.00041380	0.00015567	0.00134392	0.00029682	0.00018099	0.00023657	0.00008544	0.00009519	0.00001697	0.00655995
k__Bacteria|p__Firmicutes|c__Negativicutes|o__Veillonellales_Selenomonadales|f__Sporomusaceae	0.00010030	0.00010193	0.00003367	0.00006357	0.00005911	0.00000000	0.00033203	0.00066348	0.00034389	0.00001971	0.00002136	0.00000000	0.00005091	0.00009791
k__Bacteria|p__Firmicutes|c__Negativicutes|o__Veillonellales_Selenomonadales|f__Veillonellaceae	0.00060182	0.00054364	0.01503291	0.00066747	0.00011823	0.00025945	0.00014230	0.00343961	0.00164703	0.00017743	0.00042721	0.00047593	0.00010182	0.01170020
k__Bacteria|p__Firmicutes|c__Syntrophomonadia|o__Syntrophomonadales|f__Syntrophomonadaceae	0.00090273	0.00054364	0.00062286	0.00120781	0.00605917	0.00005189	0.00030040	0.00087300	0.00032579	0.00011829	0.00017089	0.00001586	0.00006788	0.00006527
k__Bacteria|p__Firmicutes|c__Thermacetogenia|o__Thermacetogeniales|f__Thermacetogeniaceae	0.00000000	0.00000000	0.00000000	0.00000000	0.00000000	0.00000000	0.00000000	0.00000000	0.00000000	0.00000000	0.00000000	0.00000000	0.00000000	0.00000000
k__Bacteria|p__Firmicutes|c__Thermoanaerobacteria|o__Thermoanaerobacterales|f__SRB2	0.00000000	0.00000000	0.00000000	0.00000000	0.00000000	0.00000000	0.00000000	0.00000000	0.00000000	0.00000000	0.00000000	0.00000000	0.00000000	0.00000000
k__Bacteria|p__Firmicutes|c__Thermoanaerobacteria|o__Thermoanaerobacterales|f__Thermoanaerobacteraceae	0.00000000	0.00000000	0.00000000	0.00000000	0.00000000	0.00000000	0.00000000	0.00000000	0.00000000	0.00000000	0.00000000	0.00000000	0.00000000	0.00000000
k__Bacteria|p__Firmicutes|c__unidentified_Firmicutes|o__Oscillospirales|f__Ruminococcaceae	0.00026079	0.00056063	0.00003367	0.00006357	0.00000000	0.00010378	0.00006324	0.00000000	0.00001810	0.00000000	0.00000000	0.00011105	0.00000000	0.00000000
k__Bacteria|p__Fusobacteriota|c__Fusobacteriia|o__Fusobacteriales|f__Fusobacteriaceae	0.00000000	0.00013591	0.02515024	0.00000000	0.00008867	0.00046701	0.00000000	0.00000000	0.00010860	0.00000000	0.00000000	0.00015864	0.00000000	0.01600822
k__Bacteria|p__Fusobacteriota|c__Fusobacteriia|o__Fusobacteriales|f__Leptotrichiaceae	0.00024073	0.00013591	0.02387085	0.00000000	0.00000000	0.00005189	0.00003162	0.00026190	0.00144794	0.00011829	0.00010680	0.00022210	0.00032242	0.03307714
k__Bacteria|p__Gemmatimonadetes|c__unidentified_Gemmatimonadetes|o__Gemmatimonadales|f__Gemmatimonadaceae	0.00046139	0.00101933	0.00111105	0.00012714	0.00044335	0.00000000	0.00006324	0.00019206	0.00001810	0.00011829	0.00002136	0.00012692	0.00001697	0.00021214
k__Bacteria|p__Gemmatimonadota|c__Longimicrobia|o__Longimicrobiales|f__Longimicrobiaceae	0.00000000	0.00000000	0.00000000	0.00000000	0.00000000	0.00000000	0.00000000	0.00000000	0.00000000	0.00000000	0.00000000	0.00000000	0.00000000	0.00000000
k__Bacteria|p__Gracilibacteria|c__Candidatus_Peribacteria|o__unidentified_Candidatus_Peribacteria|f__unidentified_Candidatus_Peribacteria	0.00000000	0.00000000	0.00000000	0.00000000	0.00000000	0.00000000	0.00000000	0.00000000	0.00000000	0.00000000	0.00000000	0.00000000	0.00000000	0.00000000
k__Bacteria|p__Gracilibacteria|c__unidentified_Gracilibacteria|o__JGI_0000069_P22|f__unidentified_JGI_0000069_P22	0.00000000	0.00000000	0.00010100	0.00000000	0.00000000	0.00000000	0.00000000	0.00000000	0.00000000	0.00000000	0.00000000	0.00001586	0.00000000	0.00000000
k__Bacteria|p__Gracilibacteria|c__unidentified_Gracilibacteria|o__unidentified_Gracilibacteria|f__unidentified_Gracilibacteria	0.00004012	0.00003398	0.00015151	0.00000000	0.00000000	0.00000000	0.00000000	0.00001746	0.00001810	0.00001971	0.00079034	0.00006346	0.00003394	0.00004895
k__Bacteria|p__Hydrogenedentes|c__Hydrogenedentia|o__Hydrogenedentiales|f__Hydrogenedensaceae	0.00022067	0.00066257	0.00016834	0.00031784	0.00023646	0.00038918	0.00001581	0.00010476	0.00005430	0.00013800	0.00004272	0.00003173	0.00000000	0.00008159
k__Bacteria|p__Kapabacteria|c__unidentified_Kapabacteria|o__Kapabacteriales|f__unidentified_Kapabacteriales	0.00012036	0.00022086	0.00000000	0.00000000	0.00000000	0.00005189	0.00000000	0.00003492	0.00003620	0.00000000	0.00000000	0.00000000	0.00001697	0.00000000
k__Bacteria|p__Kryptonia|c__unidentified_Kryptonia|o__Kryptoniales|f__BSV26	0.00407230	0.00090041	0.00035352	0.00143030	0.00056158	0.00000000	0.00023716	0.00001746	0.00000000	0.00000000	0.00008544	0.00007932	0.00005091	0.00034268
k__Bacteria|p__Kryptonia|c__unidentified_Kryptonia|o__Kryptoniales|f__MSB_3C8	0.00010030	0.00000000	0.00000000	0.00000000	0.00014778	0.00000000	0.00001581	0.00000000	0.00000000	0.00001971	0.00000000	0.00000000	0.00000000	0.00000000
k__Bacteria|p__LCP_89|c__unidentified_LCP_89|o__unidentified_LCP_89|f__unidentified_LCP_89	0.00000000	0.00005097	0.00000000	0.00000000	0.00000000	0.00000000	0.00000000	0.00000000	0.00000000	0.00000000	0.00000000	0.00000000	0.00000000	0.00000000
k__Bacteria|p__Latescibacteria|c__unidentified_Latescibacteria|o__Latescibacterales|f__Latescibacteraceae	0.00068206	0.00088342	0.00048819	0.00031784	0.00035468	0.00010378	0.00003162	0.00000000	0.00007240	0.00000000	0.00000000	0.00000000	0.00000000	0.00003264
k__Bacteria|p__Latescibacterota|c__unidentified_Latescibacterota|o__unidentified_Latescibacterota|f__unidentified_Latescibacterota	0.00012036	0.00091740	0.00000000	0.00000000	0.00000000	0.00000000	0.00001581	0.00000000	0.00000000	0.00000000	0.00000000	0.00000000	0.00000000	0.00000000
k__Bacteria|p__MBNT15|c__unidentified_MBNT15|o__unidentified_MBNT15|f__unidentified_MBNT15	0.00074224	0.00105331	0.00006734	0.00009535	0.00032513	0.00015567	0.00003162	0.00006984	0.00000000	0.00039429	0.00002136	0.00011105	0.00006788	0.00006527
k__Bacteria|p__Methylomirabilota|c__Methylomirabilia|o__Methylomirabilales|f__Methylomirabilaceae	0.00270818	0.04299888	0.00087538	0.00171636	0.00053202	0.00542252	0.00015811	0.00008730	0.00065157	0.00082801	0.00010680	0.00072976	0.00025454	0.00026109
k__Bacteria|p__Methylomirabilota|c__Methylomirabilia|o__Rokubacteriales|f__WX65	0.00018055	0.00086643	0.00001683	0.00006357	0.00005911	0.00000000	0.00003162	0.00000000	0.00000000	0.00000000	0.00000000	0.00000000	0.00000000	0.00000000
k__Bacteria|p__Methylomirabilota|c__Methylomirabilia|o__Rokubacteriales|f__unidentified_Rokubacteriales	0.00004012	0.00000000	0.00000000	0.00000000	0.00000000	0.00000000	0.00000000	0.00000000	0.00000000	0.00000000	0.00000000	0.00000000	0.00000000	0.00000000
k__Bacteria|p__Modulibacteria|c__Moduliflexia|o__Moduliflexales|f__Moduliflexaceae	0.00082248	0.00059461	0.00006734	0.00069926	0.00053202	0.00012973	0.00000000	0.00064602	0.00005430	0.00005914	0.00004272	0.00000000	0.00000000	0.00001632
k__Bacteria|p__Myxococcota|c__Myxococcia|o__Myxococcales|f__Anaeromyxobacteraceae	0.00692090	0.00718630	0.00521859	0.00575297	0.00159607	0.00051890	0.00045851	0.00066348	0.00025339	0.00161659	0.00234967	0.00387093	0.00050909	0.00241510
k__Bacteria|p__Myxococcota|c__Myxococcia|o__Myxococcales|f__Myxococcaceae	0.00058176	0.00057762	0.00038719	0.00041320	0.00041380	0.00062268	0.00004743	0.00006984	0.00000000	0.00005914	0.00008544	0.00015864	0.00001697	0.00053850
k__Bacteria|p__Myxococcota|c__Polyangia|o__Blfdi19|f__unidentified_Blfdi19	0.00000000	0.00000000	0.00000000	0.00000000	0.00000000	0.00000000	0.00000000	0.00000000	0.00000000	0.00000000	0.00000000	0.00000000	0.00000000	0.00000000
k__Bacteria|p__Myxococcota|c__Polyangia|o__Haliangiales|f__Haliangiaceae	0.00164497	0.00212361	0.00045452	0.00095353	0.00109361	0.00007784	0.00012649	0.00006984	0.00034389	0.00027600	0.00029905	0.00028556	0.00020363	0.00040796
k__Bacteria|p__Myxococcota|c__Polyangia|o__Nannocystales|f__Nannocystaceae	0.00010030	0.00013591	0.00001683	0.00003178	0.00008867	0.00036323	0.00007905	0.00001746	0.00000000	0.00009857	0.00000000	0.00003173	0.00000000	0.00000000
k__Bacteria|p__Myxococcota|c__Polyangia|o__Polyangiales|f__BIrii41	0.00038115	0.00035677	0.00010100	0.00098532	0.00056158	0.00000000	0.00006324	0.00020952	0.00000000	0.00001971	0.00006408	0.00000000	0.00000000	0.00014686
k__Bacteria|p__Myxococcota|c__Polyangia|o__Polyangiales|f__Eel_36e1D6	0.00020061	0.00008494	0.00001683	0.00006357	0.00023646	0.00000000	0.00000000	0.00000000	0.00000000	0.00000000	0.00000000	0.00000000	0.00000000	0.00000000
k__Bacteria|p__Myxococcota|c__Polyangia|o__Polyangiales|f__Phaselicystidaceae	0.00064194	0.00035677	0.00037035	0.00057212	0.00038424	0.00028540	0.00004743	0.00022698	0.00003620	0.00005914	0.00004272	0.00001586	0.00000000	0.00003264
k__Bacteria|p__Myxococcota|c__Polyangia|o__Polyangiales|f__Polyangiaceae	0.00006018	0.00015290	0.00000000	0.00025427	0.00014778	0.00044107	0.00014230	0.00020952	0.00010860	0.00009857	0.00002136	0.00001586	0.00000000	0.00000000
k__Bacteria|p__Myxococcota|c__Polyangia|o__Polyangiales|f__Sandaracinaceae	0.00000000	0.00000000	0.00000000	0.00000000	0.00000000	0.00000000	0.00000000	0.00000000	0.00000000	0.00000000	0.00000000	0.00000000	0.00000000	0.00000000
k__Bacteria|p__Myxococcota|c__Polyangia|o__mle1_27|f__unidentified_mle1_27	0.00000000	0.00000000	0.00000000	0.00000000	0.00000000	0.00005189	0.00000000	0.00000000	0.00000000	0.00001971	0.00002136	0.00000000	0.00000000	0.00000000
k__Bacteria|p__Nitrospirota|c__Leptospirillia|o__Leptospirillales|f__Leptospirillaceae	0.00054164	0.00129116	0.00001683	0.00003178	0.00002956	0.00000000	0.00003162	0.00001746	0.00000000	0.00000000	0.00000000	0.00003173	0.00000000	0.00000000
k__Bacteria|p__Nitrospirota|c__Nitrospira|o__Nitrospirales|f__Nitrospiraceae	0.00254769	0.00265027	0.00037035	0.00146208	0.00103449	0.00298368	0.00030040	0.00061110	0.00025339	0.00070972	0.00760440	0.00210997	0.00089939	0.00357370
k__Bacteria|p__Nitrospirota|c__Thermodesulfovibrionia|o__Magnetobacteriales|f__Magnetobacteriaceae	0.00000000	0.00000000	0.00000000	0.00000000	0.00000000	0.00000000	0.00000000	0.00000000	0.00000000	0.00000000	0.00000000	0.00000000	0.00000000	0.00000000
k__Bacteria|p__Nitrospirota|c__Thermodesulfovibrionia|o__Thermodesulfovibrionales|f__Thermodesulfovibrionaceae	0.00016048	0.00000000	0.00000000	0.00003178	0.00005911	0.00000000	0.00000000	0.00000000	0.00000000	0.00000000	0.00000000	0.00000000	0.00000000	0.00000000
k__Bacteria|p__Planctomycetes|c__unidentified_Planctomycetes|o__Gemmatales|f__Gemmataceae	0.00000000	0.00000000	0.00000000	0.00000000	0.00000000	0.00000000	0.00004743	0.00000000	0.00000000	0.00000000	0.00000000	0.00000000	0.00000000	0.00000000
k__Bacteria|p__Planctomycetes|c__unidentified_Planctomycetes|o__Isosphaerales|f__Isosphaeraceae	0.00000000	0.00000000	0.00000000	0.00000000	0.00000000	0.00000000	0.00000000	0.00000000	0.00000000	0.00003943	0.00000000	0.00000000	0.00000000	0.00000000
k__Bacteria|p__Planctomycetes|c__unidentified_Planctomycetes|o__Pirellulales|f__Pirellulaceae	0.00004012	0.00001699	0.00001683	0.00000000	0.00000000	0.00000000	0.00001581	0.00000000	0.00000000	0.00000000	0.00000000	0.00001586	0.00001697	0.00006527
k__Bacteria|p__Planctomycetota|c__OM190|o__unidentified_OM190|f__unidentified_OM190	0.00004012	0.00000000	0.00000000	0.00000000	0.00000000	0.00000000	0.00000000	0.00000000	0.00000000	0.00000000	0.00000000	0.00000000	0.00000000	0.00000000
k__Bacteria|p__Planctomycetota|c__Phycisphaerae|o__Phycisphaerales|f__Phycisphaeraceae	0.00000000	0.00000000	0.00000000	0.00000000	0.00000000	0.00000000	0.00000000	0.00000000	0.00000000	0.00000000	0.00000000	0.00000000	0.00000000	0.00003264
k__Bacteria|p__Planctomycetota|c__Phycisphaerae|o__Tepidisphaerales|f__WD2101_soil_group	0.00000000	0.00006796	0.00000000	0.00000000	0.00002956	0.00007784	0.00000000	0.00000000	0.00000000	0.00000000	0.00000000	0.00000000	0.00000000	0.00000000
k__Bacteria|p__Proteobacteria|c__Alphaproteobacteria|o__Acetobacterales|f__Acetobacteraceae	0.00134406	0.00083246	0.00202010	0.00158922	0.00301481	0.00228316	0.00066405	0.00055872	0.00300447	0.00061115	0.00098259	0.00204651	0.00162908	0.00251301
k__Bacteria|p__Proteobacteria|c__Alphaproteobacteria|o__Azospirillales|f__Azospirillaceae	0.00002006	0.00003398	0.00011784	0.00006357	0.00005911	0.00000000	0.00000000	0.00006984	0.00025339	0.00001971	0.00002136	0.00004759	0.00005091	0.00008159
k__Bacteria|p__Proteobacteria|c__Alphaproteobacteria|o__Azospirillales|f__unidentified_Azospirillales	0.00000000	0.00000000	0.00000000	0.00000000	0.00000000	0.00005189	0.00001581	0.00000000	0.00000000	0.00000000	0.00000000	0.00000000	0.00001697	0.00001632
k__Bacteria|p__Proteobacteria|c__Alphaproteobacteria|o__Caulobacterales|f__Caulobacteraceae	0.00074224	0.00091740	0.00580779	0.00076282	0.00520202	0.00895104	0.00023716	0.00387610	0.00481439	0.00276003	0.02091210	0.01646730	0.01242173	0.02362886
k__Bacteria|p__Proteobacteria|c__Alphaproteobacteria|o__Caulobacterales|f__Hyphomonadaceae	0.00102309	0.00000000	0.00050502	0.00028606	0.00017734	0.00002595	0.00000000	0.00017460	0.00019909	0.00007886	0.00021361	0.00006346	0.00030545	0.00133810
k__Bacteria|p__Proteobacteria|c__Alphaproteobacteria|o__Caulobacterales|f__Parvularculaceae	0.00016048	0.00000000	0.00008417	0.00006357	0.00000000	0.00000000	0.00001581	0.00000000	0.00000000	0.00000000	0.00000000	0.00000000	0.00000000	0.00017950
k__Bacteria|p__Proteobacteria|c__Alphaproteobacteria|o__Defluviicoccales|f__Defluviicoccaceae	0.00000000	0.00000000	0.00001683	0.00000000	0.00017734	0.00020756	0.00003162	0.00008730	0.00000000	0.00000000	0.00000000	0.00000000	0.00000000	0.00000000
k__Bacteria|p__Proteobacteria|c__Alphaproteobacteria|o__Dongiales|f__Dongiaceae	0.00012036	0.00020387	0.00001683	0.00031784	0.00026601	0.00404743	0.00001581	0.00033174	0.00036198	0.00033515	0.00032041	0.00014278	0.00047515	0.00031005
k__Bacteria|p__Proteobacteria|c__Alphaproteobacteria|o__Elsterales|f__Elsteraceae	0.00000000	0.00000000	0.00000000	0.00000000	0.00000000	0.00000000	0.00000000	0.00000000	0.00001810	0.00001971	0.00000000	0.00000000	0.00000000	0.00001632
k__Bacteria|p__Proteobacteria|c__Alphaproteobacteria|o__Ferrovibrionales|f__Ferrovibrionaceae	0.00000000	0.00000000	0.00000000	0.00009535	0.00002956	0.00018162	0.00000000	0.00001746	0.00000000	0.00000000	0.00004272	0.00000000	0.00000000	0.00001632
k__Bacteria|p__Proteobacteria|c__Alphaproteobacteria|o__Kiloniellales|f__Kiloniellaceae	0.00000000	0.00000000	0.00000000	0.00000000	0.00005911	0.00000000	0.00000000	0.00000000	0.00001810	0.00000000	0.00000000	0.00000000	0.00001697	0.00000000
k__Bacteria|p__Proteobacteria|c__Alphaproteobacteria|o__Micropepsales|f__Micropepsaceae	0.00000000	0.00000000	0.00000000	0.00006357	0.00000000	0.00000000	0.00000000	0.00000000	0.00000000	0.00000000	0.00000000	0.00000000	0.00000000	0.00000000
k__Bacteria|p__Proteobacteria|c__Alphaproteobacteria|o__Paracaedibacterales|f__Paracaedibacteraceae	0.00006018	0.00003398	0.00006734	0.00003178	0.00023646	0.00015567	0.00000000	0.00001746	0.00010860	0.00000000	0.00002136	0.00000000	0.00027151	0.00008159
k__Bacteria|p__Proteobacteria|c__Alphaproteobacteria|o__Parvibaculales|f__Parvibaculaceae	0.00002006	0.00000000	0.00000000	0.00003178	0.00011823	0.01953662	0.00000000	0.00005238	0.00001810	0.00053229	0.00002136	0.00006346	0.00003394	0.00003264
k__Bacteria|p__Proteobacteria|c__Alphaproteobacteria|o__Reyranellales|f__Reyranellaceae	0.00006018	0.00006796	0.00008417	0.00019071	0.00038424	0.00041512	0.00012649	0.00008730	0.00018099	0.00011829	0.00006408	0.00012692	0.00022060	0.00003264
k__Bacteria|p__Proteobacteria|c__Alphaproteobacteria|o__Rhizobiales|f__A0839	0.00030091	0.00000000	0.00011784	0.00009535	0.00011823	0.00002595	0.00001581	0.00001746	0.00000000	0.00003943	0.00010680	0.00003173	0.00000000	0.00021214
k__Bacteria|p__Proteobacteria|c__Alphaproteobacteria|o__Rhizobiales|f__Amb_16S_1323	0.00000000	0.00000000	0.00003367	0.00000000	0.00000000	0.00000000	0.00000000	0.00000000	0.00000000	0.00000000	0.00000000	0.00000000	0.00000000	0.00000000
k__Bacteria|p__Proteobacteria|c__Alphaproteobacteria|o__Rhizobiales|f__Ancalomicrobiaceae	0.00002006	0.00000000	0.00005050	0.00003178	0.00000000	0.00000000	0.00000000	0.00001746	0.00000000	0.00000000	0.00002136	0.00000000	0.00000000	0.00000000
k__Bacteria|p__Proteobacteria|c__Alphaproteobacteria|o__Rhizobiales|f__Beijerinckiaceae	0.00092279	0.01425368	0.00159925	0.00165279	0.00257145	0.00106375	0.00066405	0.00206027	0.01058804	0.00072944	0.00275553	0.00918552	0.00339391	0.00319838
k__Bacteria|p__Proteobacteria|c__Alphaproteobacteria|o__Rhizobiales|f__Devosiaceae	0.00028085	0.00008494	0.00153191	0.00003178	0.00041380	0.00036323	0.00009486	0.00022698	0.00010860	0.00027600	0.00019225	0.00049180	0.00066181	0.00176237
k__Bacteria|p__Proteobacteria|c__Alphaproteobacteria|o__Rhizobiales|f__Hyphomicrobiaceae	0.00074224	0.00022086	0.00106055	0.00012714	0.00032513	0.00012973	0.00022135	0.00010476	0.00124885	0.00015772	0.00040585	0.00068217	0.00083151	0.00189292
k__Bacteria|p__Proteobacteria|c__Alphaproteobacteria|o__Rhizobiales|f__KF_JG30_B3	0.00000000	0.00006796	0.00000000	0.00000000	0.00000000	0.00000000	0.00000000	0.00000000	0.00000000	0.00000000	0.00000000	0.00000000	0.00000000	0.00000000
k__Bacteria|p__Proteobacteria|c__Alphaproteobacteria|o__Rhizobiales|f__Kaistiaceae	0.00002006	0.00001699	0.00006734	0.00000000	0.00002956	0.00000000	0.00000000	0.00000000	0.00130314	0.00000000	0.00000000	0.00000000	0.00001697	0.00001632
k__Bacteria|p__Proteobacteria|c__Alphaproteobacteria|o__Rhizobiales|f__Labraceae	0.00000000	0.00000000	0.00000000	0.00000000	0.00011823	0.00000000	0.00004743	0.00001746	0.00000000	0.00003943	0.00004272	0.00000000	0.00000000	0.00000000
k__Bacteria|p__Proteobacteria|c__Alphaproteobacteria|o__Rhizobiales|f__Pleomorphomonadaceae	0.00006018	0.00000000	0.00013467	0.00000000	0.00014778	0.00005189	0.00006324	0.00017460	0.00018099	0.00009857	0.00004272	0.00006346	0.00010182	0.00029373
k__Bacteria|p__Proteobacteria|c__Alphaproteobacteria|o__Rhizobiales|f__Rhizobiaceae	0.00098297	0.00027182	0.00424221	0.00171636	0.00351728	0.00114158	0.00060081	0.00223487	0.00289588	0.00118287	0.00153797	0.00157058	0.00295271	0.00629885
k__Bacteria|p__Proteobacteria|c__Alphaproteobacteria|o__Rhizobiales|f__Rhodomicrobiaceae	0.00006018	0.00003398	0.00000000	0.00003178	0.00000000	0.00000000	0.00000000	0.00000000	0.00000000	0.00000000	0.00000000	0.00000000	0.00000000	0.00000000
k__Bacteria|p__Proteobacteria|c__Alphaproteobacteria|o__Rhizobiales|f__Stappiaceae	0.00000000	0.00000000	0.00005050	0.00009535	0.00000000	0.00000000	0.00000000	0.00000000	0.00005430	0.00000000	0.00000000	0.00001586	0.00003394	0.00009791
k__Bacteria|p__Proteobacteria|c__Alphaproteobacteria|o__Rhizobiales|f__Xanthobacteraceae	0.00064194	0.00018688	0.00037035	0.00495836	0.00591139	0.00238694	0.00232418	0.00426022	0.00177372	0.00155745	0.00177294	0.00023797	0.00040727	0.00163183
k__Bacteria|p__Proteobacteria|c__Alphaproteobacteria|o__Rhizobiales|f__unidentified_Rhizobiales	0.00014042	0.00005097	0.00013467	0.00019071	0.00000000	0.00018162	0.00009486	0.00003492	0.00222620	0.00011829	0.00006408	0.00004759	0.00003394	0.00039164
k__Bacteria|p__Proteobacteria|c__Alphaproteobacteria|o__Rhodobacterales|f__Rhodobacteraceae	0.00381151	0.00224253	0.02706934	0.02580891	0.01267993	0.00199777	0.00349418	0.02388518	0.01109482	0.00648608	0.01085122	0.01269156	0.02747374	0.04781254
k__Bacteria|p__Proteobacteria|c__Alphaproteobacteria|o__Rhodospirillales|f__Magnetospirillaceae	0.00000000	0.00000000	0.00000000	0.00000000	0.00005911	0.00002595	0.00000000	0.00005238	0.00000000	0.00007886	0.00000000	0.00000000	0.00000000	0.00000000
k__Bacteria|p__Proteobacteria|c__Alphaproteobacteria|o__Rhodospirillales|f__Rhodospirillaceae	0.00004012	0.00016989	0.00000000	0.00000000	0.00000000	0.00007784	0.00000000	0.00000000	0.00000000	0.00000000	0.00008544	0.00001586	0.00000000	0.00000000
k__Bacteria|p__Proteobacteria|c__Alphaproteobacteria|o__Rickettsiales|f__AB1	0.00002006	0.00000000	0.00000000	0.00000000	0.00017734	0.00012973	0.00000000	0.00000000	0.00000000	0.00000000	0.00000000	0.00000000	0.00000000	0.00000000
k__Bacteria|p__Proteobacteria|c__Alphaproteobacteria|o__Rickettsiales|f__Fokiniaceae	0.00000000	0.00000000	0.00000000	0.00000000	0.00000000	0.00000000	0.00000000	0.00000000	0.00000000	0.00000000	0.00000000	0.00000000	0.00000000	0.00000000
k__Bacteria|p__Proteobacteria|c__Alphaproteobacteria|o__Rickettsiales|f__Mitochondria	0.00000000	0.00000000	0.00005050	0.00000000	0.00002956	0.00233505	0.00000000	0.00001746	0.00001810	0.00001971	0.00000000	0.00000000	0.00000000	0.00001632
k__Bacteria|p__Proteobacteria|c__Alphaproteobacteria|o__Rickettsiales|f__Rickettsiaceae	0.00000000	0.00000000	0.00003367	0.00003178	0.00000000	0.00007784	0.00000000	0.00000000	0.00200901	0.00000000	0.00000000	0.00000000	0.00162908	0.00001632
k__Bacteria|p__Proteobacteria|c__Alphaproteobacteria|o__Rickettsiales|f__SM1B06	0.00000000	0.00000000	0.00000000	0.00000000	0.00000000	0.00000000	0.00000000	0.00003492	0.00000000	0.00000000	0.00000000	0.00000000	0.00000000	0.00026109
k__Bacteria|p__Proteobacteria|c__Alphaproteobacteria|o__Rickettsiales|f__SM2D12	0.00000000	0.00000000	0.00010100	0.00000000	0.00002956	0.00000000	0.00000000	0.00000000	0.00025339	0.00001971	0.00000000	0.00003173	0.00015273	0.00009791
k__Bacteria|p__Proteobacteria|c__Alphaproteobacteria|o__Rickettsiales|f__unidentified_Rickettsiales	0.00000000	0.00000000	0.00001683	0.00000000	0.00000000	0.00000000	0.00000000	0.00000000	0.00000000	0.00000000	0.00000000	0.00000000	0.00001697	0.00004895
k__Bacteria|p__Proteobacteria|c__Alphaproteobacteria|o__Sphingomonadales|f__Sphingomonadaceae	0.00393187	0.02801468	0.02398869	0.00321022	0.01259126	0.01024829	0.00107513	0.00846807	0.01571012	0.00946298	0.03035352	0.05899990	0.05900321	0.05130465
k__Bacteria|p__Proteobacteria|c__Alphaproteobacteria|o__Tistrellales|f__Geminicoccaceae	0.00050151	0.00008494	0.00000000	0.00000000	0.00011823	0.00000000	0.00003162	0.00003492	0.00000000	0.00000000	0.00000000	0.00000000	0.00000000	0.00000000
k__Bacteria|p__Proteobacteria|c__Alphaproteobacteria|o__Tistrellales|f__Tistrellaceae	0.00000000	0.00000000	0.00000000	0.00000000	0.00000000	0.00000000	0.00000000	0.00000000	0.00000000	0.00000000	0.00000000	0.00000000	0.00000000	0.00000000
k__Bacteria|p__Proteobacteria|c__Alphaproteobacteria|o__Zavarziniales|f__Zavarziniaceae	0.00000000	0.00000000	0.00000000	0.00000000	0.00000000	0.00000000	0.00000000	0.00000000	0.00000000	0.00000000	0.00000000	0.00000000	0.00000000	0.00000000
k__Bacteria|p__Proteobacteria|c__Gammaproteobacteria|o__Acidiferrobacterales|f__Acidiferrobacteraceae	0.00074224	0.00056063	0.00106055	0.00047677	0.00029557	0.00012973	0.00011068	0.00024444	0.00021719	0.00005914	0.00032041	0.00053939	0.00057697	0.00110964
k__Bacteria|p__Proteobacteria|c__Gammaproteobacteria|o__Acidithiobacillales|f__Acidithiobacillaceae	0.00000000	0.00005097	0.00006734	0.00000000	0.00002956	0.00012973	0.00000000	0.00017460	0.00001810	0.00001971	0.00025633	0.00133261	0.00000000	0.00031005
k__Bacteria|p__Proteobacteria|c__Gammaproteobacteria|o__Beggiatoales|f__Beggiatoaceae	0.00002006	0.00000000	0.00000000	0.00003178	0.00000000	0.00000000	0.00001581	0.00000000	0.00001810	0.00000000	0.00000000	0.00000000	0.00000000	0.00000000
k__Bacteria|p__Proteobacteria|c__Gammaproteobacteria|o__Burkholderiales|f__A21b	0.00000000	0.00003398	0.00000000	0.00000000	0.00000000	0.00000000	0.00000000	0.00000000	0.00000000	0.00000000	0.00000000	0.00001586	0.00000000	0.00000000
k__Bacteria|p__Proteobacteria|c__Gammaproteobacteria|o__Burkholderiales|f__Alcaligenaceae	0.00004012	0.00015290	0.00033668	0.00019071	0.00056158	0.00012973	0.00004743	0.00027936	0.00112215	0.00009857	0.00010680	0.00007932	0.00008485	0.00019582
k__Bacteria|p__Proteobacteria|c__Gammaproteobacteria|o__Burkholderiales|f__Aquaspirillaceae	0.00052158	0.00033978	0.00015151	0.00006357	0.00008867	0.00044107	0.00001581	0.00277613	0.00112215	0.00035486	0.00017089	0.00012692	0.00006788	0.00000000
k__Bacteria|p__Proteobacteria|c__Gammaproteobacteria|o__Burkholderiales|f__B1_7BS	0.00026079	0.00016989	0.00001683	0.00025427	0.00014778	0.00005189	0.00000000	0.00006984	0.00000000	0.00001971	0.00000000	0.00001586	0.00000000	0.00008159
k__Bacteria|p__Proteobacteria|c__Gammaproteobacteria|o__Burkholderiales|f__Burkholderiaceae	0.00343036	0.00487581	0.02412336	0.00276524	0.00289658	0.01024829	0.00080635	0.00335231	0.02443395	0.00167574	0.00741215	0.01402418	0.02121197	0.00590721
k__Bacteria|p__Proteobacteria|c__Gammaproteobacteria|o__Burkholderiales|f__Chitinibacteraceae	0.00142430	0.00022086	0.00035352	0.00019071	0.00017734	0.00023351	0.00006324	0.00015714	0.00014479	0.00011829	0.00012816	0.00012692	0.00008485	0.00001632
k__Bacteria|p__Proteobacteria|c__Gammaproteobacteria|o__Burkholderiales|f__Chitinimonadaceae	0.00006018	0.00000000	0.00000000	0.00000000	0.00002956	0.00018162	0.00000000	0.00003492	0.00000000	0.00005914	0.00002136	0.00007932	0.00011879	0.00003264
k__Bacteria|p__Proteobacteria|c__Gammaproteobacteria|o__Burkholderiales|f__Chromobacteriaceae	0.00014042	0.00022086	0.00013467	0.00012714	0.00005911	0.00044107	0.00003162	0.00000000	0.00000000	0.00001971	0.00004272	0.00004759	0.00018667	0.00004895
k__Bacteria|p__Proteobacteria|c__Gammaproteobacteria|o__Burkholderiales|f__Comamonadaceae	0.01640956	0.01726071	0.04516607	0.01586040	0.02459138	0.06815764	0.00281432	0.02722003	0.01471467	0.01981311	0.06893090	0.06566298	0.05754382	0.06621955
k__Bacteria|p__Proteobacteria|c__Gammaproteobacteria|o__Burkholderiales|f__Gallionellaceae	0.00120363	0.00030580	0.00010100	0.01153773	0.00396063	0.00119347	0.00026878	0.00008730	0.00005430	0.00003943	0.00014952	0.00038075	0.00040727	0.00009791
k__Bacteria|p__Proteobacteria|c__Gammaproteobacteria|o__Burkholderiales|f__Hydrogenophilaceae	0.00613854	0.00625191	0.00978065	0.01802174	0.01415777	0.12897284	0.00131229	0.01581870	0.01131201	0.03304156	0.16014098	0.14549291	0.08757997	0.02181753
k__Bacteria|p__Proteobacteria|c__Gammaproteobacteria|o__Burkholderiales|f__MWH_UniP1_aquatic_group	0.00004012	0.00005097	0.00000000	0.00000000	0.00000000	0.00000000	0.00000000	0.00000000	0.00000000	0.00000000	0.00000000	0.00000000	0.00000000	0.00000000
k__Bacteria|p__Proteobacteria|c__Gammaproteobacteria|o__Burkholderiales|f__Methylophilaceae	0.00160485	0.00078149	0.00207060	0.00092175	0.00266012	0.00780946	0.00006324	0.00183329	0.00048868	0.00084772	0.00023497	0.00038075	0.00023757	0.00057114
k__Bacteria|p__Proteobacteria|c__Gammaproteobacteria|o__Burkholderiales|f__Neisseriaceae	0.00008024	0.00090041	0.02673266	0.00006357	0.00000000	0.00005189	0.00000000	0.00027936	0.00036198	0.00009857	0.00010680	0.00082495	0.00010182	0.00244774
k__Bacteria|p__Proteobacteria|c__Gammaproteobacteria|o__Burkholderiales|f__Nitrosomonadaceae	0.00393187	0.00331283	0.00518492	0.00222491	0.00124139	0.00892510	0.00030040	0.00137933	0.00088686	0.00118287	0.00942006	0.01054986	0.00846782	0.01217343
k__Bacteria|p__Proteobacteria|c__Gammaproteobacteria|o__Burkholderiales|f__Oxalobacteraceae	0.00014042	0.00008494	0.00010100	0.00009535	0.00044335	0.00080430	0.00001581	0.00005238	0.00640712	0.00007886	0.00036313	0.00049180	0.00117090	0.00014686
k__Bacteria|p__Proteobacteria|c__Gammaproteobacteria|o__Burkholderiales|f__Rhodocyclaceae	0.01558707	0.01653019	0.06221908	0.06779607	0.03260131	0.01977013	0.00276689	0.05052904	0.03294058	0.04749231	0.09924170	0.10261129	0.09930594	0.11618609
k__Bacteria|p__Proteobacteria|c__Gammaproteobacteria|o__Burkholderiales|f__SC_I_84	0.00196594	0.00079848	0.00257563	0.00241561	0.00218721	0.00116753	0.00015811	0.00089046	0.00039818	0.00169545	0.00489159	0.00433100	0.00334301	0.00483021
k__Bacteria|p__Proteobacteria|c__Gammaproteobacteria|o__Burkholderiales|f__Sulfuricellaceae	0.00086261	0.00030580	0.00055553	0.01690929	0.00091627	0.00254261	0.00044270	0.00026190	0.00010860	0.00035486	0.00557514	0.00469588	0.00151029	0.00071800
k__Bacteria|p__Proteobacteria|c__Gammaproteobacteria|o__Burkholderiales|f__Sutterellaceae	0.00018055	0.00101933	0.00000000	0.00015892	0.00035468	0.00012973	0.00004743	0.00005238	0.00003620	0.00003943	0.00006408	0.00096773	0.00006788	0.00001632
k__Bacteria|p__Proteobacteria|c__Gammaproteobacteria|o__Burkholderiales|f__T34	0.00004012	0.00000000	0.00018518	0.00003178	0.00000000	0.00007784	0.00001581	0.00137933	0.00038008	0.00035486	0.00042721	0.00028556	0.00113696	0.00071800
k__Bacteria|p__Proteobacteria|c__Gammaproteobacteria|o__Burkholderiales|f__TRA3_20	0.00104315	0.00057762	0.00008417	0.00047677	0.00044335	0.00059674	0.00004743	0.00006984	0.00005430	0.00013800	0.00059810	0.00025383	0.00027151	0.00050587
k__Bacteria|p__Proteobacteria|c__Gammaproteobacteria|o__Cardiobacteriales|f__Cardiobacteriaceae	0.00000000	0.00000000	0.00296281	0.00000000	0.00002956	0.00000000	0.00000000	0.00000000	0.00000000	0.00000000	0.00000000	0.00000000	0.00000000	0.00091382
k__Bacteria|p__Proteobacteria|c__Gammaproteobacteria|o__Cardiobacteriales|f__Wohlfahrtiimonadaceae	0.00000000	0.00000000	0.00000000	0.00000000	0.00000000	0.00023351	0.00000000	0.00000000	0.00009050	0.00000000	0.00000000	0.00000000	0.00025454	0.00000000
k__Bacteria|p__Proteobacteria|c__Gammaproteobacteria|o__Chromatiales|f__Chromatiaceae	0.00050151	0.00057762	0.00013467	0.00015892	0.00020690	0.00005189	0.00001581	0.00005238	0.00000000	0.00003943	0.00000000	0.00003173	0.00001697	0.00006527
k__Bacteria|p__Proteobacteria|c__Gammaproteobacteria|o__Competibacterales|f__Competibacteraceae	0.00044133	0.00064558	0.00651482	0.00149387	0.00192120	0.02093765	0.00017392	0.00197297	0.00191852	0.00433720	0.00608779	0.00782118	0.01024962	0.01155334
k__Bacteria|p__Proteobacteria|c__Gammaproteobacteria|o__Coxiellales|f__Coxiellaceae	0.00038115	0.00025483	0.00020201	0.00019071	0.00020690	0.00000000	0.00009486	0.00005238	0.00973738	0.00000000	0.00000000	0.00000000	0.00758540	0.00000000
k__Bacteria|p__Proteobacteria|c__Gammaproteobacteria|o__Diplorickettsiales|f__Diplorickettsiaceae	0.00004012	0.00008494	0.00005050	0.00015892	0.00011823	0.00500739	0.00000000	0.00000000	0.00005430	0.00037458	0.00004272	0.00009519	0.00018667	0.00009791
k__Bacteria|p__Proteobacteria|c__Gammaproteobacteria|o__Ectothiorhodospirales|f__Ectothiorhodospiraceae	0.00000000	0.00010193	0.00000000	0.00000000	0.00000000	0.00000000	0.00000000	0.00000000	0.00000000	0.00000000	0.00000000	0.00000000	0.00000000	0.00000000
k__Bacteria|p__Proteobacteria|c__Gammaproteobacteria|o__Ectothiorhodospirales|f__Thioalkalispiraceae	0.00068206	0.00076450	0.00003367	0.01255483	0.00171430	0.00000000	0.00039527	0.00001746	0.00000000	0.00000000	0.00000000	0.00001586	0.00011879	0.00000000
k__Bacteria|p__Proteobacteria|c__Gammaproteobacteria|o__Enterobacterales|f__Aeromonadaceae	0.00491484	0.00224253	0.00126256	0.00842286	0.00268968	0.00184210	0.02047496	0.01372350	0.00734828	0.00238546	0.00328954	0.00057112	0.00520966	0.00416116
k__Bacteria|p__Proteobacteria|c__Gammaproteobacteria|o__Enterobacterales|f__Alteromonadaceae	0.00028085	0.00000000	0.00015151	0.00009535	0.00008867	0.00085619	0.00001581	0.00008730	0.00010860	0.00007886	0.00000000	0.00006346	0.00013576	0.00013055
k__Bacteria|p__Proteobacteria|c__Gammaproteobacteria|o__Enterobacterales|f__Budviciaceae	0.00335012	0.00001699	0.00000000	0.01411226	0.03591168	0.00238694	0.00640336	0.00434752	0.00023529	0.01202587	0.00286233	0.00000000	0.00000000	0.00000000
k__Bacteria|p__Proteobacteria|c__Gammaproteobacteria|o__Enterobacterales|f__Enterobacteriaceae	0.15246043	0.04838436	0.02264195	0.04907507	0.04386250	0.00897699	0.00660890	0.00672207	0.02870536	0.00772810	0.00416533	0.00637751	0.02703253	0.01279352
k__Bacteria|p__Proteobacteria|c__Gammaproteobacteria|o__Enterobacterales|f__Erwiniaceae	0.00457381	0.00069654	0.00084171	0.00123959	0.00067981	0.00057079	0.00012649	0.00012222	0.00030769	0.00009857	0.00014952	0.00028556	0.00108605	0.00101173
k__Bacteria|p__Proteobacteria|c__Gammaproteobacteria|o__Enterobacterales|f__Hafniaceae	0.00000000	0.00000000	0.00000000	0.00000000	0.00000000	0.00000000	0.00000000	0.00000000	0.00001810	0.00000000	0.00000000	0.00000000	0.00003394	0.00000000
k__Bacteria|p__Proteobacteria|c__Gammaproteobacteria|o__Enterobacterales|f__Idiomarinaceae	0.00000000	0.00000000	0.00000000	0.00000000	0.00000000	0.00000000	0.00000000	0.00000000	0.00001810	0.00000000	0.00000000	0.00000000	0.00000000	0.00000000
k__Bacteria|p__Proteobacteria|c__Gammaproteobacteria|o__Enterobacterales|f__Morganellaceae	0.00000000	0.00000000	0.00000000	0.00000000	0.00000000	0.00005189	0.00000000	0.00000000	0.00001810	0.00001971	0.00000000	0.00000000	0.00003394	0.00000000
k__Bacteria|p__Proteobacteria|c__Gammaproteobacteria|o__Enterobacterales|f__Pasteurellaceae	0.00004012	0.00050967	0.01991482	0.00003178	0.00014778	0.00005189	0.00000000	0.00017460	0.00141174	0.00009857	0.00008544	0.00034902	0.00003394	0.00040796
k__Bacteria|p__Proteobacteria|c__Gammaproteobacteria|o__Enterobacterales|f__Pectobacteriaceae	0.00000000	0.00000000	0.00000000	0.00000000	0.00000000	0.00000000	0.00000000	0.00000000	0.00000000	0.00000000	0.00000000	0.00000000	0.00001697	0.00003264
k__Bacteria|p__Proteobacteria|c__Gammaproteobacteria|o__Enterobacterales|f__Pseudoalteromonadaceae	0.00000000	0.00000000	0.00000000	0.00000000	0.00000000	0.00000000	0.00000000	0.00000000	0.00023529	0.00000000	0.00000000	0.00000000	0.00000000	0.00000000
k__Bacteria|p__Proteobacteria|c__Gammaproteobacteria|o__Enterobacterales|f__Shewanellaceae	0.00128388	0.00010193	0.00001683	0.05384273	0.01616765	0.00300963	0.00621364	0.01574886	0.00023529	0.01220330	0.02016448	0.00000000	0.00020363	0.00004895
k__Bacteria|p__Proteobacteria|c__Gammaproteobacteria|o__Enterobacterales|f__Succinivibrionaceae	0.00024073	0.00006796	0.00015151	0.00003178	0.00005911	0.00005189	0.00000000	0.00008730	0.00039818	0.00005914	0.00002136	0.00003173	0.00010182	0.00001632
k__Bacteria|p__Proteobacteria|c__Gammaproteobacteria|o__Enterobacterales|f__Thorselliaceae	0.00000000	0.00000000	0.00000000	0.00000000	0.00000000	0.00000000	0.00000000	0.00000000	0.00000000	0.00000000	0.00000000	0.00000000	0.00000000	0.00000000
k__Bacteria|p__Proteobacteria|c__Gammaproteobacteria|o__Enterobacterales|f__Vibrionaceae	0.00098297	0.00000000	0.00043769	0.01309516	0.00357639	0.00111564	0.00064824	0.01566156	0.03342926	0.00343033	0.00792481	0.00000000	0.01018174	0.00000000
k__Bacteria|p__Proteobacteria|c__Gammaproteobacteria|o__Enterobacterales|f__Yersiniaceae	0.00000000	0.00000000	0.00000000	0.00006357	0.00005911	0.00007784	0.00003162	0.00000000	0.00010860	0.00003943	0.00000000	0.00000000	0.00016970	0.00000000
k__Bacteria|p__Proteobacteria|c__Gammaproteobacteria|o__Halothiobacillales|f__Halothiobacillaceae	0.00010030	0.00025483	0.00025251	0.00009535	0.00005911	0.00062268	0.00003162	0.00087300	0.00184612	0.00100544	0.00328954	0.00122156	0.00242665	0.00065273
k__Bacteria|p__Proteobacteria|c__Gammaproteobacteria|o__Immundisolibacterales|f__Immundisolibacteraceae	0.00004012	0.00001699	0.00015151	0.00000000	0.00005911	0.00025945	0.00000000	0.00003492	0.00000000	0.00005914	0.00012816	0.00080909	0.00005091	0.00156655
k__Bacteria|p__Proteobacteria|c__Gammaproteobacteria|o__Legionellales|f__Legionellaceae	0.00018055	0.00013591	0.00000000	0.00000000	0.00005911	0.00062268	0.00014230	0.00003492	0.00014479	0.00007886	0.00000000	0.00000000	0.00005091	0.00000000
k__Bacteria|p__Proteobacteria|c__Gammaproteobacteria|o__Methylococcales|f__Methylococcaceae	0.00020061	0.00061160	0.00026935	0.00050855	0.00082759	0.00204966	0.00001581	0.00003492	0.00003620	0.00009857	0.00010680	0.00004759	0.00005091	0.00004895
k__Bacteria|p__Proteobacteria|c__Gammaproteobacteria|o__Methylococcales|f__Methylomonadaceae	0.00190576	0.00101933	0.00134673	0.00114424	0.00230544	0.02773526	0.00030040	0.00047142	0.00009050	0.00145888	0.00038449	0.00020624	0.00011879	0.00110964
k__Bacteria|p__Proteobacteria|c__Gammaproteobacteria|o__Nitrosococcales|f__Methylophagaceae	0.00000000	0.00000000	0.00000000	0.00000000	0.00000000	0.00000000	0.00000000	0.00000000	0.00000000	0.00000000	0.00000000	0.00000000	0.00000000	0.00000000
k__Bacteria|p__Proteobacteria|c__Gammaproteobacteria|o__Nitrosococcales|f__Nitrosococcaceae	0.00050151	0.00069654	0.00057236	0.00057212	0.00124139	0.00277612	0.00009486	0.00148409	0.00412662	0.00023657	0.00004272	0.00017451	0.00066181	0.00011423
k__Bacteria|p__Proteobacteria|c__Gammaproteobacteria|o__Pseudomonadales|f__Alcanivoracaceae	0.00000000	0.00000000	0.00000000	0.00000000	0.00000000	0.00002595	0.00000000	0.00000000	0.00000000	0.00000000	0.00000000	0.00007932	0.00000000	0.00000000
k__Bacteria|p__Proteobacteria|c__Gammaproteobacteria|o__Pseudomonadales|f__Alcanivoracaceae1	0.00000000	0.00000000	0.00000000	0.00006357	0.00000000	0.00000000	0.00000000	0.00000000	0.00000000	0.00000000	0.00000000	0.00000000	0.00000000	0.00000000
k__Bacteria|p__Proteobacteria|c__Gammaproteobacteria|o__Pseudomonadales|f__Cellvibrionaceae	0.00008024	0.00000000	0.00018518	0.00003178	0.00002956	0.00000000	0.00003162	0.00000000	0.00000000	0.00000000	0.00000000	0.00000000	0.00001697	0.00055482
k__Bacteria|p__Proteobacteria|c__Gammaproteobacteria|o__Pseudomonadales|f__Halieaceae	0.00018055	0.00000000	0.00000000	0.00000000	0.00026601	0.00000000	0.00003162	0.00000000	0.00007240	0.00000000	0.00000000	0.00000000	0.00000000	0.00000000
k__Bacteria|p__Proteobacteria|c__Gammaproteobacteria|o__Pseudomonadales|f__Halomonadaceae	0.00036109	0.00025483	0.00018518	0.00054033	0.00401974	0.01177905	0.00023716	0.00024444	0.00378274	0.00076887	0.00012816	0.00014278	0.00271513	0.00017950
k__Bacteria|p__Proteobacteria|c__Gammaproteobacteria|o__Pseudomonadales|f__KI89A_clade	0.00006018	0.00000000	0.00000000	0.00003178	0.00000000	0.00000000	0.00004743	0.00000000	0.00000000	0.00000000	0.00000000	0.00000000	0.00000000	0.00000000
k__Bacteria|p__Proteobacteria|c__Gammaproteobacteria|o__Pseudomonadales|f__Marinobacteraceae	0.00000000	0.00000000	0.00000000	0.00000000	0.00000000	0.00000000	0.00000000	0.00000000	0.00000000	0.00000000	0.00000000	0.00000000	0.00000000	0.00000000
k__Bacteria|p__Proteobacteria|c__Gammaproteobacteria|o__Pseudomonadales|f__Moraxellaceae	0.08519730	0.00682953	0.00670000	0.02056449	0.01681790	0.00345069	0.00458513	0.01553934	0.00653382	0.00607208	0.00367404	0.00399784	0.01184476	0.02416736
k__Bacteria|p__Proteobacteria|c__Gammaproteobacteria|o__Pseudomonadales|f__Nitrincolaceae	0.00000000	0.00000000	0.00000000	0.00000000	0.00000000	0.00000000	0.00000000	0.00000000	0.00000000	0.00000000	0.00000000	0.00000000	0.00001697	0.00000000
k__Bacteria|p__Proteobacteria|c__Gammaproteobacteria|o__Pseudomonadales|f__Porticoccaceae	0.00006018	0.00005097	0.00001683	0.00000000	0.00011823	0.00033729	0.00000000	0.00000000	0.00000000	0.00001971	0.00000000	0.00020624	0.00001697	0.00022846
k__Bacteria|p__Proteobacteria|c__Gammaproteobacteria|o__Pseudomonadales|f__Pseudohongiellaceae	0.00000000	0.00000000	0.00001683	0.00000000	0.00000000	0.00000000	0.00000000	0.00003492	0.00000000	0.00000000	0.00000000	0.00000000	0.00000000	0.00000000
k__Bacteria|p__Proteobacteria|c__Gammaproteobacteria|o__Pseudomonadales|f__Pseudomonadaceae	0.00110333	0.00225952	0.00084171	0.00174814	0.00251234	0.00088213	0.00056919	0.00219995	0.00097736	0.00051258	0.00055538	0.00157058	0.00108605	0.00158287
k__Bacteria|p__Proteobacteria|c__Gammaproteobacteria|o__Pseudomonadales|f__Saccharospirillaceae	0.00000000	0.00001699	0.00000000	0.00006357	0.00000000	0.00000000	0.00000000	0.00001746	0.00000000	0.00000000	0.00000000	0.00000000	0.00000000	0.00000000
k__Bacteria|p__Proteobacteria|c__Gammaproteobacteria|o__Pseudomonadales|f__Spongiibacteraceae	0.00070212	0.00096837	0.00180126	0.00152565	0.00827594	0.01222012	0.00036365	0.00153647	0.00050678	0.00157716	0.00463527	0.00407716	0.00222301	0.00664154
k__Bacteria|p__Proteobacteria|c__Gammaproteobacteria|o__Salinisphaerales|f__Solimonadaceae	0.00000000	0.00005097	0.00000000	0.00000000	0.00000000	0.00194588	0.00000000	0.00000000	0.00000000	0.00021686	0.00000000	0.00000000	0.00000000	0.00000000
k__Bacteria|p__Proteobacteria|c__Gammaproteobacteria|o__Steroidobacterales|f__Steroidobacteraceae	0.00050151	0.00005097	0.00015151	0.00006357	0.00026601	0.00000000	0.00004743	0.00001746	0.00099546	0.00001971	0.00000000	0.00000000	0.00013576	0.00000000
k__Bacteria|p__Proteobacteria|c__Gammaproteobacteria|o__Steroidobacterales|f__Woeseiaceae	0.00000000	0.00000000	0.00000000	0.00000000	0.00000000	0.00000000	0.00000000	0.00000000	0.00000000	0.00000000	0.00000000	0.00000000	0.00000000	0.00000000
k__Bacteria|p__Proteobacteria|c__Gammaproteobacteria|o__Tenderiales|f__Tenderiaceae	0.00000000	0.00000000	0.00003367	0.00000000	0.00000000	0.00000000	0.00000000	0.00008730	0.00000000	0.00003943	0.00017089	0.00004759	0.00000000	0.00008159
k__Bacteria|p__Proteobacteria|c__Gammaproteobacteria|o__Thiotrichales|f__Thiotrichaceae	0.00038115	0.00003398	0.00042085	0.00000000	0.00023646	0.00007784	0.00003162	0.00010476	0.00025339	0.00005914	0.00010680	0.00017451	0.00003394	0.00065273
k__Bacteria|p__Proteobacteria|c__Gammaproteobacteria|o__Xanthomonadales|f__Rhodanobacteraceae	0.00266806	0.00022086	0.00225578	0.00861357	0.00868974	0.00121942	0.00379459	0.00921884	0.00074207	0.00285861	0.00632276	0.00125329	0.00078060	0.00127283
k__Bacteria|p__Proteobacteria|c__Gammaproteobacteria|o__Xanthomonadales|f__Xanthomonadaceae	0.00355072	0.00266726	0.02181708	0.00397305	0.01980315	0.02153439	0.00147040	0.01274575	0.01342962	0.00778724	0.01706718	0.01448425	0.07227341	0.02592973
k__Bacteria|p__Proteobacteria|c__Gammaproteobacteria|o__unidentified_Gammaproteobacteria|f__unidentified_Gammaproteobacteria	0.00022067	0.00006796	0.00010100	0.00041320	0.00014778	0.00075241	0.00007905	0.00003492	0.00057918	0.00005914	0.00006408	0.00011105	0.00005091	0.00011423
k__Bacteria|p__Proteobacteria|c__Magnetococcia|o__Magnetococcales|f__Magnetococcaceae	0.00000000	0.00000000	0.00000000	0.00000000	0.00000000	0.00000000	0.00000000	0.00000000	0.00000000	0.00000000	0.00000000	0.00000000	0.00000000	0.00000000
k__Bacteria|p__SAR324_clade_Marine_group_B_|c__unidentified_SAR324_clade_Marine_group_B_|o__unidentified_SAR324_clade_Marine_group_B_|f__unidentified_SAR324_clade_Marine_group_B_	0.00020061	0.00013591	0.00003367	0.00000000	0.00011823	0.00031134	0.00000000	0.00003492	0.00000000	0.00000000	0.00002136	0.00000000	0.00003394	0.00003264
k__Bacteria|p__Schekmanbacteria|c__unidentified_Schekmanbacteria|o__unidentified_Schekmanbacteria|f__unidentified_Schekmanbacteria	0.00000000	0.00011892	0.00000000	0.00000000	0.00000000	0.00000000	0.00000000	0.00000000	0.00000000	0.00000000	0.00000000	0.00000000	0.00000000	0.00000000
k__Bacteria|p__Spirochaetota|c__Brachyspirae|o__Brachyspirales|f__unidentified_Brachyspirales	0.00000000	0.00000000	0.00000000	0.00000000	0.00000000	0.00000000	0.00000000	0.00000000	0.00021719	0.00000000	0.00000000	0.00000000	0.00000000	0.00000000
k__Bacteria|p__Spirochaetota|c__Brevinematia|o__Brevinematales|f__Brevinemataceae	0.00000000	0.00003398	0.00000000	0.00000000	0.00000000	0.00000000	0.00000000	0.00000000	0.00220810	0.00000000	0.00004272	0.00000000	0.00000000	0.00000000
k__Bacteria|p__Spirochaetota|c__Leptospirae|o__Leptospirales|f__Leptospiraceae	0.00294891	0.00093439	0.00011784	0.00139851	0.00200987	0.00036323	0.00045851	0.00048888	0.00030769	0.00013800	0.00002136	0.00015864	0.00006788	0.00004895
k__Bacteria|p__Spirochaetota|c__Spirochaetia|o__Spirochaetales|f__Spirochaetaceae	0.00341030	0.00343176	0.00473040	0.00187528	0.00150740	0.00334691	0.00020554	0.00064602	0.00041628	0.00106458	0.00008544	0.00004759	0.00011879	0.00101173
k__Bacteria|p__Sumerlaeota|c__Sumerlaeia|o__Sumerlaeales|f__Sumerlaeaceae	0.00014042	0.00042472	0.00003367	0.00003178	0.00011823	0.00002595	0.00001581	0.00006984	0.00003620	0.00007886	0.00000000	0.00007932	0.00001697	0.00000000
k__Bacteria|p__Sva0485|c__unidentified_Sva0485|o__unidentified_Sva0485|f__unidentified_Sva0485	0.00026079	0.00035677	0.00006734	0.00012714	0.00002956	0.00000000	0.00000000	0.00000000	0.00000000	0.00000000	0.00000000	0.00000000	0.00000000	0.00000000
k__Bacteria|p__Synergistota|c__Synergistia|o__Synergistales|f__Synergistaceae	0.00373127	0.00137610	0.00562261	0.00092175	0.00165519	0.00070052	0.00039527	0.00803157	0.00959259	0.00412034	0.00102531	0.00042834	0.00096727	0.00052218
k__Bacteria|p__Thermotogae|c__unidentified_Thermotogae|o__Petrotogales|f__Petrotogaceae	0.00000000	0.00000000	0.00000000	0.00000000	0.00000000	0.00000000	0.00000000	0.00000000	0.00000000	0.00000000	0.00000000	0.00000000	0.00000000	0.00000000
k__Bacteria|p__Verrucomicrobiota|c__Kiritimatiellae|o__WCHB1_41|f__unidentified_WCHB1_41	0.00010030	0.00001699	0.00000000	0.00000000	0.00002956	0.00002595	0.00001581	0.00013968	0.00000000	0.00009857	0.00008544	0.00000000	0.00001697	0.00000000
k__Bacteria|p__Verrucomicrobiota|c__Lentisphaeria|o__Oligosphaerales|f__Lenti_02	0.00008024	0.00011892	0.00005050	0.00009535	0.00020690	0.00000000	0.00000000	0.00000000	0.00000000	0.00001971	0.00000000	0.00001586	0.00000000	0.00000000
k__Bacteria|p__Verrucomicrobiota|c__Lentisphaeria|o__Oligosphaerales|f__Oligosphaeraceae	0.00000000	0.00000000	0.00000000	0.00000000	0.00000000	0.00000000	0.00000000	0.00003492	0.00000000	0.00000000	0.00000000	0.00000000	0.00000000	0.00000000
k__Bacteria|p__Verrucomicrobiota|c__Lentisphaeria|o__Victivallales|f__Victivallaceae	0.00000000	0.00000000	0.00000000	0.00000000	0.00000000	0.00000000	0.00000000	0.00000000	0.00000000	0.00000000	0.00000000	0.00000000	0.00000000	0.00000000
k__Bacteria|p__Verrucomicrobiota|c__Lentisphaeria|o__Victivallales|f__vadinBE97	0.00000000	0.00000000	0.00000000	0.00000000	0.00000000	0.00000000	0.00000000	0.00000000	0.00000000	0.00000000	0.00000000	0.00000000	0.00000000	0.00000000
k__Bacteria|p__Verrucomicrobiota|c__Omnitrophia|o__Omnitrophales|f__Omnitrophaceae	0.00006018	0.00018688	0.00000000	0.00012714	0.00000000	0.00005189	0.00000000	0.00000000	0.00003620	0.00000000	0.00000000	0.00000000	0.00000000	0.00000000
k__Bacteria|p__Verrucomicrobiota|c__Verrucomicrobiae|o__Chthoniobacterales|f__Chthoniobacteraceae	0.00006018	0.00001699	0.00003367	0.00006357	0.00000000	0.00000000	0.00000000	0.00000000	0.00000000	0.00000000	0.00000000	0.00000000	0.00000000	0.00000000
k__Bacteria|p__Verrucomicrobiota|c__Verrucomicrobiae|o__Chthoniobacterales|f__Terrimicrobiaceae	0.00000000	0.00000000	0.00000000	0.00000000	0.00002956	0.00000000	0.00000000	0.00000000	0.00000000	0.00000000	0.00000000	0.00000000	0.00000000	0.00003264
k__Bacteria|p__Verrucomicrobiota|c__Verrucomicrobiae|o__Chthoniobacterales|f__Xiphinematobacteraceae	0.00000000	0.00011892	0.00000000	0.00000000	0.00000000	0.00000000	0.00000000	0.00001746	0.00001810	0.00000000	0.00000000	0.00000000	0.00000000	0.00000000
k__Bacteria|p__Verrucomicrobiota|c__Verrucomicrobiae|o__Opitutales|f__Opitutaceae	0.00016048	0.00006796	0.00005050	0.00009535	0.00005911	0.00000000	0.00003162	0.00005238	0.00003620	0.00001971	0.00002136	0.00000000	0.00000000	0.00001632
k__Bacteria|p__Verrucomicrobiota|c__Verrucomicrobiae|o__Pedosphaerales|f__Pedosphaeraceae	0.00302915	0.00535150	0.00259246	0.00222491	0.00502468	0.00399554	0.00015811	0.00043650	0.00066967	0.00013800	0.00008544	0.00022210	0.00010182	0.00048955
k__Bacteria|p__Verrucomicrobiota|c__Verrucomicrobiae|o__Verrucomicrobiales|f__Akkermansiaceae	0.00046139	0.00265027	0.00000000	0.00028606	0.00023646	0.00015567	0.00007905	0.00013968	0.00005430	0.00003943	0.00008544	0.00218929	0.00000000	0.00000000
k__Bacteria|p__Verrucomicrobiota|c__Verrucomicrobiae|o__Verrucomicrobiales|f__DEV007	0.00010030	0.00003398	0.00057236	0.00003178	0.00000000	0.00000000	0.00000000	0.00000000	0.00003620	0.00001971	0.00000000	0.00004759	0.00000000	0.00044059
k__Bacteria|p__Verrucomicrobiota|c__Verrucomicrobiae|o__Verrucomicrobiales|f__Rubritaleaceae	0.00022067	0.00023784	0.00257563	0.00003178	0.00029557	0.00000000	0.00009486	0.00031428	0.00010860	0.00009857	0.00000000	0.00011105	0.00003394	0.00138705
k__Bacteria|p__Verrucomicrobiota|c__Verrucomicrobiae|o__Verrucomicrobiales|f__Verrucomicrobiaceae	0.00000000	0.00000000	0.00055553	0.00003178	0.00002956	0.00010378	0.00000000	0.00010476	0.00007240	0.00000000	0.00000000	0.00011105	0.00010182	0.00081591
k__Bacteria|p__WPS_2|c__unidentified_WPS_2|o__unidentified_WPS_2|f__unidentified_WPS_2	0.00022067	0.00052666	0.00026935	0.00003178	0.00029557	0.00010378	0.00001581	0.00005238	0.00003620	0.00005914	0.00002136	0.00007932	0.00001697	0.00000000
k__Bacteria|p__Zixibacteria|c__unidentified_Zixibacteria|o__unidentified_Zixibacteria|f__unidentified_Zixibacteria	0.00006018	0.00073052	0.00003367	0.00009535	0.00002956	0.00033729	0.00000000	0.00000000	0.00000000	0.00000000	0.00000000	0.00000000	0.00000000	0.00003264
k__Bacteria|p__unidentified_Bacteria|c__Acidimicrobiia|o__Microtrichales|f__Ilumatobacteraceae	0.00002006	0.00000000	0.00000000	0.00006357	0.00014778	0.00007784	0.00000000	0.00000000	0.00000000	0.00000000	0.00000000	0.00000000	0.00000000	0.00000000
k__Bacteria|p__unidentified_Bacteria|c__Acidimicrobiia|o__Microtrichales|f__Microtrichaceae	0.00026079	0.00000000	0.00008417	0.00019071	0.00002956	0.00002595	0.00006324	0.00001746	0.00000000	0.00000000	0.00006408	0.00001586	0.00000000	0.00014686
k__Bacteria|p__unidentified_Bacteria|c__Acidimicrobiia|o__unidentified_Acidimicrobiia|f__unidentified_Acidimicrobiia	0.00000000	0.00003398	0.00000000	0.00000000	0.00000000	0.00000000	0.00000000	0.00000000	0.00000000	0.00000000	0.00000000	0.00000000	0.00000000	0.00000000
k__Bacteria|p__unidentified_Bacteria|c__Acidobacteriae|o__Acidobacteriales|f__Acidobacteriaceae__Subgroup_1_	0.00004012	0.00000000	0.00013467	0.00003178	0.00000000	0.00171237	0.00000000	0.00000000	0.00000000	0.00013800	0.00002136	0.00006346	0.00000000	0.00000000
k__Bacteria|p__unidentified_Bacteria|c__Alphaproteobacteria|o__Acetobacterales|f__Acetobacteraceae	0.00000000	0.00000000	0.00003367	0.00003178	0.00005911	0.00044107	0.00000000	0.00000000	0.00000000	0.00015772	0.00002136	0.00000000	0.00000000	0.00008159
k__Bacteria|p__unidentified_Bacteria|c__Alphaproteobacteria|o__Caulobacterales|f__Caulobacteraceae	0.00000000	0.00000000	0.00023568	0.00000000	0.00014778	0.00007784	0.00000000	0.00001746	0.00048868	0.00001971	0.00002136	0.00003173	0.00000000	0.00017950
k__Bacteria|p__unidentified_Bacteria|c__Alphaproteobacteria|o__Caulobacterales|f__Hyphomonadaceae	0.00000000	0.00000000	0.00000000	0.00000000	0.00000000	0.00000000	0.00000000	0.00000000	0.00003620	0.00000000	0.00000000	0.00000000	0.00000000	0.00000000
k__Bacteria|p__unidentified_Bacteria|c__Alphaproteobacteria|o__Elsterales|f__Elsteraceae	0.00000000	0.00032279	0.00000000	0.00000000	0.00000000	0.00000000	0.00000000	0.00000000	0.00000000	0.00000000	0.00000000	0.00003173	0.00000000	0.00000000
k__Bacteria|p__unidentified_Bacteria|c__Alphaproteobacteria|o__Holosporales|f__Holosporaceae	0.00000000	0.00013591	0.00000000	0.00015892	0.00000000	0.00018162	0.00000000	0.00000000	0.00000000	0.00000000	0.00004272	0.00001586	0.00000000	0.00000000
k__Bacteria|p__unidentified_Bacteria|c__Alphaproteobacteria|o__Kiloniellales|f__Fodinicurvataceae	0.00006018	0.00000000	0.00000000	0.00000000	0.00000000	0.00000000	0.00000000	0.00000000	0.00000000	0.00000000	0.00000000	0.00000000	0.00000000	0.00006527
k__Bacteria|p__unidentified_Bacteria|c__Alphaproteobacteria|o__Micavibrionales|f__Micavibrionaceae	0.00004012	0.00000000	0.00025251	0.00000000	0.00000000	0.00000000	0.00000000	0.00000000	0.00000000	0.00000000	0.00000000	0.00000000	0.00000000	0.00003264
k__Bacteria|p__unidentified_Bacteria|c__Alphaproteobacteria|o__Micavibrionales|f__unidentified_Micavibrionales	0.00000000	0.00000000	0.00000000	0.00000000	0.00000000	0.00000000	0.00000000	0.00003492	0.00000000	0.00000000	0.00000000	0.00000000	0.00000000	0.00008159
k__Bacteria|p__unidentified_Bacteria|c__Alphaproteobacteria|o__Micropepsales|f__Micropepsaceae	0.00000000	0.00000000	0.00005050	0.00000000	0.00000000	0.00000000	0.00000000	0.00000000	0.00000000	0.00000000	0.00000000	0.00006346	0.00003394	0.00008159
k__Bacteria|p__unidentified_Bacteria|c__Alphaproteobacteria|o__Paracaedibacterales|f__Paracaedibacteraceae	0.00004012	0.00000000	0.00005050	0.00006357	0.00000000	0.00005189	0.00000000	0.00000000	0.00000000	0.00000000	0.00000000	0.00000000	0.00001697	0.00019582
k__Bacteria|p__unidentified_Bacteria|c__Alphaproteobacteria|o__Reyranellales|f__Reyranellaceae	0.00002006	0.00000000	0.00000000	0.00003178	0.00000000	0.00057079	0.00000000	0.00000000	0.00000000	0.00005914	0.00000000	0.00000000	0.00000000	0.00000000
k__Bacteria|p__unidentified_Bacteria|c__Alphaproteobacteria|o__Rhizobiales|f__Devosiaceae	0.00000000	0.00000000	0.00016834	0.00000000	0.00000000	0.00000000	0.00000000	0.00005238	0.00003620	0.00001971	0.00000000	0.00007932	0.00006788	0.00024477
k__Bacteria|p__unidentified_Bacteria|c__Alphaproteobacteria|o__Rhizobiales|f__Hyphomicrobiaceae	0.00004012	0.00000000	0.00000000	0.00006357	0.00000000	0.00000000	0.00000000	0.00000000	0.00000000	0.00000000	0.00002136	0.00000000	0.00001697	0.00003264
k__Bacteria|p__unidentified_Bacteria|c__Alphaproteobacteria|o__Rhizobiales|f__Methyloligellaceae	0.00000000	0.00000000	0.00000000	0.00000000	0.00000000	0.00000000	0.00000000	0.00000000	0.00005430	0.00000000	0.00000000	0.00000000	0.00000000	0.00000000
k__Bacteria|p__unidentified_Bacteria|c__Alphaproteobacteria|o__Rhizobiales|f__Pleomorphomonadaceae	0.00002006	0.00000000	0.00003367	0.00000000	0.00002956	0.00010378	0.00000000	0.00006984	0.00000000	0.00005914	0.00006408	0.00004759	0.00006788	0.00006527
k__Bacteria|p__unidentified_Bacteria|c__Alphaproteobacteria|o__Rhizobiales|f__Xanthobacteraceae	0.00018055	0.00030580	0.00000000	0.00015892	0.00032513	0.00005189	0.00018973	0.00019206	0.00001810	0.00003943	0.00008544	0.00003173	0.00000000	0.00000000
k__Bacteria|p__unidentified_Bacteria|c__Alphaproteobacteria|o__Rhodospirillales|f__Rhodospirillaceae	0.00000000	0.00000000	0.00001683	0.00000000	0.00000000	0.00033729	0.00000000	0.00000000	0.00000000	0.00000000	0.00000000	0.00000000	0.00001697	0.00008159
k__Bacteria|p__unidentified_Bacteria|c__Alphaproteobacteria|o__Rhodospirillales|f__unidentified_Rhodospirillales	0.00000000	0.00001699	0.00000000	0.00000000	0.00000000	0.00000000	0.00000000	0.00000000	0.00000000	0.00000000	0.00000000	0.00004759	0.00000000	0.00000000
k__Bacteria|p__unidentified_Bacteria|c__Alphaproteobacteria|o__Sneathiellales|f__Sneathiellaceae	0.00000000	0.00000000	0.00000000	0.00000000	0.00000000	0.00000000	0.00000000	0.00000000	0.00000000	0.00000000	0.00000000	0.00000000	0.00000000	0.00000000
k__Bacteria|p__unidentified_Bacteria|c__Alphaproteobacteria|o__unidentified_Alphaproteobacteria|f__unidentified_Alphaproteobacteria	0.00000000	0.00000000	0.00000000	0.00000000	0.00005911	0.00038918	0.00000000	0.00001746	0.00000000	0.00001971	0.00000000	0.00000000	0.00001697	0.00000000
k__Bacteria|p__unidentified_Bacteria|c__Anaerolineae|o__Anaerolineales|f__Anaerolineaceae	0.00425284	0.00536849	0.01047085	0.00254275	0.00363550	0.00145292	0.00036365	0.03153263	0.17807822	0.00463292	0.00113212	0.01061332	0.00459875	0.00230088
k__Bacteria|p__unidentified_Bacteria|c__Anaerolineae|o__Ardenticatenales|f__Ardenticatenaceae	0.00008024	0.00000000	0.00000000	0.00009535	0.00000000	0.00000000	0.00000000	0.00000000	0.00000000	0.00000000	0.00000000	0.00000000	0.00000000	0.00000000
k__Bacteria|p__unidentified_Bacteria|c__Anaerolineae|o__Caldilineales|f__Caldilineaceae	0.00012036	0.00006796	0.00035352	0.00006357	0.00002956	0.00000000	0.00000000	0.00001746	0.00000000	0.00000000	0.00004272	0.00001586	0.00001697	0.00006527
k__Bacteria|p__unidentified_Bacteria|c__Babeliae|o__Babeliales|f__Babeliaceae	0.00008024	0.00000000	0.00000000	0.00003178	0.00000000	0.00002595	0.00000000	0.00000000	0.00005430	0.00000000	0.00000000	0.00000000	0.00000000	0.00000000
k__Bacteria|p__unidentified_Bacteria|c__Babeliae|o__Babeliales|f__UBA12409	0.00000000	0.00000000	0.00000000	0.00000000	0.00000000	0.00000000	0.00000000	0.00000000	0.00000000	0.00000000	0.00000000	0.00000000	0.00000000	0.00000000
k__Bacteria|p__unidentified_Bacteria|c__Babeliae|o__Babeliales|f__Vermiphilaceae	0.00008024	0.00003398	0.00000000	0.00003178	0.00014778	0.00007784	0.00003162	0.00000000	0.00000000	0.00000000	0.00000000	0.00000000	0.00000000	0.00000000
k__Bacteria|p__unidentified_Bacteria|c__Babeliae|o__Babeliales|f__unidentified_Babeliales	0.00008024	0.00003398	0.00005050	0.00009535	0.00011823	0.00007784	0.00001581	0.00000000	0.00000000	0.00003943	0.00000000	0.00000000	0.00000000	0.00000000
k__Bacteria|p__unidentified_Bacteria|c__Bacilli|o__Erysipelotrichales|f__Erysipelotrichaceae	0.00000000	0.00040773	0.00000000	0.00000000	0.00000000	0.00000000	0.00000000	0.00000000	0.00000000	0.00000000	0.00000000	0.00004759	0.00000000	0.00000000
k__Bacteria|p__unidentified_Bacteria|c__Bacilli|o__Mycoplasmatales|f__Mycoplasmataceae	0.00110333	0.00000000	0.00000000	0.00012714	0.00073892	0.00000000	0.00071148	0.00036666	0.00000000	0.00007886	0.00042721	0.00000000	0.00000000	0.00000000
k__Bacteria|p__unidentified_Bacteria|c__Bacteroidia|o__Bacteroidales|f__Barnesiellaceae	0.00004012	0.00000000	0.00005050	0.00006357	0.00000000	0.00000000	0.00000000	0.00001746	0.00000000	0.00000000	0.00000000	0.00000000	0.00000000	0.00000000
k__Bacteria|p__unidentified_Bacteria|c__Bacteroidia|o__Bacteroidales|f__Dysgonomonadaceae	0.00072218	0.00020387	0.00038719	0.00034963	0.00088671	0.00002595	0.00014230	0.00068094	0.00021719	0.00023657	0.00002136	0.00009519	0.00008485	0.00001632
k__Bacteria|p__unidentified_Bacteria|c__Bacteroidia|o__Bacteroidales|f__Marinifilaceae	0.00002006	0.00005097	0.00000000	0.00000000	0.00000000	0.00000000	0.00000000	0.00003492	0.00000000	0.00000000	0.00000000	0.00000000	0.00003394	0.00000000
k__Bacteria|p__unidentified_Bacteria|c__Bacteroidia|o__Bacteroidales|f__Marinilabiliaceae	0.00098297	0.00028881	0.00003367	0.00028606	0.00041380	0.00000000	0.00014230	0.00069840	0.00059727	0.00055201	0.00010680	0.00047593	0.00030545	0.00001632
k__Bacteria|p__unidentified_Bacteria|c__Bacteroidia|o__Bacteroidales|f__Paludibacteraceae	0.00088267	0.00011892	0.00003367	0.00031784	0.00026601	0.00015567	0.00011068	0.00099522	0.00092306	0.00041401	0.00006408	0.00009519	0.00018667	0.00001632
k__Bacteria|p__unidentified_Bacteria|c__Bacteroidia|o__Bacteroidales|f__Prevotellaceae	0.00002006	0.00000000	0.00000000	0.00000000	0.00000000	0.00000000	0.00000000	0.00006984	0.00000000	0.00000000	0.00004272	0.00000000	0.00000000	0.00000000
k__Bacteria|p__unidentified_Bacteria|c__Bacteroidia|o__Bacteroidales|f__Prolixibacteraceae	0.00164497	0.00149502	0.00060603	0.00123959	0.00514291	0.00028540	0.00025297	0.00251423	0.00076017	0.00244460	0.00143117	0.00241140	0.00064484	0.00110964
k__Bacteria|p__unidentified_Bacteria|c__Bacteroidia|o__Bacteroidales|f__Rikenellaceae	0.00112339	0.00142707	0.00003367	0.00041320	0.00011823	0.00020756	0.00007905	0.00183329	0.00032579	0.00043372	0.00023497	0.00041248	0.00030545	0.00009791
k__Bacteria|p__unidentified_Bacteria|c__Bacteroidia|o__Chitinophagales|f__Chitinophagaceae	0.00002006	0.00003398	0.00001683	0.00000000	0.00000000	0.00002595	0.00000000	0.00001746	0.00000000	0.00001971	0.00000000	0.00003173	0.00001697	0.00001632
k__Bacteria|p__unidentified_Bacteria|c__Bacteroidia|o__Chitinophagales|f__Saprospiraceae	0.00060182	0.00008494	0.00038719	0.00009535	0.00059114	0.00002595	0.00000000	0.00008730	0.00000000	0.00000000	0.00002136	0.00012692	0.00000000	0.00026109
k__Bacteria|p__unidentified_Bacteria|c__Bacteroidia|o__Cytophagales|f__Cyclobacteriaceae	0.00000000	0.00000000	0.00000000	0.00000000	0.00000000	0.00000000	0.00000000	0.00000000	0.00000000	0.00000000	0.00000000	0.00000000	0.00000000	0.00000000
k__Bacteria|p__unidentified_Bacteria|c__Bacteroidia|o__Cytophagales|f__Microscillaceae	0.00010030	0.00000000	0.00010100	0.00000000	0.00000000	0.00000000	0.00000000	0.00000000	0.00000000	0.00000000	0.00000000	0.00000000	0.00000000	0.00003264
k__Bacteria|p__unidentified_Bacteria|c__Bacteroidia|o__Cytophagales|f__Spirosomaceae	0.00000000	0.00000000	0.00000000	0.00000000	0.00011823	0.00000000	0.00000000	0.00000000	0.00000000	0.00000000	0.00000000	0.00000000	0.00000000	0.00000000
k__Bacteria|p__unidentified_Bacteria|c__Bacteroidia|o__Flavobacteriales|f__Flavobacteriaceae	0.00002006	0.00006796	0.00023568	0.00006357	0.00000000	0.00000000	0.00000000	0.00015714	0.00164703	0.00021686	0.00196518	0.00147539	0.01629079	0.00057114
k__Bacteria|p__unidentified_Bacteria|c__Bacteroidia|o__Flavobacteriales|f__Weeksellaceae	0.00000000	0.00000000	0.00000000	0.00000000	0.00000000	0.00000000	0.00000000	0.00000000	0.00005430	0.00000000	0.00000000	0.00000000	0.00015273	0.00001632
k__Bacteria|p__unidentified_Bacteria|c__Campylobacteria|o__Campylobacterales|f__Arcobacteraceae	0.00020061	0.00049268	0.00015151	0.00009535	0.00002956	0.00031134	0.00000000	0.00010476	0.00050678	0.00013800	0.00034177	0.00030142	0.00035636	0.00004895
k__Bacteria|p__unidentified_Bacteria|c__Chloroflexia|o__Chloroflexales|f__Roseiflexaceae	0.00008024	0.00000000	0.00000000	0.00000000	0.00002956	0.00000000	0.00000000	0.00005238	0.00000000	0.00000000	0.00000000	0.00000000	0.00000000	0.00000000
k__Bacteria|p__unidentified_Bacteria|c__Clostridia|o__Christensenellales|f__Christensenellaceae	0.00060182	0.00020387	0.00011784	0.00041320	0.00035468	0.00064863	0.00004743	0.00111744	0.00090496	0.00061115	0.00023497	0.00022210	0.00023757	0.00006527
k__Bacteria|p__unidentified_Bacteria|c__Clostridia|o__Eubacteriales|f__Eubacteriaceae	0.00002006	0.00000000	0.00000000	0.00000000	0.00000000	0.00002595	0.00007905	0.00356183	0.00130314	0.00086744	0.00036313	0.00003173	0.00010182	0.00000000
k__Bacteria|p__unidentified_Bacteria|c__Clostridia|o__Lachnospirales|f__Lachnospiraceae	0.00012036	0.00231049	0.00005050	0.00000000	0.00000000	0.00015567	0.00001581	0.00000000	0.00003620	0.00001971	0.00000000	0.00026970	0.00000000	0.00006527
k__Bacteria|p__unidentified_Bacteria|c__Clostridia|o__Oscillospirales|f__Butyricicoccaceae	0.00000000	0.00000000	0.00000000	0.00000000	0.00000000	0.00000000	0.00000000	0.00001746	0.00005430	0.00000000	0.00000000	0.00000000	0.00000000	0.00000000
k__Bacteria|p__unidentified_Bacteria|c__Clostridia|o__Oscillospirales|f__Hungateiclostridiaceae	0.00030091	0.00032279	0.00013467	0.00015892	0.00065025	0.00023351	0.00004743	0.00026190	0.00009050	0.00013800	0.00004272	0.00004759	0.00008485	0.00008159
k__Bacteria|p__unidentified_Bacteria|c__Clostridia|o__Oscillospirales|f__Oscillospiraceae	0.00172521	0.00341477	0.00001683	0.00012714	0.00014778	0.00090808	0.00036365	0.00001746	0.00025339	0.00011829	0.00002136	0.00052353	0.00000000	0.00001632
k__Bacteria|p__unidentified_Bacteria|c__Clostridia|o__Oscillospirales|f__Ruminococcaceae	0.00030091	0.00047569	0.00026935	0.00015892	0.00014778	0.00025945	0.00007905	0.00019206	0.00005430	0.00011829	0.00004272	0.00025383	0.00001697	0.00004895
k__Bacteria|p__unidentified_Bacteria|c__Clostridia|o__Peptococcales|f__Peptococcaceae	0.00046139	0.00035677	0.00010100	0.00006357	0.00032513	0.00007784	0.00012649	0.00024444	0.00016289	0.00007886	0.00000000	0.00019037	0.00001697	0.00006527
k__Bacteria|p__unidentified_Bacteria|c__Clostridia|o__Peptostreptococcales_Tissierellales|f__Anaerovoracaceae	0.00006018	0.00001699	0.00030301	0.00000000	0.00011823	0.00000000	0.00000000	0.00024444	0.00012669	0.00013800	0.00000000	0.00000000	0.00001697	0.00017950
k__Bacteria|p__unidentified_Bacteria|c__Coriobacteriia|o__Coriobacteriales|f__Eggerthellaceae	0.00000000	0.00000000	0.00000000	0.00000000	0.00000000	0.00000000	0.00000000	0.00000000	0.00001810	0.00000000	0.00000000	0.00000000	0.00000000	0.00000000
k__Bacteria|p__unidentified_Bacteria|c__Desulfarculia|o__Desulfarculales|f__Desulfarculaceae	0.00008024	0.00005097	0.00001683	0.00009535	0.00002956	0.00000000	0.00000000	0.00000000	0.00000000	0.00001971	0.00000000	0.00000000	0.00000000	0.00000000
k__Bacteria|p__unidentified_Bacteria|c__Desulfobacteria|o__Desulfobacterales|f__Desulfobacteraceae	0.00144436	0.00074751	0.00006734	0.00028606	0.00011823	0.00015567	0.00012649	0.00003492	0.00001810	0.00007886	0.00002136	0.00000000	0.00000000	0.00004895
k__Bacteria|p__unidentified_Bacteria|c__Desulfobacteria|o__Desulfobacterales|f__Desulfosarcinaceae	0.00000000	0.00000000	0.00000000	0.00000000	0.00000000	0.00000000	0.00003162	0.00000000	0.00000000	0.00000000	0.00000000	0.00000000	0.00000000	0.00000000
k__Bacteria|p__unidentified_Bacteria|c__Desulfobulbia|o__Desulfobulbales|f__Desulfobulbaceae	0.00314951	0.00258231	0.00090904	0.00146208	0.00044335	0.00241289	0.00007905	0.00005238	0.00005430	0.00015772	0.00006408	0.00134848	0.00020363	0.00027741
k__Bacteria|p__unidentified_Bacteria|c__Desulfovibrionia|o__Desulfovibrionales|f__Desulfovibrionaceae	0.00048145	0.00073052	0.00001683	0.00006357	0.00017734	0.00000000	0.00006324	0.00000000	0.00001810	0.00000000	0.00004272	0.00252245	0.00000000	0.00000000
k__Bacteria|p__unidentified_Bacteria|c__Desulfuromonadia|o__Geobacterales|f__Geobacteraceae	0.00154466	0.00139309	0.00058920	0.00028606	0.00041380	0.00446255	0.00006324	0.00001746	0.00003620	0.00031543	0.00002136	0.00004759	0.00003394	0.00022846
k__Bacteria|p__unidentified_Bacteria|c__Dethiobacteria|o__Dethiobacterales|f__Dethiobacteraceae	0.00000000	0.00000000	0.00000000	0.00000000	0.00000000	0.00000000	0.00000000	0.00000000	0.00000000	0.00000000	0.00000000	0.00000000	0.00000000	0.00000000
k__Bacteria|p__unidentified_Bacteria|c__Fibrobacteria|o__Fibrobacterales|f__Fibrobacteraceae	0.00006018	0.00000000	0.00067337	0.00000000	0.00000000	0.00000000	0.00001581	0.00005238	0.00003620	0.00000000	0.00000000	0.00001586	0.00000000	0.00011423
k__Bacteria|p__unidentified_Bacteria|c__Fusobacteriia|o__Fusobacteriales|f__Leptotrichiaceae	0.00024073	0.00015290	0.00008417	0.00000000	0.00000000	0.00005189	0.00004743	0.00024444	0.00168323	0.00015772	0.00004272	0.00000000	0.00016970	0.00003264
k__Bacteria|p__unidentified_Bacteria|c__Gammaproteobacteria|o__Arenicellales|f__Arenicellaceae	0.00004012	0.00008494	0.00011784	0.00009535	0.00041380	0.00145292	0.00001581	0.00001746	0.00000000	0.00009857	0.00000000	0.00004759	0.00000000	0.00001632
k__Bacteria|p__unidentified_Bacteria|c__Gammaproteobacteria|o__Beggiatoales|f__Beggiatoaceae	0.00000000	0.00000000	0.00000000	0.00003178	0.00000000	0.00000000	0.00001581	0.00000000	0.00000000	0.00000000	0.00000000	0.00000000	0.00000000	0.00000000
k__Bacteria|p__unidentified_Bacteria|c__Gammaproteobacteria|o__Burkholderiales|f__Alcaligenaceae	0.00000000	0.00000000	0.00000000	0.00000000	0.00000000	0.00000000	0.00000000	0.00001746	0.00001810	0.00000000	0.00000000	0.00000000	0.00000000	0.00000000
k__Bacteria|p__unidentified_Bacteria|c__Gammaproteobacteria|o__Burkholderiales|f__Gallionellaceae	0.00020061	0.00000000	0.00003367	0.00257453	0.00002956	0.00002595	0.00003162	0.00000000	0.00000000	0.00001971	0.00000000	0.00000000	0.00000000	0.00003264
k__Bacteria|p__unidentified_Bacteria|c__Gammaproteobacteria|o__Burkholderiales|f__Hydrogenophilaceae	0.00314951	0.00076450	0.00671683	0.00855000	0.00159607	0.00381392	0.00037946	0.00080316	0.00081446	0.00041401	0.00625868	0.00152299	0.01031750	0.01481699
k__Bacteria|p__unidentified_Bacteria|c__Gammaproteobacteria|o__Burkholderiales|f__Methylophilaceae	0.00000000	0.00005097	0.00000000	0.00003178	0.00000000	0.00000000	0.00000000	0.00000000	0.00000000	0.00000000	0.00004272	0.00003173	0.00000000	0.00000000
k__Bacteria|p__unidentified_Bacteria|c__Gammaproteobacteria|o__Burkholderiales|f__Neisseriaceae	0.00000000	0.00000000	0.00010100	0.00000000	0.00000000	0.00000000	0.00000000	0.00000000	0.00001810	0.00000000	0.00000000	0.00000000	0.00139151	0.00000000
k__Bacteria|p__unidentified_Bacteria|c__Gammaproteobacteria|o__Burkholderiales|f__Nitrosomonadaceae	0.00000000	0.00000000	0.00000000	0.00000000	0.00000000	0.00007784	0.00000000	0.00003492	0.00000000	0.00000000	0.00006408	0.00003173	0.00000000	0.00000000
k__Bacteria|p__unidentified_Bacteria|c__Gammaproteobacteria|o__Burkholderiales|f__Oxalobacteraceae	0.00000000	0.00000000	0.00000000	0.00012714	0.00000000	0.00000000	0.00000000	0.00006984	0.00025339	0.00005914	0.00000000	0.00003173	0.00006788	0.00000000
k__Bacteria|p__unidentified_Bacteria|c__Gammaproteobacteria|o__Burkholderiales|f__Rhodocyclaceae	0.00240727	0.00084944	0.02469572	0.01557434	0.00127095	0.01146771	0.00039527	0.00307295	0.00142984	0.00408091	0.05107337	0.01427801	0.01909077	0.03304450
k__Bacteria|p__unidentified_Bacteria|c__Gammaproteobacteria|o__Burkholderiales|f__Sutterellaceae	0.00164497	0.00118922	0.00181809	0.00152565	0.00088671	0.00194588	0.00025297	0.00027936	0.00030769	0.00029572	0.00316138	0.00193546	0.00047515	0.00122387
k__Bacteria|p__unidentified_Bacteria|c__Gammaproteobacteria|o__Chromatiales|f__Chromatiaceae	0.00000000	0.00000000	0.00000000	0.00003178	0.00020690	0.00057079	0.00000000	0.00000000	0.00001810	0.00001971	0.00002136	0.00001586	0.00000000	0.00000000
k__Bacteria|p__unidentified_Bacteria|c__Gammaproteobacteria|o__Diplorickettsiales|f__Diplorickettsiaceae	0.00006018	0.00000000	0.00000000	0.00003178	0.00000000	0.00025945	0.00000000	0.00000000	0.00000000	0.00001971	0.00000000	0.00000000	0.00000000	0.00000000
k__Bacteria|p__unidentified_Bacteria|c__Gammaproteobacteria|o__Enterobacterales|f__unidentified_Enterobacterales	0.00022067	0.00000000	0.00000000	0.00006357	0.00014778	0.00000000	0.00006324	0.00005238	0.00000000	0.00001971	0.00002136	0.00001586	0.00010182	0.00000000
k__Bacteria|p__unidentified_Bacteria|c__Gammaproteobacteria|o__Halothiobacillales|f__Halothiobacillaceae	0.00000000	0.00032279	0.00033668	0.00000000	0.00000000	0.00012973	0.00000000	0.00054126	0.00233480	0.00126173	0.00190110	0.00220516	0.00697449	0.00254565
k__Bacteria|p__unidentified_Bacteria|c__Gammaproteobacteria|o__Methylococcales|f__Methylococcaceae	0.00000000	0.00000000	0.00000000	0.00000000	0.00002956	0.00000000	0.00000000	0.00000000	0.00000000	0.00000000	0.00000000	0.00000000	0.00000000	0.00000000
k__Bacteria|p__unidentified_Bacteria|c__Gammaproteobacteria|o__Methylococcales|f__Methylomonadaceae	0.00000000	0.00000000	0.00001683	0.00000000	0.00000000	0.00000000	0.00000000	0.00000000	0.00000000	0.00000000	0.00000000	0.00000000	0.00000000	0.00001632
k__Bacteria|p__unidentified_Bacteria|c__Gammaproteobacteria|o__Nitrosococcales|f__Methylophagaceae	0.00000000	0.00003398	0.00000000	0.00000000	0.00000000	0.00000000	0.00000000	0.00000000	0.00000000	0.00000000	0.00000000	0.00000000	0.00000000	0.00000000
k__Bacteria|p__unidentified_Bacteria|c__Gammaproteobacteria|o__Pseudomonadales|f__Cellvibrionaceae	0.00000000	0.00001699	0.00000000	0.00000000	0.00000000	0.00000000	0.00000000	0.00000000	0.00000000	0.00000000	0.00000000	0.00004759	0.00000000	0.00000000
k__Bacteria|p__unidentified_Bacteria|c__Gammaproteobacteria|o__Pseudomonadales|f__Moraxellaceae	0.00020061	0.00015290	0.00008417	0.00003178	0.00038424	0.00150481	0.00004743	0.00017460	0.00016289	0.00017743	0.00004272	0.00004759	0.00010182	0.00008159
k__Bacteria|p__unidentified_Bacteria|c__Gammaproteobacteria|o__Salinisphaerales|f__Solimonadaceae	0.00000000	0.00001699	0.00000000	0.00000000	0.00000000	0.00114158	0.00000000	0.00031428	0.00027149	0.00045343	0.00170885	0.00001586	0.00049212	0.00068537
k__Bacteria|p__unidentified_Bacteria|c__Gammaproteobacteria|o__Steroidobacterales|f__Steroidobacteraceae	0.00230697	0.00163093	0.00986482	0.00915390	0.00667987	0.00137509	0.00071148	0.00097776	0.00086876	0.00072944	0.00311866	0.00560015	0.00383512	0.02410209
k__Bacteria|p__unidentified_Bacteria|c__Gammaproteobacteria|o__Xanthomonadales|f__Rhodanobacteraceae	0.00006018	0.00008494	0.00011784	0.00003178	0.00002956	0.00010378	0.00000000	0.00005238	0.00001810	0.00003943	0.00000000	0.00004759	0.00003394	0.00006527
k__Bacteria|p__unidentified_Bacteria|c__Gammaproteobacteria|o__unidentified_Gammaproteobacteria|f__unidentified_Gammaproteobacteria	0.00000000	0.00000000	0.00000000	0.00000000	0.00000000	0.00000000	0.00003162	0.00000000	0.00000000	0.00000000	0.00000000	0.00000000	0.00000000	0.00000000
k__Bacteria|p__unidentified_Bacteria|c__Holophagae|o__Holophagales|f__Holophagaceae	0.00008024	0.00023784	0.00005050	0.00000000	0.00002956	0.00000000	0.00000000	0.00001746	0.00000000	0.00000000	0.00000000	0.00001586	0.00001697	0.00000000
k__Bacteria|p__unidentified_Bacteria|c__Kazania|o__unidentified_Kazania|f__unidentified_Kazania	0.00000000	0.00000000	0.00000000	0.00000000	0.00000000	0.00000000	0.00000000	0.00000000	0.00000000	0.00000000	0.00000000	0.00000000	0.00000000	0.00000000
k__Bacteria|p__unidentified_Bacteria|c__Ktedonobacteria|o__Ktedonobacterales|f__Ktedonobacteraceae	0.00000000	0.00000000	0.00000000	0.00006357	0.00000000	0.00000000	0.00000000	0.00000000	0.00000000	0.00000000	0.00000000	0.00000000	0.00000000	0.00000000
k__Bacteria|p__unidentified_Bacteria|c__Leptospirae|o__Leptospirales|f__Leptospiraceae	0.00000000	0.00000000	0.00000000	0.00000000	0.00000000	0.00000000	0.00000000	0.00000000	0.00000000	0.00000000	0.00000000	0.00000000	0.00000000	0.00000000
k__Bacteria|p__unidentified_Bacteria|c__Myxococcia|o__Myxococcales|f__Myxococcaceae	0.00000000	0.00000000	0.00003367	0.00000000	0.00000000	0.00000000	0.00000000	0.00000000	0.00000000	0.00000000	0.00000000	0.00000000	0.00000000	0.00000000
k__Bacteria|p__unidentified_Bacteria|c__Negativicutes|o__Acidaminococcales|f__Acidaminococcaceae	0.00028085	0.00005097	0.00001683	0.00006357	0.00038424	0.00000000	0.00025297	0.00132695	0.00070587	0.00013800	0.00006408	0.00007932	0.00008485	0.00009791
k__Bacteria|p__unidentified_Bacteria|c__Negativicutes|o__Veillonellales_Selenomonadales|f__Selenomonadaceae	0.00000000	0.00000000	0.00000000	0.00000000	0.00000000	0.00000000	0.00000000	0.00000000	0.00005430	0.00000000	0.00000000	0.00000000	0.00000000	0.00001632
k__Bacteria|p__unidentified_Bacteria|c__Negativicutes|o__Veillonellales_Selenomonadales|f__Sporomusaceae	0.00108327	0.00049268	0.00006734	0.00003178	0.00038424	0.00015567	0.00022135	0.00357929	0.00114025	0.00057172	0.00046993	0.00026970	0.00016970	0.00011423
k__Bacteria|p__unidentified_Bacteria|c__Oligoflexia|o__Oligoflexales|f__Oligoflexaceae	0.00002006	0.00000000	0.00015151	0.00006357	0.00000000	0.00018162	0.00001581	0.00006984	0.00000000	0.00000000	0.00004272	0.00000000	0.00008485	0.00060378
k__Bacteria|p__unidentified_Bacteria|c__Phycisphaerae|o__Phycisphaerales|f__Phycisphaeraceae	0.00000000	0.00000000	0.00000000	0.00000000	0.00000000	0.00000000	0.00000000	0.00000000	0.00000000	0.00000000	0.00000000	0.00000000	0.00000000	0.00000000
k__Bacteria|p__unidentified_Bacteria|c__Polyangia|o__Polyangiales|f__Polyangiaceae	0.00000000	0.00000000	0.00000000	0.00000000	0.00000000	0.00000000	0.00000000	0.00000000	0.00000000	0.00000000	0.00000000	0.00000000	0.00000000	0.00000000
k__Bacteria|p__unidentified_Bacteria|c__Polyangia|o__Polyangiales|f__Sandaracinaceae	0.00032097	0.00010193	0.00000000	0.00057212	0.00198032	0.00095997	0.00006324	0.00001746	0.00000000	0.00027600	0.00000000	0.00000000	0.00003394	0.00003264
k__Bacteria|p__unidentified_Bacteria|c__Rhodothermia|o__Rhodothermales|f__Rhodothermaceae	0.00014042	0.00000000	0.00000000	0.00006357	0.00000000	0.00000000	0.00001581	0.00000000	0.00000000	0.00000000	0.00000000	0.00000000	0.00000000	0.00000000
k__Bacteria|p__unidentified_Bacteria|c__Saccharimonadia|o__Saccharimonadales|f__LWQ8	0.00004012	0.00000000	0.00000000	0.00000000	0.00002956	0.00000000	0.00001581	0.00003492	0.00012669	0.00003943	0.00021361	0.00003173	0.00016970	0.00004895
k__Bacteria|p__unidentified_Bacteria|c__Saccharimonadia|o__Saccharimonadales|f__Saccharimonadaceae	0.00014042	0.00105331	0.00111105	0.00019071	0.00011823	0.00028540	0.00004743	0.00130949	0.00061537	0.00177431	0.00032041	0.00011105	0.00037333	0.00070169
k__Bacteria|p__unidentified_Bacteria|c__Saccharimonadia|o__Saccharimonadales|f__WWH38	0.00000000	0.00005097	0.00000000	0.00000000	0.00000000	0.00000000	0.00000000	0.00000000	0.00000000	0.00000000	0.00000000	0.00000000	0.00000000	0.00000000
k__Bacteria|p__unidentified_Bacteria|c__Saccharimonadia|o__Saccharimonadales|f__YM_S32_TM7_50_20	0.00000000	0.00000000	0.00000000	0.00000000	0.00000000	0.00005189	0.00000000	0.00000000	0.00000000	0.00000000	0.00000000	0.00000000	0.00000000	0.00000000
k__Bacteria|p__unidentified_Bacteria|c__Saccharimonadia|o__Saccharimonadales|f__unidentified_Saccharimonadales	0.00008024	0.00000000	0.00129623	0.00000000	0.00002956	0.00000000	0.00000000	0.00000000	0.00007240	0.00000000	0.00000000	0.00000000	0.00000000	0.00014686
k__Bacteria|p__unidentified_Bacteria|c__Spirochaetia|o__Spirochaetales|f__Spirochaetaceae	0.00220666	0.00220856	0.00021884	0.00092175	0.00079804	0.00023351	0.00011068	0.00054126	0.00030769	0.00031543	0.00014952	0.00011105	0.00023757	0.00029373
k__Bacteria|p__unidentified_Bacteria|c__Symbiobacteriia|o__Symbiobacteriales|f__Symbiobacteraceae	0.00000000	0.00000000	0.00000000	0.00000000	0.00000000	0.00000000	0.00000000	0.00000000	0.00000000	0.00000000	0.00000000	0.00000000	0.00000000	0.00000000
k__Bacteria|p__unidentified_Bacteria|c__Synergistia|o__Synergistales|f__Synergistaceae	0.00138418	0.00079848	0.00015151	0.00028606	0.00014778	0.00033729	0.00006324	0.00593638	0.00700440	0.00102516	0.00044857	0.00096773	0.00081454	0.00037532
k__Bacteria|p__unidentified_Bacteria|c__Syntrophobacteria|o__Syntrophobacterales|f__Syntrophobacteraceae	0.00098297	0.00115524	0.00062286	0.00095353	0.00041380	0.00088213	0.00004743	0.00003492	0.00000000	0.00003943	0.00002136	0.00007932	0.00003394	0.00008159
k__Bacteria|p__unidentified_Bacteria|c__Syntrophobacteria|o__Syntrophobacterales|f__unidentified_Syntrophobacterales	0.00062188	0.00027182	0.00016834	0.00012714	0.00008867	0.00000000	0.00001581	0.00000000	0.00000000	0.00001971	0.00000000	0.00000000	0.00000000	0.00001632
k__Bacteria|p__unidentified_Bacteria|c__Syntrophomonadia|o__Syntrophomonadales|f__Syntrophomonadaceae	0.00000000	0.00000000	0.00000000	0.00000000	0.00005911	0.00000000	0.00000000	0.00001746	0.00000000	0.00000000	0.00000000	0.00000000	0.00000000	0.00000000
k__Bacteria|p__unidentified_Bacteria|c__Thermodesulfovibrionia|o__unidentified_Thermodesulfovibrionia|f__unidentified_Thermodesulfovibrionia	0.00158479	0.00113826	0.00173392	0.00279702	0.00035468	0.00054485	0.00026878	0.00000000	0.00000000	0.00001971	0.00000000	0.00000000	0.00000000	0.00008159
k__Bacteria|p__unidentified_Bacteria|c__Thermoleophilia|o__Gaiellales|f__unidentified_Gaiellales	0.00000000	0.00000000	0.00000000	0.00000000	0.00000000	0.00000000	0.00000000	0.00000000	0.00009050	0.00000000	0.00000000	0.00000000	0.00005091	0.00000000
k__Bacteria|p__unidentified_Bacteria|c__Verrucomicrobiae|o__Methylacidiphilales|f__Methylacidiphilaceae	0.00000000	0.00000000	0.00000000	0.00000000	0.00000000	0.00000000	0.00000000	0.00000000	0.00000000	0.00000000	0.00000000	0.00000000	0.00000000	0.00000000
k__Bacteria|p__unidentified_Bacteria|c__Verrucomicrobiae|o__Opitutales|f__Puniceicoccaceae	0.00000000	0.00000000	0.00000000	0.00000000	0.00000000	0.00000000	0.00000000	0.00000000	0.00000000	0.00000000	0.00000000	0.00000000	0.00000000	0.00000000
k__Bacteria|p__unidentified_Bacteria|c__Verrucomicrobiae|o__Pedosphaerales|f__Pedosphaeraceae	0.00016048	0.00011892	0.00015151	0.00006357	0.00002956	0.00018162	0.00000000	0.00000000	0.00000000	0.00000000	0.00000000	0.00000000	0.00000000	0.00001632
k__Bacteria|p__unidentified_Bacteria|c__Verrucomicrobiae|o__Verrucomicrobiales|f__Rubritaleaceae	0.00000000	0.00000000	0.00003367	0.00000000	0.00000000	0.00000000	0.00000000	0.00000000	0.00000000	0.00000000	0.00000000	0.00000000	0.00000000	0.00003264
k__Bacteria|p__unidentified_Bacteria|c__Verrucomicrobiae|o__Verrucomicrobiales|f__Verrucomicrobiaceae	0.00000000	0.00000000	0.00075754	0.00000000	0.00002956	0.00000000	0.00007905	0.00001746	0.00000000	0.00000000	0.00002136	0.00000000	0.00000000	0.00032637
k__Bacteria|p__unidentified_Bacteria|c__Vicinamibacteria|o__Vicinamibacterales|f__unidentified_Vicinamibacterales	0.00008024	0.00000000	0.00003367	0.00000000	0.00000000	0.00000000	0.00000000	0.00000000	0.00000000	0.00000000	0.00000000	0.00001586	0.00000000	0.00004895
k__Bacteria|p__unidentified_Bacteria|c__unidentified_Bacteria|o__Actinomycetales|f__Actinomycetaceae	0.00000000	0.00000000	0.00010100	0.00000000	0.00000000	0.00005189	0.00000000	0.00034920	0.00054298	0.00007886	0.00006408	0.00000000	0.00001697	0.00004895
k__Bacteria|p__unidentified_Bacteria|c__unidentified_Bacteria|o__Bifidobacteriales|f__Bifidobacteriaceae	0.00000000	0.00000000	0.00000000	0.00000000	0.00000000	0.00000000	0.00000000	0.00000000	0.00000000	0.00000000	0.00000000	0.00000000	0.00000000	0.00000000
k__Bacteria|p__unidentified_Bacteria|c__unidentified_Bacteria|o__Gemmatales|f__Gemmataceae	0.00000000	0.00001699	0.00000000	0.00000000	0.00000000	0.00000000	0.00000000	0.00000000	0.00000000	0.00000000	0.00006408	0.00000000	0.00000000	0.00003264
k__Bacteria|p__unidentified_Bacteria|c__unidentified_Bacteria|o__Gemmatimonadales|f__Gemmatimonadaceae	0.00744248	0.00820563	0.00207060	0.00381412	0.00224633	0.00191993	0.00031622	0.00064602	0.00023529	0.00059144	0.00288369	0.00533046	0.00100120	0.00381848
k__Bacteria|p__unidentified_Bacteria|c__unidentified_Bacteria|o__Micromonosporales|f__Micromonosporaceae	0.00000000	0.00000000	0.00000000	0.00000000	0.00005911	0.00000000	0.00000000	0.00000000	0.00000000	0.00000000	0.00000000	0.00000000	0.00000000	0.00000000
k__Bacteria|p__unidentified_Bacteria|c__unidentified_Bacteria|o__Propionibacteriales|f__Propionibacteriaceae	0.00000000	0.00000000	0.00000000	0.00000000	0.00000000	0.00000000	0.00000000	0.00000000	0.00003620	0.00000000	0.00000000	0.00000000	0.00000000	0.00000000
k__Bacteria|p__unidentified_Bacteria|c__unidentified_Bacteria|o__unidentified_Bacteria|f__unidentified_Bacteria	0.00066200	0.00229350	0.00003367	0.00012714	0.00023646	0.00025945	0.00004743	0.00015714	0.00001810	0.00007886	0.00008544	0.00007932	0.00006788	0.00003264
k__Archaea|p__Crenarchaeota|c__Bathyarchaeia|o__unidentified_Bathyarchaeia|f__unidentified_Bathyarchaeia|g__unidentified_Bathyarchaeia	0.00140424	0.01024430	0.00025251	0.00390948	0.00156652	0.00057079	0.00000000	0.00024444	0.00001810	0.00000000	0.00000000	0.00000000	0.00000000	0.00000000
k__Archaea|p__Crenarchaeota|c__Methanomethylicia|o__Methanomethyliales|f__Methanomethyliaceae|g__Candidatus_Methanomethylicus	0.00014042	0.00022086	0.00001683	0.00012714	0.00008867	0.00007784	0.00000000	0.00000000	0.00005430	0.00000000	0.00000000	0.00000000	0.00000000	0.00000000
k__Archaea|p__Crenarchaeota|c__Nitrososphaeria|o__Caldiarchaeales|f__Caldiarchaeaceae|g__Candidatus_Caldiarchaeum	0.00000000	0.00049268	0.00000000	0.00000000	0.00000000	0.00000000	0.00000000	0.00000000	0.00000000	0.00000000	0.00000000	0.00000000	0.00000000	0.00000000
k__Archaea|p__Crenarchaeota|c__Nitrososphaeria|o__Nitrosopumilales|f__Nitrosopumilaceae|g__Candidatus_Nitrosotenuis	0.00030091	0.00000000	0.00000000	0.00006357	0.00000000	0.00000000	0.00000000	0.00000000	0.00000000	0.00000000	0.00000000	0.00000000	0.00001697	0.00001632
k__Archaea|p__Crenarchaeota|c__Nitrososphaeria|o__Nitrosopumilales|f__Nitrosopumilaceae|g__Nitrosarchaeum	0.00006018	0.00000000	0.00000000	0.00000000	0.00000000	0.00000000	0.00000000	0.00000000	0.00000000	0.00000000	0.00002136	0.00000000	0.00000000	0.00000000
k__Archaea|p__Crenarchaeota|c__Nitrososphaeria|o__Nitrososphaerales|f__Nitrososphaeraceae|g__Candidatus_Nitrososphaera	0.00000000	0.00010193	0.00000000	0.00000000	0.00000000	0.00000000	0.00000000	0.00000000	0.00000000	0.00000000	0.00000000	0.00000000	0.00000000	0.00000000
k__Archaea|p__Crenarchaeota|c__Nitrososphaeria|o__Nitrosotaleales|f__Nitrosotaleaceae|g__Candidatus_Nitrosotalea	0.00000000	0.00005097	0.00000000	0.00000000	0.00000000	0.00000000	0.00000000	0.00000000	0.00000000	0.00000000	0.00000000	0.00000000	0.00000000	0.00000000
k__Archaea|p__Euryarchaeota|c__Methanobacteria|o__Methanobacteriales|f__Methanobacteriaceae|g__Methanobacterium	0.00030091	0.00016989	0.00023568	0.00009535	0.00088671	0.00015567	0.00000000	0.00150155	0.00048868	0.00000000	0.00000000	0.00007932	0.00000000	0.00001632
k__Archaea|p__Euryarchaeota|c__Methanobacteria|o__Methanobacteriales|f__Methanobacteriaceae|g__Methanobrevibacter	0.00004012	0.00000000	0.00006734	0.00003178	0.00000000	0.00005189	0.00000000	0.00092538	0.00009050	0.00000000	0.00000000	0.00000000	0.00001697	0.00000000
k__Archaea|p__Euryarchaeota|c__Thermococci|o__Methanofastidiosales|f__Methanofastidiosaceae|g__Candidatus_Methanofastidiosum	0.00084254	0.00011892	0.00003367	0.00019071	0.00062070	0.00000000	0.00000000	0.00003492	0.00001810	0.00000000	0.00000000	0.00000000	0.00000000	0.00000000
k__Archaea|p__Halobacterota|c__Methanomicrobia|o__Methanomicrobiales|f__Methanocorpusculaceae|g__Methanocorpusculum	0.00000000	0.00000000	0.00000000	0.00000000	0.00000000	0.00000000	0.00000000	0.00001746	0.00000000	0.00000000	0.00000000	0.00000000	0.00000000	0.00000000
k__Archaea|p__Halobacterota|c__Methanomicrobia|o__Methanomicrobiales|f__Methanoregulaceae|g__Methanolinea	0.00150454	0.00030580	0.00072387	0.00197063	0.00221677	0.00778351	0.00001581	0.00446974	0.00356555	0.00005914	0.00000000	0.00011105	0.00008485	0.00004895
k__Archaea|p__Halobacterota|c__Methanomicrobia|o__Methanomicrobiales|f__Methanoregulaceae|g__Methanoregula	0.00164497	0.00030580	0.00010100	0.00063569	0.00396063	0.00025945	0.00000000	0.00047142	0.00000000	0.00000000	0.00000000	0.00000000	0.00001697	0.00000000
k__Archaea|p__Halobacterota|c__Methanomicrobia|o__Methanomicrobiales|f__Methanoregulaceae|g__Methanosphaerula	0.00000000	0.00000000	0.00000000	0.00000000	0.00008867	0.00000000	0.00000000	0.00001746	0.00000000	0.00000000	0.00000000	0.00000000	0.00000000	0.00000000
k__Archaea|p__Halobacterota|c__Methanomicrobia|o__Methanomicrobiales|f__Methanospirillaceae|g__Methanospirillum	0.00126382	0.00047569	0.00021884	0.00012714	0.00121183	0.00033729	0.00004743	0.00197297	0.00077827	0.00003943	0.00002136	0.00006346	0.00000000	0.00001632
k__Archaea|p__Halobacterota|c__Methanosarcinia|o__Methanosarciniales|f__Methanoperedenaceae|g__Candidatus_Methanoperedens	0.01470441	0.00494377	0.00000000	0.00009535	0.00011823	0.00018162	0.00004743	0.00000000	0.00000000	0.00000000	0.00002136	0.00001586	0.00000000	0.00000000
k__Archaea|p__Halobacterota|c__Methanosarcinia|o__Methanosarciniales|f__Methanosaetaceae|g__Methanosaeta	0.01157496	0.01179029	0.00444422	0.01121988	0.02745840	0.00521495	0.00034784	0.04441806	0.03018950	0.00078858	0.00006408	0.00052353	0.00011879	0.00022846
k__Archaea|p__Halobacterota|c__Methanosarcinia|o__Methanosarciniales|f__Methanosarcinaceae|g__Methanosarcina	0.00006018	0.00000000	0.00000000	0.00003178	0.00035468	0.00000000	0.00000000	0.00043650	0.00000000	0.00000000	0.00000000	0.00000000	0.00000000	0.00000000
k__Archaea|p__Nanoarchaeota|c__Nanoarchaeia|o__Woesearchaeales|f__SCGC_AAA011_D5|g__unidentified_SCGC_AAA011_D5	0.00000000	0.00000000	0.00000000	0.00000000	0.00014778	0.00000000	0.00003162	0.00000000	0.00000000	0.00000000	0.00000000	0.00000000	0.00000000	0.00000000
k__Archaea|p__Thermoplasmatota|c__Thermoplasmata|o__Methanomassiliicoccales|f__Methanomassiliicoccaceae|g__Methanomassiliicoccus	0.00000000	0.00000000	0.00000000	0.00003178	0.00005911	0.00000000	0.00000000	0.00005238	0.00001810	0.00000000	0.00000000	0.00000000	0.00000000	0.00000000
k__Bacteria|p__Abditibacteriota|c__Abditibacteria|o__Abditibacteriales|f__Abditibacteriaceae|g__Abditibacterium	0.00000000	0.00000000	0.00000000	0.00000000	0.00000000	0.00000000	0.00000000	0.00000000	0.00000000	0.00000000	0.00000000	0.00000000	0.00000000	0.00004895
k__Bacteria|p__Acidobacteriota|c__Acidobacteriae|o__Acidobacteriales|f__Acidobacteriaceae__Subgroup_1_|g__Occallatibacter	0.00000000	0.00001699	0.00006734	0.00000000	0.00000000	0.00000000	0.00000000	0.00001746	0.00000000	0.00000000	0.00000000	0.00000000	0.00000000	0.00000000
k__Bacteria|p__Acidobacteriota|c__Acidobacteriae|o__Acidobacteriales|f__Koribacteraceae|g__Candidatus_Koribacter	0.00002006	0.00023784	0.00000000	0.00006357	0.00008867	0.00609709	0.00001581	0.00005238	0.00001810	0.00047315	0.00000000	0.00014278	0.00000000	0.00000000
k__Bacteria|p__Acidobacteriota|c__Acidobacteriae|o__Bryobacterales|f__Bryobacteraceae|g__Bryobacter	0.00050151	0.00056063	0.00021884	0.00041320	0.00014778	0.00000000	0.00004743	0.00006984	0.00005430	0.00017743	0.00029905	0.00009519	0.00023757	0.00037532
k__Bacteria|p__Acidobacteriota|c__Acidobacteriae|o__Solibacterales|f__Solibacteraceae|g__Candidatus_Solibacter	0.00034103	0.00062859	0.00021884	0.00041320	0.00026601	0.00023351	0.00000000	0.00005238	0.00000000	0.00000000	0.00008544	0.00009519	0.00001697	0.00001632
k__Bacteria|p__Acidobacteriota|c__Acidobacteriae|o__unidentified_Acidobacteriae|f__unidentified_Acidobacteriae|g__Paludibaculum	0.00076230	0.00035677	0.00023568	0.00092175	0.00065025	0.00088213	0.00014230	0.00010476	0.00009050	0.00021686	0.00027769	0.00039661	0.00015273	0.00039164
k__Bacteria|p__Acidobacteriota|c__Blastocatellia|o__Blastocatellales|f__Blastocatellaceae|g__Aridibacter	0.00000000	0.00000000	0.00000000	0.00000000	0.00002956	0.00000000	0.00001581	0.00000000	0.00000000	0.00000000	0.00008544	0.00004759	0.00000000	0.00016318
k__Bacteria|p__Acidobacteriota|c__Blastocatellia|o__Pyrinomonadales|f__Pyrinomonadaceae|g__RB41	0.00000000	0.00010193	0.00000000	0.00000000	0.00008867	0.00000000	0.00000000	0.00000000	0.00000000	0.00000000	0.00000000	0.00000000	0.00000000	0.00000000
k__Bacteria|p__Acidobacteriota|c__Holophagae|o__Holophagales|f__Holophagaceae|g__Geothrix	0.00010030	0.00239543	0.00101005	0.00022249	0.00017734	0.00959967	0.00004743	0.00254915	0.00877812	0.00388376	0.02759799	0.04580068	0.02942524	0.01130856
k__Bacteria|p__Acidobacteriota|c__Holophagae|o__Holophagales|f__Holophagaceae|g__Holophaga	0.00034103	0.00061160	0.00025251	0.00025427	0.00014778	0.00324313	0.00006324	0.00017460	0.00010860	0.00025629	0.00006408	0.00011105	0.00006788	0.00011423
k__Bacteria|p__Acidobacteriota|c__Holophagae|o__Subgroup_7|f__unidentified_Subgroup_7|g__unidentified_Subgroup_7	0.00020061	0.00028881	0.00000000	0.00012714	0.00017734	0.00085619	0.00001581	0.00017460	0.00019909	0.00009857	0.00002136	0.00031729	0.00015273	0.00008159
k__Bacteria|p__Acidobacteriota|c__Thermoanaerobaculia|o__Thermoanaerobaculales|f__Thermoanaerobaculaceae|g__Subgroup_10	0.00040121	0.00008494	0.00043769	0.00019071	0.00005911	0.02996653	0.00006324	0.00006984	0.00007240	0.00088715	0.00014952	0.00009519	0.00011879	0.00040796
k__Bacteria|p__Acidobacteriota|c__Thermoanaerobaculia|o__Thermoanaerobaculales|f__Thermoanaerobaculaceae|g__Subgroup_23	0.00022067	0.00049268	0.00020201	0.00050855	0.00044335	0.00508523	0.00001581	0.00005238	0.00012669	0.00029572	0.00002136	0.00006346	0.00000000	0.00011423
k__Bacteria|p__Acidobacteriota|c__Thermoanaerobaculia|o__Thermoanaerobaculales|f__Thermoanaerobaculaceae|g__TPD_58	0.00094285	0.00078149	0.00033668	0.00104888	0.00079804	0.03562255	0.00017392	0.00026190	0.00032579	0.00143916	0.00006408	0.00019037	0.00015273	0.00014686
k__Bacteria|p__Acidobacteriota|c__Thermoanaerobaculia|o__Thermoanaerobaculales|f__Thermoanaerobaculaceae|g__Thermoanaerobaculum	0.00192582	0.00159696	0.00084171	0.00123959	0.00127095	0.00303557	0.00012649	0.00015714	0.00010860	0.00021686	0.00000000	0.00007932	0.00005091	0.00029373
k__Bacteria|p__Acidobacteriota|c__Vicinamibacteria|o__Vicinamibacterales|f__Vicinamibacteraceae|g__Luteitalea	0.00014042	0.00011892	0.00030301	0.00015892	0.00026601	0.00018162	0.00003162	0.00000000	0.00000000	0.00005914	0.00010680	0.00031729	0.00011879	0.00096278
k__Bacteria|p__Acidobacteriota|c__unidentified_Acidobacteriota|o__unidentified_Acidobacteriota|f__unidentified_Acidobacteriota|g__unidentified_Acidobacteriota	0.00000000	0.00003398	0.00000000	0.00000000	0.00000000	0.00000000	0.00000000	0.00000000	0.00000000	0.00000000	0.00000000	0.00000000	0.00000000	0.00000000
k__Bacteria|p__Actinobacteria|c__unidentified_Actinobacteria|o__Actinomycetales|f__Actinomycetaceae|g__Actinomyces	0.00008024	0.00011892	0.00912412	0.00000000	0.00000000	0.00000000	0.00001581	0.00061110	0.00021719	0.00031543	0.00012816	0.00042834	0.00000000	0.00296993
k__Bacteria|p__Actinobacteria|c__unidentified_Actinobacteria|o__Actinomycetales|f__Actinomycetaceae|g__F0332	0.00000000	0.00000000	0.00132990	0.00000000	0.00000000	0.00000000	0.00000000	0.00000000	0.00000000	0.00000000	0.00000000	0.00001586	0.00000000	0.00292097
k__Bacteria|p__Actinobacteria|c__unidentified_Actinobacteria|o__Bifidobacteriales|f__Bifidobacteriaceae|g__Bifidobacterium	0.00072218	0.00050967	0.00038719	0.00028606	0.00017734	0.00002595	0.00022135	0.00158885	0.00043438	0.00031543	0.00021361	0.00031729	0.00015273	0.00026109
k__Bacteria|p__Actinobacteria|c__unidentified_Actinobacteria|o__Bifidobacteriales|f__Bifidobacteriaceae|g__Gardnerella	0.00004012	0.00000000	0.00000000	0.00015892	0.00005911	0.00000000	0.00006324	0.00010476	0.00001810	0.00000000	0.00000000	0.00000000	0.00001697	0.00000000
k__Bacteria|p__Actinobacteria|c__unidentified_Actinobacteria|o__Bifidobacteriales|f__Bifidobacteriaceae|g__Scardovia	0.00000000	0.00000000	0.00092588	0.00000000	0.00000000	0.00000000	0.00000000	0.00001746	0.00000000	0.00000000	0.00000000	0.00000000	0.00000000	0.00050587
k__Bacteria|p__Actinobacteria|c__unidentified_Actinobacteria|o__Corynebacteriales|f__Corynebacteriaceae|g__Corynebacterium	0.00010030	0.00006796	0.00818140	0.00047677	0.00032513	0.00000000	0.00009486	0.00050634	0.00079637	0.00009857	0.00004272	0.00020624	0.00044121	0.01294039
k__Bacteria|p__Actinobacteria|c__unidentified_Actinobacteria|o__Corynebacteriales|f__Corynebacteriaceae|g__Lawsonella	0.00002006	0.00000000	0.00001683	0.00000000	0.00005911	0.00000000	0.00000000	0.00000000	0.00000000	0.00000000	0.00000000	0.00000000	0.00001697	0.00000000
k__Bacteria|p__Actinobacteria|c__unidentified_Actinobacteria|o__Corynebacteriales|f__Dietziaceae|g__Dietzia	0.00000000	0.00003398	0.00000000	0.00000000	0.00002956	0.00000000	0.00000000	0.00006984	0.00000000	0.00003943	0.00000000	0.00001586	0.00000000	0.00011423
k__Bacteria|p__Actinobacteria|c__unidentified_Actinobacteria|o__Corynebacteriales|f__Mycobacteriaceae|g__Mycobacterium	0.00032097	0.00000000	0.00003367	0.00664293	0.00162563	0.00020756	0.00047432	0.00137933	0.00003620	0.00067029	0.00066218	0.00006346	0.00000000	0.00000000
k__Bacteria|p__Actinobacteria|c__unidentified_Actinobacteria|o__Corynebacteriales|f__Nocardiaceae|g__Gordonia	0.00000000	0.00005097	0.00001683	0.00000000	0.00000000	0.00000000	0.00001581	0.00003492	0.00001810	0.00003943	0.00000000	0.00028556	0.00000000	0.00004895
k__Bacteria|p__Actinobacteria|c__unidentified_Actinobacteria|o__Corynebacteriales|f__Nocardiaceae|g__Nocardia	0.00000000	0.00000000	0.00000000	0.00000000	0.00000000	0.00010378	0.00000000	0.00000000	0.00000000	0.00000000	0.00000000	0.00000000	0.00000000	0.00000000
k__Bacteria|p__Actinobacteria|c__unidentified_Actinobacteria|o__Corynebacteriales|f__Nocardiaceae|g__Rhodococcus	0.00008024	0.00137610	0.00000000	0.00022249	0.00023646	0.00015567	0.00001581	0.00013968	0.00000000	0.00001971	0.00008544	0.00011105	0.00000000	0.00000000
k__Bacteria|p__Actinobacteria|c__unidentified_Actinobacteria|o__Corynebacteriales|f__Nocardiaceae|g__Williamsia	0.00002006	0.00000000	0.00000000	0.00000000	0.00000000	0.00000000	0.00000000	0.00000000	0.00000000	0.00000000	0.00004272	0.00001586	0.00000000	0.00000000
k__Bacteria|p__Actinobacteria|c__unidentified_Actinobacteria|o__Corynebacteriales|f__Tsukamurellaceae|g__Tsukamurella	0.00000000	0.00000000	0.00000000	0.00012714	0.00000000	0.00000000	0.00000000	0.00000000	0.00000000	0.00000000	0.00000000	0.00000000	0.00000000	0.00000000
k__Bacteria|p__Actinobacteria|c__unidentified_Actinobacteria|o__Frankiales|f__Acidothermaceae|g__Acidothermus	0.00000000	0.00005097	0.00000000	0.00000000	0.00000000	0.00000000	0.00000000	0.00000000	0.00000000	0.00000000	0.00000000	0.00000000	0.00000000	0.00000000
k__Bacteria|p__Actinobacteria|c__unidentified_Actinobacteria|o__Frankiales|f__Geodermatophilaceae|g__Blastococcus	0.00002006	0.00000000	0.00000000	0.00000000	0.00000000	0.00005189	0.00000000	0.00003492	0.00000000	0.00000000	0.00000000	0.00014278	0.00000000	0.00000000
k__Bacteria|p__Actinobacteria|c__unidentified_Actinobacteria|o__Frankiales|f__Sporichthyaceae|g__Longivirga	0.00008024	0.00006796	0.00001683	0.00009535	0.00023646	0.00002595	0.00000000	0.00000000	0.00000000	0.00005914	0.00000000	0.00003173	0.00000000	0.00001632
k__Bacteria|p__Actinobacteria|c__unidentified_Actinobacteria|o__Frankiales|f__Sporichthyaceae|g__hgcI_clade	0.00008024	0.00000000	0.00001683	0.00003178	0.00005911	0.00002595	0.00001581	0.00000000	0.00000000	0.00000000	0.00000000	0.00000000	0.00006788	0.00000000
k__Bacteria|p__Actinobacteria|c__unidentified_Actinobacteria|o__Micrococcales|f__Beutenbergiaceae|g__Miniimonas	0.00000000	0.00000000	0.00000000	0.00000000	0.00000000	0.00000000	0.00000000	0.00001746	0.00000000	0.00000000	0.00000000	0.00000000	0.00000000	0.00000000
k__Bacteria|p__Actinobacteria|c__unidentified_Actinobacteria|o__Micrococcales|f__Beutenbergiaceae|g__Salana	0.00000000	0.00000000	0.00000000	0.00000000	0.00000000	0.00000000	0.00000000	0.00000000	0.00000000	0.00000000	0.00000000	0.00000000	0.00000000	0.00000000
k__Bacteria|p__Actinobacteria|c__unidentified_Actinobacteria|o__Micrococcales|f__Bogoriellaceae|g__Georgenia	0.00014042	0.00076450	0.00082487	0.00028606	0.00047291	0.00163454	0.00003162	0.00738555	0.01909468	0.01975396	0.00106803	0.01476981	0.00139151	0.00055482
k__Bacteria|p__Actinobacteria|c__unidentified_Actinobacteria|o__Micrococcales|f__Brevibacteriaceae|g__Brevibacterium	0.00012036	0.00015290	0.00003367	0.00003178	0.00002956	0.00000000	0.00000000	0.00000000	0.00001810	0.00000000	0.00002136	0.00001586	0.00000000	0.00000000
k__Bacteria|p__Actinobacteria|c__unidentified_Actinobacteria|o__Micrococcales|f__Cellulomonadaceae|g__Actinotalea	0.00008024	0.00008494	0.00052186	0.00034963	0.00032513	0.00007784	0.00052176	0.00122220	0.00065157	0.00132087	0.00211471	0.00172923	0.00271513	0.00314943
k__Bacteria|p__Actinobacteria|c__unidentified_Actinobacteria|o__Micrococcales|f__Cellulomonadaceae|g__Cellulomonas	0.00012036	0.00000000	0.00000000	0.00003178	0.00005911	0.00000000	0.00001581	0.00000000	0.00000000	0.00000000	0.00002136	0.00003173	0.00000000	0.00001632
k__Bacteria|p__Actinobacteria|c__unidentified_Actinobacteria|o__Micrococcales|f__Demequinaceae|g__Demequina	0.00004012	0.00000000	0.00111105	0.00009535	0.00005911	0.00000000	0.00000000	0.00003492	0.00001810	0.00009857	0.00006408	0.00003173	0.00003394	0.00079960
k__Bacteria|p__Actinobacteria|c__unidentified_Actinobacteria|o__Micrococcales|f__Intrasporangiaceae|g__Oryzihumus	0.00002006	0.00000000	0.00000000	0.00012714	0.00014778	0.00000000	0.00001581	0.00000000	0.00000000	0.00001971	0.00002136	0.00000000	0.00001697	0.00003264
k__Bacteria|p__Actinobacteria|c__unidentified_Actinobacteria|o__Micrococcales|f__Jonesiaceae|g__Jonesia	0.00000000	0.00000000	0.00000000	0.00000000	0.00000000	0.00000000	0.00000000	0.00000000	0.00000000	0.00000000	0.00000000	0.00000000	0.00000000	0.00011423
k__Bacteria|p__Actinobacteria|c__unidentified_Actinobacteria|o__Micrococcales|f__Microbacteriaceae|g__Agromyces	0.00004012	0.00000000	0.00000000	0.00006357	0.00017734	0.00005189	0.00049013	0.00003492	0.00000000	0.00009857	0.00019225	0.00000000	0.00000000	0.00000000
k__Bacteria|p__Actinobacteria|c__unidentified_Actinobacteria|o__Micrococcales|f__Microbacteriaceae|g__Aurantimicrobium	0.00030091	0.00016989	0.00001683	0.00003178	0.00005911	0.00002595	0.00006324	0.00008730	0.00000000	0.00001971	0.00000000	0.00001586	0.00047515	0.00000000
k__Bacteria|p__Actinobacteria|c__unidentified_Actinobacteria|o__Micrococcales|f__Microbacteriaceae|g__Candidatus_Aquiluna	0.00014042	0.00000000	0.00006734	0.00006357	0.00000000	0.00000000	0.00003162	0.00001746	0.00003620	0.00000000	0.00000000	0.00000000	0.00000000	0.00001632
k__Bacteria|p__Actinobacteria|c__unidentified_Actinobacteria|o__Micrococcales|f__Microbacteriaceae|g__MWH_Ta3	0.00016048	0.00000000	0.00010100	0.00009535	0.00000000	0.00000000	0.00000000	0.00001746	0.00005430	0.00000000	0.00002136	0.00000000	0.00001697	0.00047323
k__Bacteria|p__Actinobacteria|c__unidentified_Actinobacteria|o__Micrococcales|f__Microbacteriaceae|g__Microbacterium	0.00028085	0.00001699	0.00035352	0.00133494	0.00020690	0.00005189	0.00011068	0.00069840	0.00014479	0.00017743	0.00017089	0.00019037	0.00001697	0.00035900
k__Bacteria|p__Actinobacteria|c__unidentified_Actinobacteria|o__Micrococcales|f__Microbacteriaceae|g__Rhodoluna	0.00010030	0.00011892	0.00000000	0.00000000	0.00005911	0.00002595	0.00003162	0.00000000	0.00000000	0.00000000	0.00000000	0.00003173	0.00000000	0.00000000
k__Bacteria|p__Actinobacteria|c__unidentified_Actinobacteria|o__Micrococcales|f__Micrococcaceae|g__Arthrobacter	0.00000000	0.00000000	0.00000000	0.00000000	0.00000000	0.00000000	0.00000000	0.00000000	0.00000000	0.00000000	0.00000000	0.00000000	0.00016970	0.00000000
k__Bacteria|p__Actinobacteria|c__unidentified_Actinobacteria|o__Micrococcales|f__Micrococcaceae|g__Enteractinococcus	0.00000000	0.00000000	0.00000000	0.00000000	0.00000000	0.00000000	0.00000000	0.00000000	0.00000000	0.00000000	0.00000000	0.00000000	0.00000000	0.00006527
k__Bacteria|p__Actinobacteria|c__unidentified_Actinobacteria|o__Micrococcales|f__Micrococcaceae|g__Glutamicibacter	0.00002006	0.00008494	0.00010100	0.00015892	0.00008867	0.00015567	0.00001581	0.00017460	0.00005430	0.00003943	0.00002136	0.00001586	0.00000000	0.00009791
k__Bacteria|p__Actinobacteria|c__unidentified_Actinobacteria|o__Micrococcales|f__Micrococcaceae|g__Micrococcus	0.00030091	0.00011892	0.00010100	0.00088996	0.00035468	0.00010378	0.00015811	0.00019206	0.00021719	0.00003943	0.00014952	0.00004759	0.00033939	0.00006527
k__Bacteria|p__Actinobacteria|c__unidentified_Actinobacteria|o__Micrococcales|f__Micrococcaceae|g__Rothia	0.00000000	0.00016989	0.02740602	0.00006357	0.00000000	0.00000000	0.00000000	0.00006984	0.00005430	0.00003943	0.00000000	0.00007932	0.00000000	0.00192556
k__Bacteria|p__Actinobacteria|c__unidentified_Actinobacteria|o__Micromonosporales|f__Micromonosporaceae|g__Dactylosporangium	0.00000000	0.00000000	0.00000000	0.00000000	0.00002956	0.00000000	0.00003162	0.00000000	0.00000000	0.00000000	0.00000000	0.00000000	0.00000000	0.00000000
k__Bacteria|p__Actinobacteria|c__unidentified_Actinobacteria|o__Micromonosporales|f__Micromonosporaceae|g__Micromonospora	0.00000000	0.00000000	0.00000000	0.00000000	0.00002956	0.00000000	0.00001581	0.00000000	0.00000000	0.00001971	0.00000000	0.00007932	0.00000000	0.00000000
k__Bacteria|p__Actinobacteria|c__unidentified_Actinobacteria|o__Micromonosporales|f__Micromonosporaceae|g__Salinispora	0.00000000	0.00006796	0.00000000	0.00000000	0.00000000	0.00000000	0.00000000	0.00000000	0.00000000	0.00000000	0.00000000	0.00000000	0.00000000	0.00000000
k__Bacteria|p__Actinobacteria|c__unidentified_Actinobacteria|o__Propionibacteriales|f__Nocardioidaceae|g__Aeromicrobium	0.00006018	0.00000000	0.00000000	0.00006357	0.00000000	0.00002595	0.00000000	0.00006984	0.00000000	0.00003943	0.00000000	0.00000000	0.00000000	0.00004895
k__Bacteria|p__Actinobacteria|c__unidentified_Actinobacteria|o__Propionibacteriales|f__Nocardioidaceae|g__Marmoricola	0.00000000	0.00000000	0.00003367	0.00000000	0.00002956	0.00028540	0.00000000	0.00008730	0.00023529	0.00005914	0.00006408	0.00028556	0.00030545	0.00062009
k__Bacteria|p__Actinobacteria|c__unidentified_Actinobacteria|o__Propionibacteriales|f__Nocardioidaceae|g__Nocardioides	0.00002006	0.00001699	0.00006734	0.00012714	0.00008867	0.00028540	0.00007905	0.00010476	0.00038008	0.00005914	0.00046993	0.00030142	0.00030545	0.00037532
k__Bacteria|p__Actinobacteria|c__unidentified_Actinobacteria|o__Propionibacteriales|f__Propionibacteriaceae|g__Aestuariimicrobium	0.00000000	0.00000000	0.00000000	0.00000000	0.00000000	0.00000000	0.00000000	0.00006984	0.00000000	0.00000000	0.00010680	0.00000000	0.00000000	0.00000000
k__Bacteria|p__Actinobacteria|c__unidentified_Actinobacteria|o__Propionibacteriales|f__Propionibacteriaceae|g__Brooklawnia	0.00020061	0.00005097	0.00030301	0.00019071	0.00050247	0.00046701	0.00004743	0.00363167	0.00012669	0.00043372	0.00046993	0.00022210	0.00000000	0.00004895
k__Bacteria|p__Actinobacteria|c__unidentified_Actinobacteria|o__Propionibacteriales|f__Propionibacteriaceae|g__Cutibacterium	0.00018055	0.00000000	0.00006734	0.00000000	0.00020690	0.00007784	0.00004743	0.00008730	0.00063347	0.00000000	0.00006408	0.00003173	0.00130666	0.00000000
k__Bacteria|p__Actinobacteria|c__unidentified_Actinobacteria|o__Propionibacteriales|f__Propionibacteriaceae|g__Propioniciclava	0.00014042	0.00000000	0.00026935	0.00006357	0.00020690	0.00007784	0.00000000	0.00263645	0.00000000	0.00069001	0.00070490	0.00011105	0.00001697	0.00008159
k__Bacteria|p__Actinobacteria|c__unidentified_Actinobacteria|o__Propionibacteriales|f__Propionibacteriaceae|g__Propionicimonas	0.00002006	0.00006796	0.00023568	0.00006357	0.00002956	0.00000000	0.00007905	0.00054126	0.00000000	0.00037458	0.00023497	0.00049180	0.00001697	0.00029373
k__Bacteria|p__Actinobacteria|c__unidentified_Actinobacteria|o__Propionibacteriales|f__Propionibacteriaceae|g__Pseudopropionibacterium	0.00000000	0.00000000	0.00082487	0.00000000	0.00000000	0.00000000	0.00000000	0.00000000	0.00000000	0.00000000	0.00000000	0.00000000	0.00000000	0.00021214
k__Bacteria|p__Actinobacteria|c__unidentified_Actinobacteria|o__Propionibacteriales|f__Propionibacteriaceae|g__Tessaracoccus	0.00004012	0.00000000	0.00000000	0.00006357	0.00000000	0.00000000	0.00003162	0.00104760	0.00000000	0.00015772	0.00012816	0.00023797	0.00000000	0.00000000
k__Bacteria|p__Actinobacteria|c__unidentified_Actinobacteria|o__Pseudonocardiales|f__Pseudonocardiaceae|g__Pseudonocardia	0.00004012	0.00000000	0.00000000	0.00165279	0.00023646	0.00000000	0.00020554	0.00015714	0.00000000	0.00001971	0.00006408	0.00001586	0.00000000	0.00000000
k__Bacteria|p__Actinobacteria|c__unidentified_Actinobacteria|o__Pseudonocardiales|f__Pseudonocardiaceae|g__Saccharopolyspora	0.00000000	0.00000000	0.00000000	0.00003178	0.00000000	0.00000000	0.00000000	0.00001746	0.00000000	0.00000000	0.00000000	0.00000000	0.00000000	0.00000000
k__Bacteria|p__Actinobacteria|c__unidentified_Actinobacteria|o__Streptomycetales|f__Streptomycetaceae|g__Streptomyces	0.00000000	0.00003398	0.00000000	0.00000000	0.00002956	0.00002595	0.00001581	0.00000000	0.00061537	0.00003943	0.00000000	0.00000000	0.00000000	0.00000000
k__Bacteria|p__Actinobacteria|c__unidentified_Actinobacteria|o__Streptosporangiales|f__Nocardiopsaceae|g__Thermobifida	0.00000000	0.00013591	0.00000000	0.00000000	0.00000000	0.00000000	0.00000000	0.00000000	0.00000000	0.00000000	0.00000000	0.00000000	0.00000000	0.00000000
k__Bacteria|p__Actinobacteria|c__unidentified_Actinobacteria|o__Streptosporangiales|f__Streptosporangiaceae|g__Streptosporangium	0.00000000	0.00008494	0.00000000	0.00000000	0.00000000	0.00000000	0.00000000	0.00000000	0.00005430	0.00000000	0.00000000	0.00000000	0.00000000	0.00000000
k__Bacteria|p__Actinobacteria|c__unidentified_Actinobacteria|o__Streptosporangiales|f__Thermomonosporaceae|g__Actinomadura	0.00000000	0.00000000	0.00000000	0.00003178	0.00000000	0.00000000	0.00000000	0.00000000	0.00000000	0.00000000	0.00004272	0.00000000	0.00000000	0.00000000
k__Bacteria|p__Actinobacteriota|c__Acidimicrobiia|o__Microtrichales|f__Iamiaceae|g__Iamia	0.00012036	0.00011892	0.00000000	0.00000000	0.00000000	0.00007784	0.00011068	0.00003492	0.00001810	0.00005914	0.00004272	0.00011105	0.00000000	0.00013055
k__Bacteria|p__Actinobacteriota|c__Acidimicrobiia|o__Microtrichales|f__Ilumatobacteraceae|g__CL500_29_marine_group	0.00074224	0.00016989	0.00030301	0.00022249	0.00011823	0.00002595	0.00006324	0.00001746	0.00001810	0.00005914	0.00025633	0.00012692	0.00015273	0.00063641
k__Bacteria|p__Actinobacteriota|c__Acidimicrobiia|o__Microtrichales|f__Ilumatobacteraceae|g__Ilumatobacter	0.00000000	0.00000000	0.00001683	0.00000000	0.00005911	0.00000000	0.00000000	0.00000000	0.00000000	0.00000000	0.00000000	0.00000000	0.00000000	0.00000000
k__Bacteria|p__Actinobacteriota|c__Acidimicrobiia|o__Microtrichales|f__Microtrichaceae|g__IMCC26207	0.00014042	0.00001699	0.00000000	0.00006357	0.00002956	0.00000000	0.00001581	0.00001746	0.00000000	0.00000000	0.00000000	0.00000000	0.00000000	0.00000000
k__Bacteria|p__Actinobacteriota|c__Coriobacteriia|o__Coriobacteriales|f__Atopobiaceae|g__Atopobium	0.00022067	0.00023784	0.00139724	0.00003178	0.00002956	0.00012973	0.00006324	0.00412054	0.00090496	0.00033515	0.00017089	0.00004759	0.00013576	0.00050587
k__Bacteria|p__Actinobacteriota|c__Coriobacteriia|o__Coriobacteriales|f__Atopobiaceae|g__Coriobacteriaceae_UCG_002	0.00000000	0.00044171	0.00000000	0.00006357	0.00000000	0.00000000	0.00000000	0.00000000	0.00000000	0.00003943	0.00000000	0.00007932	0.00000000	0.00000000
k__Bacteria|p__Actinobacteriota|c__Coriobacteriia|o__Coriobacteriales|f__Atopobiaceae|g__Coriobacteriaceae_UCG_003	0.00002006	0.00000000	0.00000000	0.00000000	0.00000000	0.00000000	0.00000000	0.00001746	0.00000000	0.00000000	0.00000000	0.00000000	0.00000000	0.00000000
k__Bacteria|p__Actinobacteriota|c__Coriobacteriia|o__Coriobacteriales|f__Atopobiaceae|g__Libanicoccus	0.00002006	0.00008494	0.00000000	0.00000000	0.00008867	0.00000000	0.00000000	0.00005238	0.00005430	0.00003943	0.00006408	0.00000000	0.00000000	0.00000000
k__Bacteria|p__Actinobacteriota|c__Coriobacteriia|o__Coriobacteriales|f__Atopobiaceae|g__Olsenella	0.00020061	0.00010193	0.00010100	0.00000000	0.00000000	0.00002595	0.00003162	0.00064602	0.00028959	0.00011829	0.00025633	0.00009519	0.00000000	0.00009791
k__Bacteria|p__Actinobacteriota|c__Coriobacteriia|o__Coriobacteriales|f__Coriobacteriaceae|g__Collinsella	0.00012036	0.00018688	0.00011784	0.00006357	0.00000000	0.00002595	0.00001581	0.00057618	0.00009050	0.00023657	0.00006408	0.00006346	0.00000000	0.00001632
k__Bacteria|p__Actinobacteriota|c__Coriobacteriia|o__Coriobacteriales|f__Eggerthellaceae|g__Cryptobacterium	0.00000000	0.00000000	0.00003367	0.00000000	0.00000000	0.00000000	0.00000000	0.00000000	0.00000000	0.00000000	0.00000000	0.00000000	0.00000000	0.00001632
k__Bacteria|p__Actinobacteriota|c__Coriobacteriia|o__Coriobacteriales|f__Eggerthellaceae|g__DNF00809	0.00000000	0.00000000	0.00001683	0.00000000	0.00000000	0.00000000	0.00000000	0.00000000	0.00000000	0.00000000	0.00000000	0.00000000	0.00000000	0.00001632
k__Bacteria|p__Actinobacteriota|c__Coriobacteriia|o__Coriobacteriales|f__Eggerthellaceae|g__Enterorhabdus	0.00010030	0.00088342	0.00006734	0.00000000	0.00023646	0.00007784	0.00000000	0.00000000	0.00000000	0.00000000	0.00000000	0.00019037	0.00000000	0.00000000
k__Bacteria|p__Actinobacteriota|c__Coriobacteriia|o__Coriobacteriales|f__Eggerthellaceae|g__Gordonibacter	0.00000000	0.00005097	0.00000000	0.00000000	0.00000000	0.00000000	0.00000000	0.00001746	0.00001810	0.00003943	0.00000000	0.00001586	0.00000000	0.00000000
k__Bacteria|p__Actinobacteriota|c__Coriobacteriia|o__Coriobacteriales|f__Eggerthellaceae|g__Paraeggerthella	0.00000000	0.00000000	0.00000000	0.00000000	0.00000000	0.00000000	0.00000000	0.00003492	0.00000000	0.00001971	0.00000000	0.00000000	0.00000000	0.00000000
k__Bacteria|p__Actinobacteriota|c__Coriobacteriia|o__Coriobacteriales|f__Eggerthellaceae|g__Parvibacter	0.00000000	0.00047569	0.00000000	0.00000000	0.00000000	0.00000000	0.00000000	0.00000000	0.00000000	0.00000000	0.00000000	0.00009519	0.00000000	0.00000000
k__Bacteria|p__Actinobacteriota|c__Coriobacteriia|o__Coriobacteriales|f__Eggerthellaceae|g__Senegalimassilia	0.00006018	0.00001699	0.00008417	0.00003178	0.00005911	0.00000000	0.00000000	0.00003492	0.00000000	0.00000000	0.00002136	0.00003173	0.00000000	0.00001632
k__Bacteria|p__Actinobacteriota|c__Coriobacteriia|o__Coriobacteriales|f__Eggerthellaceae|g__Slackia	0.00002006	0.00000000	0.00000000	0.00000000	0.00000000	0.00000000	0.00000000	0.00003492	0.00003620	0.00001971	0.00004272	0.00000000	0.00000000	0.00000000
k__Bacteria|p__Actinobacteriota|c__Rubrobacteria|o__Rubrobacterales|f__Rubrobacteriaceae|g__Rubrobacter	0.00004012	0.00000000	0.00000000	0.00000000	0.00000000	0.00000000	0.00000000	0.00005238	0.00000000	0.00000000	0.00000000	0.00000000	0.00000000	0.00000000
k__Bacteria|p__Actinobacteriota|c__Thermoleophilia|o__Gaiellales|f__Gaiellaceae|g__Gaiella	0.00038115	0.00018688	0.00011784	0.00003178	0.00011823	0.00002595	0.00003162	0.00001746	0.00000000	0.00005914	0.00010680	0.00006346	0.00000000	0.00008159
k__Bacteria|p__Actinobacteriota|c__Thermoleophilia|o__Solirubrobacterales|f__Solirubrobacteraceae|g__Conexibacter	0.00000000	0.00000000	0.00000000	0.00000000	0.00005911	0.00000000	0.00000000	0.00000000	0.00000000	0.00000000	0.00000000	0.00000000	0.00000000	0.00000000
k__Bacteria|p__Bacteroidota|c__Bacteroidia|o__Bacteroidales|f__Bacteroidaceae|g__Bacteroides	0.00162491	0.00309198	0.00074070	0.01083847	0.00830550	0.00051890	0.00026878	0.00738555	0.00146604	0.00293747	0.00318274	0.00038075	0.00010182	0.00019582
k__Bacteria|p__Bacteroidota|c__Bacteroidia|o__Bacteroidales|f__Bacteroidetes_BD2_2|g__unidentified_Bacteroidetes_BD2_2	0.00008024	0.00005097	0.00001683	0.00022249	0.00000000	0.00000000	0.00000000	0.00000000	0.00000000	0.00000000	0.00000000	0.00000000	0.00000000	0.00001632
k__Bacteria|p__Bacteroidota|c__Bacteroidia|o__Bacteroidales|f__Barnesiellaceae|g__Barnesiella	0.00000000	0.00000000	0.00000000	0.00009535	0.00000000	0.00000000	0.00000000	0.00000000	0.00000000	0.00000000	0.00000000	0.00000000	0.00000000	0.00000000
k__Bacteria|p__Bacteroidota|c__Bacteroidia|o__Bacteroidales|f__Dysgonomonadaceae|g__Dysgonomonas	0.00058176	0.00005097	0.00005050	0.01172843	0.00966512	0.00090808	0.00308310	0.00563956	0.00010860	0.00394291	0.01102211	0.00006346	0.00001697	0.00001632
k__Bacteria|p__Bacteroidota|c__Bacteroidia|o__Bacteroidales|f__Dysgonomonadaceae|g__Fermentimonas	0.00000000	0.00000000	0.00000000	0.00000000	0.00000000	0.00000000	0.00000000	0.00005238	0.00000000	0.00000000	0.00000000	0.00000000	0.00000000	0.00000000
k__Bacteria|p__Bacteroidota|c__Bacteroidia|o__Bacteroidales|f__Dysgonomonadaceae|g__Petrimonas	0.00000000	0.00001699	0.00000000	0.00000000	0.00000000	0.00002595	0.00000000	0.00061110	0.00045248	0.00017743	0.00000000	0.00000000	0.00003394	0.00000000
k__Bacteria|p__Bacteroidota|c__Bacteroidia|o__Bacteroidales|f__Dysgonomonadaceae|g__Proteiniphilum	0.00000000	0.00000000	0.00000000	0.00000000	0.00000000	0.00000000	0.00000000	0.00000000	0.00000000	0.00000000	0.00000000	0.00000000	0.00000000	0.00000000
k__Bacteria|p__Bacteroidota|c__Bacteroidia|o__Bacteroidales|f__F082|g__unidentified_F082	0.00000000	0.00000000	0.00000000	0.00000000	0.00000000	0.00000000	0.00000000	0.00000000	0.00000000	0.00000000	0.00000000	0.00000000	0.00000000	0.00000000
k__Bacteria|p__Bacteroidota|c__Bacteroidia|o__Bacteroidales|f__Marinifilaceae|g__Butyricimonas	0.00000000	0.00000000	0.00000000	0.00000000	0.00002956	0.00002595	0.00003162	0.00001746	0.00000000	0.00000000	0.00000000	0.00000000	0.00000000	0.00000000
k__Bacteria|p__Bacteroidota|c__Bacteroidia|o__Bacteroidales|f__Marinifilaceae|g__Odoribacter	0.00000000	0.00003398	0.00000000	0.00003178	0.00002956	0.00000000	0.00000000	0.00000000	0.00000000	0.00000000	0.00002136	0.00001586	0.00000000	0.00000000
k__Bacteria|p__Bacteroidota|c__Bacteroidia|o__Bacteroidales|f__Marinilabiliaceae|g__Mangroviflexus	0.00006018	0.00000000	0.00000000	0.00000000	0.00000000	0.00000000	0.00000000	0.00000000	0.00000000	0.00000000	0.00000000	0.00000000	0.00000000	0.00000000
k__Bacteria|p__Bacteroidota|c__Bacteroidia|o__Bacteroidales|f__Marinilabiliaceae|g__Ruminofilibacter	0.00000000	0.00000000	0.00000000	0.00000000	0.00000000	0.00000000	0.00000000	0.00055872	0.00000000	0.00011829	0.00000000	0.00000000	0.00000000	0.00000000
k__Bacteria|p__Bacteroidota|c__Bacteroidia|o__Bacteroidales|f__Marinilabiliaceae|g___Cytophaga__xylanolytica_group	0.00008024	0.00035677	0.00015151	0.00034963	0.00070937	0.00000000	0.00004743	0.00015714	0.00021719	0.00011829	0.00004272	0.00000000	0.00005091	0.00035900
k__Bacteria|p__Bacteroidota|c__Bacteroidia|o__Bacteroidales|f__Muribaculaceae|g__Muribaculum	0.00000000	0.00016989	0.00000000	0.00000000	0.00000000	0.00000000	0.00001581	0.00000000	0.00000000	0.00000000	0.00000000	0.00000000	0.00000000	0.00000000
k__Bacteria|p__Bacteroidota|c__Bacteroidia|o__Bacteroidales|f__Paludibacteraceae|g__F0058	0.00000000	0.00001699	0.00101005	0.00000000	0.00000000	0.00000000	0.00000000	0.00000000	0.00000000	0.00000000	0.00000000	0.00000000	0.00000000	0.00031005
k__Bacteria|p__Bacteroidota|c__Bacteroidia|o__Bacteroidales|f__Paludibacteraceae|g__Microbacter	0.00000000	0.00000000	0.00000000	0.00000000	0.00000000	0.00000000	0.00000000	0.00000000	0.00000000	0.00000000	0.00000000	0.00000000	0.00000000	0.00000000
k__Bacteria|p__Bacteroidota|c__Bacteroidia|o__Bacteroidales|f__Paludibacteraceae|g__Paludibacter	0.00375133	0.00174986	0.00053869	0.00146208	0.00118228	0.00057079	0.00098027	0.15273946	0.06331107	0.04759088	0.00792481	0.00705968	0.00376725	0.00031005
k__Bacteria|p__Bacteroidota|c__Bacteroidia|o__Bacteroidales|f__Porphyromonadaceae|g__Falsiporphyromonas	0.00000000	0.00000000	0.00000000	0.00000000	0.00000000	0.00000000	0.00000000	0.00000000	0.00000000	0.00000000	0.00000000	0.00000000	0.00000000	0.00000000
k__Bacteria|p__Bacteroidota|c__Bacteroidia|o__Bacteroidales|f__Porphyromonadaceae|g__Porphyromonas	0.00002006	0.00001699	0.01452789	0.00000000	0.00014778	0.00002595	0.00000000	0.00000000	0.00000000	0.00000000	0.00000000	0.00000000	0.00000000	0.00512394
k__Bacteria|p__Bacteroidota|c__Bacteroidia|o__Bacteroidales|f__Prevotellaceae|g__Alloprevotella	0.00000000	0.00107030	0.00047136	0.00015892	0.00023646	0.00002595	0.00001581	0.00010476	0.00021719	0.00003943	0.00004272	0.00023797	0.00000000	0.00006527
k__Bacteria|p__Bacteroidota|c__Bacteroidia|o__Bacteroidales|f__Prevotellaceae|g__Paraprevotella	0.00000000	0.00000000	0.00000000	0.00000000	0.00000000	0.00000000	0.00000000	0.00000000	0.00000000	0.00000000	0.00000000	0.00000000	0.00000000	0.00000000
k__Bacteria|p__Bacteroidota|c__Bacteroidia|o__Bacteroidales|f__Prevotellaceae|g__Prevotella	0.00018055	0.00028881	0.00552161	0.00006357	0.00017734	0.00207560	0.00000000	0.00122220	0.00005430	0.00019715	0.00010680	0.00017451	0.00001697	0.00611935
k__Bacteria|p__Bacteroidota|c__Bacteroidia|o__Bacteroidales|f__Prevotellaceae|g__Prevotella_7	0.00020061	0.00154599	0.00329950	0.00003178	0.00008867	0.00000000	0.00001581	0.00122220	0.00057918	0.00015772	0.00017089	0.00039661	0.00011879	0.00476494
k__Bacteria|p__Bacteroidota|c__Bacteroidia|o__Bacteroidales|f__Prevotellaceae|g__Prevotella_9	0.00202612	0.00032279	0.00008417	0.00073104	0.00056158	0.00046701	0.00486972	0.00321263	0.00219001	0.00122230	0.00104667	0.00015864	0.00020363	0.00003264
k__Bacteria|p__Bacteroidota|c__Bacteroidia|o__Bacteroidales|f__Prevotellaceae|g__Prevotellaceae_Ga6A1_group	0.00012036	0.00006796	0.00000000	0.00000000	0.00002956	0.00028540	0.00007905	0.00000000	0.00000000	0.00000000	0.00000000	0.00000000	0.00000000	0.00000000
k__Bacteria|p__Bacteroidota|c__Bacteroidia|o__Bacteroidales|f__Prevotellaceae|g__Prevotellaceae_NK3B31_group	0.00000000	0.00066257	0.00001683	0.00015892	0.00000000	0.00000000	0.00000000	0.00000000	0.00000000	0.00000000	0.00002136	0.00000000	0.00000000	0.00000000
k__Bacteria|p__Bacteroidota|c__Bacteroidia|o__Bacteroidales|f__Prevotellaceae|g__Prevotellaceae_UCG_001	0.00000000	0.00011892	0.00000000	0.00006357	0.00000000	0.00000000	0.00000000	0.00000000	0.00000000	0.00000000	0.00000000	0.00000000	0.00000000	0.00000000
k__Bacteria|p__Bacteroidota|c__Bacteroidia|o__Bacteroidales|f__Prevotellaceae|g__Prevotellaceae_UCG_003	0.00000000	0.00000000	0.00000000	0.00000000	0.00011823	0.00000000	0.00000000	0.00000000	0.00000000	0.00000000	0.00000000	0.00000000	0.00000000	0.00000000
k__Bacteria|p__Bacteroidota|c__Bacteroidia|o__Bacteroidales|f__Prevotellaceae|g__Prevotellaceae_UCG_004	0.00000000	0.00000000	0.00006734	0.00000000	0.00000000	0.00000000	0.00000000	0.00001746	0.00009050	0.00003943	0.00000000	0.00000000	0.00000000	0.00000000
k__Bacteria|p__Bacteroidota|c__Bacteroidia|o__Bacteroidales|f__Prevotellaceae|g__unidentified_Prevotellaceae	0.00000000	0.00000000	0.00008417	0.00000000	0.00000000	0.00000000	0.00000000	0.00000000	0.00000000	0.00000000	0.00000000	0.00000000	0.00000000	0.00001632
k__Bacteria|p__Bacteroidota|c__Bacteroidia|o__Bacteroidales|f__Prolixibacteraceae|g__BSV13	0.00377139	0.00157997	0.00011784	0.00104888	0.00260101	0.00007784	0.00028459	0.00193805	0.00079637	0.00220803	0.00034177	0.00233207	0.00010182	0.00001632
k__Bacteria|p__Bacteroidota|c__Bacteroidia|o__Bacteroidales|f__Prolixibacteraceae|g__Draconibacterium	0.00010030	0.00000000	0.00000000	0.00003178	0.00008867	0.00000000	0.00001581	0.00003492	0.00000000	0.00001971	0.00000000	0.00003173	0.00001697	0.00001632
k__Bacteria|p__Bacteroidota|c__Bacteroidia|o__Bacteroidales|f__Prolixibacteraceae|g__Meniscus	0.00000000	0.00000000	0.00000000	0.00000000	0.00000000	0.00000000	0.00000000	0.00001746	0.00000000	0.00000000	0.00000000	0.00000000	0.00000000	0.00000000
k__Bacteria|p__Bacteroidota|c__Bacteroidia|o__Bacteroidales|f__Prolixibacteraceae|g__Roseimarinus	0.00014042	0.00025483	0.00006734	0.00371877	0.00195076	0.00033729	0.00096446	0.00316025	0.00010860	0.00274032	0.00360995	0.00003173	0.00001697	0.00003264
k__Bacteria|p__Bacteroidota|c__Bacteroidia|o__Bacteroidales|f__Prolixibacteraceae|g__WCHB1_32	0.00012036	0.00013591	0.00000000	0.00000000	0.00047291	0.00002595	0.00000000	0.00001746	0.00001810	0.00001971	0.00002136	0.00004759	0.00001697	0.00001632
k__Bacteria|p__Bacteroidota|c__Bacteroidia|o__Bacteroidales|f__Rikenellaceae|g__Alistipes	0.00018055	0.00020387	0.00000000	0.00022249	0.00008867	0.00046701	0.00004743	0.00015714	0.00023529	0.00001971	0.00000000	0.00009519	0.00000000	0.00000000
k__Bacteria|p__Bacteroidota|c__Bacteroidia|o__Bacteroidales|f__Rikenellaceae|g__Anaerocella	0.00012036	0.00000000	0.00000000	0.00012714	0.00002956	0.00000000	0.00000000	0.00010476	0.00001810	0.00001971	0.00000000	0.00000000	0.00000000	0.00000000
k__Bacteria|p__Bacteroidota|c__Bacteroidia|o__Bacteroidales|f__Rikenellaceae|g__Bact_08	0.00048145	0.00091740	0.00010100	0.00022249	0.00014778	0.00010378	0.00006324	0.00111744	0.00009050	0.00035486	0.00021361	0.00017451	0.00016970	0.00008159
k__Bacteria|p__Bacteroidota|c__Bacteroidia|o__Bacteroidales|f__Rikenellaceae|g__DMER64	0.00014042	0.00032279	0.00000000	0.00003178	0.00011823	0.00007784	0.00003162	0.00068094	0.00010860	0.00011829	0.00012816	0.00000000	0.00003394	0.00000000
k__Bacteria|p__Bacteroidota|c__Bacteroidia|o__Bacteroidales|f__Rikenellaceae|g__Rikenella	0.00000000	0.00000000	0.00000000	0.00003178	0.00000000	0.00000000	0.00000000	0.00000000	0.00000000	0.00000000	0.00000000	0.00000000	0.00000000	0.00000000
k__Bacteria|p__Bacteroidota|c__Bacteroidia|o__Bacteroidales|f__Rikenellaceae|g__Rikenellaceae_RC9_gut_group	0.00036109	0.00000000	0.00030301	0.00003178	0.00014778	0.00012973	0.00007905	0.00015714	0.00009050	0.00003943	0.00002136	0.00004759	0.00001697	0.00001632
k__Bacteria|p__Bacteroidota|c__Bacteroidia|o__Bacteroidales|f__Rikenellaceae|g__U29_B03	0.00000000	0.00000000	0.00000000	0.00000000	0.00000000	0.00000000	0.00000000	0.00001746	0.00001810	0.00001971	0.00000000	0.00000000	0.00000000	0.00000000
k__Bacteria|p__Bacteroidota|c__Bacteroidia|o__Bacteroidales|f__Rikenellaceae|g__dgA_11_gut_group	0.00002006	0.00000000	0.00000000	0.00000000	0.00000000	0.00000000	0.00001581	0.00022698	0.00005430	0.00000000	0.00000000	0.00001586	0.00000000	0.00000000
k__Bacteria|p__Bacteroidota|c__Bacteroidia|o__Bacteroidales|f__Rs_E47_termite_group|g__GWE2_42_42	0.00002006	0.00000000	0.00001683	0.00006357	0.00005911	0.00000000	0.00001581	0.00013968	0.00001810	0.00007886	0.00004272	0.00000000	0.00003394	0.00000000
k__Bacteria|p__Bacteroidota|c__Bacteroidia|o__Bacteroidales|f__Tannerellaceae|g__Macellibacteroides	0.00846557	0.00168190	0.00006734	0.00152565	0.00233500	0.00025945	0.00058500	0.01473618	0.00219001	0.00161659	0.00072626	0.00026970	0.00015273	0.00006527
k__Bacteria|p__Bacteroidota|c__Bacteroidia|o__Bacteroidales|f__Tannerellaceae|g__Parabacteroides	0.00006018	0.00037376	0.00000000	0.00003178	0.00014778	0.00007784	0.00004743	0.00094284	0.00047058	0.00019715	0.00008544	0.00014278	0.00006788	0.00000000
k__Bacteria|p__Bacteroidota|c__Bacteroidia|o__Bacteroidales|f__Tannerellaceae|g__Tannerella	0.00000000	0.00003398	0.00296281	0.00000000	0.00000000	0.00000000	0.00000000	0.00000000	0.00000000	0.00003943	0.00000000	0.00001586	0.00000000	0.00241510
k__Bacteria|p__Bacteroidota|c__Bacteroidia|o__Bacteroidales|f__Williamwhitmaniaceae|g__Acetobacteroides	0.00006018	0.00079848	0.00011784	0.00012714	0.00047291	0.00002595	0.00004743	0.00006984	0.00005430	0.00000000	0.00000000	0.00006346	0.00000000	0.00003264
k__Bacteria|p__Bacteroidota|c__Bacteroidia|o__Bacteroidales|f__Williamwhitmaniaceae|g__Blvii28_wastewater_sludge_group	0.00180545	0.00348272	0.00026935	0.00082639	0.00082759	0.00012973	0.00009486	0.00075078	0.00056108	0.00017743	0.00012816	0.00015864	0.00013576	0.00008159
k__Bacteria|p__Bacteroidota|c__Bacteroidia|o__Bacteroidales|f__Williamwhitmaniaceae|g__Williamwhitmania	0.00002006	0.00000000	0.00000000	0.00000000	0.00000000	0.00000000	0.00000000	0.00017460	0.00005430	0.00003943	0.00002136	0.00000000	0.00000000	0.00000000
k__Bacteria|p__Bacteroidota|c__Bacteroidia|o__Bacteroidales|f__unidentified_Bacteroidales|g__Phocaeicola	0.00000000	0.00000000	0.00143090	0.00000000	0.00005911	0.00000000	0.00000000	0.00000000	0.00000000	0.00000000	0.00000000	0.00000000	0.00000000	0.00014686
k__Bacteria|p__Bacteroidota|c__Bacteroidia|o__Chitinophagales|f__37_13|g__unidentified_37_13	0.00000000	0.00000000	0.00000000	0.00000000	0.00000000	0.00005189	0.00000000	0.00000000	0.00000000	0.00000000	0.00000000	0.00000000	0.00000000	0.00000000
k__Bacteria|p__Bacteroidota|c__Bacteroidia|o__Chitinophagales|f__Chitinophagaceae|g__Aurantisolimonas	0.00002006	0.00000000	0.00006734	0.00000000	0.00005911	0.00007784	0.00000000	0.00001746	0.00000000	0.00003943	0.00019225	0.00001586	0.00045818	0.00081591
k__Bacteria|p__Bacteroidota|c__Bacteroidia|o__Chitinophagales|f__Chitinophagaceae|g__Chitinophaga	0.00022067	0.00000000	0.00000000	0.00101710	0.00017734	0.00002595	0.00003162	0.00013968	0.00000000	0.00007886	0.00006408	0.00000000	0.00000000	0.00000000
k__Bacteria|p__Bacteroidota|c__Bacteroidia|o__Chitinophagales|f__Chitinophagaceae|g__Cnuella	0.00000000	0.00000000	0.00000000	0.00000000	0.00000000	0.00000000	0.00000000	0.00003492	0.00001810	0.00000000	0.00000000	0.00000000	0.00000000	0.00000000
k__Bacteria|p__Bacteroidota|c__Bacteroidia|o__Chitinophagales|f__Chitinophagaceae|g__Dinghuibacter	0.00010030	0.00000000	0.00001683	0.00000000	0.00000000	0.00000000	0.00003162	0.00000000	0.00000000	0.00003943	0.00000000	0.00000000	0.00001697	0.00001632
k__Bacteria|p__Bacteroidota|c__Bacteroidia|o__Chitinophagales|f__Chitinophagaceae|g__Edaphobaculum	0.00000000	0.00000000	0.00001683	0.00000000	0.00000000	0.00028540	0.00000000	0.00000000	0.00000000	0.00009857	0.00000000	0.00000000	0.00000000	0.00014686
k__Bacteria|p__Bacteroidota|c__Bacteroidia|o__Chitinophagales|f__Chitinophagaceae|g__Ferruginibacter	0.00000000	0.00000000	0.00000000	0.00000000	0.00008867	0.00000000	0.00003162	0.00006984	0.00025339	0.00000000	0.00002136	0.00000000	0.00005091	0.00008159
k__Bacteria|p__Bacteroidota|c__Bacteroidia|o__Chitinophagales|f__Chitinophagaceae|g__Flavihumibacter	0.00028085	0.00008494	0.00185176	0.00044498	0.00050247	0.00015567	0.00014230	0.00022698	0.00039818	0.00017743	0.00019225	0.00058698	0.00186665	0.00189292
k__Bacteria|p__Bacteroidota|c__Bacteroidia|o__Chitinophagales|f__Chitinophagaceae|g__Hydrotalea	0.00000000	0.00000000	0.00000000	0.00038141	0.00000000	0.00000000	0.00001581	0.00001746	0.00000000	0.00003943	0.00000000	0.00000000	0.00000000	0.00000000
k__Bacteria|p__Bacteroidota|c__Bacteroidia|o__Chitinophagales|f__Chitinophagaceae|g__Lacibacter	0.00012036	0.00001699	0.00008417	0.00006357	0.00008867	0.00000000	0.00000000	0.00000000	0.00000000	0.00000000	0.00000000	0.00001586	0.00000000	0.00003264
k__Bacteria|p__Bacteroidota|c__Bacteroidia|o__Chitinophagales|f__Chitinophagaceae|g__Parasegetibacter	0.00000000	0.00000000	0.00001683	0.00006357	0.00005911	0.00010378	0.00000000	0.00000000	0.00001810	0.00000000	0.00000000	0.00000000	0.00015273	0.00011423
k__Bacteria|p__Bacteroidota|c__Bacteroidia|o__Chitinophagales|f__Chitinophagaceae|g__Sediminibacterium	0.00000000	0.00000000	0.00015151	0.00000000	0.00000000	0.00000000	0.00000000	0.00000000	0.00001810	0.00000000	0.00000000	0.00000000	0.00000000	0.00008159
k__Bacteria|p__Bacteroidota|c__Bacteroidia|o__Chitinophagales|f__Chitinophagaceae|g__Taibaiella	0.00000000	0.00000000	0.00000000	0.00000000	0.00002956	0.00000000	0.00000000	0.00003492	0.00000000	0.00000000	0.00000000	0.00000000	0.00000000	0.00000000
k__Bacteria|p__Bacteroidota|c__Bacteroidia|o__Chitinophagales|f__Chitinophagaceae|g__Terrimonas	0.00026079	0.00006796	0.00011784	0.00015892	0.00035468	0.00002595	0.00003162	0.00013968	0.00009050	0.00005914	0.00044857	0.00012692	0.00045818	0.00047323
k__Bacteria|p__Bacteroidota|c__Bacteroidia|o__Chitinophagales|f__Chitinophagaceae|g__UTBCD1	0.00000000	0.00003398	0.00000000	0.00000000	0.00000000	0.00000000	0.00000000	0.00000000	0.00000000	0.00000000	0.00000000	0.00000000	0.00000000	0.00001632
k__Bacteria|p__Bacteroidota|c__Bacteroidia|o__Chitinophagales|f__Chitinophagaceae|g__Vibrionimonas	0.00032097	0.00000000	0.00000000	0.00394126	0.00283747	0.00023351	0.00058500	0.00331739	0.00000000	0.00120259	0.00211471	0.00000000	0.00000000	0.00000000
k__Bacteria|p__Bacteroidota|c__Bacteroidia|o__Chitinophagales|f__Saprospiraceae|g__Candidatus_Aquirestis	0.00000000	0.00000000	0.00000000	0.00000000	0.00000000	0.00000000	0.00000000	0.00000000	0.00000000	0.00000000	0.00000000	0.00000000	0.00000000	0.00000000
k__Bacteria|p__Bacteroidota|c__Bacteroidia|o__Chitinophagales|f__Saprospiraceae|g__Haliscomenobacter	0.00000000	0.00000000	0.00000000	0.00000000	0.00000000	0.00000000	0.00000000	0.00000000	0.00000000	0.00000000	0.00000000	0.00000000	0.00000000	0.00001632
k__Bacteria|p__Bacteroidota|c__Bacteroidia|o__Chitinophagales|f__Saprospiraceae|g__Phaeodactylibacter	0.00018055	0.00000000	0.00031985	0.00000000	0.00000000	0.00000000	0.00000000	0.00000000	0.00000000	0.00000000	0.00002136	0.00001586	0.00003394	0.00058746
k__Bacteria|p__Bacteroidota|c__Bacteroidia|o__Cytophagales|f__Cyclobacteriaceae|g__Algoriphagus	0.00016048	0.00022086	0.00018518	0.00006357	0.00005911	0.00007784	0.00000000	0.00001746	0.00000000	0.00001971	0.00000000	0.00004759	0.00006788	0.00008159
k__Bacteria|p__Bacteroidota|c__Bacteroidia|o__Cytophagales|f__Hymenobacteraceae|g__Adhaeribacter	0.00004012	0.00000000	0.00000000	0.00000000	0.00002956	0.00000000	0.00000000	0.00000000	0.00000000	0.00005914	0.00000000	0.00000000	0.00000000	0.00000000
k__Bacteria|p__Bacteroidota|c__Bacteroidia|o__Cytophagales|f__Hymenobacteraceae|g__Pontibacter	0.00000000	0.00000000	0.00000000	0.00003178	0.00017734	0.00000000	0.00000000	0.00000000	0.00000000	0.00000000	0.00000000	0.00000000	0.00000000	0.00000000
k__Bacteria|p__Bacteroidota|c__Bacteroidia|o__Cytophagales|f__Microscillaceae|g__Chryseolinea	0.00000000	0.00000000	0.00000000	0.00000000	0.00000000	0.00000000	0.00000000	0.00000000	0.00000000	0.00000000	0.00000000	0.00000000	0.00000000	0.00000000
k__Bacteria|p__Bacteroidota|c__Bacteroidia|o__Cytophagales|f__Microscillaceae|g__OLB12	0.00026079	0.00001699	0.00030301	0.00003178	0.00000000	0.00000000	0.00003162	0.00000000	0.00000000	0.00000000	0.00000000	0.00001586	0.00000000	0.00084855
k__Bacteria|p__Bacteroidota|c__Bacteroidia|o__Cytophagales|f__Microscillaceae|g__Ohtaekwangia	0.00000000	0.00000000	0.00000000	0.00000000	0.00000000	0.00000000	0.00000000	0.00000000	0.00000000	0.00000000	0.00000000	0.00000000	0.00000000	0.00008159
k__Bacteria|p__Bacteroidota|c__Bacteroidia|o__Cytophagales|f__Spirosomaceae|g__Dyadobacter	0.00006018	0.00000000	0.00006734	0.00003178	0.00000000	0.00000000	0.00001581	0.00001746	0.00000000	0.00001971	0.00000000	0.00000000	0.00000000	0.00003264
k__Bacteria|p__Bacteroidota|c__Bacteroidia|o__Cytophagales|f__Spirosomaceae|g__Flectobacillus	0.00000000	0.00000000	0.00000000	0.00000000	0.00000000	0.00000000	0.00000000	0.00000000	0.00000000	0.00000000	0.00000000	0.00000000	0.00000000	0.00004895
k__Bacteria|p__Bacteroidota|c__Bacteroidia|o__Cytophagales|f__Spirosomaceae|g__Lacihabitans	0.00000000	0.00000000	0.00000000	0.00000000	0.00002956	0.00000000	0.00000000	0.00000000	0.00000000	0.00000000	0.00000000	0.00000000	0.00000000	0.00000000
k__Bacteria|p__Bacteroidota|c__Bacteroidia|o__Cytophagales|f__Spirosomaceae|g__Leadbetterella	0.00000000	0.00000000	0.00000000	0.00000000	0.00000000	0.00000000	0.00000000	0.00000000	0.00000000	0.00000000	0.00000000	0.00000000	0.00000000	0.00000000
k__Bacteria|p__Bacteroidota|c__Bacteroidia|o__Cytophagales|f__Spirosomaceae|g__Persicitalea	0.00000000	0.00000000	0.00003367	0.00000000	0.00005911	0.00000000	0.00000000	0.00000000	0.00000000	0.00000000	0.00000000	0.00000000	0.00000000	0.00000000
k__Bacteria|p__Bacteroidota|c__Bacteroidia|o__Cytophagales|f__Spirosomaceae|g__Runella	0.00000000	0.00000000	0.00001683	0.00000000	0.00000000	0.00000000	0.00003162	0.00000000	0.00000000	0.00001971	0.00000000	0.00000000	0.00000000	0.00001632
k__Bacteria|p__Bacteroidota|c__Bacteroidia|o__Cytophagales|f__Spirosomaceae|g__Taeseokella	0.00000000	0.00000000	0.00003367	0.00000000	0.00000000	0.00000000	0.00000000	0.00001746	0.00000000	0.00000000	0.00000000	0.00000000	0.00000000	0.00008159
k__Bacteria|p__Bacteroidota|c__Bacteroidia|o__Flavobacteriales|f__Crocinitomicaceae|g__Fluviicola	0.00006018	0.00005097	0.00006734	0.00000000	0.00002956	0.00020756	0.00007905	0.00000000	0.00001810	0.00003943	0.00002136	0.00001586	0.00001697	0.00001632
k__Bacteria|p__Bacteroidota|c__Bacteroidia|o__Flavobacteriales|f__Crocinitomicaceae|g__Wandonia	0.00000000	0.00000000	0.00000000	0.00000000	0.00000000	0.00000000	0.00000000	0.00000000	0.00036198	0.00000000	0.00000000	0.00000000	0.00000000	0.00000000
k__Bacteria|p__Bacteroidota|c__Bacteroidia|o__Flavobacteriales|f__Flavobacteriaceae|g__Arenibacter	0.00000000	0.00000000	0.00000000	0.00000000	0.00000000	0.00000000	0.00000000	0.00006984	0.00000000	0.00000000	0.00000000	0.00000000	0.00000000	0.00000000
k__Bacteria|p__Bacteroidota|c__Bacteroidia|o__Flavobacteriales|f__Flavobacteriaceae|g__Capnocytophaga	0.00000000	0.00011892	0.03052034	0.00000000	0.00000000	0.00000000	0.00000000	0.00000000	0.00000000	0.00000000	0.00000000	0.00001586	0.00000000	0.01189602
k__Bacteria|p__Bacteroidota|c__Bacteroidia|o__Flavobacteriales|f__Flavobacteriaceae|g__Flavobacterium	0.00088267	0.00028881	0.00063970	0.00092175	0.00082759	0.00000000	0.00241905	0.00082062	0.00032579	0.00039429	0.00038449	0.00031729	0.00113696	0.00189292
k__Bacteria|p__Bacteroidota|c__Bacteroidia|o__Flavobacteriales|f__Flavobacteriaceae|g__Myroides	0.00004012	0.00000000	0.00000000	0.00000000	0.00000000	0.00000000	0.00000000	0.00000000	0.00000000	0.00005914	0.00000000	0.00000000	0.00000000	0.00000000
k__Bacteria|p__Bacteroidota|c__Bacteroidia|o__Flavobacteriales|f__Flavobacteriaceae|g__Vitellibacter	0.00000000	0.00000000	0.00000000	0.00000000	0.00000000	0.00000000	0.00000000	0.00001746	0.00000000	0.00000000	0.00000000	0.00003173	0.00001697	0.00006527
k__Bacteria|p__Bacteroidota|c__Bacteroidia|o__Flavobacteriales|f__Weeksellaceae|g__Bergeyella	0.00002006	0.00001699	0.00131306	0.00000000	0.00000000	0.00000000	0.00000000	0.00000000	0.00000000	0.00000000	0.00000000	0.00000000	0.00000000	0.00003264
k__Bacteria|p__Bacteroidota|c__Bacteroidia|o__Flavobacteriales|f__Weeksellaceae|g__Chryseobacterium	0.00004012	0.00013591	0.00005050	0.00006357	0.00044335	0.00000000	0.00050594	0.00085554	0.00003620	0.00015772	0.00004272	0.00001586	0.00013576	0.00011423
k__Bacteria|p__Bacteroidota|c__Bacteroidia|o__Flavobacteriales|f__Weeksellaceae|g__Cloacibacterium	0.00349054	0.00190276	0.01084120	0.00088996	0.00100494	0.00586358	0.00031622	0.01133149	0.01444318	0.01096128	0.04259319	0.03231589	0.07449643	0.03691193
k__Bacteria|p__Bacteroidota|c__Bacteroidia|o__Flavobacteriales|f__Weeksellaceae|g__Empedobacter	0.00000000	0.00000000	0.00006734	0.00000000	0.00000000	0.00000000	0.00000000	0.00000000	0.00000000	0.00000000	0.00000000	0.00000000	0.00016970	0.00000000
k__Bacteria|p__Bacteroidota|c__Bacteroidia|o__Flavobacteriales|f__Weeksellaceae|g__Moheibacter	0.00000000	0.00000000	0.00000000	0.00000000	0.00000000	0.00000000	0.00000000	0.00001746	0.00000000	0.00000000	0.00000000	0.00000000	0.00000000	0.00000000
k__Bacteria|p__Bacteroidota|c__Bacteroidia|o__Flavobacteriales|f__Weeksellaceae|g__Soonwooa	0.00000000	0.00000000	0.00000000	0.00000000	0.00000000	0.00000000	0.00000000	0.00001746	0.00000000	0.00000000	0.00000000	0.00000000	0.00006788	0.00000000
k__Bacteria|p__Bacteroidota|c__Bacteroidia|o__Flavobacteriales|f__Weeksellaceae|g__Weeksella	0.00000000	0.00000000	0.00000000	0.00000000	0.00000000	0.00000000	0.00000000	0.00000000	0.00000000	0.00000000	0.00000000	0.00000000	0.00000000	0.00000000
k__Bacteria|p__Bacteroidota|c__Bacteroidia|o__Sphingobacteriales|f__Lentimicrobiaceae|g__Lentimicrobium	0.00036109	0.00037376	0.00065653	0.00015892	0.00059114	0.00012973	0.00012649	0.00069840	0.00016289	0.00029572	0.00025633	0.00025383	0.00023757	0.00008159
k__Bacteria|p__Bacteroidota|c__Bacteroidia|o__Sphingobacteriales|f__Sphingobacteriaceae|g__Arcticibacter	0.00000000	0.00000000	0.00000000	0.00000000	0.00002956	0.00000000	0.00000000	0.00000000	0.00000000	0.00000000	0.00000000	0.00000000	0.00000000	0.00001632
k__Bacteria|p__Bacteroidota|c__Bacteroidia|o__Sphingobacteriales|f__Sphingobacteriaceae|g__Mucilaginibacter	0.00000000	0.00000000	0.00000000	0.00000000	0.00000000	0.00000000	0.00000000	0.00000000	0.00014479	0.00000000	0.00000000	0.00000000	0.00001697	0.00000000
k__Bacteria|p__Bacteroidota|c__Bacteroidia|o__Sphingobacteriales|f__Sphingobacteriaceae|g__Nubsella	0.00002006	0.00001699	0.00001683	0.00003178	0.00000000	0.00000000	0.00000000	0.00000000	0.00000000	0.00001971	0.00000000	0.00000000	0.00001697	0.00000000
k__Bacteria|p__Bacteroidota|c__Bacteroidia|o__Sphingobacteriales|f__Sphingobacteriaceae|g__Pedobacter	0.00000000	0.00000000	0.00010100	0.00000000	0.00000000	0.00002595	0.00000000	0.00000000	0.00007240	0.00000000	0.00000000	0.00000000	0.00011879	0.00022846
k__Bacteria|p__Bacteroidota|c__Bacteroidia|o__Sphingobacteriales|f__Sphingobacteriaceae|g__Solitalea	0.00000000	0.00000000	0.00000000	0.00000000	0.00000000	0.00000000	0.00000000	0.00000000	0.00000000	0.00000000	0.00000000	0.00000000	0.00001697	0.00000000
k__Bacteria|p__Bacteroidota|c__Bacteroidia|o__Sphingobacteriales|f__Sphingobacteriaceae|g__Sphingobacterium	0.00014042	0.00000000	0.00028618	0.00003178	0.00008867	0.00005189	0.00003162	0.00027936	0.00003620	0.00003943	0.00002136	0.00007932	0.00015273	0.00013055
k__Bacteria|p__Bacteroidota|c__Chlorobia|o__Chlorobiales|f__Chlorobiaceae|g__Chlorobaculum	0.00018055	0.00001699	0.00000000	0.00009535	0.00000000	0.00000000	0.00001581	0.00000000	0.00000000	0.00000000	0.00000000	0.00000000	0.00000000	0.00000000
k__Bacteria|p__Bacteroidota|c__Chlorobia|o__Chlorobiales|f__Chlorobiaceae|g__Chlorobium	0.00136412	0.00000000	0.00003367	0.00012714	0.00017734	0.00018162	0.00007905	0.00000000	0.00000000	0.00001971	0.00000000	0.00000000	0.00000000	0.00000000
k__Bacteria|p__Bacteroidota|c__Ignavibacteria|o__Ignavibacteriales|f__Ignavibacteriaceae|g__Ignavibacterium	0.00022067	0.00015290	0.00003367	0.00009535	0.00000000	0.00415121	0.00000000	0.00000000	0.00000000	0.00017743	0.00000000	0.00000000	0.00000000	0.00000000
k__Bacteria|p__Bacteroidota|c__Ignavibacteria|o__Ignavibacteriales|f__Melioribacteraceae|g__IheB3_7	0.00000000	0.00000000	0.00015151	0.00000000	0.00000000	0.00000000	0.00000000	0.00003492	0.00009050	0.00011829	0.00027769	0.00000000	0.00018667	0.00169710
k__Bacteria|p__Bacteroidota|c__Rhodothermia|o__Balneolales|f__Balneolaceae|g__Balneola	0.00000000	0.00000000	0.00000000	0.00000000	0.00000000	0.00000000	0.00000000	0.00000000	0.00000000	0.00000000	0.00000000	0.00000000	0.00000000	0.00000000
k__Bacteria|p__Bdellovibrionota|c__Bdellovibrionia|o__Bacteriovoracales|f__Bacteriovoracaceae|g__Bacteriovorax	0.00012036	0.00000000	0.00001683	0.00028606	0.00038424	0.00000000	0.00000000	0.00003492	0.00018099	0.00000000	0.00008544	0.00004759	0.00020363	0.00017950
k__Bacteria|p__Bdellovibrionota|c__Bdellovibrionia|o__Bacteriovoracales|f__Bacteriovoracaceae|g__Peredibacter	0.00006018	0.00001699	0.00008417	0.00000000	0.00005911	0.00007784	0.00000000	0.00000000	0.00005430	0.00005914	0.00008544	0.00003173	0.00016970	0.00052218
k__Bacteria|p__Bdellovibrionota|c__Bdellovibrionia|o__Bdellovibrionales|f__Bdellovibrionaceae|g__Bdellovibrio	0.00004012	0.00006796	0.00030301	0.00012714	0.00008867	0.00025945	0.00000000	0.00003492	0.00003620	0.00005914	0.00023497	0.00006346	0.00033939	0.00117492
k__Bacteria|p__Bdellovibrionota|c__Oligoflexia|o__0319_6G20|f__unidentified_0319_6G20|g__unidentified_0319_6G20	0.00000000	0.00000000	0.00000000	0.00006357	0.00000000	0.00000000	0.00000000	0.00000000	0.00009050	0.00000000	0.00000000	0.00000000	0.00000000	0.00000000
k__Bacteria|p__Bdellovibrionota|c__Oligoflexia|o__Oligoflexales|f__Oligoflexaceae|g__Oligoflexus	0.00000000	0.00000000	0.00000000	0.00003178	0.00000000	0.00000000	0.00000000	0.00000000	0.00000000	0.00000000	0.00000000	0.00000000	0.00000000	0.00000000
k__Bacteria|p__Berkelbacteria|c__unidentified_Berkelbacteria|o__unidentified_Berkelbacteria|f__unidentified_Berkelbacteria|g__unidentified_Berkelbacteria	0.00002006	0.00001699	0.00000000	0.00000000	0.00000000	0.00000000	0.00000000	0.00000000	0.00000000	0.00000000	0.00000000	0.00000000	0.00000000	0.00000000
k__Bacteria|p__Caldatribacteriota|c__Caldatribacteriia|o__Caldatribacteriales|f__Caldatribacteriaceae|g__Candidatus_Caldatribacterium	0.00000000	0.00000000	0.00000000	0.00000000	0.00000000	0.00000000	0.00000000	0.00003492	0.00000000	0.00001971	0.00000000	0.00000000	0.00000000	0.00000000
k__Bacteria|p__Caldisericota|c__Caldisericia|o__Caldisericales|f__Caldisericaceae|g__Caldisericum	0.00080242	0.00081547	0.00048819	0.00060390	0.00842373	0.00778351	0.00014230	0.00085554	0.00544787	0.00049286	0.00006408	0.00023797	0.00023757	0.00003264
k__Bacteria|p__Calditrichota|c__Calditrichia|o__Calditrichales|f__Calditrichaceae|g__Calorithrix	0.00004012	0.00000000	0.00000000	0.00003178	0.00000000	0.00000000	0.00000000	0.00000000	0.00000000	0.00000000	0.00000000	0.00000000	0.00000000	0.00000000
k__Bacteria|p__Calditrichota|c__Calditrichia|o__Calditrichales|f__Calditrichaceae|g__JdFR_76	0.00000000	0.00006796	0.00000000	0.00000000	0.00000000	0.00000000	0.00000000	0.00000000	0.00000000	0.00000000	0.00000000	0.00000000	0.00000000	0.00000000
k__Bacteria|p__Calditrichota|c__Calditrichia|o__Calditrichales|f__Calditrichaceae|g__SM23_31	0.00000000	0.00000000	0.00000000	0.00000000	0.00005911	0.00000000	0.00000000	0.00000000	0.00000000	0.00000000	0.00000000	0.00000000	0.00000000	0.00000000
k__Bacteria|p__Campylobacterota|c__Campylobacteria|o__Campylobacterales|f__Arcobacteraceae|g__Arcobacter	0.00096291	0.00042472	0.00101005	0.00025427	0.00008867	0.00051890	0.00001581	0.00551734	0.00295017	0.00143916	0.00051266	0.00041248	0.00042424	0.00032637
k__Bacteria|p__Campylobacterota|c__Campylobacteria|o__Campylobacterales|f__Arcobacteraceae|g__Malaciobacter	0.00002006	0.00000000	0.00000000	0.00225669	0.00195076	0.00033729	0.00313053	0.02051542	0.00001810	0.00187288	0.00551105	0.00000000	0.00000000	0.00000000
k__Bacteria|p__Campylobacterota|c__Campylobacteria|o__Campylobacterales|f__Arcobacteraceae|g__Pseudarcobacter	0.00044133	0.00008494	0.00010100	0.00000000	0.00005911	0.00018162	0.00004743	0.00010476	0.00018099	0.00009857	0.00002136	0.00004759	0.00006788	0.00009791
k__Bacteria|p__Campylobacterota|c__Campylobacteria|o__Campylobacterales|f__Campylobacteraceae|g__Campylobacter	0.00000000	0.00003398	0.00247462	0.00000000	0.00000000	0.00000000	0.00000000	0.00000000	0.00000000	0.00000000	0.00000000	0.00000000	0.00000000	0.00292097
k__Bacteria|p__Campylobacterota|c__Campylobacteria|o__Campylobacterales|f__Helicobacteraceae|g__Helicobacter	0.00040121	0.00020387	0.00003367	0.00012714	0.00023646	0.00002595	0.00012649	0.00008730	0.00000000	0.00003943	0.00000000	0.00145953	0.00000000	0.00000000
k__Bacteria|p__Campylobacterota|c__Campylobacteria|o__Campylobacterales|f__Helicobacteraceae|g__Wolinella	0.00012036	0.00000000	0.00003367	0.00000000	0.00000000	0.00000000	0.00000000	0.00000000	0.00000000	0.00005914	0.00000000	0.00000000	0.00000000	0.00000000
k__Bacteria|p__Campylobacterota|c__Campylobacteria|o__Campylobacterales|f__Sulfurimonadaceae|g__Sulfuricurvum	0.00816466	0.00253134	0.00675050	0.09840442	0.06981350	0.01157149	0.00151783	0.00869504	0.02428915	0.08177589	0.05876322	0.02546245	0.04011607	0.01254875
k__Bacteria|p__Campylobacterota|c__Campylobacteria|o__Campylobacterales|f__Sulfurimonadaceae|g__Sulfurimonas	0.00108327	0.00010193	0.00031985	0.01052063	0.00135962	0.00010378	0.00017392	0.00038412	0.00070587	0.00070972	0.00209335	0.00042834	0.00184968	0.00060378
k__Bacteria|p__Campylobacterota|c__Campylobacteria|o__Campylobacterales|f__Sulfurospirillaceae|g__Sulfurospirillum	0.00437321	0.00032279	0.00006734	0.00066747	0.00059114	0.00010378	0.00015811	0.00080316	0.00124885	0.00043372	0.00027769	0.00033315	0.00020363	0.00016318
k__Bacteria|p__Campylobacterota|c__Campylobacteria|o__Campylobacterales|f__Sulfurovaceae|g__Sulfurovum	0.00038115	0.00105331	0.00151507	0.00088996	0.01643366	0.00070052	0.00017392	0.00382372	0.00177372	0.06178535	0.01189790	0.01181902	0.00933327	0.00155024
k__Bacteria|p__Candidatus_Falkowbacteria|c__ABY1|o__unidentified_ABY1|f__unidentified_ABY1|g__unidentified_ABY1	0.00002006	0.00000000	0.00000000	0.00000000	0.00000000	0.00000000	0.00000000	0.00000000	0.00001810	0.00000000	0.00000000	0.00000000	0.00000000	0.00000000
k__Bacteria|p__Candidatus_Kaiserbacteria|c__unidentified_Candidatus_Kaiserbacteria|o__unidentified_Candidatus_Kaiserbacteria|f__unidentified_Candidatus_Kaiserbacteria|g__unidentified_Candidatus_Kaiserbacteria	0.00004012	0.00000000	0.00005050	0.00000000	0.00000000	0.00002595	0.00001581	0.00000000	0.00000000	0.00011829	0.00000000	0.00001586	0.00010182	0.00001632
k__Bacteria|p__Candidatus_Woesebacteria|c__Microgenomatia|o__unidentified_Microgenomatia|f__unidentified_Microgenomatia|g__unidentified_Microgenomatia	0.00000000	0.00006796	0.00000000	0.00000000	0.00000000	0.00000000	0.00000000	0.00000000	0.00000000	0.00000000	0.00000000	0.00000000	0.00000000	0.00000000
k__Bacteria|p__Candidatus_Zambryskibacteria|c__unidentified_Candidatus_Zambryskibacteria|o__unidentified_Candidatus_Zambryskibacteria|f__unidentified_Candidatus_Zambryskibacteria|g__unidentified_Candidatus_Zambryskibacteria	0.00000000	0.00000000	0.00000000	0.00000000	0.00000000	0.00000000	0.00000000	0.00000000	0.00000000	0.00000000	0.00000000	0.00003173	0.00000000	0.00000000
k__Bacteria|p__Chlamydiae|c__unidentified_Chlamydiae|o__Chlamydiales|f__Parachlamydiaceae|g__Neochlamydia	0.00002006	0.00000000	0.00001683	0.00000000	0.00002956	0.00018162	0.00000000	0.00001746	0.00003620	0.00000000	0.00000000	0.00000000	0.00000000	0.00000000
k__Bacteria|p__Chloroflexi|c__Anaerolineae|o__Anaerolineales|f__Anaerolineaceae|g__Anaerolinea	0.00112339	0.00096837	0.00723869	0.00177992	0.00558626	0.00057079	0.00030040	0.00101268	0.00036198	0.00051258	0.00012816	0.00066631	0.00072969	0.00115860
k__Bacteria|p__Chloroflexi|c__Anaerolineae|o__Anaerolineales|f__Anaerolineaceae|g__Anaerolineaceae_UCG_001	0.00012036	0.00011892	0.00006734	0.00012714	0.00017734	0.00005189	0.00000000	0.00034920	0.00038008	0.00021686	0.00002136	0.00028556	0.00003394	0.00000000
k__Bacteria|p__Chloroflexi|c__Anaerolineae|o__Anaerolineales|f__Anaerolineaceae|g__Bellilinea	0.00020061	0.00010193	0.00053869	0.00006357	0.00005911	0.00000000	0.00000000	0.00000000	0.00000000	0.00000000	0.00000000	0.00000000	0.00005091	0.00000000
k__Bacteria|p__Chloroflexi|c__Anaerolineae|o__Anaerolineales|f__Anaerolineaceae|g__Flexilinea	0.00000000	0.00000000	0.00006734	0.00000000	0.00005911	0.00000000	0.00000000	0.00024444	0.00000000	0.00005914	0.00000000	0.00000000	0.00001697	0.00001632
k__Bacteria|p__Chloroflexi|c__Anaerolineae|o__Anaerolineales|f__Anaerolineaceae|g__GWD2_49_16	0.00006018	0.00020387	0.00003367	0.00009535	0.00011823	0.00000000	0.00000000	0.00000000	0.00000000	0.00000000	0.00000000	0.00000000	0.00000000	0.00004895
k__Bacteria|p__Chloroflexi|c__Anaerolineae|o__Anaerolineales|f__Anaerolineaceae|g__Leptolinea	0.00104315	0.00127417	0.00387186	0.00063569	0.00254190	0.00057079	0.00012649	0.00127457	0.00182802	0.00078858	0.00029905	0.00060285	0.00190059	0.00089750
k__Bacteria|p__Chloroflexi|c__Anaerolineae|o__Anaerolineales|f__Anaerolineaceae|g__Levilinea	0.00008024	0.00020387	0.00045452	0.00022249	0.00067981	0.00007784	0.00007905	0.00041904	0.00052488	0.00015772	0.00006408	0.00007932	0.00005091	0.00014686
k__Bacteria|p__Chloroflexi|c__Anaerolineae|o__Anaerolineales|f__Anaerolineaceae|g__Longilinea	0.00090273	0.00057762	0.00143090	0.00060390	0.00168475	0.00018162	0.00006324	0.00052380	0.00117645	0.00029572	0.00002136	0.00009519	0.00010182	0.00031005
k__Bacteria|p__Chloroflexi|c__Anaerolineae|o__Anaerolineales|f__Anaerolineaceae|g__Pelolinea	0.00004012	0.00000000	0.00005050	0.00003178	0.00002956	0.00000000	0.00000000	0.00001746	0.00001810	0.00003943	0.00000000	0.00000000	0.00000000	0.00001632
k__Bacteria|p__Chloroflexi|c__Anaerolineae|o__Anaerolineales|f__Anaerolineaceae|g__RBG_16_58_14	0.00022067	0.00101933	0.00043769	0.00025427	0.00026601	0.00018162	0.00006324	0.00001746	0.00001810	0.00003943	0.00000000	0.00000000	0.00000000	0.00006527
k__Bacteria|p__Chloroflexi|c__Anaerolineae|o__Anaerolineales|f__Anaerolineaceae|g__UTCFX1	0.00000000	0.00000000	0.00023568	0.00003178	0.00000000	0.00000000	0.00000000	0.00000000	0.00000000	0.00003943	0.00004272	0.00006346	0.00000000	0.00014686
k__Bacteria|p__Chloroflexi|c__Anaerolineae|o__SBR1031|f__A4b|g__OLB15	0.00004012	0.00000000	0.00000000	0.00003178	0.00000000	0.00000000	0.00000000	0.00000000	0.00000000	0.00000000	0.00000000	0.00000000	0.00000000	0.00000000
k__Bacteria|p__Chloroflexi|c__Anaerolineae|o__SBR1031|f__unidentified_SBR1031|g__unidentified_SBR1031	0.00012036	0.00010193	0.00005050	0.00012714	0.00000000	0.00002595	0.00001581	0.00000000	0.00001810	0.00003943	0.00000000	0.00000000	0.00001697	0.00000000
k__Bacteria|p__Chloroflexi|c__Anaerolineae|o__Thermoflexales|f__Thermoflexaceae|g__Thermoflexus	0.00000000	0.00000000	0.00003367	0.00003178	0.00000000	0.00000000	0.00000000	0.00000000	0.00000000	0.00000000	0.00000000	0.00000000	0.00000000	0.00000000
k__Bacteria|p__Chloroflexi|c__Chloroflexia|o__Chloroflexales|f__Herpetosiphonaceae|g__Herpetosiphon	0.00000000	0.00000000	0.00006734	0.00000000	0.00000000	0.00000000	0.00000000	0.00000000	0.00001810	0.00000000	0.00000000	0.00000000	0.00003394	0.00013055
k__Bacteria|p__Chloroflexi|c__Chloroflexia|o__Chloroflexales|f__Roseiflexaceae|g__Kouleothrix	0.00000000	0.00000000	0.00000000	0.00000000	0.00000000	0.00000000	0.00003162	0.00000000	0.00000000	0.00000000	0.00000000	0.00000000	0.00000000	0.00006527
k__Bacteria|p__Chloroflexi|c__Chloroflexia|o__Thermomicrobiales|f__Thermomicrobiaceae|g__Sphaerobacter	0.00000000	0.00006796	0.00000000	0.00000000	0.00000000	0.00000000	0.00000000	0.00000000	0.00000000	0.00000000	0.00000000	0.00000000	0.00000000	0.00000000
k__Bacteria|p__Chloroflexi|c__Dehalococcoidia|o__GIF3|f__unidentified_GIF3|g__unidentified_GIF3	0.00008024	0.00005097	0.00003367	0.00034963	0.00005911	0.00000000	0.00004743	0.00000000	0.00000000	0.00000000	0.00000000	0.00000000	0.00003394	0.00003264
k__Bacteria|p__Chloroflexi|c__Dehalococcoidia|o__GIF9|f__AB_539_J10|g__SCGC_AB_539_J10	0.00008024	0.00040773	0.00001683	0.00000000	0.00000000	0.00000000	0.00000000	0.00000000	0.00000000	0.00000000	0.00000000	0.00000000	0.00000000	0.00000000
k__Bacteria|p__Chloroflexi|c__Dehalococcoidia|o__RBG_13_46_9|f__unidentified_RBG_13_46_9|g__unidentified_RBG_13_46_9	0.00002006	0.00003398	0.00000000	0.00000000	0.00000000	0.00000000	0.00000000	0.00000000	0.00000000	0.00000000	0.00000000	0.00003173	0.00000000	0.00000000
k__Bacteria|p__Chloroflexi|c__TK10|o__unidentified_TK10|f__unidentified_TK10|g__unidentified_TK10	0.00000000	0.00005097	0.00000000	0.00000000	0.00000000	0.00000000	0.00000000	0.00000000	0.00000000	0.00000000	0.00000000	0.00000000	0.00000000	0.00000000
k__Bacteria|p__Cyanobacteria|c__Cyanobacteriia|o__Chloroplast|f__unidentified_Chloroplast|g__unidentified_Chloroplast	0.00048145	0.00016989	0.00158241	0.00006357	0.00017734	0.00119347	0.00028459	0.00012222	0.00076017	0.00000000	0.00002136	0.00003173	0.00039030	0.00016318
k__Bacteria|p__Cyanobacteria|c__Cyanobacteriia|o__Cyanobacteriales|f__Chroococcidiopsaceae|g__Chroococcidiopsis_PCC_7203	0.00000000	0.00000000	0.00000000	0.00000000	0.00000000	0.00000000	0.00000000	0.00000000	0.00000000	0.00000000	0.00000000	0.00004759	0.00000000	0.00000000
k__Bacteria|p__Cyanobacteria|c__Cyanobacteriia|o__Cyanobacteriales|f__Cyanobacteriaceae|g__Symphothece_PCC_7002	0.00006018	0.00000000	0.00000000	0.00000000	0.00000000	0.00000000	0.00000000	0.00000000	0.00000000	0.00000000	0.00000000	0.00000000	0.00000000	0.00000000
k__Bacteria|p__Cyanobacteria|c__Cyanobacteriia|o__Cyanobacteriales|f__Microcystaceae|g__Microcystis_PCC_7914	0.00002006	0.00000000	0.00000000	0.00000000	0.00000000	0.00000000	0.00000000	0.00000000	0.00000000	0.00000000	0.00000000	0.00000000	0.00000000	0.00000000
k__Bacteria|p__Cyanobacteria|c__Cyanobacteriia|o__Cyanobacteriales|f__Microcystaceae|g__Pleurocapsa_PCC_7327	0.00000000	0.00000000	0.00000000	0.00000000	0.00000000	0.00000000	0.00000000	0.00000000	0.00000000	0.00000000	0.00000000	0.00004759	0.00000000	0.00000000
k__Bacteria|p__Cyanobacteria|c__Cyanobacteriia|o__Cyanobacteriales|f__Microcystaceae|g__Snowella_0TU37S04	0.00000000	0.00001699	0.00000000	0.00000000	0.00000000	0.00000000	0.00000000	0.00000000	0.00000000	0.00000000	0.00000000	0.00000000	0.00000000	0.00000000
k__Bacteria|p__Cyanobacteria|c__Cyanobacteriia|o__Cyanobacteriales|f__Oscillatoriaceae|g__Planktothricoides_SR001	0.00000000	0.00000000	0.00000000	0.00000000	0.00000000	0.00000000	0.00000000	0.00000000	0.00000000	0.00000000	0.00000000	0.00000000	0.00000000	0.00000000
k__Bacteria|p__Cyanobacteria|c__Cyanobacteriia|o__Cyanobacteriales|f__Phormidiaceae|g__Planktothrix_NIVA_CYA_15	0.00000000	0.00000000	0.00000000	0.00000000	0.00000000	0.00000000	0.00000000	0.00000000	0.00000000	0.00000000	0.00000000	0.00000000	0.00000000	0.00000000
k__Bacteria|p__Cyanobacteria|c__Cyanobacteriia|o__Geitlerinematales|f__Geitlerinemataceae|g__Geitlerinema	0.00000000	0.00000000	0.00000000	0.00000000	0.00005911	0.00000000	0.00000000	0.00000000	0.00000000	0.00000000	0.00000000	0.00000000	0.00000000	0.00000000
k__Bacteria|p__Cyanobacteria|c__Cyanobacteriia|o__Leptolyngbyales|f__Leptolyngbyaceae|g__Leptolyngbya_BN43	0.00000000	0.00000000	0.00000000	0.00000000	0.00000000	0.00000000	0.00000000	0.00000000	0.00000000	0.00000000	0.00000000	0.00000000	0.00000000	0.00000000
k__Bacteria|p__Cyanobacteria|c__Cyanobacteriia|o__Leptolyngbyales|f__Leptolyngbyaceae|g__Leptolyngbya_PCC_6306	0.00000000	0.00000000	0.00000000	0.00000000	0.00000000	0.00000000	0.00000000	0.00000000	0.00000000	0.00000000	0.00000000	0.00000000	0.00000000	0.00000000
k__Bacteria|p__Cyanobacteria|c__Cyanobacteriia|o__Pseudanabaenales|f__Pseudanabaenaceae|g__Pseudanabaena_PCC_7429	0.00000000	0.00000000	0.00000000	0.00000000	0.00000000	0.00000000	0.00000000	0.00000000	0.00000000	0.00000000	0.00000000	0.00000000	0.00000000	0.00000000
k__Bacteria|p__Cyanobacteria|c__Cyanobacteriia|o__Synechococcales|f__Cyanobiaceae|g__Cyanobium_PCC_6307	0.00012036	0.00005097	0.00000000	0.00000000	0.00000000	0.00000000	0.00000000	0.00000000	0.00001810	0.00000000	0.00000000	0.00000000	0.00000000	0.00000000
k__Bacteria|p__Cyanobacteria|c__Cyanobacteriia|o__Synechococcales|f__Cyanobiaceae|g__Synechococcus_CC9902	0.00000000	0.00000000	0.00000000	0.00000000	0.00000000	0.00000000	0.00000000	0.00000000	0.00043438	0.00000000	0.00000000	0.00000000	0.00000000	0.00000000
k__Bacteria|p__Cyanobacteria|c__Sericytochromatia|o__unidentified_Sericytochromatia|f__unidentified_Sericytochromatia|g__unidentified_Sericytochromatia	0.00004012	0.00000000	0.00008417	0.00000000	0.00000000	0.00010378	0.00000000	0.00005238	0.00000000	0.00001971	0.00008544	0.00000000	0.00000000	0.00016318
k__Bacteria|p__Cyanobacteria|c__Vampirivibrionia|o__Gastranaerophilales|f__unidentified_Gastranaerophilales|g__unidentified_Gastranaerophilales	0.00002006	0.00000000	0.00000000	0.00009535	0.00008867	0.00002595	0.00000000	0.00010476	0.00010860	0.00000000	0.00000000	0.00000000	0.00001697	0.00000000
k__Bacteria|p__Cyanobacteria|c__Vampirivibrionia|o__Obscuribacterales|f__Obscuribacteraceae|g__Candidatus_Obscuribacter	0.00000000	0.00000000	0.00000000	0.00000000	0.00000000	0.00000000	0.00000000	0.00000000	0.00000000	0.00000000	0.00000000	0.00000000	0.00003394	0.00000000
k__Bacteria|p__Cyanobacteria|c__Vampirivibrionia|o__Vampirovibrionales|f__Vampirovibrionaceae|g__Vampirovibrio	0.00000000	0.00000000	0.00000000	0.00000000	0.00000000	0.00000000	0.00000000	0.00000000	0.00000000	0.00000000	0.00000000	0.00000000	0.00000000	0.00000000
k__Bacteria|p__DTB120|c__unidentified_DTB120|o__unidentified_DTB120|f__unidentified_DTB120|g__unidentified_DTB120	0.00004012	0.00000000	0.00010100	0.00000000	0.00000000	0.00002595	0.00001581	0.00000000	0.00001810	0.00000000	0.00000000	0.00000000	0.00003394	0.00006527
k__Bacteria|p__Deferribacteres|c__unidentified_Deferribacteres|o__Deferribacterales|f__Deferribacteraceae|g__Mucispirillum	0.00004012	0.00006796	0.00000000	0.00000000	0.00000000	0.00000000	0.00003162	0.00000000	0.00000000	0.00000000	0.00000000	0.00139607	0.00005091	0.00000000
k__Bacteria|p__Deferribacteres|c__unidentified_Deferribacteres|o__Deferribacterales|f__Deferribacteraceae|g__Seleniivibrio	0.00000000	0.00000000	0.00000000	0.00000000	0.00000000	0.00000000	0.00000000	0.00001746	0.00001810	0.00000000	0.00000000	0.00000000	0.00000000	0.00000000
k__Bacteria|p__Deferrisomatota|c__Defferrisomatia|o__Defferrisomatales|f__Defferrisomataceae|g__Deferrisoma	0.00688078	0.00215759	0.00023568	0.00174814	0.00076848	0.00031134	0.00015811	0.00006984	0.00000000	0.00011829	0.00010680	0.00022210	0.00003394	0.00008159
k__Bacteria|p__Deinococcota|c__Deinococci|o__Deinococcales|f__Deinococcaceae|g__Deinococcus	0.00002006	0.00000000	0.00010100	0.00000000	0.00000000	0.00000000	0.00000000	0.00013968	0.00106785	0.00007886	0.00046993	0.00000000	0.00123878	0.00013055
k__Bacteria|p__Deinococcota|c__Deinococci|o__Deinococcales|f__Trueperaceae|g__Truepera	0.00000000	0.00000000	0.00006734	0.00000000	0.00000000	0.00000000	0.00000000	0.00001746	0.00030769	0.00001971	0.00004272	0.00000000	0.00000000	0.00000000
k__Bacteria|p__Deinococcota|c__Deinococci|o__Thermales|f__Thermaceae|g__Meiothermus	0.00000000	0.00000000	0.00000000	0.00000000	0.00000000	0.00000000	0.00001581	0.00000000	0.00000000	0.00000000	0.00000000	0.00000000	0.00000000	0.00000000
k__Bacteria|p__Desulfobacterota|c__Desulfarculia|o__Desulfarculales|f__Desulfarculaceae|g__Desulfarculus	0.00000000	0.00000000	0.00000000	0.00000000	0.00000000	0.00000000	0.00000000	0.00000000	0.00000000	0.00000000	0.00000000	0.00000000	0.00000000	0.00000000
k__Bacteria|p__Desulfobacterota|c__Desulfobaccia|o__Desulfobaccales|f__Desulfobaccaceae|g__Desulfobacca	0.00070212	0.00290510	0.00129623	0.00111245	0.00023646	0.00077835	0.00004743	0.00000000	0.00001810	0.00005914	0.00000000	0.00003173	0.00000000	0.00019582
k__Bacteria|p__Desulfobacterota|c__Desulfobacteria|o__Desulfatiglandales|f__Desulfatiglandaceae|g__Desulfatiglans	0.00304921	0.00141008	0.00065653	0.00158922	0.00106405	0.00088213	0.00022135	0.00001746	0.00005430	0.00017743	0.00004272	0.00000000	0.00003394	0.00021214
k__Bacteria|p__Desulfobacterota|c__Desulfobacteria|o__Desulfobacterales|f__Desulfobacteraceae|g__Desulfobacter	0.00220666	0.00214060	0.00023568	0.00050855	0.00026601	0.00049296	0.00012649	0.00057618	0.00005430	0.00037458	0.00010680	0.00022210	0.00001697	0.00004895
k__Bacteria|p__Desulfobacterota|c__Desulfobacteria|o__Desulfobacterales|f__Desulfobacteraceae|g__Desulfobacterium	0.00006018	0.00001699	0.00000000	0.00006357	0.00000000	0.00000000	0.00000000	0.00000000	0.00000000	0.00000000	0.00000000	0.00000000	0.00000000	0.00000000
k__Bacteria|p__Desulfobacterota|c__Desulfobacteria|o__Desulfobacterales|f__Desulfococcaceae|g__Desulfococcus	0.00030091	0.00035677	0.00011784	0.00006357	0.00008867	0.00010378	0.00001581	0.00024444	0.00023529	0.00169545	0.00019225	0.00014278	0.00037333	0.00013055
k__Bacteria|p__Desulfobacterota|c__Desulfobacteria|o__Desulfobacterales|f__Desulforegulaceae|g__Desulforegula	0.00046139	0.00015290	0.00001683	0.00006357	0.00005911	0.00005189	0.00001581	0.00010476	0.00001810	0.00005914	0.00002136	0.00000000	0.00001697	0.00000000
k__Bacteria|p__Desulfobacterota|c__Desulfobacteria|o__Desulfobacterales|f__Desulfosarcinaceae|g__Desulfatibacillum	0.00000000	0.00000000	0.00000000	0.00000000	0.00000000	0.00000000	0.00000000	0.00000000	0.00000000	0.00000000	0.00000000	0.00000000	0.00000000	0.00000000
k__Bacteria|p__Desulfobacterota|c__Desulfobacteria|o__Desulfobacterales|f__Desulfosarcinaceae|g__Desulfatirhabdium	0.00140424	0.00098536	0.00053869	0.00050855	0.00029557	0.00031134	0.00009486	0.00047142	0.00023529	0.00171516	0.00036313	0.00025383	0.00020363	0.00040796
k__Bacteria|p__Desulfobacterota|c__Desulfobacteria|o__Desulfobacterales|f__Desulfosarcinaceae|g__Desulfatitalea	0.00002006	0.00001699	0.00003367	0.00003178	0.00000000	0.00002595	0.00000000	0.00003492	0.00000000	0.00043372	0.00000000	0.00011105	0.00000000	0.00000000
k__Bacteria|p__Desulfobacterota|c__Desulfobacteria|o__Desulfobacterales|f__Desulfosarcinaceae|g__Desulfosarcina	0.00006018	0.00005097	0.00000000	0.00003178	0.00000000	0.00000000	0.00000000	0.00000000	0.00000000	0.00007886	0.00000000	0.00003173	0.00000000	0.00000000
k__Bacteria|p__Desulfobacterota|c__Desulfobacteria|o__Desulfobacterales|f__Desulfosarcinaceae|g__LCP_80	0.00060182	0.00122320	0.00008417	0.00015892	0.00008867	0.00000000	0.00000000	0.00000000	0.00000000	0.00000000	0.00000000	0.00003173	0.00000000	0.00001632
k__Bacteria|p__Desulfobacterota|c__Desulfobacteria|o__Desulfobacterales|f__Desulfosarcinaceae|g__SEEP_SRB1	0.00008024	0.00013591	0.00000000	0.00003178	0.00000000	0.00000000	0.00000000	0.00000000	0.00000000	0.00000000	0.00000000	0.00000000	0.00000000	0.00000000
k__Bacteria|p__Desulfobacterota|c__Desulfobacteria|o__Desulfobacterales|f__Desulfosarcinaceae|g__Sva0081_sediment_group	0.00282854	0.00173287	0.00282814	0.00696078	0.00348772	0.00389176	0.00030040	0.00068094	0.00141174	0.00193202	0.00019225	0.00065044	0.00032242	0.00096278
k__Bacteria|p__Desulfobacterota|c__Desulfobacteria|o__Desulfobacterales|f__unidentified_Desulfobacterales|g__Desulfatiferula	0.00070212	0.00040773	0.00008417	0.00000000	0.00017734	0.00015567	0.00000000	0.00020952	0.00016289	0.00037458	0.00008544	0.00004759	0.00003394	0.00001632
k__Bacteria|p__Desulfobacterota|c__Desulfobulbia|o__Desulfobulbales|f__Desulfobulbaceae|g__Candidatus_Electronema	0.00006018	0.00000000	0.00011784	0.00019071	0.00008867	0.00000000	0.00000000	0.00000000	0.00000000	0.00000000	0.00000000	0.00000000	0.00000000	0.00000000
k__Bacteria|p__Desulfobacterota|c__Desulfobulbia|o__Desulfobulbales|f__Desulfobulbaceae|g__Desulfobulbus	0.00547654	0.00553838	0.00180126	0.00241561	0.00393107	0.00134914	0.00060081	0.03951182	0.01947476	0.04019793	0.00292641	0.00878891	0.00268119	0.00099541
k__Bacteria|p__Desulfobacterota|c__Desulfobulbia|o__Desulfobulbales|f__Desulfocapsaceae|g__Desulfocapsa	0.00000000	0.00000000	0.00000000	0.00000000	0.00000000	0.00000000	0.00000000	0.00000000	0.00007240	0.00000000	0.00004272	0.00041248	0.00001697	0.00001632
k__Bacteria|p__Desulfobacterota|c__Desulfobulbia|o__Desulfobulbales|f__Desulfocapsaceae|g__Desulfofustis	0.00036109	0.00042472	0.00008417	0.00015892	0.00005911	0.00000000	0.00001581	0.00000000	0.00000000	0.00000000	0.00000000	0.00001586	0.00000000	0.00004895
k__Bacteria|p__Desulfobacterota|c__Desulfobulbia|o__Desulfobulbales|f__Desulfocapsaceae|g__Desulfoprunum	0.00118357	0.00129116	0.00675050	0.00063569	0.00251234	0.00179021	0.00009486	0.01922338	0.01087763	0.14488211	0.00499840	0.00737697	0.00383512	0.00285570
k__Bacteria|p__Desulfobacterota|c__Desulfobulbia|o__Desulfobulbales|f__Desulfocapsaceae|g__Desulforhopalus	0.00242733	0.00047569	0.00079121	0.00031784	0.00038424	0.00007784	0.00006324	0.00006984	0.00036198	0.00067029	0.00014952	0.00012692	0.00018667	0.00026109
k__Bacteria|p__Desulfobacterota|c__Desulfobulbia|o__Desulfobulbales|f__Desulfocapsaceae|g___Desulfobacterium__catecholicum_group	0.00401212	0.00485882	0.00069020	0.00044498	0.00079804	0.00038918	0.00017392	0.00083808	0.00066967	0.00155745	0.00021361	0.00050766	0.00011879	0.00039164
k__Bacteria|p__Desulfobacterota|c__Desulfobulbia|o__Desulfobulbales|f__Desulfurivibrionaceae|g__Desulfurivibrio	0.00010030	0.00000000	0.00003367	0.00006357	0.00000000	0.00000000	0.00001581	0.00000000	0.00000000	0.00000000	0.00000000	0.00000000	0.00000000	0.00000000
k__Bacteria|p__Desulfobacterota|c__Desulfobulbia|o__Desulfobulbales|f__Desulfurivibrionaceae|g__MSBL7	0.00042127	0.00071353	0.00015151	0.00034963	0.00005911	0.00020756	0.00003162	0.00005238	0.00070587	0.00049286	0.00023497	0.00061871	0.00018667	0.00027741
k__Bacteria|p__Desulfobacterota|c__Desulfomonilia|o__Desulfomonilales|f__Desulfomonilaceae|g__Desulfomonile	0.00046139	0.00011892	0.00008417	0.00009535	0.00005911	0.00054485	0.00000000	0.00005238	0.00007240	0.00001971	0.00002136	0.00004759	0.00010182	0.00008159
k__Bacteria|p__Desulfobacterota|c__Desulfovibrionia|o__Desulfovibrionales|f__Desulfomicrobiaceae|g__Desulfomicrobium	0.02020101	0.01197717	0.00202010	0.00340093	0.00836461	0.00064863	0.00082216	0.00588400	0.00161083	0.00191231	0.00079034	0.00096773	0.00028848	0.00035900
k__Bacteria|p__Desulfobacterota|c__Desulfovibrionia|o__Desulfovibrionales|f__Desulfovibrionaceae|g__Bilophila	0.00000000	0.00000000	0.00000000	0.00003178	0.00000000	0.00018162	0.00000000	0.00006984	0.00001810	0.00000000	0.00000000	0.00007932	0.00000000	0.00000000
k__Bacteria|p__Desulfobacterota|c__Desulfovibrionia|o__Desulfovibrionales|f__Desulfovibrionaceae|g__Desulfocurvus	0.00000000	0.00000000	0.00000000	0.00000000	0.00000000	0.00000000	0.00000000	0.00000000	0.00000000	0.00000000	0.00000000	0.00000000	0.00000000	0.00000000
k__Bacteria|p__Desulfobacterota|c__Desulfovibrionia|o__Desulfovibrionales|f__Desulfovibrionaceae|g__Desulfovibrio	0.00318963	0.00594611	0.00018518	0.00079461	0.00127095	0.00347664	0.00017392	0.00249677	0.00079637	0.00074915	0.00036313	0.00053939	0.00006788	0.00011423
k__Bacteria|p__Desulfobacterota|c__Desulfovibrionia|o__Desulfovibrionales|f__Desulfovibrionaceae|g__Mailhella	0.00000000	0.00000000	0.00000000	0.00000000	0.00000000	0.00000000	0.00000000	0.00000000	0.00000000	0.00000000	0.00000000	0.00000000	0.00000000	0.00000000
k__Bacteria|p__Desulfobacterota|c__Desulfuromonadia|o__Desulfuromonadales|f__Desulfuromonadaceae|g__Desulfuromonas	0.00022067	0.00105331	0.00008417	0.00003178	0.00011823	0.00057079	0.00000000	0.00000000	0.00003620	0.00005914	0.00002136	0.00000000	0.00000000	0.00001632
k__Bacteria|p__Desulfobacterota|c__Desulfuromonadia|o__Desulfuromonadales|f__Desulfuromonadaceae|g__Trichloromonas	0.00032097	0.00040773	0.00011784	0.00003178	0.00000000	0.00028540	0.00003162	0.00207773	0.00620803	0.01176958	0.00074762	0.00088841	0.00103514	0.00017950
k__Bacteria|p__Desulfobacterota|c__Desulfuromonadia|o__Desulfuromonadales|f__Desulfuromonadaceae|g__unidentified_Desulfuromonadaceae	0.00000000	0.00000000	0.00000000	0.00000000	0.00000000	0.00000000	0.00003162	0.00000000	0.00000000	0.00000000	0.00000000	0.00000000	0.00000000	0.00000000
k__Bacteria|p__Desulfobacterota|c__Desulfuromonadia|o__Desulfuromonadales|f__Geothermobacteraceae|g__Geothermobacter	0.00569721	0.00436614	0.00589196	0.00216134	0.00133006	0.00114158	0.00022135	0.00003492	0.00009050	0.00053229	0.00012816	0.00053939	0.00022060	0.00130546
k__Bacteria|p__Desulfobacterota|c__Desulfuromonadia|o__Desulfuromonadales|f__Syntrophotaleaceae|g__Syntrophotalea	0.00064194	0.00018688	0.00000000	0.00003178	0.00000000	0.00000000	0.00000000	0.00000000	0.00001810	0.00000000	0.00000000	0.00000000	0.00000000	0.00004895
k__Bacteria|p__Desulfobacterota|c__Desulfuromonadia|o__Geobacterales|f__Geobacteraceae|g__Citrifermentans	0.00076230	0.00103632	0.00082487	0.00050855	0.00035468	0.00360636	0.00014230	0.00012222	0.00103166	0.00037458	0.00019225	0.00025383	0.00020363	0.00024477
k__Bacteria|p__Desulfobacterota|c__Desulfuromonadia|o__Geobacterales|f__Geobacteraceae|g__Geobacter	0.00096291	0.00071353	0.00079121	0.00120781	0.00056158	0.00402148	0.00012649	0.00066348	0.00068777	0.00076887	0.00115348	0.00158645	0.00106908	0.00063641
k__Bacteria|p__Desulfobacterota|c__Desulfuromonadia|o__Geobacterales|f__Geobacteraceae|g__Geotalea	0.00000000	0.00008494	0.00000000	0.00000000	0.00000000	0.00000000	0.00000000	0.00000000	0.00000000	0.00000000	0.00000000	0.00000000	0.00000000	0.00000000
k__Bacteria|p__Desulfobacterota|c__Desulfuromonadia|o__Geobacterales|f__Geobacteraceae|g__Trichlorobacter	0.01265823	0.00518161	0.00099322	0.00158922	0.00221677	0.00609709	0.00053757	0.00433006	0.01900418	0.01096128	0.00258464	0.00418822	0.00532845	0.00190924
k__Bacteria|p__Desulfobacterota|c__Syntrophia|o__Syntrophales|f__Smithellaceae|g__Smithella	0.01737246	0.00866433	0.00205377	0.00518085	0.01395088	0.00269829	0.00069567	0.00178091	0.00117645	0.00092658	0.00027769	0.00026970	0.00039030	0.00050587
k__Bacteria|p__Desulfobacterota|c__Syntrophia|o__Syntrophales|f__Syntrophaceae|g__Syntrophus	0.00858593	0.00562332	0.00331633	0.00657937	0.00863063	0.00324313	0.00071148	0.00197297	0.00514018	0.00222774	0.00038449	0.00066631	0.00056000	0.00045691
k__Bacteria|p__Desulfobacterota|c__Syntrophobacteria|o__Syntrophobacterales|f__Syntrophobacteraceae|g__Desulforhabdus	0.00006018	0.00000000	0.00011784	0.00000000	0.00000000	0.00005189	0.00000000	0.00005238	0.00000000	0.00102516	0.00004272	0.00000000	0.00013576	0.00006527
k__Bacteria|p__Desulfobacterota|c__Syntrophobacteria|o__Syntrophobacterales|f__Syntrophobacteraceae|g__Desulfovirga	0.00014042	0.00090041	0.00025251	0.00019071	0.00008867	0.00010378	0.00000000	0.00000000	0.00001810	0.00007886	0.00002136	0.00000000	0.00008485	0.00006527
k__Bacteria|p__Desulfobacterota|c__Syntrophobacteria|o__Syntrophobacterales|f__Syntrophobacteraceae|g__Syntrophobacter	0.00030091	0.00030580	0.00037035	0.00069926	0.00050247	0.00015567	0.00003162	0.00003492	0.00048868	0.00009857	0.00000000	0.00003173	0.00005091	0.00008159
k__Bacteria|p__Desulfobacterota|c__Syntrophorhabdia|o__Syntrophorhabdales|f__Syntrophorhabdaceae|g__Syntrophorhabdus	0.00449357	0.00356767	0.00183492	0.00346450	0.00526114	0.00316530	0.00037946	0.00087300	0.00213571	0.00074915	0.00012816	0.00020624	0.00015273	0.00052218
k__Bacteria|p__Edwardsbacteria|c__unidentified_Edwardsbacteria|o__unidentified_Edwardsbacteria|f__unidentified_Edwardsbacteria|g__unidentified_Edwardsbacteria	0.00004012	0.00010193	0.00000000	0.00009535	0.00002956	0.00000000	0.00000000	0.00000000	0.00000000	0.00000000	0.00000000	0.00000000	0.00000000	0.00000000
k__Bacteria|p__Elusimicrobia|c__unidentified_Elusimicrobia|o__Elusimicrobiales|f__Elusimicrobiaceae|g__Elusimicrobium	0.00000000	0.00000000	0.00000000	0.00003178	0.00000000	0.00000000	0.00000000	0.00000000	0.00000000	0.00000000	0.00000000	0.00000000	0.00000000	0.00000000
k__Bacteria|p__Elusimicrobia|c__unidentified_Elusimicrobia|o__Lineage_IV|f__unidentified_Lineage_IV|g__unidentified_Lineage_IV	0.00036109	0.00028881	0.00013467	0.00003178	0.00008867	0.00000000	0.00001581	0.00008730	0.00010860	0.00013800	0.00010680	0.00053939	0.00001697	0.00000000
k__Bacteria|p__Elusimicrobiota|c__Endomicrobia|o__Endomicrobiales|f__Endomicrobiaceae|g__Endomicrobium	0.00022067	0.00018688	0.00003367	0.00022249	0.00020690	0.00005189	0.00006324	0.00024444	0.00057918	0.00003943	0.00004272	0.00009519	0.00020363	0.00011423
k__Bacteria|p__Fibrobacterota|c__Chitinivibrionia|o__Chitinivibrionales|f__Chitinivibrionaceae|g__possible_genus_03	0.00000000	0.00000000	0.00000000	0.00000000	0.00008867	0.00000000	0.00000000	0.00000000	0.00000000	0.00000000	0.00000000	0.00000000	0.00000000	0.00000000
k__Bacteria|p__Fibrobacterota|c__Fibrobacteria|o__Fibrobacterales|f__Fibrobacteraceae|g__Fibrobacter	0.00002006	0.00000000	0.00000000	0.00000000	0.00000000	0.00000000	0.00000000	0.00003492	0.00001810	0.00000000	0.00000000	0.00000000	0.00000000	0.00000000
k__Bacteria|p__Fibrobacterota|c__Fibrobacteria|o__Fibrobacterales|f__Fibrobacteraceae|g__possible_genus_06	0.00000000	0.00001699	0.00000000	0.00000000	0.00000000	0.00000000	0.00000000	0.00000000	0.00000000	0.00000000	0.00000000	0.00000000	0.00000000	0.00000000
k__Bacteria|p__Fibrobacterota|c__Fibrobacteria|o__Fibrobacterales|f__unidentified_Fibrobacterales|g__BBMC_4	0.00004012	0.00023784	0.00010100	0.00012714	0.00020690	0.00000000	0.00001581	0.00001746	0.00000000	0.00000000	0.00000000	0.00003173	0.00000000	0.00001632
k__Bacteria|p__Firmicutes|c__Bacilli|o__Acholeplasmatales|f__Acholeplasmataceae|g__Acholeplasma	0.00012036	0.00003398	0.00006734	0.00000000	0.00000000	0.00000000	0.00000000	0.00005238	0.00001810	0.00005914	0.00002136	0.00001586	0.00000000	0.00000000
k__Bacteria|p__Firmicutes|c__Bacilli|o__Acholeplasmatales|f__Acholeplasmataceae|g__Anaeroplasma	0.00006018	0.00000000	0.00000000	0.00000000	0.00000000	0.00000000	0.00000000	0.00000000	0.00000000	0.00000000	0.00000000	0.00000000	0.00000000	0.00000000
k__Bacteria|p__Firmicutes|c__Bacilli|o__Acholeplasmatales|f__Acholeplasmataceae|g__EUB33_2	0.00000000	0.00000000	0.00000000	0.00000000	0.00000000	0.00000000	0.00000000	0.00000000	0.00000000	0.00000000	0.00000000	0.00000000	0.00000000	0.00000000
k__Bacteria|p__Firmicutes|c__Bacilli|o__Bacillales|f__Bacillaceae|g__Anoxybacillus	0.00006018	0.00005097	0.00000000	0.00009535	0.00002956	0.00000000	0.00003162	0.00000000	0.00000000	0.00000000	0.00000000	0.00000000	0.00001697	0.00000000
k__Bacteria|p__Firmicutes|c__Bacilli|o__Bacillales|f__Bacillaceae|g__Bacillus	0.02633955	0.00169889	0.00008417	0.03222936	0.04395117	0.00031134	0.82429484	0.00034920	0.00606324	0.00029572	0.00019225	0.00042834	0.00128969	0.00008159
k__Bacteria|p__Firmicutes|c__Bacilli|o__Bacillales|f__Bacillaceae|g__Caldibacillus	0.00000000	0.00000000	0.00000000	0.00000000	0.00002956	0.00000000	0.00000000	0.00000000	0.00000000	0.00000000	0.00000000	0.00000000	0.00000000	0.00000000
k__Bacteria|p__Firmicutes|c__Bacilli|o__Bacillales|f__Bacillaceae|g__Geobacillus	0.00004012	0.00000000	0.00000000	0.00000000	0.00000000	0.00000000	0.00000000	0.00000000	0.00000000	0.00000000	0.00000000	0.00000000	0.00000000	0.00000000
k__Bacteria|p__Firmicutes|c__Bacilli|o__Bacillales|f__Bacillaceae|g__Oceanobacillus	0.00106321	0.00000000	0.00000000	0.00000000	0.00002956	0.00000000	0.00000000	0.00001746	0.00019909	0.00000000	0.00000000	0.00000000	0.00010182	0.00000000
k__Bacteria|p__Firmicutes|c__Bacilli|o__Bacillales|f__Bacillaceae|g__Ornithinibacillus	0.00000000	0.00000000	0.00000000	0.00003178	0.00000000	0.00000000	0.00000000	0.00000000	0.00036198	0.00000000	0.00000000	0.00000000	0.00001697	0.00000000
k__Bacteria|p__Firmicutes|c__Bacilli|o__Bacillales|f__Bacillaceae|g__Pseudogracilibacillus	0.00010030	0.00000000	0.00000000	0.00000000	0.00000000	0.00000000	0.00000000	0.00000000	0.00000000	0.00000000	0.00000000	0.00000000	0.00000000	0.00000000
k__Bacteria|p__Firmicutes|c__Bacilli|o__Bacillales|f__Bacillaceae|g__Terribacillus	0.00000000	0.00000000	0.00000000	0.00000000	0.00000000	0.00000000	0.00000000	0.00000000	0.00005430	0.00000000	0.00000000	0.00000000	0.00000000	0.00000000
k__Bacteria|p__Firmicutes|c__Bacilli|o__Bacillales|f__Bacillaceae|g__Ureibacillus	0.00000000	0.00000000	0.00000000	0.00000000	0.00000000	0.00000000	0.00000000	0.00000000	0.00000000	0.00000000	0.00000000	0.00000000	0.00039030	0.00000000
k__Bacteria|p__Firmicutes|c__Bacilli|o__Bacillales|f__Bacillaceae|g__Virgibacillus	0.00002006	0.00000000	0.00000000	0.00012714	0.00000000	0.00000000	0.00001581	0.00006984	0.00000000	0.00001971	0.00000000	0.00000000	0.00000000	0.00000000
k__Bacteria|p__Firmicutes|c__Bacilli|o__Bacillales|f__Planococcaceae|g__Chryseomicrobium	0.00000000	0.00000000	0.00050502	0.00000000	0.00000000	0.00002595	0.00000000	0.00001746	0.00000000	0.00000000	0.00000000	0.00000000	0.00001697	0.00016318
k__Bacteria|p__Firmicutes|c__Bacilli|o__Bacillales|f__Planococcaceae|g__Lysinibacillus	0.00002006	0.00011892	0.00000000	0.00000000	0.00000000	0.00000000	0.00000000	0.00000000	0.00000000	0.00000000	0.00000000	0.00001586	0.00000000	0.00001632
k__Bacteria|p__Firmicutes|c__Bacilli|o__Bacillales|f__Planococcaceae|g__Paenisporosarcina	0.00000000	0.00000000	0.00000000	0.00000000	0.00000000	0.00000000	0.00000000	0.00000000	0.00000000	0.00000000	0.00002136	0.00000000	0.00001697	0.00000000
k__Bacteria|p__Firmicutes|c__Bacilli|o__Bacillales|f__Planococcaceae|g__Solibacillus	0.00006018	0.00001699	0.00001683	0.00000000	0.00002956	0.00000000	0.00000000	0.00000000	0.00003620	0.00007886	0.00000000	0.00000000	0.00000000	0.00000000
k__Bacteria|p__Firmicutes|c__Bacilli|o__Bacillales|f__Planococcaceae|g__Sporosarcina	0.00004012	0.00000000	0.00000000	0.00000000	0.00000000	0.00000000	0.00000000	0.00000000	0.00000000	0.00000000	0.00000000	0.00000000	0.00000000	0.00000000
k__Bacteria|p__Firmicutes|c__Bacilli|o__Bacillales|f__Salisediminibacteriaceae|g__Salipaludibacillus	0.00000000	0.00000000	0.00000000	0.00000000	0.00000000	0.00000000	0.00000000	0.00000000	0.00000000	0.00000000	0.00000000	0.00000000	0.00000000	0.00000000
k__Bacteria|p__Firmicutes|c__Bacilli|o__Brevibacillales|f__Brevibacillaceae|g__Brevibacillus	0.00004012	0.00005097	0.00000000	0.00000000	0.00000000	0.00000000	0.00000000	0.00000000	0.00000000	0.00000000	0.00000000	0.00000000	0.00000000	0.00000000
k__Bacteria|p__Firmicutes|c__Bacilli|o__Entomoplasmatales|f__unidentified_Entomoplasmatales|g__Candidatus_Hepatoplasma	0.00014042	0.00000000	0.00000000	0.00120781	0.04052257	0.00005189	0.00001581	0.00537766	0.00000000	0.00039429	0.00232831	0.00000000	0.00000000	0.00000000
k__Bacteria|p__Firmicutes|c__Bacilli|o__Erysipelotrichales|f__Erysipelatoclostridiaceae|g__Asteroleplasma	0.00000000	0.00000000	0.00000000	0.00000000	0.00000000	0.00000000	0.00000000	0.00000000	0.00000000	0.00000000	0.00000000	0.00000000	0.00000000	0.00000000
k__Bacteria|p__Firmicutes|c__Bacilli|o__Erysipelotrichales|f__Erysipelatoclostridiaceae|g__Candidatus_Stoquefichus	0.00000000	0.00006796	0.00000000	0.00000000	0.00000000	0.00000000	0.00000000	0.00000000	0.00000000	0.00000000	0.00000000	0.00000000	0.00000000	0.00000000
k__Bacteria|p__Firmicutes|c__Bacilli|o__Erysipelotrichales|f__Erysipelatoclostridiaceae|g__Catenibacterium	0.00020061	0.00003398	0.00001683	0.00003178	0.00002956	0.00000000	0.00000000	0.00038412	0.00032579	0.00021686	0.00010680	0.00004759	0.00005091	0.00000000
k__Bacteria|p__Firmicutes|c__Bacilli|o__Erysipelotrichales|f__Erysipelatoclostridiaceae|g__Coprobacillus	0.00002006	0.00011892	0.00000000	0.00098532	0.00041380	0.00000000	0.00015811	0.00038412	0.00000000	0.00001971	0.00010680	0.00000000	0.00000000	0.00000000
k__Bacteria|p__Firmicutes|c__Bacilli|o__Erysipelotrichales|f__Erysipelatoclostridiaceae|g__Erysipelatoclostridium	0.00000000	0.00071353	0.00000000	0.00000000	0.00000000	0.00000000	0.00000000	0.00000000	0.00001810	0.00000000	0.00000000	0.00009519	0.00000000	0.00000000
k__Bacteria|p__Firmicutes|c__Bacilli|o__Erysipelotrichales|f__Erysipelatoclostridiaceae|g__Erysipelotrichaceae_UCG_002	0.00000000	0.00000000	0.00000000	0.00006357	0.00000000	0.00000000	0.00000000	0.00000000	0.00000000	0.00000000	0.00000000	0.00000000	0.00000000	0.00000000
k__Bacteria|p__Firmicutes|c__Bacilli|o__Erysipelotrichales|f__Erysipelatoclostridiaceae|g__Erysipelotrichaceae_UCG_003	0.00000000	0.00001699	0.00000000	0.00000000	0.00000000	0.00000000	0.00000000	0.00000000	0.00000000	0.00000000	0.00000000	0.00000000	0.00000000	0.00000000
k__Bacteria|p__Firmicutes|c__Bacilli|o__Erysipelotrichales|f__Erysipelatoclostridiaceae|g__UCG_004	0.00134406	0.00022086	0.00003367	0.00025427	0.00038424	0.00007784	0.00004743	0.00017460	0.00039818	0.00051258	0.00010680	0.00001586	0.00005091	0.00001632
k__Bacteria|p__Firmicutes|c__Bacilli|o__Erysipelotrichales|f__Erysipelotrichaceae|g__Allobaculum	0.00000000	0.00001699	0.00000000	0.00000000	0.00000000	0.00000000	0.00000000	0.00000000	0.00003620	0.00000000	0.00000000	0.00000000	0.00000000	0.00000000
k__Bacteria|p__Firmicutes|c__Bacilli|o__Erysipelotrichales|f__Erysipelotrichaceae|g__Dubosiella	0.00002006	0.00423023	0.00000000	0.00000000	0.00000000	0.00002595	0.00000000	0.00000000	0.00036198	0.00000000	0.00000000	0.00014278	0.00000000	0.00017950
k__Bacteria|p__Firmicutes|c__Bacilli|o__Erysipelotrichales|f__Erysipelotrichaceae|g__Erysipelothrix	0.00088267	0.00013591	0.00136357	0.00041320	0.00085715	0.00015567	0.00009486	0.00115236	0.00019909	0.00128144	0.00042721	0.00023797	0.00013576	0.00070169
k__Bacteria|p__Firmicutes|c__Bacilli|o__Erysipelotrichales|f__Erysipelotrichaceae|g__Erysipelotrichaceae_UCG_006	0.00000000	0.00000000	0.00016834	0.00000000	0.00000000	0.00000000	0.00000000	0.00000000	0.00000000	0.00000000	0.00000000	0.00000000	0.00000000	0.00000000
k__Bacteria|p__Firmicutes|c__Bacilli|o__Erysipelotrichales|f__Erysipelotrichaceae|g__Faecalibaculum	0.00000000	0.00365261	0.00000000	0.00003178	0.00000000	0.00000000	0.00000000	0.00000000	0.00012669	0.00000000	0.00004272	0.00126916	0.00001697	0.00000000
k__Bacteria|p__Firmicutes|c__Bacilli|o__Erysipelotrichales|f__Erysipelotrichaceae|g__Faecalitalea	0.00000000	0.00013591	0.00000000	0.00000000	0.00000000	0.00000000	0.00000000	0.00000000	0.00000000	0.00000000	0.00000000	0.00000000	0.00000000	0.00000000
k__Bacteria|p__Firmicutes|c__Bacilli|o__Erysipelotrichales|f__Erysipelotrichaceae|g__Holdemanella	0.00000000	0.00000000	0.00000000	0.00003178	0.00005911	0.00000000	0.00000000	0.00005238	0.00001810	0.00000000	0.00000000	0.00001586	0.00001697	0.00000000
k__Bacteria|p__Firmicutes|c__Bacilli|o__Erysipelotrichales|f__Erysipelotrichaceae|g__Holdemania	0.00000000	0.00005097	0.00000000	0.00000000	0.00002956	0.00000000	0.00000000	0.00000000	0.00000000	0.00000000	0.00000000	0.00000000	0.00001697	0.00000000
k__Bacteria|p__Firmicutes|c__Bacilli|o__Erysipelotrichales|f__Erysipelotrichaceae|g__Ileibacterium	0.00000000	0.00000000	0.00000000	0.00000000	0.00005911	0.00000000	0.00000000	0.00000000	0.00005430	0.00001971	0.00000000	0.00000000	0.00000000	0.00000000
k__Bacteria|p__Firmicutes|c__Bacilli|o__Erysipelotrichales|f__Erysipelotrichaceae|g__Solobacterium	0.00004012	0.00000000	0.00011784	0.00000000	0.00000000	0.00000000	0.00000000	0.00017460	0.00007240	0.00001971	0.00004272	0.00003173	0.00000000	0.00001632
k__Bacteria|p__Firmicutes|c__Bacilli|o__Erysipelotrichales|f__Erysipelotrichaceae|g__Turicibacter	0.00014042	0.00000000	0.00003367	0.00009535	0.00000000	0.00007784	0.00006324	0.00000000	0.00001810	0.00000000	0.00000000	0.00006346	0.00000000	0.00001632
k__Bacteria|p__Firmicutes|c__Bacilli|o__Erysipelotrichales|f__Erysipelotrichaceae|g__ZOR0006	0.00132400	0.00000000	0.00000000	0.00429089	0.00159607	0.00036323	0.00121743	0.00048888	0.00000000	0.00130116	0.00277689	0.00000000	0.00000000	0.00000000
k__Bacteria|p__Firmicutes|c__Bacilli|o__Erysipelotrichales|f__Erysipelotrichaceae|g___Anaerorhabdus__furcosa_group	0.00008024	0.00000000	0.00000000	0.00689721	0.00233500	0.00038918	0.00156527	0.00041904	0.00007240	0.00039429	0.00057674	0.00000000	0.00000000	0.00000000
k__Bacteria|p__Firmicutes|c__Bacilli|o__Erysipelotrichales|f__Erysipelotrichaceae|g___Clostridium__innocuum_group	0.00000000	0.00018688	0.00000000	0.00000000	0.00000000	0.00000000	0.00000000	0.00000000	0.00000000	0.00000000	0.00000000	0.00000000	0.00000000	0.00000000
k__Bacteria|p__Firmicutes|c__Bacilli|o__Exiguobacterales|f__Exiguobacteraceae|g__Exiguobacterium	0.00008024	0.00000000	0.00030301	0.00000000	0.00002956	0.00010378	0.00001581	0.00000000	0.00003620	0.00000000	0.00002136	0.00000000	0.00010182	0.00026109
k__Bacteria|p__Firmicutes|c__Bacilli|o__Lactobacillales|f__Aerococcaceae|g__Abiotrophia	0.00000000	0.00003398	0.00102688	0.00000000	0.00000000	0.00000000	0.00000000	0.00000000	0.00001810	0.00000000	0.00000000	0.00003173	0.00000000	0.00000000
k__Bacteria|p__Firmicutes|c__Bacilli|o__Lactobacillales|f__Aerococcaceae|g__Aerococcus	0.00002006	0.00000000	0.00000000	0.00000000	0.00000000	0.00000000	0.00000000	0.00000000	0.00005430	0.00000000	0.00000000	0.00000000	0.00000000	0.00000000
k__Bacteria|p__Firmicutes|c__Bacilli|o__Lactobacillales|f__Aerococcaceae|g__Aerosphaera	0.00000000	0.00000000	0.00000000	0.00000000	0.00000000	0.00000000	0.00000000	0.00001746	0.00000000	0.00000000	0.00000000	0.00000000	0.00000000	0.00000000
k__Bacteria|p__Firmicutes|c__Bacilli|o__Lactobacillales|f__Aerococcaceae|g__Dolosicoccus	0.00000000	0.00000000	0.00000000	0.00000000	0.00000000	0.00000000	0.00000000	0.00003492	0.00000000	0.00000000	0.00000000	0.00000000	0.00000000	0.00000000
k__Bacteria|p__Firmicutes|c__Bacilli|o__Lactobacillales|f__Aerococcaceae|g__Globicatella	0.00002006	0.00000000	0.00000000	0.00000000	0.00000000	0.00000000	0.00000000	0.00000000	0.00000000	0.00000000	0.00000000	0.00000000	0.00000000	0.00000000
k__Bacteria|p__Firmicutes|c__Bacilli|o__Lactobacillales|f__Aerococcaceae|g__Ignavigranum	0.00000000	0.00000000	0.00000000	0.00000000	0.00000000	0.00000000	0.00000000	0.00001746	0.00000000	0.00000000	0.00000000	0.00000000	0.00000000	0.00000000
k__Bacteria|p__Firmicutes|c__Bacilli|o__Lactobacillales|f__Carnobacteriaceae|g__Alkalibacterium	0.00000000	0.00000000	0.00000000	0.00000000	0.00000000	0.00000000	0.00000000	0.00000000	0.00066967	0.00000000	0.00000000	0.00000000	0.00001697	0.00000000
k__Bacteria|p__Firmicutes|c__Bacilli|o__Lactobacillales|f__Carnobacteriaceae|g__Carnobacterium	0.00002006	0.00000000	0.00000000	0.00000000	0.00000000	0.00000000	0.00000000	0.00003492	0.00000000	0.00000000	0.00000000	0.00000000	0.00000000	0.00000000
k__Bacteria|p__Firmicutes|c__Bacilli|o__Lactobacillales|f__Carnobacteriaceae|g__Lacticigenium	0.00000000	0.00000000	0.00000000	0.00000000	0.00000000	0.00000000	0.00000000	0.00000000	0.00000000	0.00000000	0.00000000	0.00000000	0.00000000	0.00000000
k__Bacteria|p__Firmicutes|c__Bacilli|o__Lactobacillales|f__Carnobacteriaceae|g__Trichococcus	0.00012036	0.00006796	0.00003367	0.00000000	0.00008867	0.00000000	0.00001581	0.00020952	0.00000000	0.00001971	0.00002136	0.00001586	0.00001697	0.00001632
k__Bacteria|p__Firmicutes|c__Bacilli|o__Lactobacillales|f__Enterococcaceae|g__Enterococcus	0.00044133	0.00010193	0.00006734	0.00003178	0.00011823	0.00018162	0.00004743	0.00012222	0.00014479	0.00000000	0.00000000	0.00001586	0.00006788	0.00000000
k__Bacteria|p__Firmicutes|c__Bacilli|o__Lactobacillales|f__Lactobacillaceae|g__Agrilactobacillus	0.00000000	0.00000000	0.00000000	0.00000000	0.00000000	0.00000000	0.00000000	0.00001746	0.00000000	0.00000000	0.00000000	0.00000000	0.00000000	0.00000000
k__Bacteria|p__Firmicutes|c__Bacilli|o__Lactobacillales|f__Lactobacillaceae|g__Lacticaseibacillus	0.00000000	0.00000000	0.00010100	0.00000000	0.00002956	0.00000000	0.00000000	0.00001746	0.00003620	0.00000000	0.00000000	0.00000000	0.00001697	0.00000000
k__Bacteria|p__Firmicutes|c__Bacilli|o__Lactobacillales|f__Lactobacillaceae|g__Lactiplantibacillus	0.00000000	0.00001699	0.00000000	0.00000000	0.00002956	0.00000000	0.00012649	0.00000000	0.00000000	0.00000000	0.00000000	0.00000000	0.00000000	0.00000000
k__Bacteria|p__Firmicutes|c__Bacilli|o__Lactobacillales|f__Lactobacillaceae|g__Lactobacillus	0.00236715	0.00227651	0.00050502	0.00044498	0.00322171	0.00051890	0.00045851	0.00054126	0.00065157	0.00001971	0.00006408	0.00001586	0.00020363	0.00000000
k__Bacteria|p__Firmicutes|c__Bacilli|o__Lactobacillales|f__Lactobacillaceae|g__Leuconostoc	0.00000000	0.00001699	0.00000000	0.00000000	0.00000000	0.00000000	0.00000000	0.00000000	0.00000000	0.00001971	0.00000000	0.00000000	0.00000000	0.00000000
k__Bacteria|p__Firmicutes|c__Bacilli|o__Lactobacillales|f__Lactobacillaceae|g__Levilactobacillus	0.00000000	0.00000000	0.00000000	0.00000000	0.00000000	0.00000000	0.00000000	0.00000000	0.00003620	0.00000000	0.00000000	0.00000000	0.00000000	0.00000000
k__Bacteria|p__Firmicutes|c__Bacilli|o__Lactobacillales|f__Lactobacillaceae|g__Ligilactobacillus	0.00068206	0.00062859	0.00170025	0.00022249	0.00032513	0.00000000	0.00015811	0.00019206	0.00007240	0.00007886	0.00012816	0.00007932	0.00001697	0.00035900
k__Bacteria|p__Firmicutes|c__Bacilli|o__Lactobacillales|f__Lactobacillaceae|g__Limosilactobacillus	0.00136412	0.00032279	0.00067337	0.00031784	0.00115272	0.00002595	0.00026878	0.00006984	0.00003620	0.00007886	0.00000000	0.00001586	0.00001697	0.00013055
k__Bacteria|p__Firmicutes|c__Bacilli|o__Lactobacillales|f__Lactobacillaceae|g__Liquorilactobacillus	0.00000000	0.00000000	0.00000000	0.00000000	0.00000000	0.00000000	0.00000000	0.00000000	0.00000000	0.00000000	0.00000000	0.00000000	0.00000000	0.00000000
k__Bacteria|p__Firmicutes|c__Bacilli|o__Lactobacillales|f__Lactobacillaceae|g__Weissella	0.00000000	0.00003398	0.00000000	0.00000000	0.00000000	0.00000000	0.00000000	0.00001746	0.00005430	0.00000000	0.00002136	0.00000000	0.00003394	0.00001632
k__Bacteria|p__Firmicutes|c__Bacilli|o__Lactobacillales|f__Streptococcaceae|g__Lactococcus	0.00000000	0.00006796	0.00000000	0.00009535	0.00002956	0.00000000	0.00000000	0.00010476	0.00001810	0.00000000	0.00000000	0.00000000	0.00027151	0.00003264
k__Bacteria|p__Firmicutes|c__Bacilli|o__Lactobacillales|f__Streptococcaceae|g__Lactovum	0.00036109	0.00001699	0.00000000	0.00254275	0.00756658	0.00012973	0.00058500	0.00106506	0.00000000	0.00043372	0.00036313	0.00000000	0.00000000	0.00000000
k__Bacteria|p__Firmicutes|c__Bacilli|o__Lactobacillales|f__Streptococcaceae|g__Streptococcus	0.00056170	0.00134212	0.07454169	0.00038141	0.00035468	0.00262045	0.00022135	0.01358383	0.01978245	0.00088715	0.00064082	0.00085668	0.00705934	0.00341052
k__Bacteria|p__Firmicutes|c__Bacilli|o__Lactobacillales|f__Vagococcaceae|g__Vagococcus	0.00000000	0.00000000	0.00000000	0.00000000	0.00000000	0.00000000	0.00000000	0.00001746	0.00000000	0.00001971	0.00000000	0.00000000	0.00001697	0.00000000
k__Bacteria|p__Firmicutes|c__Bacilli|o__Mycoplasmatales|f__Mycoplasmataceae|g__Candidatus_Bacilloplasma	0.00318963	0.00000000	0.00000000	0.01125167	0.01220702	0.00064863	0.00251391	0.00455704	0.00000000	0.00268118	0.00892876	0.00000000	0.00000000	0.00000000
k__Bacteria|p__Firmicutes|c__Bacilli|o__Mycoplasmatales|f__Mycoplasmataceae|g__Mycoplasma	0.00000000	0.00000000	0.00180126	0.00000000	0.00000000	0.00000000	0.00000000	0.00000000	0.00000000	0.00000000	0.00000000	0.00000000	0.00000000	0.00000000
k__Bacteria|p__Firmicutes|c__Bacilli|o__Paenibacillales|f__Paenibacillaceae|g__Cohnella	0.00000000	0.00020387	0.00001683	0.00000000	0.00000000	0.00000000	0.00000000	0.00000000	0.00000000	0.00000000	0.00000000	0.00003173	0.00000000	0.00000000
k__Bacteria|p__Firmicutes|c__Bacilli|o__Paenibacillales|f__Paenibacillaceae|g__Paenibacillus	0.00004012	0.00000000	0.00000000	0.00000000	0.00000000	0.00000000	0.00000000	0.00000000	0.00000000	0.00000000	0.00000000	0.00000000	0.00000000	0.00000000
k__Bacteria|p__Firmicutes|c__Bacilli|o__Paenibacillales|f__Paenibacillaceae|g__Saccharibacillus	0.00000000	0.00000000	0.00001683	0.00000000	0.00000000	0.00000000	0.00000000	0.00000000	0.00000000	0.00000000	0.00000000	0.00001586	0.00001697	0.00001632
k__Bacteria|p__Firmicutes|c__Bacilli|o__Staphylococcales|f__Gemellaceae|g__Gemella	0.00000000	0.00000000	0.00175075	0.00000000	0.00005911	0.00000000	0.00001581	0.00003492	0.00009050	0.00003943	0.00000000	0.00001586	0.00000000	0.00008159
k__Bacteria|p__Firmicutes|c__Bacilli|o__Staphylococcales|f__Staphylococcaceae|g__Macrococcus	0.00000000	0.00005097	0.00001683	0.00003178	0.00000000	0.00000000	0.00000000	0.00001746	0.00000000	0.00000000	0.00000000	0.00001586	0.00000000	0.00000000
k__Bacteria|p__Firmicutes|c__Bacilli|o__Staphylococcales|f__Staphylococcaceae|g__Staphylococcus	0.00008024	0.00013591	0.00107739	0.00012714	0.00017734	0.00018162	0.00004743	0.00001746	0.00371034	0.00000000	0.00000000	0.00001586	0.00032242	0.00001632
k__Bacteria|p__Firmicutes|c__Bacilli|o__Thermoactinomycetales|f__Thermoactinomycetaceae|g__Kroppenstedtia	0.00000000	0.00020387	0.00000000	0.00038141	0.00005911	0.00000000	0.00000000	0.00003492	0.00000000	0.00000000	0.00002136	0.00003173	0.00000000	0.00000000
k__Bacteria|p__Firmicutes|c__Clostridia|o__Christensenellales|f__Christensenellaceae|g__Christensenella	0.00000000	0.00000000	0.00000000	0.00000000	0.00000000	0.00000000	0.00000000	0.00000000	0.00000000	0.00000000	0.00000000	0.00001586	0.00000000	0.00000000
k__Bacteria|p__Firmicutes|c__Clostridia|o__Christensenellales|f__Christensenellaceae|g__Christensenellaceae_R_7_group	0.00653975	0.00553838	0.00191909	0.00177992	0.00514291	0.00285396	0.00056919	0.01464888	0.00684151	0.00382462	0.00220015	0.00076149	0.00113696	0.00076696
k__Bacteria|p__Firmicutes|c__Clostridia|o__Clostridia_UCG_014|f__unidentified_Clostridia_UCG_014|g__unidentified_Clostridia_UCG_014	0.00000000	0.00003398	0.00021884	0.00000000	0.00000000	0.00000000	0.00000000	0.00000000	0.00000000	0.00000000	0.00000000	0.00001586	0.00000000	0.00021214
k__Bacteria|p__Firmicutes|c__Clostridia|o__Clostridia_vadinBB60_group|f__unidentified_Clostridia_vadinBB60_group|g__unidentified_Clostridia_vadinBB60_group	0.00000000	0.00001699	0.00025251	0.00006357	0.00002956	0.00054485	0.00000000	0.00000000	0.00000000	0.00001971	0.00000000	0.00000000	0.00000000	0.00000000
k__Bacteria|p__Firmicutes|c__Clostridia|o__Clostridiales|f__Caloramatoraceae|g__Fonticella	0.00000000	0.00000000	0.00000000	0.00000000	0.00000000	0.00000000	0.00000000	0.00000000	0.00000000	0.00000000	0.00000000	0.00000000	0.00000000	0.00000000
k__Bacteria|p__Firmicutes|c__Clostridia|o__Clostridiales|f__Clostridiaceae|g__Candidatus_Arthromitus	0.00000000	0.00000000	0.00003367	0.00006357	0.00000000	0.00015567	0.00000000	0.00000000	0.00012669	0.00033515	0.00000000	0.00000000	0.00000000	0.00000000
k__Bacteria|p__Firmicutes|c__Clostridia|o__Clostridiales|f__Clostridiaceae|g__Clostridium_sensu_stricto_1	0.00224679	0.00006796	0.00013467	0.00044498	0.00050247	0.00018162	0.00044270	0.00048888	0.00066967	0.00015772	0.00008544	0.00034902	0.00018667	0.00004895
k__Bacteria|p__Firmicutes|c__Clostridia|o__Clostridiales|f__Clostridiaceae|g__Clostridium_sensu_stricto_10	0.00002006	0.00000000	0.00000000	0.00000000	0.00000000	0.00000000	0.00000000	0.00000000	0.00000000	0.00000000	0.00000000	0.00000000	0.00000000	0.00000000
k__Bacteria|p__Firmicutes|c__Clostridia|o__Clostridiales|f__Clostridiaceae|g__Clostridium_sensu_stricto_11	0.00000000	0.00000000	0.00000000	0.00000000	0.00000000	0.00005189	0.00000000	0.00000000	0.00000000	0.00000000	0.00000000	0.00000000	0.00000000	0.00000000
k__Bacteria|p__Firmicutes|c__Clostridia|o__Clostridiales|f__Clostridiaceae|g__Clostridium_sensu_stricto_12	0.00014042	0.00000000	0.00015151	0.00025427	0.00124139	0.00000000	0.00031622	0.00003492	0.00005430	0.00000000	0.00000000	0.00000000	0.00005091	0.00003264
k__Bacteria|p__Firmicutes|c__Clostridia|o__Clostridiales|f__Clostridiaceae|g__Clostridium_sensu_stricto_13	0.00000000	0.00018688	0.00010100	0.00000000	0.00005911	0.00000000	0.00000000	0.00000000	0.00001810	0.00000000	0.00000000	0.00000000	0.00001697	0.00000000
k__Bacteria|p__Firmicutes|c__Clostridia|o__Clostridiales|f__Clostridiaceae|g__Clostridium_sensu_stricto_18	0.00000000	0.00000000	0.00005050	0.00000000	0.00000000	0.00002595	0.00000000	0.00000000	0.00000000	0.00000000	0.00000000	0.00000000	0.00000000	0.00000000
k__Bacteria|p__Firmicutes|c__Clostridia|o__Clostridiales|f__Clostridiaceae|g__Clostridium_sensu_stricto_3	0.00006018	0.00000000	0.00005050	0.00003178	0.00008867	0.00000000	0.00000000	0.00000000	0.00000000	0.00000000	0.00000000	0.00000000	0.00000000	0.00000000
k__Bacteria|p__Firmicutes|c__Clostridia|o__Clostridiales|f__Clostridiaceae|g__Clostridium_sensu_stricto_6	0.00008024	0.00016989	0.00000000	0.00000000	0.00000000	0.00005189	0.00000000	0.00000000	0.00000000	0.00000000	0.00000000	0.00000000	0.00000000	0.00000000
k__Bacteria|p__Firmicutes|c__Clostridia|o__Clostridiales|f__Clostridiaceae|g__Haloimpatiens	0.00000000	0.00000000	0.00000000	0.00000000	0.00000000	0.00000000	0.00000000	0.00000000	0.00000000	0.00000000	0.00000000	0.00000000	0.00000000	0.00003264
k__Bacteria|p__Firmicutes|c__Clostridia|o__Clostridiales|f__Clostridiaceae|g__Hathewaya	0.00000000	0.00000000	0.00000000	0.00000000	0.00000000	0.00000000	0.00000000	0.00001746	0.00000000	0.00000000	0.00000000	0.00001586	0.00000000	0.00000000
k__Bacteria|p__Firmicutes|c__Clostridia|o__Clostridiales|f__Clostridiaceae|g__Proteiniclasticum	0.00064194	0.00018688	0.00062286	0.00019071	0.00053202	0.00000000	0.00004743	0.00459196	0.00043438	0.00106458	0.00025633	0.00003173	0.00003394	0.00027741
k__Bacteria|p__Firmicutes|c__Clostridia|o__Eubacteriales|f__Alkalibacteraceae|g__Alkalibacter	0.00006018	0.00015290	0.00006734	0.00000000	0.00000000	0.00000000	0.00001581	0.00017460	0.00000000	0.00011829	0.00021361	0.00001586	0.00000000	0.00001632
k__Bacteria|p__Firmicutes|c__Clostridia|o__Eubacteriales|f__Anaerofustaceae|g__Anaerofustis	0.00006018	0.00005097	0.00000000	0.00000000	0.00000000	0.00005189	0.00001581	0.00008730	0.00000000	0.00005914	0.00000000	0.00000000	0.00003394	0.00001632
k__Bacteria|p__Firmicutes|c__Clostridia|o__Eubacteriales|f__Eubacteriaceae|g__Acetobacterium	0.00004012	0.00000000	0.00000000	0.00000000	0.00005911	0.00000000	0.00000000	0.00001746	0.00001810	0.00000000	0.00000000	0.00000000	0.00000000	0.00000000
k__Bacteria|p__Firmicutes|c__Clostridia|o__Eubacteriales|f__Eubacteriaceae|g__Pseudoramibacter	0.00004012	0.00000000	0.00074070	0.00000000	0.00000000	0.00000000	0.00000000	0.00010476	0.00003620	0.00003943	0.00004272	0.00000000	0.00000000	0.00001632
k__Bacteria|p__Firmicutes|c__Clostridia|o__Lachnospirales|f__Defluviitaleaceae|g__Defluviitaleaceae_UCG_011	0.00002006	0.00005097	0.00058920	0.00000000	0.00000000	0.00002595	0.00000000	0.00000000	0.00001810	0.00000000	0.00000000	0.00000000	0.00000000	0.00022846
k__Bacteria|p__Firmicutes|c__Clostridia|o__Lachnospirales|f__Lachnospiraceae|g__A2	0.00000000	0.00000000	0.00000000	0.00000000	0.00000000	0.00005189	0.00000000	0.00000000	0.00000000	0.00000000	0.00000000	0.00000000	0.00000000	0.00000000
k__Bacteria|p__Firmicutes|c__Clostridia|o__Lachnospirales|f__Lachnospiraceae|g__Acetitomaculum	0.00006018	0.00000000	0.00000000	0.00000000	0.00000000	0.00005189	0.00003162	0.00094284	0.00025339	0.00011829	0.00010680	0.00000000	0.00008485	0.00001632
k__Bacteria|p__Firmicutes|c__Clostridia|o__Lachnospirales|f__Lachnospiraceae|g__Agathobacter	0.00022067	0.00042472	0.00003367	0.00025427	0.00002956	0.00072646	0.00001581	0.00024444	0.00050678	0.00031543	0.00006408	0.00028556	0.00006788	0.00001632
k__Bacteria|p__Firmicutes|c__Clostridia|o__Lachnospirales|f__Lachnospiraceae|g__Anaerosporobacter	0.00000000	0.00000000	0.00000000	0.00000000	0.00002956	0.00000000	0.00000000	0.00000000	0.00000000	0.00000000	0.00000000	0.00000000	0.00000000	0.00000000
k__Bacteria|p__Firmicutes|c__Clostridia|o__Lachnospirales|f__Lachnospiraceae|g__Anaerostipes	0.00020061	0.00011892	0.00000000	0.00000000	0.00000000	0.00018162	0.00006324	0.00000000	0.00000000	0.00000000	0.00000000	0.00000000	0.00000000	0.00000000
k__Bacteria|p__Firmicutes|c__Clostridia|o__Lachnospirales|f__Lachnospiraceae|g__Blautia	0.00024073	0.00137610	0.00006734	0.00031784	0.00011823	0.00075241	0.00006324	0.00041904	0.00032579	0.00029572	0.00012816	0.00226862	0.00005091	0.00003264
k__Bacteria|p__Firmicutes|c__Clostridia|o__Lachnospirales|f__Lachnospiraceae|g__Butyrivibrio	0.00000000	0.00000000	0.00003367	0.00000000	0.00005911	0.00000000	0.00000000	0.00015714	0.00010860	0.00003943	0.00000000	0.00000000	0.00001697	0.00000000
k__Bacteria|p__Firmicutes|c__Clostridia|o__Lachnospirales|f__Lachnospiraceae|g__CHKCI001	0.00000000	0.00000000	0.00000000	0.00000000	0.00000000	0.00015567	0.00000000	0.00000000	0.00000000	0.00000000	0.00000000	0.00000000	0.00000000	0.00000000
k__Bacteria|p__Firmicutes|c__Clostridia|o__Lachnospirales|f__Lachnospiraceae|g__Catonella	0.00000000	0.00000000	0.00050502	0.00000000	0.00000000	0.00000000	0.00000000	0.00006984	0.00001810	0.00000000	0.00000000	0.00000000	0.00001697	0.00004895
k__Bacteria|p__Firmicutes|c__Clostridia|o__Lachnospirales|f__Lachnospiraceae|g__Cellulosilyticum	0.00000000	0.00000000	0.00000000	0.00000000	0.00000000	0.00000000	0.00000000	0.00000000	0.00000000	0.00000000	0.00000000	0.00000000	0.00000000	0.00000000
k__Bacteria|p__Firmicutes|c__Clostridia|o__Lachnospirales|f__Lachnospiraceae|g__Coprococcus	0.00004012	0.00010193	0.00000000	0.00015892	0.00000000	0.00002595	0.00000000	0.00000000	0.00007240	0.00000000	0.00000000	0.00006346	0.00001697	0.00000000
k__Bacteria|p__Firmicutes|c__Clostridia|o__Lachnospirales|f__Lachnospiraceae|g__Epulopiscium	0.00000000	0.00000000	0.00000000	0.00000000	0.00000000	0.00000000	0.00000000	0.00000000	0.00019909	0.00000000	0.00000000	0.00000000	0.00000000	0.00000000
k__Bacteria|p__Firmicutes|c__Clostridia|o__Lachnospirales|f__Lachnospiraceae|g__Fusicatenibacter	0.00000000	0.00000000	0.00001683	0.00006357	0.00000000	0.00000000	0.00000000	0.00005238	0.00003620	0.00003943	0.00000000	0.00001586	0.00045818	0.00000000
k__Bacteria|p__Firmicutes|c__Clostridia|o__Lachnospirales|f__Lachnospiraceae|g__GCA_900066575	0.00010030	0.00117223	0.00005050	0.00006357	0.00000000	0.00010378	0.00000000	0.00000000	0.00000000	0.00003943	0.00000000	0.00052353	0.00000000	0.00004895
k__Bacteria|p__Firmicutes|c__Clostridia|o__Lachnospirales|f__Lachnospiraceae|g__Howardella	0.00000000	0.00000000	0.00000000	0.00000000	0.00000000	0.00002595	0.00000000	0.00000000	0.00000000	0.00000000	0.00000000	0.00000000	0.00000000	0.00000000
k__Bacteria|p__Firmicutes|c__Clostridia|o__Lachnospirales|f__Lachnospiraceae|g__Johnsonella	0.00000000	0.00000000	0.00200327	0.00000000	0.00000000	0.00000000	0.00000000	0.00000000	0.00000000	0.00000000	0.00000000	0.00000000	0.00000000	0.00022846
k__Bacteria|p__Firmicutes|c__Clostridia|o__Lachnospirales|f__Lachnospiraceae|g__Lachnoanaerobaculum	0.00000000	0.00000000	0.00212110	0.00000000	0.00000000	0.00000000	0.00000000	0.00000000	0.00000000	0.00000000	0.00000000	0.00003173	0.00000000	0.00156655
k__Bacteria|p__Firmicutes|c__Clostridia|o__Lachnospirales|f__Lachnospiraceae|g__Lachnoclostridium	0.00004012	0.00052666	0.00010100	0.00009535	0.00002956	0.00002595	0.00000000	0.00001746	0.00000000	0.00000000	0.00000000	0.00000000	0.00008485	0.00006527
k__Bacteria|p__Firmicutes|c__Clostridia|o__Lachnospirales|f__Lachnospiraceae|g__Lachnospira	0.00012036	0.00000000	0.00000000	0.00000000	0.00005911	0.00000000	0.00000000	0.00000000	0.00003620	0.00000000	0.00000000	0.00000000	0.00000000	0.00000000
k__Bacteria|p__Firmicutes|c__Clostridia|o__Lachnospirales|f__Lachnospiraceae|g__Lachnospiraceae_AC2044_group	0.00000000	0.00000000	0.00000000	0.00000000	0.00000000	0.00000000	0.00000000	0.00000000	0.00000000	0.00000000	0.00000000	0.00000000	0.00000000	0.00000000
k__Bacteria|p__Firmicutes|c__Clostridia|o__Lachnospirales|f__Lachnospiraceae|g__Lachnospiraceae_FCS020_group	0.00002006	0.00000000	0.00001683	0.00000000	0.00000000	0.00002595	0.00000000	0.00000000	0.00000000	0.00000000	0.00000000	0.00000000	0.00000000	0.00000000
k__Bacteria|p__Firmicutes|c__Clostridia|o__Lachnospirales|f__Lachnospiraceae|g__Lachnospiraceae_ND3007_group	0.00000000	0.00000000	0.00000000	0.00000000	0.00000000	0.00000000	0.00000000	0.00003492	0.00001810	0.00000000	0.00000000	0.00000000	0.00000000	0.00000000
k__Bacteria|p__Firmicutes|c__Clostridia|o__Lachnospirales|f__Lachnospiraceae|g__Lachnospiraceae_NK3A20_group	0.00000000	0.00000000	0.00003367	0.00000000	0.00000000	0.00000000	0.00000000	0.00006984	0.00000000	0.00000000	0.00004272	0.00000000	0.00000000	0.00000000
k__Bacteria|p__Firmicutes|c__Clostridia|o__Lachnospirales|f__Lachnospiraceae|g__Lachnospiraceae_NK4A136_group	0.00341030	0.01651320	0.00042085	0.00009535	0.00038424	0.00363231	0.00047432	0.00013968	0.00124885	0.00025629	0.00004272	0.00220516	0.00005091	0.00021214
k__Bacteria|p__Firmicutes|c__Clostridia|o__Lachnospirales|f__Lachnospiraceae|g__Lachnospiraceae_UCG_001	0.00000000	0.00000000	0.00000000	0.00000000	0.00000000	0.00000000	0.00000000	0.00000000	0.00000000	0.00000000	0.00000000	0.00000000	0.00000000	0.00000000
k__Bacteria|p__Firmicutes|c__Clostridia|o__Lachnospirales|f__Lachnospiraceae|g__Lachnospiraceae_UCG_002	0.00000000	0.00000000	0.00000000	0.00000000	0.00000000	0.00000000	0.00000000	0.00000000	0.00000000	0.00000000	0.00000000	0.00000000	0.00000000	0.00000000
k__Bacteria|p__Firmicutes|c__Clostridia|o__Lachnospirales|f__Lachnospiraceae|g__Lachnospiraceae_UCG_004	0.00006018	0.00010193	0.00003367	0.00000000	0.00000000	0.00002595	0.00000000	0.00000000	0.00001810	0.00000000	0.00000000	0.00000000	0.00000000	0.00004895
k__Bacteria|p__Firmicutes|c__Clostridia|o__Lachnospirales|f__Lachnospiraceae|g__Lachnospiraceae_UCG_006	0.00000000	0.00035677	0.00006734	0.00000000	0.00000000	0.00010378	0.00000000	0.00003492	0.00000000	0.00000000	0.00000000	0.00012692	0.00000000	0.00001632
k__Bacteria|p__Firmicutes|c__Clostridia|o__Lachnospirales|f__Lachnospiraceae|g__Lachnospiraceae_UCG_008	0.00000000	0.00000000	0.00006734	0.00000000	0.00000000	0.00000000	0.00000000	0.00000000	0.00000000	0.00000000	0.00000000	0.00000000	0.00000000	0.00000000
k__Bacteria|p__Firmicutes|c__Clostridia|o__Lachnospirales|f__Lachnospiraceae|g__Lachnospiraceae_UCG_010	0.00000000	0.00000000	0.00000000	0.00000000	0.00000000	0.00000000	0.00000000	0.00003492	0.00001810	0.00000000	0.00000000	0.00000000	0.00000000	0.00003264
k__Bacteria|p__Firmicutes|c__Clostridia|o__Lachnospirales|f__Lachnospiraceae|g__Lachnospiraceae_XPB1014_group	0.00000000	0.00000000	0.00000000	0.00000000	0.00000000	0.00000000	0.00000000	0.00000000	0.00000000	0.00000000	0.00000000	0.00000000	0.00001697	0.00000000
k__Bacteria|p__Firmicutes|c__Clostridia|o__Lachnospirales|f__Lachnospiraceae|g__Lachnotalea	0.00000000	0.00003398	0.00015151	0.00006357	0.00000000	0.00000000	0.00000000	0.00017460	0.00000000	0.00009857	0.00000000	0.00000000	0.00001697	0.00001632
k__Bacteria|p__Firmicutes|c__Clostridia|o__Lachnospirales|f__Lachnospiraceae|g__Marvinbryantia	0.00000000	0.00027182	0.00000000	0.00000000	0.00000000	0.00000000	0.00000000	0.00000000	0.00000000	0.00000000	0.00000000	0.00000000	0.00000000	0.00000000
k__Bacteria|p__Firmicutes|c__Clostridia|o__Lachnospirales|f__Lachnospiraceae|g__Moryella	0.00000000	0.00000000	0.00000000	0.00000000	0.00000000	0.00000000	0.00000000	0.00005238	0.00000000	0.00000000	0.00000000	0.00000000	0.00000000	0.00000000
k__Bacteria|p__Firmicutes|c__Clostridia|o__Lachnospirales|f__Lachnospiraceae|g__Oribacterium	0.00002006	0.00000000	0.00131306	0.00000000	0.00000000	0.00007784	0.00000000	0.00001746	0.00014479	0.00003943	0.00000000	0.00001586	0.00001697	0.00071800
k__Bacteria|p__Firmicutes|c__Clostridia|o__Lachnospirales|f__Lachnospiraceae|g__Roseburia	0.00024073	0.00057762	0.00005050	0.00015892	0.00005911	0.00023351	0.00007905	0.00008730	0.00009050	0.00000000	0.00000000	0.00017451	0.00000000	0.00000000
k__Bacteria|p__Firmicutes|c__Clostridia|o__Lachnospirales|f__Lachnospiraceae|g__Shuttleworthia	0.00000000	0.00000000	0.00006734	0.00000000	0.00000000	0.00005189	0.00000000	0.00017460	0.00005430	0.00001971	0.00002136	0.00000000	0.00001697	0.00000000
k__Bacteria|p__Firmicutes|c__Clostridia|o__Lachnospirales|f__Lachnospiraceae|g__Stomatobaculum	0.00000000	0.00005097	0.00038719	0.00000000	0.00000000	0.00000000	0.00000000	0.00001746	0.00000000	0.00000000	0.00000000	0.00000000	0.00000000	0.00047323
k__Bacteria|p__Firmicutes|c__Clostridia|o__Lachnospirales|f__Lachnospiraceae|g__Syntrophococcus	0.00000000	0.00000000	0.00000000	0.00000000	0.00000000	0.00005189	0.00000000	0.00000000	0.00000000	0.00000000	0.00000000	0.00000000	0.00000000	0.00000000
k__Bacteria|p__Firmicutes|c__Clostridia|o__Lachnospirales|f__Lachnospiraceae|g__Tyzzerella	0.00052158	0.00000000	0.00000000	0.01433475	0.00378329	0.00036323	0.00151783	0.00293327	0.00000000	0.00151802	0.00465663	0.00000000	0.00000000	0.00000000
k__Bacteria|p__Firmicutes|c__Clostridia|o__Lachnospirales|f__Lachnospiraceae|g__XBB1006	0.00000000	0.00000000	0.00000000	0.00000000	0.00000000	0.00000000	0.00000000	0.00000000	0.00000000	0.00003943	0.00004272	0.00000000	0.00000000	0.00000000
k__Bacteria|p__Firmicutes|c__Clostridia|o__Lachnospirales|f__Lachnospiraceae|g___Eubacterium__eligens_group	0.00000000	0.00008494	0.00001683	0.00000000	0.00005911	0.00000000	0.00001581	0.00001746	0.00010860	0.00003943	0.00000000	0.00001586	0.00001697	0.00000000
k__Bacteria|p__Firmicutes|c__Clostridia|o__Lachnospirales|f__Lachnospiraceae|g___Eubacterium__fissicatena_group	0.00002006	0.00013591	0.00000000	0.00000000	0.00000000	0.00000000	0.00003162	0.00000000	0.00000000	0.00003943	0.00000000	0.00092014	0.00000000	0.00000000
k__Bacteria|p__Firmicutes|c__Clostridia|o__Lachnospirales|f__Lachnospiraceae|g___Eubacterium__hallii_group	0.00000000	0.00000000	0.00000000	0.00000000	0.00000000	0.00002595	0.00000000	0.00000000	0.00000000	0.00000000	0.00000000	0.00000000	0.00000000	0.00000000
k__Bacteria|p__Firmicutes|c__Clostridia|o__Lachnospirales|f__Lachnospiraceae|g___Eubacterium__ruminantium_group	0.00036109	0.00000000	0.00001683	0.00000000	0.00000000	0.00005189	0.00004743	0.00000000	0.00000000	0.00001971	0.00000000	0.00000000	0.00000000	0.00000000
k__Bacteria|p__Firmicutes|c__Clostridia|o__Lachnospirales|f__Lachnospiraceae|g___Eubacterium__ventriosum_group	0.00002006	0.00069654	0.00000000	0.00000000	0.00000000	0.00000000	0.00000000	0.00000000	0.00003620	0.00000000	0.00000000	0.00000000	0.00000000	0.00000000
k__Bacteria|p__Firmicutes|c__Clostridia|o__Lachnospirales|f__Lachnospiraceae|g___Eubacterium__xylanophilum_group	0.00042127	0.00171588	0.00000000	0.00000000	0.00000000	0.00033729	0.00004743	0.00001746	0.00001810	0.00003943	0.00000000	0.00011105	0.00000000	0.00003264
k__Bacteria|p__Firmicutes|c__Clostridia|o__Lachnospirales|f__Lachnospiraceae|g___Ruminococcus__gauvreauii_group	0.00006018	0.00000000	0.00000000	0.00000000	0.00000000	0.00000000	0.00000000	0.00017460	0.00007240	0.00003943	0.00000000	0.00000000	0.00000000	0.00000000
k__Bacteria|p__Firmicutes|c__Clostridia|o__Lachnospirales|f__Lachnospiraceae|g___Ruminococcus__torques_group	0.00004012	0.00263328	0.00000000	0.00006357	0.00011823	0.00000000	0.00001581	0.00005238	0.00001810	0.00003943	0.00002136	0.00034902	0.00003394	0.00000000
k__Bacteria|p__Firmicutes|c__Clostridia|o__Lachnospirales|f__Lachnospiraceae|g__probable_genus_10	0.00000000	0.00000000	0.00000000	0.00000000	0.00000000	0.00002595	0.00000000	0.00000000	0.00000000	0.00000000	0.00000000	0.00000000	0.00000000	0.00000000
k__Bacteria|p__Firmicutes|c__Clostridia|o__Monoglobales|f__Monoglobaceae|g__Monoglobus	0.00040121	0.00064558	0.00000000	0.00003178	0.00000000	0.00020756	0.00007905	0.00005238	0.00005430	0.00019715	0.00000000	0.00007932	0.00000000	0.00000000
k__Bacteria|p__Firmicutes|c__Clostridia|o__Oscillospirales|f__Butyricicoccaceae|g__Butyricicoccus	0.00002006	0.00006796	0.00000000	0.00003178	0.00002956	0.00012973	0.00000000	0.00006984	0.00003620	0.00000000	0.00000000	0.00003173	0.00000000	0.00000000
k__Bacteria|p__Firmicutes|c__Clostridia|o__Oscillospirales|f__Butyricicoccaceae|g__UCG_009	0.00010030	0.00023784	0.00000000	0.00000000	0.00000000	0.00033729	0.00000000	0.00013968	0.00001810	0.00001971	0.00000000	0.00000000	0.00000000	0.00000000
k__Bacteria|p__Firmicutes|c__Clostridia|o__Oscillospirales|f__Ethanoligenenaceae|g__Acetanaerobacterium	0.00002006	0.00001699	0.00006734	0.00000000	0.00000000	0.00000000	0.00000000	0.00000000	0.00000000	0.00000000	0.00000000	0.00000000	0.00000000	0.00000000
k__Bacteria|p__Firmicutes|c__Clostridia|o__Oscillospirales|f__Hungateiclostridiaceae|g__Acetivibrio	0.00000000	0.00000000	0.00000000	0.00000000	0.00005911	0.00000000	0.00000000	0.00000000	0.00000000	0.00000000	0.00000000	0.00000000	0.00000000	0.00000000
k__Bacteria|p__Firmicutes|c__Clostridia|o__Oscillospirales|f__Hungateiclostridiaceae|g__Ercella	0.00152460	0.00074751	0.00062286	0.00063569	0.00183253	0.00028540	0.00018973	0.00080316	0.00027149	0.00059144	0.00021361	0.00012692	0.00006788	0.00019582
k__Bacteria|p__Firmicutes|c__Clostridia|o__Oscillospirales|f__Hungateiclostridiaceae|g__Fastidiosipila	0.00000000	0.00000000	0.00000000	0.00000000	0.00000000	0.00000000	0.00000000	0.00013968	0.00003620	0.00001971	0.00000000	0.00000000	0.00027151	0.00000000
k__Bacteria|p__Firmicutes|c__Clostridia|o__Oscillospirales|f__Hungateiclostridiaceae|g__HN_HF0106	0.00144436	0.00035677	0.00003367	0.00028606	0.00070937	0.00000000	0.00014230	0.00029682	0.00009050	0.00007886	0.00000000	0.00003173	0.00000000	0.00009791
k__Bacteria|p__Firmicutes|c__Clostridia|o__Oscillospirales|f__Hungateiclostridiaceae|g__Ruminiclostridium	0.00014042	0.00006796	0.00001683	0.00000000	0.00014778	0.00005189	0.00000000	0.00010476	0.00000000	0.00000000	0.00000000	0.00000000	0.00000000	0.00000000
k__Bacteria|p__Firmicutes|c__Clostridia|o__Oscillospirales|f__Hungateiclostridiaceae|g__Saccharofermentans	0.00040121	0.00033978	0.00016834	0.00047677	0.00056158	0.00046701	0.00009486	0.00109998	0.00076017	0.00147859	0.00111076	0.00093600	0.00140847	0.00094646
k__Bacteria|p__Firmicutes|c__Clostridia|o__Oscillospirales|f__Oscillospiraceae|g__Colidextribacter	0.00072218	0.00181781	0.00010100	0.00000000	0.00014778	0.00038918	0.00012649	0.00000000	0.00000000	0.00011829	0.00000000	0.00334740	0.00003394	0.00003264
k__Bacteria|p__Firmicutes|c__Clostridia|o__Oscillospirales|f__Oscillospiraceae|g__Flavonifractor	0.00000000	0.00000000	0.00001683	0.00003178	0.00000000	0.00007784	0.00000000	0.00000000	0.00000000	0.00000000	0.00000000	0.00003173	0.00000000	0.00000000
k__Bacteria|p__Firmicutes|c__Clostridia|o__Oscillospirales|f__Oscillospiraceae|g__Intestinimonas	0.00010030	0.00008494	0.00000000	0.00003178	0.00000000	0.00012973	0.00001581	0.00001746	0.00000000	0.00001971	0.00002136	0.00003173	0.00000000	0.00000000
k__Bacteria|p__Firmicutes|c__Clostridia|o__Oscillospirales|f__Oscillospiraceae|g__NK4A214_group	0.00074224	0.00076450	0.00023568	0.00028606	0.00017734	0.00054485	0.00077473	0.00363167	0.00070587	0.00059144	0.00038449	0.00004759	0.00010182	0.00003264
k__Bacteria|p__Firmicutes|c__Clostridia|o__Oscillospirales|f__Oscillospiraceae|g__Oscillibacter	0.00034103	0.00033978	0.00008417	0.00000000	0.00000000	0.00041512	0.00003162	0.00008730	0.00007240	0.00011829	0.00002136	0.00041248	0.00003394	0.00004895
k__Bacteria|p__Firmicutes|c__Clostridia|o__Oscillospirales|f__Oscillospiraceae|g__Papillibacter	0.00000000	0.00000000	0.00000000	0.00000000	0.00000000	0.00000000	0.00000000	0.00000000	0.00000000	0.00000000	0.00000000	0.00000000	0.00000000	0.00000000
k__Bacteria|p__Firmicutes|c__Clostridia|o__Oscillospirales|f__Oscillospiraceae|g__Sporobacter	0.00000000	0.00011892	0.00000000	0.00000000	0.00005911	0.00002595	0.00000000	0.00003492	0.00000000	0.00001971	0.00002136	0.00004759	0.00001697	0.00001632
k__Bacteria|p__Firmicutes|c__Clostridia|o__Oscillospirales|f__Oscillospiraceae|g__UCG_002	0.00028085	0.00006796	0.00006734	0.00015892	0.00000000	0.00015567	0.00006324	0.00045396	0.00099546	0.00015772	0.00002136	0.00006346	0.00005091	0.00006527
k__Bacteria|p__Firmicutes|c__Clostridia|o__Oscillospirales|f__Oscillospiraceae|g__UCG_003	0.00004012	0.00000000	0.00000000	0.00000000	0.00000000	0.00000000	0.00000000	0.00000000	0.00005430	0.00001971	0.00002136	0.00000000	0.00001697	0.00000000
k__Bacteria|p__Firmicutes|c__Clostridia|o__Oscillospirales|f__Oscillospiraceae|g__UCG_005	0.00050151	0.00016989	0.00003367	0.00012714	0.00011823	0.00103780	0.00011068	0.00034920	0.00021719	0.00017743	0.00010680	0.00007932	0.00003394	0.00001632
k__Bacteria|p__Firmicutes|c__Clostridia|o__Oscillospirales|f__Ruminococcaceae|g__Anaerofilum	0.00000000	0.00000000	0.00000000	0.00000000	0.00000000	0.00000000	0.00001581	0.00000000	0.00000000	0.00000000	0.00000000	0.00000000	0.00000000	0.00000000
k__Bacteria|p__Firmicutes|c__Clostridia|o__Oscillospirales|f__Ruminococcaceae|g__Anaerotruncus	0.00000000	0.00013591	0.00005050	0.00000000	0.00000000	0.00000000	0.00003162	0.00003492	0.00000000	0.00000000	0.00000000	0.00017451	0.00000000	0.00003264
k__Bacteria|p__Firmicutes|c__Clostridia|o__Oscillospirales|f__Ruminococcaceae|g__Candidatus_Soleaferrea	0.00022067	0.00013591	0.00001683	0.00006357	0.00014778	0.00005189	0.00001581	0.00036666	0.00009050	0.00007886	0.00006408	0.00020624	0.00006788	0.00013055
k__Bacteria|p__Firmicutes|c__Clostridia|o__Oscillospirales|f__Ruminococcaceae|g__DTU089	0.00000000	0.00000000	0.00000000	0.00000000	0.00000000	0.00000000	0.00000000	0.00000000	0.00000000	0.00000000	0.00000000	0.00000000	0.00000000	0.00000000
k__Bacteria|p__Firmicutes|c__Clostridia|o__Oscillospirales|f__Ruminococcaceae|g__Faecalibacterium	0.00052158	0.00035677	0.00020201	0.00104888	0.00041380	0.00090808	0.00007905	0.00054126	0.00273298	0.00039429	0.00006408	0.00015864	0.00013576	0.00004895
k__Bacteria|p__Firmicutes|c__Clostridia|o__Oscillospirales|f__Ruminococcaceae|g__Fournierella	0.00000000	0.00000000	0.00000000	0.00000000	0.00000000	0.00000000	0.00000000	0.00000000	0.00001810	0.00000000	0.00000000	0.00000000	0.00001697	0.00000000
k__Bacteria|p__Firmicutes|c__Clostridia|o__Oscillospirales|f__Ruminococcaceae|g__Harryflintia	0.00002006	0.00005097	0.00000000	0.00000000	0.00000000	0.00000000	0.00001581	0.00000000	0.00000000	0.00000000	0.00000000	0.00001586	0.00000000	0.00000000
k__Bacteria|p__Firmicutes|c__Clostridia|o__Oscillospirales|f__Ruminococcaceae|g__Negativibacillus	0.00000000	0.00003398	0.00000000	0.00000000	0.00000000	0.00000000	0.00000000	0.00000000	0.00000000	0.00000000	0.00000000	0.00003173	0.00000000	0.00000000
k__Bacteria|p__Firmicutes|c__Clostridia|o__Oscillospirales|f__Ruminococcaceae|g__Phocea	0.00000000	0.00000000	0.00000000	0.00000000	0.00000000	0.00000000	0.00000000	0.00000000	0.00000000	0.00000000	0.00000000	0.00000000	0.00000000	0.00000000
k__Bacteria|p__Firmicutes|c__Clostridia|o__Oscillospirales|f__Ruminococcaceae|g__Pygmaiobacter	0.00000000	0.00003398	0.00000000	0.00000000	0.00000000	0.00000000	0.00000000	0.00000000	0.00000000	0.00000000	0.00000000	0.00000000	0.00000000	0.00000000
k__Bacteria|p__Firmicutes|c__Clostridia|o__Oscillospirales|f__Ruminococcaceae|g__Ruminococcus	0.00110333	0.00117223	0.00010100	0.00009535	0.00029557	0.00425499	0.00012649	0.00034920	0.00019909	0.00035486	0.00004272	0.00022210	0.00005091	0.00003264
k__Bacteria|p__Firmicutes|c__Clostridia|o__Oscillospirales|f__Ruminococcaceae|g__Subdoligranulum	0.00026079	0.00008494	0.00006734	0.00050855	0.00011823	0.00036323	0.00001581	0.00027936	0.00030769	0.00009857	0.00006408	0.00001586	0.00001697	0.00003264
k__Bacteria|p__Firmicutes|c__Clostridia|o__Oscillospirales|f__Ruminococcaceae|g__UBA1819	0.00004012	0.00035677	0.00000000	0.00000000	0.00000000	0.00002595	0.00000000	0.00001746	0.00003620	0.00000000	0.00000000	0.00000000	0.00000000	0.00000000
k__Bacteria|p__Firmicutes|c__Clostridia|o__Oscillospirales|f__Ruminococcaceae|g__UCG_001	0.00000000	0.00001699	0.00005050	0.00000000	0.00000000	0.00000000	0.00000000	0.00000000	0.00000000	0.00000000	0.00000000	0.00000000	0.00000000	0.00000000
k__Bacteria|p__Firmicutes|c__Clostridia|o__Oscillospirales|f__Ruminococcaceae|g___Eubacterium__siraeum_group	0.00004012	0.00000000	0.00000000	0.00000000	0.00002956	0.00015567	0.00001581	0.00000000	0.00000000	0.00000000	0.00000000	0.00001586	0.00000000	0.00000000
k__Bacteria|p__Firmicutes|c__Clostridia|o__Oscillospirales|f__unidentified_Oscillospirales|g__Hydrogenoanaerobacterium	0.00000000	0.00000000	0.00000000	0.00000000	0.00000000	0.00000000	0.00000000	0.00005238	0.00000000	0.00000000	0.00000000	0.00000000	0.00000000	0.00001632
k__Bacteria|p__Firmicutes|c__Clostridia|o__Peptococcales|f__Peptococcaceae|g__Dehalobacterium	0.00000000	0.00000000	0.00000000	0.00000000	0.00000000	0.00000000	0.00000000	0.00000000	0.00000000	0.00000000	0.00000000	0.00000000	0.00000000	0.00000000
k__Bacteria|p__Firmicutes|c__Clostridia|o__Peptococcales|f__Peptococcaceae|g__Peptococcus	0.00000000	0.00011892	0.00008417	0.00000000	0.00000000	0.00000000	0.00000000	0.00000000	0.00000000	0.00000000	0.00000000	0.00000000	0.00000000	0.00000000
k__Bacteria|p__Firmicutes|c__Clostridia|o__Peptostreptococcales_Tissierellales|f__Acidaminobacteraceae|g__Acidaminobacter	0.00088267	0.00103632	0.00425904	0.00031784	0.00038424	0.00000000	0.00011068	0.00136187	0.00009050	0.00080830	0.00021361	0.00006346	0.00020363	0.00034268
k__Bacteria|p__Firmicutes|c__Clostridia|o__Peptostreptococcales_Tissierellales|f__Anaerovoracaceae|g__Anaerovorax	0.00318963	0.00139309	0.00072387	0.00136673	0.00171430	0.00031134	0.00047432	0.00530782	0.00153843	0.00230660	0.00102531	0.00107878	0.00088242	0.00044059
k__Bacteria|p__Firmicutes|c__Clostridia|o__Peptostreptococcales_Tissierellales|f__Anaerovoracaceae|g__Family_XIII_AD3011_group	0.00002006	0.00008494	0.00000000	0.00003178	0.00000000	0.00007784	0.00001581	0.00017460	0.00018099	0.00001971	0.00008544	0.00000000	0.00001697	0.00000000
k__Bacteria|p__Firmicutes|c__Clostridia|o__Peptostreptococcales_Tissierellales|f__Anaerovoracaceae|g__Family_XIII_UCG_001	0.00000000	0.00008494	0.00000000	0.00000000	0.00000000	0.00000000	0.00000000	0.00000000	0.00001810	0.00000000	0.00000000	0.00000000	0.00000000	0.00001632
k__Bacteria|p__Firmicutes|c__Clostridia|o__Peptostreptococcales_Tissierellales|f__Anaerovoracaceae|g__Mogibacterium	0.00000000	0.00000000	0.00025251	0.00003178	0.00000000	0.00000000	0.00000000	0.00000000	0.00001810	0.00000000	0.00000000	0.00000000	0.00000000	0.00000000
k__Bacteria|p__Firmicutes|c__Clostridia|o__Peptostreptococcales_Tissierellales|f__Anaerovoracaceae|g___Eubacterium__brachy_group	0.00629902	0.00275220	0.00235678	0.00222491	0.00319215	0.00038918	0.00039527	0.00415546	0.00112215	0.00486949	0.00091851	0.00130089	0.00040727	0.00071800
k__Bacteria|p__Firmicutes|c__Clostridia|o__Peptostreptococcales_Tissierellales|f__Anaerovoracaceae|g___Eubacterium__nodatum_group	0.00002006	0.00054364	0.00090904	0.00000000	0.00002956	0.00000000	0.00009486	0.00010476	0.00003620	0.00003943	0.00000000	0.00014278	0.00000000	0.00004895
k__Bacteria|p__Firmicutes|c__Clostridia|o__Peptostreptococcales_Tissierellales|f__Family_XI|g__Anaerococcus	0.00000000	0.00000000	0.00000000	0.00000000	0.00000000	0.00000000	0.00000000	0.00000000	0.00034389	0.00000000	0.00000000	0.00000000	0.00000000	0.00000000
k__Bacteria|p__Firmicutes|c__Clostridia|o__Peptostreptococcales_Tissierellales|f__Family_XI|g__Gallicola	0.00000000	0.00000000	0.00000000	0.00000000	0.00000000	0.00000000	0.00000000	0.00008730	0.00003620	0.00000000	0.00000000	0.00000000	0.00000000	0.00000000
k__Bacteria|p__Firmicutes|c__Clostridia|o__Peptostreptococcales_Tissierellales|f__Family_XI|g__Parvimonas	0.00000000	0.00006796	0.00260930	0.00000000	0.00000000	0.00057079	0.00000000	0.00000000	0.00000000	0.00001971	0.00000000	0.00004759	0.00001697	0.00006527
k__Bacteria|p__Firmicutes|c__Clostridia|o__Peptostreptococcales_Tissierellales|f__Family_XI|g__Soehngenia	0.00034103	0.00003398	0.00016834	0.00015892	0.00000000	0.00000000	0.00003162	0.00223487	0.00001810	0.00013800	0.00025633	0.00001586	0.00000000	0.00001632
k__Bacteria|p__Firmicutes|c__Clostridia|o__Peptostreptococcales_Tissierellales|f__Family_XI|g__Tissierella	0.00002006	0.00000000	0.00000000	0.00000000	0.00002956	0.00000000	0.00000000	0.00045396	0.00000000	0.00003943	0.00006408	0.00000000	0.00000000	0.00000000
k__Bacteria|p__Firmicutes|c__Clostridia|o__Peptostreptococcales_Tissierellales|f__Family_XI|g__W5053	0.00006018	0.00000000	0.00013467	0.00000000	0.00002956	0.00000000	0.00000000	0.00020952	0.00010860	0.00001971	0.00000000	0.00000000	0.00000000	0.00009791
k__Bacteria|p__Firmicutes|c__Clostridia|o__Peptostreptococcales_Tissierellales|f__Fusibacteraceae|g__Fusibacter	0.00066200	0.00022086	0.00065653	0.00015892	0.00035468	0.00010378	0.00007905	0.00038412	0.00023529	0.00009857	0.00002136	0.00001586	0.00066181	0.00066905
k__Bacteria|p__Firmicutes|c__Clostridia|o__Peptostreptococcales_Tissierellales|f__Peptostreptococcaceae|g__Acetoanaerobium	0.00040121	0.00000000	0.00018518	0.00025427	0.00011823	0.00002595	0.00001581	0.00233963	0.00041628	0.00067029	0.00010680	0.00012692	0.00027151	0.00011423
k__Bacteria|p__Firmicutes|c__Clostridia|o__Peptostreptococcales_Tissierellales|f__Peptostreptococcaceae|g__Filifactor	0.00000000	0.00003398	0.00173392	0.00000000	0.00000000	0.00000000	0.00000000	0.00000000	0.00001810	0.00000000	0.00000000	0.00000000	0.00000000	0.00063641
k__Bacteria|p__Firmicutes|c__Clostridia|o__Peptostreptococcales_Tissierellales|f__Peptostreptococcaceae|g__Intestinibacter	0.00002006	0.00010193	0.00005050	0.00000000	0.00011823	0.00005189	0.00000000	0.00001746	0.00003620	0.00000000	0.00000000	0.00003173	0.00000000	0.00001632
k__Bacteria|p__Firmicutes|c__Clostridia|o__Peptostreptococcales_Tissierellales|f__Peptostreptococcaceae|g__Peptoclostridium	0.00000000	0.00001699	0.00063970	0.00000000	0.00000000	0.00000000	0.00000000	0.00024444	0.00001810	0.00007886	0.00002136	0.00000000	0.00010182	0.00017950
k__Bacteria|p__Firmicutes|c__Clostridia|o__Peptostreptococcales_Tissierellales|f__Peptostreptococcaceae|g__Peptostreptococcus	0.00000000	0.00001699	0.00069020	0.00000000	0.00000000	0.00033729	0.00000000	0.00000000	0.00000000	0.00003943	0.00002136	0.00000000	0.00000000	0.00006527
k__Bacteria|p__Firmicutes|c__Clostridia|o__Peptostreptococcales_Tissierellales|f__Peptostreptococcaceae|g__Proteocatella	0.00012036	0.00000000	0.00021884	0.00000000	0.00011823	0.00000000	0.00000000	0.00190313	0.00003620	0.00025629	0.00017089	0.00000000	0.00000000	0.00003264
k__Bacteria|p__Firmicutes|c__Clostridia|o__Peptostreptococcales_Tissierellales|f__Peptostreptococcaceae|g__Romboutsia	0.00353066	0.00139309	0.00016834	0.00088996	0.00103449	0.00059674	0.00056919	0.00096030	0.00077827	0.00086744	0.00021361	0.00014278	0.00005091	0.00003264
k__Bacteria|p__Firmicutes|c__Clostridia|o__Peptostreptococcales_Tissierellales|f__Peptostreptococcaceae|g___Eubacterium__yurii_group	0.00000000	0.00000000	0.00065653	0.00000000	0.00000000	0.00000000	0.00000000	0.00000000	0.00000000	0.00000000	0.00000000	0.00000000	0.00000000	0.00003264
k__Bacteria|p__Firmicutes|c__Clostridia|o__Peptostreptococcales_Tissierellales|f__Sedimentibacteraceae|g__Sedimentibacter	0.00004012	0.00000000	0.00003367	0.00003178	0.00000000	0.00002595	0.00003162	0.00003492	0.00000000	0.00001971	0.00000000	0.00000000	0.00000000	0.00000000
k__Bacteria|p__Firmicutes|c__Clostridia|o__Peptostreptococcales_Tissierellales|f__Thermotaleaceae|g__Geosporobacter	0.00002006	0.00000000	0.00000000	0.00000000	0.00002956	0.00000000	0.00000000	0.00000000	0.00000000	0.00000000	0.00000000	0.00000000	0.00000000	0.00000000
k__Bacteria|p__Firmicutes|c__Clostridia|o__Peptostreptococcales_Tissierellales|f__unidentified_Peptostreptococcales_Tissierellales|g__Gottschalkia	0.00000000	0.00000000	0.00001683	0.00000000	0.00000000	0.00000000	0.00000000	0.00005238	0.00000000	0.00000000	0.00000000	0.00000000	0.00000000	0.00003264
k__Bacteria|p__Firmicutes|c__Clostridia|o__Peptostreptococcales_Tissierellales|f__unidentified_Peptostreptococcales_Tissierellales|g__Guggenheimella	0.00000000	0.00000000	0.00000000	0.00000000	0.00000000	0.00000000	0.00000000	0.00003492	0.00000000	0.00000000	0.00000000	0.00000000	0.00000000	0.00000000
k__Bacteria|p__Firmicutes|c__Clostridia|o__Peptostreptococcales_Tissierellales|f__unidentified_Peptostreptococcales_Tissierellales|g__JTB215	0.00002006	0.00000000	0.00000000	0.00000000	0.00000000	0.00000000	0.00000000	0.00000000	0.00000000	0.00000000	0.00000000	0.00000000	0.00000000	0.00001632
k__Bacteria|p__Firmicutes|c__Clostridia|o__Proteinivoracales|f__unidentified_Proteinivoracales|g__Anaerobranca	0.00008024	0.00000000	0.00000000	0.00000000	0.00000000	0.00000000	0.00000000	0.00000000	0.00000000	0.00000000	0.00000000	0.00000000	0.00000000	0.00000000
k__Bacteria|p__Firmicutes|c__Clostridia|o__Thermincolales|f__Thermincolaceae|g__Thermincola	0.00000000	0.00003398	0.00000000	0.00000000	0.00000000	0.00000000	0.00000000	0.00000000	0.00000000	0.00000000	0.00000000	0.00000000	0.00000000	0.00000000
k__Bacteria|p__Firmicutes|c__Clostridia|o__unidentified_Clostridia|f__Gracilibacteraceae|g__Gracilibacter	0.00000000	0.00000000	0.00000000	0.00000000	0.00011823	0.00000000	0.00001581	0.00003492	0.00000000	0.00000000	0.00002136	0.00000000	0.00000000	0.00000000
k__Bacteria|p__Firmicutes|c__Clostridia|o__unidentified_Clostridia|f__Gracilibacteraceae|g__Lutispora	0.00000000	0.00000000	0.00000000	0.00000000	0.00000000	0.00002595	0.00000000	0.00000000	0.00000000	0.00000000	0.00000000	0.00000000	0.00000000	0.00000000
k__Bacteria|p__Firmicutes|c__Desulfitobacteriia|o__Desulfitobacteriales|f__Desulfitobacteriaceae|g__Desulfitobacterium	0.00000000	0.00000000	0.00000000	0.00000000	0.00000000	0.00000000	0.00000000	0.00000000	0.00000000	0.00000000	0.00000000	0.00000000	0.00000000	0.00000000
k__Bacteria|p__Firmicutes|c__Desulfitobacteriia|o__Desulfitobacteriales|f__Desulfitobacteriaceae|g__Desulfosporosinus	0.00000000	0.00000000	0.00000000	0.00006357	0.00020690	0.00000000	0.00000000	0.00000000	0.00000000	0.00000000	0.00000000	0.00000000	0.00000000	0.00000000
k__Bacteria|p__Firmicutes|c__Desulfitobacteriia|o__Desulfitobacteriales|f__Syntrophobotulaceae|g__Candidatus_Dichloromethanomonas	0.00000000	0.00013591	0.00000000	0.00000000	0.00000000	0.00000000	0.00000000	0.00000000	0.00000000	0.00000000	0.00000000	0.00003173	0.00001697	0.00000000
k__Bacteria|p__Firmicutes|c__Desulfitobacteriia|o__Desulfitobacteriales|f__Syntrophobotulaceae|g__Syntrophobotulus	0.00008024	0.00000000	0.00000000	0.00000000	0.00000000	0.00000000	0.00000000	0.00000000	0.00000000	0.00000000	0.00000000	0.00000000	0.00000000	0.00000000
k__Bacteria|p__Firmicutes|c__Desulfitobacteriia|o__Desulfitobacteriales|f__unidentified_Desulfitobacteriales|g__TC1	0.00028085	0.00049268	0.00011784	0.00012714	0.00020690	0.00018162	0.00000000	0.00031428	0.00014479	0.00023657	0.00034177	0.00019037	0.00025454	0.00004895
k__Bacteria|p__Firmicutes|c__Desulfotomaculia|o__Desulfotomaculales|f__Desulfurisporaceae|g__Desulfurispora	0.00002006	0.00000000	0.00000000	0.00000000	0.00000000	0.00000000	0.00001581	0.00005238	0.00000000	0.00000000	0.00002136	0.00000000	0.00000000	0.00000000
k__Bacteria|p__Firmicutes|c__Dethiobacteria|o__Dethiobacterales|f__Dethiobacteraceae|g__Dethiobacter	0.00000000	0.00000000	0.00000000	0.00000000	0.00000000	0.00000000	0.00000000	0.00003492	0.00000000	0.00000000	0.00000000	0.00000000	0.00000000	0.00000000
k__Bacteria|p__Firmicutes|c__Limnochordia|o__unidentified_Limnochordia|f__unidentified_Limnochordia|g__Hydrogenispora	0.00010030	0.00001699	0.00003367	0.00038141	0.00029557	0.00000000	0.00004743	0.00000000	0.00000000	0.00000000	0.00000000	0.00000000	0.00000000	0.00000000
k__Bacteria|p__Firmicutes|c__Negativicutes|o__Acidaminococcales|f__Acidaminococcaceae|g__Acidaminococcus	0.00000000	0.00000000	0.00000000	0.00006357	0.00000000	0.00000000	0.00001581	0.00015714	0.00000000	0.00000000	0.00004272	0.00001586	0.00000000	0.00000000
k__Bacteria|p__Firmicutes|c__Negativicutes|o__Acidaminococcales|f__Acidaminococcaceae|g__Phascolarctobacterium	0.00012036	0.00079848	0.00000000	0.00003178	0.00000000	0.00002595	0.00001581	0.00012222	0.00005430	0.00000000	0.00000000	0.00104705	0.00001697	0.00001632
k__Bacteria|p__Firmicutes|c__Negativicutes|o__Acidaminococcales|f__Acidaminococcaceae|g__Succiniclasticum	0.00000000	0.00000000	0.00001683	0.00000000	0.00000000	0.00000000	0.00000000	0.00003492	0.00000000	0.00000000	0.00000000	0.00000000	0.00000000	0.00000000
k__Bacteria|p__Firmicutes|c__Negativicutes|o__Acidaminococcales|f__Acidaminococcaceae|g__Succinispira	0.00000000	0.00000000	0.00000000	0.00000000	0.00000000	0.00000000	0.00000000	0.00001746	0.00000000	0.00001971	0.00000000	0.00000000	0.00000000	0.00000000
k__Bacteria|p__Firmicutes|c__Negativicutes|o__Veillonellales_Selenomonadales|f__Selenomonadaceae|g__Anaerovibrio	0.00000000	0.00000000	0.00000000	0.00000000	0.00008867	0.00002595	0.00012649	0.00003492	0.00000000	0.00007886	0.00000000	0.00000000	0.00000000	0.00000000
k__Bacteria|p__Firmicutes|c__Negativicutes|o__Veillonellales_Selenomonadales|f__Selenomonadaceae|g__Centipeda	0.00000000	0.00000000	0.00346784	0.00000000	0.00000000	0.00000000	0.00000000	0.00000000	0.00000000	0.00000000	0.00000000	0.00000000	0.00000000	0.00107701
k__Bacteria|p__Firmicutes|c__Negativicutes|o__Veillonellales_Selenomonadales|f__Selenomonadaceae|g__Megamonas	0.00004012	0.00000000	0.00001683	0.00069926	0.00000000	0.00000000	0.00001581	0.00000000	0.00005430	0.00000000	0.00000000	0.00001586	0.00000000	0.00003264
k__Bacteria|p__Firmicutes|c__Negativicutes|o__Veillonellales_Selenomonadales|f__Selenomonadaceae|g__Mitsuokella	0.00006018	0.00000000	0.00000000	0.00000000	0.00014778	0.00005189	0.00000000	0.00013968	0.00000000	0.00003943	0.00008544	0.00001586	0.00001697	0.00000000
k__Bacteria|p__Firmicutes|c__Negativicutes|o__Veillonellales_Selenomonadales|f__Selenomonadaceae|g__Pectinatus	0.00000000	0.00000000	0.00000000	0.00000000	0.00000000	0.00000000	0.00000000	0.00000000	0.00000000	0.00000000	0.00000000	0.00000000	0.00000000	0.00000000
k__Bacteria|p__Firmicutes|c__Negativicutes|o__Veillonellales_Selenomonadales|f__Selenomonadaceae|g__Propionispira	0.00006018	0.00000000	0.00000000	0.00000000	0.00014778	0.00000000	0.00036365	0.00000000	0.00000000	0.00005914	0.00000000	0.00000000	0.00000000	0.00001632
k__Bacteria|p__Firmicutes|c__Negativicutes|o__Veillonellales_Selenomonadales|f__Selenomonadaceae|g__Schwartzia	0.00004012	0.00000000	0.00000000	0.00000000	0.00000000	0.00000000	0.00000000	0.00005238	0.00001810	0.00000000	0.00000000	0.00000000	0.00000000	0.00000000
k__Bacteria|p__Firmicutes|c__Negativicutes|o__Veillonellales_Selenomonadales|f__Selenomonadaceae|g__Selenomonas	0.00008024	0.00000000	0.00735653	0.00006357	0.00002956	0.00007784	0.00083797	0.00005238	0.00009050	0.00005914	0.00000000	0.00006346	0.00000000	0.00543398
k__Bacteria|p__Firmicutes|c__Negativicutes|o__Veillonellales_Selenomonadales|f__Selenomonadaceae|g__Veillonellaceae_UCG_001	0.00000000	0.00000000	0.00000000	0.00000000	0.00000000	0.00000000	0.00000000	0.00000000	0.00000000	0.00000000	0.00000000	0.00000000	0.00000000	0.00000000
k__Bacteria|p__Firmicutes|c__Negativicutes|o__Veillonellales_Selenomonadales|f__Sporomusaceae|g__Anaeromusa_Anaeroarcus	0.00006018	0.00003398	0.00003367	0.00006357	0.00005911	0.00000000	0.00031622	0.00052380	0.00028959	0.00001971	0.00002136	0.00000000	0.00003394	0.00008159
k__Bacteria|p__Firmicutes|c__Negativicutes|o__Veillonellales_Selenomonadales|f__Sporomusaceae|g__Anaerosinus	0.00004012	0.00000000	0.00000000	0.00000000	0.00000000	0.00000000	0.00000000	0.00012222	0.00003620	0.00000000	0.00000000	0.00000000	0.00001697	0.00000000
k__Bacteria|p__Firmicutes|c__Negativicutes|o__Veillonellales_Selenomonadales|f__Sporomusaceae|g__Anaerospora	0.00000000	0.00000000	0.00000000	0.00000000	0.00000000	0.00000000	0.00000000	0.00000000	0.00000000	0.00000000	0.00000000	0.00000000	0.00000000	0.00000000
k__Bacteria|p__Firmicutes|c__Negativicutes|o__Veillonellales_Selenomonadales|f__Sporomusaceae|g__Pelosinus	0.00000000	0.00000000	0.00000000	0.00000000	0.00000000	0.00000000	0.00000000	0.00000000	0.00000000	0.00000000	0.00000000	0.00000000	0.00000000	0.00000000
k__Bacteria|p__Firmicutes|c__Negativicutes|o__Veillonellales_Selenomonadales|f__Sporomusaceae|g__Sporomusa	0.00000000	0.00006796	0.00000000	0.00000000	0.00000000	0.00000000	0.00000000	0.00001746	0.00001810	0.00000000	0.00000000	0.00000000	0.00000000	0.00000000
k__Bacteria|p__Firmicutes|c__Negativicutes|o__Veillonellales_Selenomonadales|f__Veillonellaceae|g__Allisonella	0.00002006	0.00000000	0.00000000	0.00000000	0.00000000	0.00000000	0.00000000	0.00000000	0.00000000	0.00000000	0.00000000	0.00000000	0.00000000	0.00000000
k__Bacteria|p__Firmicutes|c__Negativicutes|o__Veillonellales_Selenomonadales|f__Veillonellaceae|g__Anaeroglobus	0.00000000	0.00000000	0.00279447	0.00000000	0.00000000	0.00000000	0.00000000	0.00000000	0.00000000	0.00000000	0.00002136	0.00000000	0.00000000	0.00176237
k__Bacteria|p__Firmicutes|c__Negativicutes|o__Veillonellales_Selenomonadales|f__Veillonellaceae|g__Dialister	0.00022067	0.00013591	0.00441055	0.00019071	0.00002956	0.00012973	0.00004743	0.00050634	0.00036198	0.00009857	0.00012816	0.00009519	0.00005091	0.00112596
k__Bacteria|p__Firmicutes|c__Negativicutes|o__Veillonellales_Selenomonadales|f__Veillonellaceae|g__Megasphaera	0.00022067	0.00020387	0.00008417	0.00041320	0.00008867	0.00012973	0.00004743	0.00122220	0.00032579	0.00001971	0.00012816	0.00006346	0.00001697	0.00014686
k__Bacteria|p__Firmicutes|c__Negativicutes|o__Veillonellales_Selenomonadales|f__Veillonellaceae|g__Veillonella	0.00014042	0.00020387	0.00774372	0.00006357	0.00000000	0.00000000	0.00004743	0.00171107	0.00095926	0.00005914	0.00014952	0.00031729	0.00003394	0.00866500
k__Bacteria|p__Firmicutes|c__Syntrophomonadia|o__Syntrophomonadales|f__Syntrophomonadaceae|g__Syntrophomonas	0.00082248	0.00054364	0.00058920	0.00114424	0.00579316	0.00000000	0.00030040	0.00045396	0.00021719	0.00009857	0.00014952	0.00001586	0.00005091	0.00006527
k__Bacteria|p__Firmicutes|c__Thermacetogenia|o__Thermacetogeniales|f__Thermacetogeniaceae|g__Syntrophaceticus	0.00000000	0.00000000	0.00000000	0.00000000	0.00000000	0.00000000	0.00000000	0.00000000	0.00000000	0.00000000	0.00000000	0.00000000	0.00000000	0.00000000
k__Bacteria|p__Firmicutes|c__Thermoanaerobacteria|o__Thermoanaerobacterales|f__Thermoanaerobacteraceae|g__Thermoanaerobacter	0.00000000	0.00000000	0.00000000	0.00000000	0.00000000	0.00000000	0.00000000	0.00000000	0.00000000	0.00000000	0.00000000	0.00000000	0.00000000	0.00000000
k__Bacteria|p__Firmicutes|c__unidentified_Firmicutes|o__Oscillospirales|f__Ruminococcaceae|g__unidentified_Ruminococcaceae	0.00002006	0.00015290	0.00000000	0.00006357	0.00000000	0.00000000	0.00000000	0.00000000	0.00000000	0.00000000	0.00000000	0.00000000	0.00000000	0.00000000
k__Bacteria|p__Fusobacteriota|c__Fusobacteriia|o__Fusobacteriales|f__Fusobacteriaceae|g__Cetobacterium	0.00000000	0.00000000	0.00000000	0.00000000	0.00002956	0.00000000	0.00000000	0.00000000	0.00000000	0.00000000	0.00000000	0.00000000	0.00000000	0.00000000
k__Bacteria|p__Fusobacteriota|c__Fusobacteriia|o__Fusobacteriales|f__Fusobacteriaceae|g__Fusobacterium	0.00000000	0.00013591	0.02515024	0.00000000	0.00005911	0.00046701	0.00000000	0.00000000	0.00010860	0.00000000	0.00000000	0.00015864	0.00000000	0.01600822
k__Bacteria|p__Fusobacteriota|c__Fusobacteriia|o__Fusobacteriales|f__Leptotrichiaceae|g__Hypnocyclicus	0.00024073	0.00000000	0.00001683	0.00000000	0.00000000	0.00000000	0.00003162	0.00003492	0.00121265	0.00005914	0.00010680	0.00007932	0.00032242	0.00008159
k__Bacteria|p__Fusobacteriota|c__Fusobacteriia|o__Fusobacteriales|f__Leptotrichiaceae|g__Leptotrichia	0.00000000	0.00013591	0.02385401	0.00000000	0.00000000	0.00005189	0.00000000	0.00001746	0.00009050	0.00003943	0.00000000	0.00014278	0.00000000	0.03299555
k__Bacteria|p__Gemmatimonadetes|c__unidentified_Gemmatimonadetes|o__Gemmatimonadales|f__Gemmatimonadaceae|g__Gemmatimonas	0.00038115	0.00044171	0.00106055	0.00009535	0.00029557	0.00000000	0.00001581	0.00019206	0.00001810	0.00011829	0.00002136	0.00007932	0.00001697	0.00021214
k__Bacteria|p__Gemmatimonadetes|c__unidentified_Gemmatimonadetes|o__Gemmatimonadales|f__Gemmatimonadaceae|g__Roseisolibacter	0.00000000	0.00000000	0.00000000	0.00000000	0.00000000	0.00000000	0.00000000	0.00000000	0.00000000	0.00000000	0.00000000	0.00004759	0.00000000	0.00000000
k__Bacteria|p__Gracilibacteria|c__Candidatus_Peribacteria|o__unidentified_Candidatus_Peribacteria|f__unidentified_Candidatus_Peribacteria|g__unidentified_Candidatus_Peribacteria	0.00000000	0.00000000	0.00000000	0.00000000	0.00000000	0.00000000	0.00000000	0.00000000	0.00000000	0.00000000	0.00000000	0.00000000	0.00000000	0.00000000
k__Bacteria|p__Gracilibacteria|c__unidentified_Gracilibacteria|o__JGI_0000069_P22|f__unidentified_JGI_0000069_P22|g__unidentified_JGI_0000069_P22	0.00000000	0.00000000	0.00010100	0.00000000	0.00000000	0.00000000	0.00000000	0.00000000	0.00000000	0.00000000	0.00000000	0.00001586	0.00000000	0.00000000
k__Bacteria|p__Gracilibacteria|c__unidentified_Gracilibacteria|o__unidentified_Gracilibacteria|f__unidentified_Gracilibacteria|g__unidentified_Gracilibacteria	0.00004012	0.00003398	0.00015151	0.00000000	0.00000000	0.00000000	0.00000000	0.00001746	0.00001810	0.00001971	0.00079034	0.00006346	0.00003394	0.00004895
k__Bacteria|p__Hydrogenedentes|c__Hydrogenedentia|o__Hydrogenedentiales|f__Hydrogenedensaceae|g__YC_ZSS_LKJ63	0.00000000	0.00011892	0.00000000	0.00000000	0.00000000	0.00000000	0.00000000	0.00000000	0.00000000	0.00000000	0.00000000	0.00000000	0.00000000	0.00000000
k__Bacteria|p__Hydrogenedentes|c__Hydrogenedentia|o__Hydrogenedentiales|f__Hydrogenedensaceae|g__unidentified_Hydrogenedensaceae	0.00000000	0.00000000	0.00000000	0.00000000	0.00008867	0.00000000	0.00000000	0.00003492	0.00001810	0.00000000	0.00000000	0.00000000	0.00000000	0.00000000
k__Bacteria|p__Kapabacteria|c__unidentified_Kapabacteria|o__Kapabacteriales|f__unidentified_Kapabacteriales|g__unidentified_Kapabacteriales	0.00012036	0.00022086	0.00000000	0.00000000	0.00000000	0.00005189	0.00000000	0.00003492	0.00003620	0.00000000	0.00000000	0.00000000	0.00001697	0.00000000
k__Bacteria|p__Kryptonia|c__unidentified_Kryptonia|o__Kryptoniales|f__BSV26|g__unidentified_BSV26	0.00076230	0.00000000	0.00000000	0.00012714	0.00014778	0.00000000	0.00004743	0.00000000	0.00000000	0.00000000	0.00002136	0.00000000	0.00000000	0.00006527
k__Bacteria|p__LCP_89|c__unidentified_LCP_89|o__unidentified_LCP_89|f__unidentified_LCP_89|g__unidentified_LCP_89	0.00000000	0.00005097	0.00000000	0.00000000	0.00000000	0.00000000	0.00000000	0.00000000	0.00000000	0.00000000	0.00000000	0.00000000	0.00000000	0.00000000
k__Bacteria|p__Latescibacteria|c__unidentified_Latescibacteria|o__Latescibacterales|f__Latescibacteraceae|g__Candidatus_Latescibacter	0.00000000	0.00005097	0.00000000	0.00000000	0.00002956	0.00000000	0.00000000	0.00000000	0.00005430	0.00000000	0.00000000	0.00000000	0.00000000	0.00000000
k__Bacteria|p__Latescibacterota|c__unidentified_Latescibacterota|o__unidentified_Latescibacterota|f__unidentified_Latescibacterota|g__unidentified_Latescibacterota	0.00012036	0.00091740	0.00000000	0.00000000	0.00000000	0.00000000	0.00001581	0.00000000	0.00000000	0.00000000	0.00000000	0.00000000	0.00000000	0.00000000
k__Bacteria|p__MBNT15|c__unidentified_MBNT15|o__unidentified_MBNT15|f__unidentified_MBNT15|g__unidentified_MBNT15	0.00074224	0.00105331	0.00006734	0.00009535	0.00032513	0.00015567	0.00003162	0.00006984	0.00000000	0.00039429	0.00002136	0.00011105	0.00006788	0.00006527
k__Bacteria|p__Methylomirabilota|c__Methylomirabilia|o__Methylomirabilales|f__Methylomirabilaceae|g__Candidatus_Methylomirabilis	0.00002006	0.00246339	0.00000000	0.00000000	0.00000000	0.00000000	0.00000000	0.00000000	0.00000000	0.00000000	0.00000000	0.00001586	0.00000000	0.00000000
k__Bacteria|p__Methylomirabilota|c__Methylomirabilia|o__Methylomirabilales|f__Methylomirabilaceae|g__MIZ17	0.00006018	0.00000000	0.00000000	0.00000000	0.00000000	0.00000000	0.00001581	0.00000000	0.00000000	0.00000000	0.00000000	0.00000000	0.00000000	0.00000000
k__Bacteria|p__Methylomirabilota|c__Methylomirabilia|o__Methylomirabilales|f__Methylomirabilaceae|g__Sh765B_TzT_35	0.00244739	0.03958411	0.00082487	0.00171636	0.00050247	0.00542252	0.00014230	0.00008730	0.00065157	0.00082801	0.00010680	0.00071390	0.00023757	0.00026109
k__Bacteria|p__Methylomirabilota|c__Methylomirabilia|o__Methylomirabilales|f__Methylomirabilaceae|g__Z114MB74	0.00002006	0.00000000	0.00005050	0.00000000	0.00000000	0.00000000	0.00000000	0.00000000	0.00000000	0.00000000	0.00000000	0.00000000	0.00000000	0.00000000
k__Bacteria|p__Methylomirabilota|c__Methylomirabilia|o__Methylomirabilales|f__Methylomirabilaceae|g__wb1_A12	0.00016048	0.00000000	0.00000000	0.00000000	0.00002956	0.00000000	0.00000000	0.00000000	0.00000000	0.00000000	0.00000000	0.00000000	0.00001697	0.00000000
k__Bacteria|p__Methylomirabilota|c__Methylomirabilia|o__Rokubacteriales|f__unidentified_Rokubacteriales|g__unidentified_Rokubacteriales	0.00004012	0.00000000	0.00000000	0.00000000	0.00000000	0.00000000	0.00000000	0.00000000	0.00000000	0.00000000	0.00000000	0.00000000	0.00000000	0.00000000
k__Bacteria|p__Modulibacteria|c__Moduliflexia|o__Moduliflexales|f__Moduliflexaceae|g__Candidatus_Moduliflexus	0.00014042	0.00035677	0.00003367	0.00012714	0.00026601	0.00010378	0.00000000	0.00012222	0.00000000	0.00001971	0.00002136	0.00000000	0.00000000	0.00001632
k__Bacteria|p__Myxococcota|c__Myxococcia|o__Myxococcales|f__Anaeromyxobacteraceae|g__Anaeromyxobacter	0.00692090	0.00718630	0.00521859	0.00575297	0.00159607	0.00051890	0.00045851	0.00066348	0.00025339	0.00161659	0.00234967	0.00387093	0.00050909	0.00241510
k__Bacteria|p__Myxococcota|c__Myxococcia|o__Myxococcales|f__Myxococcaceae|g__Archangium	0.00000000	0.00000000	0.00000000	0.00000000	0.00008867	0.00000000	0.00000000	0.00000000	0.00000000	0.00000000	0.00000000	0.00000000	0.00000000	0.00000000
k__Bacteria|p__Myxococcota|c__Myxococcia|o__Myxococcales|f__Myxococcaceae|g__KD3_10	0.00000000	0.00000000	0.00000000	0.00000000	0.00000000	0.00000000	0.00000000	0.00000000	0.00000000	0.00000000	0.00000000	0.00000000	0.00000000	0.00000000
k__Bacteria|p__Myxococcota|c__Myxococcia|o__Myxococcales|f__Myxococcaceae|g__P3OB_42	0.00056170	0.00054364	0.00038719	0.00041320	0.00032513	0.00062268	0.00004743	0.00006984	0.00000000	0.00005914	0.00008544	0.00015864	0.00001697	0.00053850
k__Bacteria|p__Myxococcota|c__Polyangia|o__Blfdi19|f__unidentified_Blfdi19|g__unidentified_Blfdi19	0.00000000	0.00000000	0.00000000	0.00000000	0.00000000	0.00000000	0.00000000	0.00000000	0.00000000	0.00000000	0.00000000	0.00000000	0.00000000	0.00000000
k__Bacteria|p__Myxococcota|c__Polyangia|o__Haliangiales|f__Haliangiaceae|g__Haliangium	0.00164497	0.00212361	0.00045452	0.00095353	0.00109361	0.00007784	0.00012649	0.00006984	0.00034389	0.00027600	0.00029905	0.00028556	0.00020363	0.00040796
k__Bacteria|p__Myxococcota|c__Polyangia|o__Nannocystales|f__Nannocystaceae|g__Nannocystis	0.00004012	0.00000000	0.00001683	0.00003178	0.00005911	0.00036323	0.00004743	0.00001746	0.00000000	0.00009857	0.00000000	0.00000000	0.00000000	0.00000000
k__Bacteria|p__Myxococcota|c__Polyangia|o__Polyangiales|f__Phaselicystidaceae|g__Phaselicystis	0.00064194	0.00035677	0.00037035	0.00057212	0.00038424	0.00028540	0.00004743	0.00022698	0.00003620	0.00005914	0.00004272	0.00001586	0.00000000	0.00003264
k__Bacteria|p__Myxococcota|c__Polyangia|o__Polyangiales|f__Polyangiaceae|g__Labilithrix	0.00000000	0.00000000	0.00000000	0.00009535	0.00000000	0.00041512	0.00000000	0.00000000	0.00000000	0.00001971	0.00000000	0.00000000	0.00000000	0.00000000
k__Bacteria|p__Myxococcota|c__Polyangia|o__Polyangiales|f__Polyangiaceae|g__Pajaroellobacter	0.00006018	0.00015290	0.00000000	0.00009535	0.00014778	0.00002595	0.00014230	0.00020952	0.00010860	0.00007886	0.00002136	0.00001586	0.00000000	0.00000000
k__Bacteria|p__Myxococcota|c__Polyangia|o__Polyangiales|f__Polyangiaceae|g__Polyangium	0.00000000	0.00000000	0.00000000	0.00006357	0.00000000	0.00000000	0.00000000	0.00000000	0.00000000	0.00000000	0.00000000	0.00000000	0.00000000	0.00000000
k__Bacteria|p__Myxococcota|c__Polyangia|o__Polyangiales|f__Sandaracinaceae|g__Sandaracinus	0.00000000	0.00000000	0.00000000	0.00000000	0.00000000	0.00000000	0.00000000	0.00000000	0.00000000	0.00000000	0.00000000	0.00000000	0.00000000	0.00000000
k__Bacteria|p__Myxococcota|c__Polyangia|o__mle1_27|f__unidentified_mle1_27|g__unidentified_mle1_27	0.00000000	0.00000000	0.00000000	0.00000000	0.00000000	0.00005189	0.00000000	0.00000000	0.00000000	0.00001971	0.00002136	0.00000000	0.00000000	0.00000000
k__Bacteria|p__Nitrospirota|c__Leptospirillia|o__Leptospirillales|f__Leptospirillaceae|g__Leptospirillum	0.00054164	0.00129116	0.00001683	0.00003178	0.00002956	0.00000000	0.00003162	0.00001746	0.00000000	0.00000000	0.00000000	0.00003173	0.00000000	0.00000000
k__Bacteria|p__Nitrospirota|c__Nitrospira|o__Nitrospirales|f__Nitrospiraceae|g__unidentified_Nitrospiraceae	0.00018055	0.00010193	0.00016834	0.00038141	0.00065025	0.00285396	0.00006324	0.00048888	0.00025339	0.00069001	0.00698494	0.00204651	0.00081454	0.00331261
k__Bacteria|p__Nitrospirota|c__Thermodesulfovibrionia|o__Magnetobacteriales|f__Magnetobacteriaceae|g__Candidatus_Magnetobacterium	0.00000000	0.00000000	0.00000000	0.00000000	0.00000000	0.00000000	0.00000000	0.00000000	0.00000000	0.00000000	0.00000000	0.00000000	0.00000000	0.00000000
k__Bacteria|p__Nitrospirota|c__Thermodesulfovibrionia|o__Thermodesulfovibrionales|f__Thermodesulfovibrionaceae|g__Thermodesulfovibrio	0.00016048	0.00000000	0.00000000	0.00003178	0.00005911	0.00000000	0.00000000	0.00000000	0.00000000	0.00000000	0.00000000	0.00000000	0.00000000	0.00000000
k__Bacteria|p__Planctomycetes|c__unidentified_Planctomycetes|o__Isosphaerales|f__Isosphaeraceae|g__Paludisphaera	0.00000000	0.00000000	0.00000000	0.00000000	0.00000000	0.00000000	0.00000000	0.00000000	0.00000000	0.00003943	0.00000000	0.00000000	0.00000000	0.00000000
k__Bacteria|p__Planctomycetes|c__unidentified_Planctomycetes|o__Pirellulales|f__Pirellulaceae|g__Pirellula	0.00004012	0.00001699	0.00001683	0.00000000	0.00000000	0.00000000	0.00001581	0.00000000	0.00000000	0.00000000	0.00000000	0.00001586	0.00001697	0.00006527
k__Bacteria|p__Planctomycetota|c__OM190|o__unidentified_OM190|f__unidentified_OM190|g__unidentified_OM190	0.00004012	0.00000000	0.00000000	0.00000000	0.00000000	0.00000000	0.00000000	0.00000000	0.00000000	0.00000000	0.00000000	0.00000000	0.00000000	0.00000000
k__Bacteria|p__Planctomycetota|c__Phycisphaerae|o__Phycisphaerales|f__Phycisphaeraceae|g__CL500_3	0.00000000	0.00000000	0.00000000	0.00000000	0.00000000	0.00000000	0.00000000	0.00000000	0.00000000	0.00000000	0.00000000	0.00000000	0.00000000	0.00000000
k__Bacteria|p__Planctomycetota|c__Phycisphaerae|o__Phycisphaerales|f__Phycisphaeraceae|g__I_8	0.00000000	0.00000000	0.00000000	0.00000000	0.00000000	0.00000000	0.00000000	0.00000000	0.00000000	0.00000000	0.00000000	0.00000000	0.00000000	0.00000000
k__Bacteria|p__Planctomycetota|c__Phycisphaerae|o__Phycisphaerales|f__Phycisphaeraceae|g__SM1A02	0.00000000	0.00000000	0.00000000	0.00000000	0.00000000	0.00000000	0.00000000	0.00000000	0.00000000	0.00000000	0.00000000	0.00000000	0.00000000	0.00003264
k__Bacteria|p__Proteobacteria|c__Alphaproteobacteria|o__Acetobacterales|f__Acetobacteraceae|g__Acetobacter	0.00000000	0.00000000	0.00001683	0.00003178	0.00005911	0.00000000	0.00001581	0.00000000	0.00001810	0.00000000	0.00002136	0.00000000	0.00001697	0.00000000
k__Bacteria|p__Proteobacteria|c__Alphaproteobacteria|o__Acetobacterales|f__Acetobacteraceae|g__Acidocella	0.00000000	0.00000000	0.00000000	0.00000000	0.00000000	0.00000000	0.00000000	0.00000000	0.00253389	0.00000000	0.00000000	0.00000000	0.00044121	0.00000000
k__Bacteria|p__Proteobacteria|c__Alphaproteobacteria|o__Acetobacterales|f__Acetobacteraceae|g__Belnapia	0.00000000	0.00000000	0.00000000	0.00000000	0.00005911	0.00000000	0.00000000	0.00000000	0.00003620	0.00000000	0.00000000	0.00000000	0.00000000	0.00001632
k__Bacteria|p__Proteobacteria|c__Alphaproteobacteria|o__Acetobacterales|f__Acetobacteraceae|g__Commensalibacter	0.00000000	0.00000000	0.00000000	0.00000000	0.00000000	0.00000000	0.00000000	0.00000000	0.00007240	0.00000000	0.00000000	0.00000000	0.00001697	0.00000000
k__Bacteria|p__Proteobacteria|c__Alphaproteobacteria|o__Acetobacterales|f__Acetobacteraceae|g__Craurococcus_Caldovatus	0.00008024	0.00000000	0.00000000	0.00000000	0.00000000	0.00005189	0.00000000	0.00000000	0.00000000	0.00000000	0.00000000	0.00014278	0.00000000	0.00000000
k__Bacteria|p__Proteobacteria|c__Alphaproteobacteria|o__Acetobacterales|f__Acetobacteraceae|g__Crenalkalicoccus	0.00004012	0.00000000	0.00000000	0.00000000	0.00000000	0.00000000	0.00000000	0.00000000	0.00000000	0.00000000	0.00000000	0.00000000	0.00000000	0.00000000
k__Bacteria|p__Proteobacteria|c__Alphaproteobacteria|o__Acetobacterales|f__Acetobacteraceae|g__Gluconobacter	0.00000000	0.00000000	0.00000000	0.00000000	0.00000000	0.00000000	0.00000000	0.00000000	0.00000000	0.00000000	0.00000000	0.00000000	0.00000000	0.00000000
k__Bacteria|p__Proteobacteria|c__Alphaproteobacteria|o__Acetobacterales|f__Acetobacteraceae|g__Rhodovarius	0.00000000	0.00000000	0.00001683	0.00000000	0.00002956	0.00000000	0.00003162	0.00000000	0.00000000	0.00000000	0.00002136	0.00000000	0.00000000	0.00009791
k__Bacteria|p__Proteobacteria|c__Alphaproteobacteria|o__Acetobacterales|f__Acetobacteraceae|g__Roseococcus	0.00000000	0.00000000	0.00011784	0.00000000	0.00000000	0.00002595	0.00000000	0.00000000	0.00000000	0.00000000	0.00000000	0.00000000	0.00000000	0.00000000
k__Bacteria|p__Proteobacteria|c__Alphaproteobacteria|o__Acetobacterales|f__Acetobacteraceae|g__Roseomonas	0.00106321	0.00076450	0.00185176	0.00152565	0.00286702	0.00212749	0.00061662	0.00050634	0.00034389	0.00059144	0.00087579	0.00166577	0.00110302	0.00234983
k__Bacteria|p__Proteobacteria|c__Alphaproteobacteria|o__Acetobacterales|f__Acetobacteraceae|g__Rubritepida	0.00000000	0.00000000	0.00000000	0.00000000	0.00000000	0.00000000	0.00000000	0.00000000	0.00000000	0.00000000	0.00000000	0.00003173	0.00000000	0.00000000
k__Bacteria|p__Proteobacteria|c__Alphaproteobacteria|o__Azospirillales|f__Azospirillaceae|g__Azospirillum	0.00000000	0.00000000	0.00005050	0.00000000	0.00005911	0.00000000	0.00000000	0.00006984	0.00025339	0.00000000	0.00002136	0.00003173	0.00001697	0.00006527
k__Bacteria|p__Proteobacteria|c__Alphaproteobacteria|o__Azospirillales|f__Azospirillaceae|g__Niveispirillum	0.00002006	0.00000000	0.00006734	0.00006357	0.00000000	0.00000000	0.00000000	0.00000000	0.00000000	0.00000000	0.00000000	0.00001586	0.00003394	0.00001632
k__Bacteria|p__Proteobacteria|c__Alphaproteobacteria|o__Azospirillales|f__Azospirillaceae|g__Skermanella	0.00000000	0.00003398	0.00000000	0.00000000	0.00000000	0.00000000	0.00000000	0.00000000	0.00000000	0.00001971	0.00000000	0.00000000	0.00000000	0.00000000
k__Bacteria|p__Proteobacteria|c__Alphaproteobacteria|o__Azospirillales|f__unidentified_Azospirillales|g__Stella	0.00000000	0.00000000	0.00000000	0.00000000	0.00000000	0.00005189	0.00001581	0.00000000	0.00000000	0.00000000	0.00000000	0.00000000	0.00001697	0.00001632
k__Bacteria|p__Proteobacteria|c__Alphaproteobacteria|o__Caulobacterales|f__Caulobacteraceae|g__Asticcacaulis	0.00002006	0.00000000	0.00011784	0.00000000	0.00000000	0.00000000	0.00000000	0.00000000	0.00000000	0.00000000	0.00000000	0.00000000	0.00005091	0.00022846
k__Bacteria|p__Proteobacteria|c__Alphaproteobacteria|o__Caulobacterales|f__Caulobacteraceae|g__Brevundimonas	0.00018055	0.00003398	0.00188543	0.00015892	0.00130051	0.00075241	0.00007905	0.00052380	0.00233480	0.00035486	0.00153797	0.00138021	0.00213817	0.00282306
k__Bacteria|p__Proteobacteria|c__Alphaproteobacteria|o__Caulobacterales|f__Caulobacteraceae|g__Caulobacter	0.00020061	0.00035677	0.00127940	0.00028606	0.00189164	0.00254261	0.00007905	0.00055872	0.00023529	0.00041401	0.00311866	0.00863026	0.00195150	0.00394902
k__Bacteria|p__Proteobacteria|c__Alphaproteobacteria|o__Caulobacterales|f__Caulobacteraceae|g__Phenylobacterium	0.00034103	0.00052666	0.00252512	0.00031784	0.00200987	0.00565602	0.00007905	0.00279359	0.00224430	0.00199117	0.01625547	0.00645683	0.00828115	0.01662832
k__Bacteria|p__Proteobacteria|c__Alphaproteobacteria|o__Caulobacterales|f__Hyphomonadaceae|g__Hirschia	0.00010030	0.00000000	0.00013467	0.00012714	0.00002956	0.00002595	0.00000000	0.00008730	0.00003620	0.00005914	0.00006408	0.00001586	0.00015273	0.00079960
k__Bacteria|p__Proteobacteria|c__Alphaproteobacteria|o__Caulobacterales|f__Hyphomonadaceae|g__Hyphomonas	0.00012036	0.00000000	0.00026935	0.00000000	0.00000000	0.00000000	0.00000000	0.00003492	0.00000000	0.00000000	0.00000000	0.00003173	0.00000000	0.00008159
k__Bacteria|p__Proteobacteria|c__Alphaproteobacteria|o__Caulobacterales|f__Hyphomonadaceae|g__SWB02	0.00080242	0.00000000	0.00005050	0.00015892	0.00014778	0.00000000	0.00000000	0.00003492	0.00005430	0.00001971	0.00008544	0.00000000	0.00006788	0.00040796
k__Bacteria|p__Proteobacteria|c__Alphaproteobacteria|o__Caulobacterales|f__Hyphomonadaceae|g__UKL13_1	0.00000000	0.00000000	0.00005050	0.00000000	0.00000000	0.00000000	0.00000000	0.00001746	0.00010860	0.00000000	0.00006408	0.00001586	0.00008485	0.00004895
k__Bacteria|p__Proteobacteria|c__Alphaproteobacteria|o__Caulobacterales|f__Parvularculaceae|g__Amphiplicatus	0.00016048	0.00000000	0.00008417	0.00006357	0.00000000	0.00000000	0.00001581	0.00000000	0.00000000	0.00000000	0.00000000	0.00000000	0.00000000	0.00017950
k__Bacteria|p__Proteobacteria|c__Alphaproteobacteria|o__Defluviicoccales|f__Defluviicoccaceae|g__Defluviicoccus	0.00000000	0.00000000	0.00001683	0.00000000	0.00017734	0.00020756	0.00003162	0.00008730	0.00000000	0.00000000	0.00000000	0.00000000	0.00000000	0.00000000
k__Bacteria|p__Proteobacteria|c__Alphaproteobacteria|o__Dongiales|f__Dongiaceae|g__Dongia	0.00012036	0.00020387	0.00001683	0.00031784	0.00026601	0.00404743	0.00001581	0.00033174	0.00036198	0.00033515	0.00032041	0.00014278	0.00047515	0.00031005
k__Bacteria|p__Proteobacteria|c__Alphaproteobacteria|o__Elsterales|f__Elsteraceae|g__Elstera	0.00000000	0.00000000	0.00000000	0.00000000	0.00000000	0.00000000	0.00000000	0.00000000	0.00001810	0.00001971	0.00000000	0.00000000	0.00000000	0.00001632
k__Bacteria|p__Proteobacteria|c__Alphaproteobacteria|o__Ferrovibrionales|f__Ferrovibrionaceae|g__Ferrovibrio	0.00000000	0.00000000	0.00000000	0.00009535	0.00002956	0.00018162	0.00000000	0.00001746	0.00000000	0.00000000	0.00004272	0.00000000	0.00000000	0.00001632
k__Bacteria|p__Proteobacteria|c__Alphaproteobacteria|o__Kiloniellales|f__Kiloniellaceae|g__Pelagibius	0.00000000	0.00000000	0.00000000	0.00000000	0.00005911	0.00000000	0.00000000	0.00000000	0.00001810	0.00000000	0.00000000	0.00000000	0.00001697	0.00000000
k__Bacteria|p__Proteobacteria|c__Alphaproteobacteria|o__Micropepsales|f__Micropepsaceae|g__Rhizomicrobium	0.00000000	0.00000000	0.00000000	0.00006357	0.00000000	0.00000000	0.00000000	0.00000000	0.00000000	0.00000000	0.00000000	0.00000000	0.00000000	0.00000000
k__Bacteria|p__Proteobacteria|c__Alphaproteobacteria|o__Paracaedibacterales|f__Paracaedibacteraceae|g__Candidatus_Captivus	0.00000000	0.00000000	0.00000000	0.00000000	0.00000000	0.00000000	0.00000000	0.00000000	0.00000000	0.00000000	0.00002136	0.00000000	0.00000000	0.00000000
k__Bacteria|p__Proteobacteria|c__Alphaproteobacteria|o__Paracaedibacterales|f__Paracaedibacteraceae|g__Candidatus_Paracaedibacter	0.00006018	0.00003398	0.00006734	0.00003178	0.00023646	0.00015567	0.00000000	0.00001746	0.00010860	0.00000000	0.00000000	0.00000000	0.00027151	0.00008159
k__Bacteria|p__Proteobacteria|c__Alphaproteobacteria|o__Parvibaculales|f__Parvibaculaceae|g__Parvibaculum	0.00002006	0.00000000	0.00000000	0.00003178	0.00011823	0.01953662	0.00000000	0.00005238	0.00001810	0.00053229	0.00002136	0.00006346	0.00003394	0.00003264
k__Bacteria|p__Proteobacteria|c__Alphaproteobacteria|o__Reyranellales|f__Reyranellaceae|g__Reyranella	0.00006018	0.00006796	0.00008417	0.00019071	0.00038424	0.00041512	0.00012649	0.00008730	0.00018099	0.00011829	0.00006408	0.00012692	0.00022060	0.00003264
k__Bacteria|p__Proteobacteria|c__Alphaproteobacteria|o__Rhizobiales|f__Ancalomicrobiaceae|g__Ancalomicrobium	0.00002006	0.00000000	0.00005050	0.00003178	0.00000000	0.00000000	0.00000000	0.00001746	0.00000000	0.00000000	0.00002136	0.00000000	0.00000000	0.00000000
k__Bacteria|p__Proteobacteria|c__Alphaproteobacteria|o__Rhizobiales|f__Beijerinckiaceae|g__1174_901_12	0.00000000	0.00008494	0.00000000	0.00000000	0.00000000	0.00000000	0.00000000	0.00000000	0.00077827	0.00000000	0.00000000	0.00001586	0.00000000	0.00000000
k__Bacteria|p__Proteobacteria|c__Alphaproteobacteria|o__Rhizobiales|f__Beijerinckiaceae|g__Bosea	0.00006018	0.00001699	0.00055553	0.00006357	0.00008867	0.00005189	0.00001581	0.00024444	0.00019909	0.00019715	0.00014952	0.00046007	0.00078060	0.00119123
k__Bacteria|p__Proteobacteria|c__Alphaproteobacteria|o__Rhizobiales|f__Beijerinckiaceae|g__Camelimonas	0.00000000	0.00000000	0.00000000	0.00000000	0.00000000	0.00000000	0.00000000	0.00000000	0.00001810	0.00000000	0.00000000	0.00000000	0.00000000	0.00003264
k__Bacteria|p__Proteobacteria|c__Alphaproteobacteria|o__Rhizobiales|f__Beijerinckiaceae|g__Methylobacterium_Methylorubrum	0.00006018	0.01396487	0.00005050	0.00000000	0.00023646	0.00000000	0.00004743	0.00000000	0.00899531	0.00000000	0.00002136	0.00805914	0.00010182	0.00008159
k__Bacteria|p__Proteobacteria|c__Alphaproteobacteria|o__Rhizobiales|f__Beijerinckiaceae|g__Methylocystis	0.00032097	0.00003398	0.00050502	0.00006357	0.00008867	0.00049296	0.00001581	0.00020952	0.00052488	0.00019715	0.00138844	0.00034902	0.00240968	0.00146864
k__Bacteria|p__Proteobacteria|c__Alphaproteobacteria|o__Rhizobiales|f__Beijerinckiaceae|g__Methylovirgula	0.00026079	0.00000000	0.00000000	0.00136673	0.00198032	0.00002595	0.00056919	0.00153647	0.00000000	0.00033515	0.00113212	0.00003173	0.00000000	0.00000000
k__Bacteria|p__Proteobacteria|c__Alphaproteobacteria|o__Rhizobiales|f__Beijerinckiaceae|g__Microvirga	0.00002006	0.00011892	0.00005050	0.00006357	0.00000000	0.00023351	0.00000000	0.00000000	0.00001810	0.00000000	0.00002136	0.00007932	0.00010182	0.00014686
k__Bacteria|p__Proteobacteria|c__Alphaproteobacteria|o__Rhizobiales|f__Beijerinckiaceae|g__Roseiarcus	0.00000000	0.00000000	0.00006734	0.00000000	0.00000000	0.00000000	0.00000000	0.00000000	0.00000000	0.00000000	0.00000000	0.00000000	0.00000000	0.00001632
k__Bacteria|p__Proteobacteria|c__Alphaproteobacteria|o__Rhizobiales|f__Beijerinckiaceae|g__alphaI_cluster	0.00018055	0.00001699	0.00016834	0.00009535	0.00017734	0.00020756	0.00001581	0.00000000	0.00001810	0.00000000	0.00004272	0.00006346	0.00000000	0.00016318
k__Bacteria|p__Proteobacteria|c__Alphaproteobacteria|o__Rhizobiales|f__Devosiaceae|g__Devosia	0.00028085	0.00008494	0.00153191	0.00003178	0.00041380	0.00036323	0.00009486	0.00022698	0.00010860	0.00027600	0.00019225	0.00049180	0.00066181	0.00176237
k__Bacteria|p__Proteobacteria|c__Alphaproteobacteria|o__Rhizobiales|f__Hyphomicrobiaceae|g__Hyphomicrobium	0.00034103	0.00010193	0.00082487	0.00006357	0.00020690	0.00007784	0.00018973	0.00008730	0.00074207	0.00011829	0.00027769	0.00042834	0.00061090	0.00124019
k__Bacteria|p__Proteobacteria|c__Alphaproteobacteria|o__Rhizobiales|f__Hyphomicrobiaceae|g__Pedomicrobium	0.00024073	0.00011892	0.00020201	0.00006357	0.00011823	0.00005189	0.00001581	0.00001746	0.00048868	0.00003943	0.00010680	0.00025383	0.00018667	0.00062009
k__Bacteria|p__Proteobacteria|c__Alphaproteobacteria|o__Rhizobiales|f__Kaistiaceae|g__Kaistia	0.00002006	0.00001699	0.00006734	0.00000000	0.00002956	0.00000000	0.00000000	0.00000000	0.00130314	0.00000000	0.00000000	0.00000000	0.00001697	0.00001632
k__Bacteria|p__Proteobacteria|c__Alphaproteobacteria|o__Rhizobiales|f__Labraceae|g__Labrys	0.00000000	0.00000000	0.00000000	0.00000000	0.00011823	0.00000000	0.00004743	0.00001746	0.00000000	0.00003943	0.00004272	0.00000000	0.00000000	0.00000000
k__Bacteria|p__Proteobacteria|c__Alphaproteobacteria|o__Rhizobiales|f__Pleomorphomonadaceae|g__Chthonobacter	0.00000000	0.00000000	0.00008417	0.00000000	0.00011823	0.00000000	0.00000000	0.00000000	0.00000000	0.00000000	0.00000000	0.00004759	0.00001697	0.00009791
k__Bacteria|p__Proteobacteria|c__Alphaproteobacteria|o__Rhizobiales|f__Pleomorphomonadaceae|g__Pleomorphomonas	0.00006018	0.00000000	0.00005050	0.00000000	0.00000000	0.00005189	0.00000000	0.00015714	0.00018099	0.00009857	0.00004272	0.00001586	0.00005091	0.00003264
k__Bacteria|p__Proteobacteria|c__Alphaproteobacteria|o__Rhizobiales|f__Pleomorphomonadaceae|g__Prosthecomicrobium	0.00000000	0.00000000	0.00000000	0.00000000	0.00002956	0.00000000	0.00006324	0.00001746	0.00000000	0.00000000	0.00000000	0.00000000	0.00003394	0.00016318
k__Bacteria|p__Proteobacteria|c__Alphaproteobacteria|o__Rhizobiales|f__Rhizobiaceae|g__Allorhizobium_Neorhizobium_Pararhizobium_Rhizobium	0.00026079	0.00015290	0.00331633	0.00034963	0.00097538	0.00064863	0.00003162	0.00048888	0.00224430	0.00039429	0.00038449	0.00131675	0.00229089	0.00545030
k__Bacteria|p__Proteobacteria|c__Alphaproteobacteria|o__Rhizobiales|f__Rhizobiaceae|g__Aminobacter	0.00000000	0.00000000	0.00010100	0.00003178	0.00011823	0.00002595	0.00000000	0.00001746	0.00010860	0.00000000	0.00000000	0.00000000	0.00003394	0.00001632
k__Bacteria|p__Proteobacteria|c__Alphaproteobacteria|o__Rhizobiales|f__Rhizobiaceae|g__Mesorhizobium	0.00060182	0.00010193	0.00050502	0.00130316	0.00233500	0.00046701	0.00056919	0.00157139	0.00030769	0.00076887	0.00111076	0.00017451	0.00047515	0.00040796
k__Bacteria|p__Proteobacteria|c__Alphaproteobacteria|o__Rhizobiales|f__Rhizobiaceae|g__Pseudochrobactrum	0.00012036	0.00001699	0.00031985	0.00003178	0.00008867	0.00000000	0.00000000	0.00013968	0.00018099	0.00001971	0.00004272	0.00007932	0.00013576	0.00042428
k__Bacteria|p__Proteobacteria|c__Alphaproteobacteria|o__Rhizobiales|f__Rhodomicrobiaceae|g__Rhodomicrobium	0.00006018	0.00003398	0.00000000	0.00003178	0.00000000	0.00000000	0.00000000	0.00000000	0.00000000	0.00000000	0.00000000	0.00000000	0.00000000	0.00000000
k__Bacteria|p__Proteobacteria|c__Alphaproteobacteria|o__Rhizobiales|f__Stappiaceae|g__Pannonibacter	0.00000000	0.00000000	0.00005050	0.00009535	0.00000000	0.00000000	0.00000000	0.00000000	0.00005430	0.00000000	0.00000000	0.00001586	0.00003394	0.00009791
k__Bacteria|p__Proteobacteria|c__Alphaproteobacteria|o__Rhizobiales|f__Xanthobacteraceae|g__Ancylobacter	0.00000000	0.00000000	0.00000000	0.00000000	0.00002956	0.00000000	0.00000000	0.00000000	0.00003620	0.00000000	0.00000000	0.00001586	0.00001697	0.00001632
k__Bacteria|p__Proteobacteria|c__Alphaproteobacteria|o__Rhizobiales|f__Xanthobacteraceae|g__Bradyrhizobium	0.00052158	0.00000000	0.00033668	0.00489479	0.00585227	0.00101186	0.00229256	0.00415546	0.00117645	0.00145888	0.00173021	0.00014278	0.00030545	0.00150128
k__Bacteria|p__Proteobacteria|c__Alphaproteobacteria|o__Rhizobiales|f__Xanthobacteraceae|g__Pseudolabrys	0.00010030	0.00008494	0.00000000	0.00003178	0.00000000	0.00132320	0.00000000	0.00008730	0.00012669	0.00009857	0.00004272	0.00003173	0.00005091	0.00001632
k__Bacteria|p__Proteobacteria|c__Alphaproteobacteria|o__Rhizobiales|f__Xanthobacteraceae|g__Pseudoxanthobacter	0.00000000	0.00000000	0.00000000	0.00000000	0.00000000	0.00002595	0.00000000	0.00000000	0.00000000	0.00000000	0.00000000	0.00000000	0.00000000	0.00006527
k__Bacteria|p__Proteobacteria|c__Alphaproteobacteria|o__Rhizobiales|f__Xanthobacteraceae|g__Rhodopseudomonas	0.00000000	0.00003398	0.00003367	0.00000000	0.00000000	0.00002595	0.00003162	0.00001746	0.00041628	0.00000000	0.00000000	0.00000000	0.00003394	0.00000000
k__Bacteria|p__Proteobacteria|c__Alphaproteobacteria|o__Rhizobiales|f__Xanthobacteraceae|g__Xanthobacter	0.00002006	0.00006796	0.00000000	0.00003178	0.00002956	0.00000000	0.00000000	0.00000000	0.00001810	0.00000000	0.00000000	0.00004759	0.00000000	0.00003264
k__Bacteria|p__Proteobacteria|c__Alphaproteobacteria|o__Rhizobiales|f__unidentified_Rhizobiales|g__Alsobacter	0.00002006	0.00000000	0.00000000	0.00000000	0.00000000	0.00000000	0.00000000	0.00000000	0.00000000	0.00000000	0.00000000	0.00000000	0.00000000	0.00000000
k__Bacteria|p__Proteobacteria|c__Alphaproteobacteria|o__Rhizobiales|f__unidentified_Rhizobiales|g__Bauldia	0.00002006	0.00005097	0.00001683	0.00006357	0.00000000	0.00015567	0.00000000	0.00000000	0.00001810	0.00007886	0.00002136	0.00003173	0.00001697	0.00003264
k__Bacteria|p__Proteobacteria|c__Alphaproteobacteria|o__Rhizobiales|f__unidentified_Rhizobiales|g__Nordella	0.00010030	0.00000000	0.00001683	0.00012714	0.00000000	0.00002595	0.00006324	0.00003492	0.00220810	0.00001971	0.00004272	0.00000000	0.00000000	0.00013055
k__Bacteria|p__Proteobacteria|c__Alphaproteobacteria|o__Rhizobiales|f__unidentified_Rhizobiales|g__Phreatobacter	0.00000000	0.00000000	0.00010100	0.00000000	0.00000000	0.00000000	0.00003162	0.00000000	0.00000000	0.00001971	0.00000000	0.00001586	0.00001697	0.00022846
k__Bacteria|p__Proteobacteria|c__Alphaproteobacteria|o__Rhodobacterales|f__Rhodobacteraceae|g__Aliiroseovarius	0.00000000	0.00000000	0.00000000	0.00003178	0.00008867	0.00000000	0.00000000	0.00001746	0.00001810	0.00000000	0.00000000	0.00000000	0.00000000	0.00000000
k__Bacteria|p__Proteobacteria|c__Alphaproteobacteria|o__Rhodobacterales|f__Rhodobacteraceae|g__Amaricoccus	0.00002006	0.00000000	0.00000000	0.00000000	0.00000000	0.00002595	0.00000000	0.00006984	0.00001810	0.00000000	0.00004272	0.00007932	0.00005091	0.00009791
k__Bacteria|p__Proteobacteria|c__Alphaproteobacteria|o__Rhodobacterales|f__Rhodobacteraceae|g__Cereibacter	0.00006018	0.00013591	0.00117839	0.00006357	0.00005911	0.00018162	0.00026878	0.00080316	0.00036198	0.00171516	0.00044857	0.00087254	0.00096727	0.00236615
k__Bacteria|p__Proteobacteria|c__Alphaproteobacteria|o__Rhodobacterales|f__Rhodobacteraceae|g__Defluviimonas	0.00008024	0.00005097	0.00025251	0.00006357	0.00017734	0.00005189	0.00006324	0.00029682	0.00065157	0.00029572	0.00076898	0.00099946	0.00278301	0.00316574
k__Bacteria|p__Proteobacteria|c__Alphaproteobacteria|o__Rhodobacterales|f__Rhodobacteraceae|g__Marivita	0.00000000	0.00000000	0.00000000	0.00000000	0.00000000	0.00000000	0.00000000	0.00000000	0.00000000	0.00000000	0.00000000	0.00000000	0.00000000	0.00000000
k__Bacteria|p__Proteobacteria|c__Alphaproteobacteria|o__Rhodobacterales|f__Rhodobacteraceae|g__Paracoccus	0.00066200	0.00008494	0.00161608	0.02380650	0.00839417	0.00036323	0.00055338	0.01808849	0.00495919	0.00195174	0.00375948	0.00006346	0.00317331	0.00070169
k__Bacteria|p__Proteobacteria|c__Alphaproteobacteria|o__Rhodobacterales|f__Rhodobacteraceae|g__Rhodobacter	0.00100303	0.00069654	0.01334949	0.00044498	0.00260101	0.00085619	0.00150202	0.00253169	0.00304067	0.00153773	0.00395172	0.00739284	0.01508595	0.02896493
k__Bacteria|p__Proteobacteria|c__Alphaproteobacteria|o__Rhodobacterales|f__Rhodobacteraceae|g__Roseobacter_clade_CHAB_I_5_lineage	0.00002006	0.00000000	0.00000000	0.00000000	0.00000000	0.00000000	0.00000000	0.00001746	0.00000000	0.00001971	0.00000000	0.00000000	0.00000000	0.00000000
k__Bacteria|p__Proteobacteria|c__Alphaproteobacteria|o__Rhodobacterales|f__Rhodobacteraceae|g__Rubellimicrobium	0.00000000	0.00000000	0.00003367	0.00000000	0.00000000	0.00000000	0.00000000	0.00000000	0.00000000	0.00000000	0.00000000	0.00007932	0.00000000	0.00000000
k__Bacteria|p__Proteobacteria|c__Alphaproteobacteria|o__Rhodobacterales|f__Rhodobacteraceae|g__Tabrizicola	0.00002006	0.00000000	0.00030301	0.00003178	0.00000000	0.00000000	0.00000000	0.00000000	0.00000000	0.00000000	0.00000000	0.00009519	0.00000000	0.00017950
k__Bacteria|p__Proteobacteria|c__Alphaproteobacteria|o__Rhodobacterales|f__Rhodobacteraceae|g__Thioclava	0.00006018	0.00000000	0.00016834	0.00012714	0.00011823	0.00000000	0.00000000	0.00000000	0.00000000	0.00000000	0.00002136	0.00001586	0.00003394	0.00022846
k__Bacteria|p__Proteobacteria|c__Alphaproteobacteria|o__Rhodospirillales|f__Magnetospirillaceae|g__Magnetospirillum	0.00000000	0.00000000	0.00000000	0.00000000	0.00000000	0.00000000	0.00000000	0.00000000	0.00000000	0.00000000	0.00000000	0.00000000	0.00000000	0.00000000
k__Bacteria|p__Proteobacteria|c__Alphaproteobacteria|o__Rhodospirillales|f__Magnetospirillaceae|g__Phaeospirillum	0.00000000	0.00000000	0.00000000	0.00000000	0.00000000	0.00000000	0.00000000	0.00000000	0.00000000	0.00000000	0.00000000	0.00000000	0.00000000	0.00000000
k__Bacteria|p__Proteobacteria|c__Alphaproteobacteria|o__Rhodospirillales|f__Rhodospirillaceae|g__Caenispirillum	0.00000000	0.00000000	0.00000000	0.00000000	0.00000000	0.00000000	0.00000000	0.00000000	0.00000000	0.00000000	0.00000000	0.00000000	0.00000000	0.00000000
k__Bacteria|p__Proteobacteria|c__Alphaproteobacteria|o__Rhodospirillales|f__Rhodospirillaceae|g__Candidatus_Riegeria	0.00000000	0.00010193	0.00000000	0.00000000	0.00000000	0.00000000	0.00000000	0.00000000	0.00000000	0.00000000	0.00000000	0.00000000	0.00000000	0.00000000
k__Bacteria|p__Proteobacteria|c__Alphaproteobacteria|o__Rhodospirillales|f__Rhodospirillaceae|g__Haematospirillum	0.00000000	0.00006796	0.00000000	0.00000000	0.00000000	0.00000000	0.00000000	0.00000000	0.00000000	0.00000000	0.00000000	0.00000000	0.00000000	0.00000000
k__Bacteria|p__Proteobacteria|c__Alphaproteobacteria|o__Rhodospirillales|f__Rhodospirillaceae|g__Insolitispirillum	0.00004012	0.00000000	0.00000000	0.00000000	0.00000000	0.00000000	0.00000000	0.00000000	0.00000000	0.00000000	0.00000000	0.00000000	0.00000000	0.00000000
k__Bacteria|p__Proteobacteria|c__Alphaproteobacteria|o__Rhodospirillales|f__Rhodospirillaceae|g__Novispirillum	0.00000000	0.00000000	0.00000000	0.00000000	0.00000000	0.00007784	0.00000000	0.00000000	0.00000000	0.00000000	0.00000000	0.00001586	0.00000000	0.00000000
k__Bacteria|p__Proteobacteria|c__Alphaproteobacteria|o__Rhodospirillales|f__Rhodospirillaceae|g__Pararhodospirillum	0.00000000	0.00000000	0.00000000	0.00000000	0.00000000	0.00000000	0.00000000	0.00000000	0.00000000	0.00000000	0.00008544	0.00000000	0.00000000	0.00000000
k__Bacteria|p__Proteobacteria|c__Alphaproteobacteria|o__Rickettsiales|f__Fokiniaceae|g__Candidatus_Anadelfobacter	0.00000000	0.00000000	0.00000000	0.00000000	0.00000000	0.00000000	0.00000000	0.00000000	0.00000000	0.00000000	0.00000000	0.00000000	0.00000000	0.00000000
k__Bacteria|p__Proteobacteria|c__Alphaproteobacteria|o__Rickettsiales|f__Mitochondria|g__unidentified_Mitochondria	0.00000000	0.00000000	0.00005050	0.00000000	0.00002956	0.00233505	0.00000000	0.00001746	0.00001810	0.00001971	0.00000000	0.00000000	0.00000000	0.00001632
k__Bacteria|p__Proteobacteria|c__Alphaproteobacteria|o__Rickettsiales|f__Rickettsiaceae|g__Candidatus_Megaira	0.00000000	0.00000000	0.00003367	0.00003178	0.00000000	0.00007784	0.00000000	0.00000000	0.00000000	0.00000000	0.00000000	0.00000000	0.00000000	0.00001632
k__Bacteria|p__Proteobacteria|c__Alphaproteobacteria|o__Rickettsiales|f__Rickettsiaceae|g__Rickettsia	0.00000000	0.00000000	0.00000000	0.00000000	0.00000000	0.00000000	0.00000000	0.00000000	0.00200901	0.00000000	0.00000000	0.00000000	0.00162908	0.00000000
k__Bacteria|p__Proteobacteria|c__Alphaproteobacteria|o__Rickettsiales|f__unidentified_Rickettsiales|g__Candidatus_Jidaibacter	0.00000000	0.00000000	0.00001683	0.00000000	0.00000000	0.00000000	0.00000000	0.00000000	0.00000000	0.00000000	0.00000000	0.00000000	0.00001697	0.00004895
k__Bacteria|p__Proteobacteria|c__Alphaproteobacteria|o__Sphingomonadales|f__Sphingomonadaceae|g__Altererythrobacter	0.00004012	0.00001699	0.00043769	0.00009535	0.00029557	0.00005189	0.00003162	0.00019206	0.00003620	0.00005914	0.00014952	0.00042834	0.00028848	0.00022846
k__Bacteria|p__Proteobacteria|c__Alphaproteobacteria|o__Sphingomonadales|f__Sphingomonadaceae|g__DSSF69	0.00058176	0.00023784	0.00000000	0.00006357	0.00008867	0.00000000	0.00003162	0.00000000	0.00000000	0.00000000	0.00000000	0.00004759	0.00000000	0.00000000
k__Bacteria|p__Proteobacteria|c__Alphaproteobacteria|o__Sphingomonadales|f__Sphingomonadaceae|g__Novosphingobium	0.00204618	0.00385648	0.01525175	0.00190706	0.00818727	0.00845809	0.00053757	0.00635541	0.00752928	0.00804353	0.02578233	0.03709109	0.03699367	0.03335455
k__Bacteria|p__Proteobacteria|c__Alphaproteobacteria|o__Sphingomonadales|f__Sphingomonadaceae|g__Polymorphobacter	0.00000000	0.00010193	0.00000000	0.00000000	0.00000000	0.00000000	0.00000000	0.00000000	0.00000000	0.00000000	0.00000000	0.00000000	0.00000000	0.00000000
k__Bacteria|p__Proteobacteria|c__Alphaproteobacteria|o__Sphingomonadales|f__Sphingomonadaceae|g__Porphyrobacter	0.00014042	0.00000000	0.00127940	0.00003178	0.00008867	0.00023351	0.00001581	0.00001746	0.00003620	0.00003943	0.00004272	0.00006346	0.00006788	0.00040796
k__Bacteria|p__Proteobacteria|c__Alphaproteobacteria|o__Sphingomonadales|f__Sphingomonadaceae|g__Sandarakinorhabdus	0.00000000	0.00000000	0.00000000	0.00000000	0.00000000	0.00000000	0.00000000	0.00000000	0.00000000	0.00000000	0.00000000	0.00000000	0.00000000	0.00000000
k__Bacteria|p__Proteobacteria|c__Alphaproteobacteria|o__Sphingomonadales|f__Sphingomonadaceae|g__Sphingoaurantiacus	0.00000000	0.00000000	0.00025251	0.00000000	0.00000000	0.00000000	0.00000000	0.00000000	0.00000000	0.00000000	0.00000000	0.00000000	0.00000000	0.00003264
k__Bacteria|p__Proteobacteria|c__Alphaproteobacteria|o__Sphingomonadales|f__Sphingomonadaceae|g__Sphingobium	0.00008024	0.00000000	0.00013467	0.00000000	0.00017734	0.00031134	0.00001581	0.00034920	0.00036198	0.00009857	0.00034177	0.00019037	0.00028848	0.00047323
k__Bacteria|p__Proteobacteria|c__Alphaproteobacteria|o__Sphingomonadales|f__Sphingomonadaceae|g__Sphingomonas	0.00038115	0.02298597	0.00121206	0.00073104	0.00209854	0.00041512	0.00028459	0.00055872	0.00159273	0.00017743	0.00138844	0.01256465	0.00397088	0.00376952
k__Bacteria|p__Proteobacteria|c__Alphaproteobacteria|o__Sphingomonadales|f__Sphingomonadaceae|g__Sphingopyxis	0.00008024	0.00015290	0.00063970	0.00003178	0.00026601	0.00025945	0.00001581	0.00026190	0.00076017	0.00043372	0.00111076	0.00271282	0.00381815	0.00339420
k__Bacteria|p__Proteobacteria|c__Alphaproteobacteria|o__Sphingomonadales|f__Sphingomonadaceae|g__Sphingorhabdus	0.00024073	0.00030580	0.00311432	0.00022249	0.00091627	0.00000000	0.00007905	0.00038412	0.00195472	0.00025629	0.00076898	0.00401371	0.01075871	0.00783277
k__Bacteria|p__Proteobacteria|c__Alphaproteobacteria|o__Sphingomonadales|f__Sphingomonadaceae|g__Sphingosinicella	0.00006018	0.00011892	0.00001683	0.00006357	0.00008867	0.00002595	0.00003162	0.00012222	0.00001810	0.00000000	0.00002136	0.00015864	0.00022060	0.00009791
k__Bacteria|p__Proteobacteria|c__Alphaproteobacteria|o__Tistrellales|f__Geminicoccaceae|g__Candidatus_Alysiosphaera	0.00050151	0.00008494	0.00000000	0.00000000	0.00011823	0.00000000	0.00003162	0.00003492	0.00000000	0.00000000	0.00000000	0.00000000	0.00000000	0.00000000
k__Bacteria|p__Proteobacteria|c__Alphaproteobacteria|o__Tistrellales|f__Tistrellaceae|g__Tistrella	0.00000000	0.00000000	0.00000000	0.00000000	0.00000000	0.00000000	0.00000000	0.00000000	0.00000000	0.00000000	0.00000000	0.00000000	0.00000000	0.00000000
k__Bacteria|p__Proteobacteria|c__Alphaproteobacteria|o__Zavarziniales|f__Zavarziniaceae|g__Zavarzinia	0.00000000	0.00000000	0.00000000	0.00000000	0.00000000	0.00000000	0.00000000	0.00000000	0.00000000	0.00000000	0.00000000	0.00000000	0.00000000	0.00000000
k__Bacteria|p__Proteobacteria|c__Gammaproteobacteria|o__Acidiferrobacterales|f__Acidiferrobacteraceae|g__Sulfurifustis	0.00074224	0.00056063	0.00106055	0.00047677	0.00029557	0.00012973	0.00011068	0.00024444	0.00021719	0.00005914	0.00032041	0.00053939	0.00057697	0.00110964
k__Bacteria|p__Proteobacteria|c__Gammaproteobacteria|o__Acidithiobacillales|f__Acidithiobacillaceae|g__KCM_B_112	0.00000000	0.00005097	0.00006734	0.00000000	0.00002956	0.00012973	0.00000000	0.00017460	0.00001810	0.00001971	0.00025633	0.00133261	0.00000000	0.00031005
k__Bacteria|p__Proteobacteria|c__Gammaproteobacteria|o__Beggiatoales|f__Beggiatoaceae|g__Beggiatoa	0.00002006	0.00000000	0.00000000	0.00003178	0.00000000	0.00000000	0.00001581	0.00000000	0.00001810	0.00000000	0.00000000	0.00000000	0.00000000	0.00000000
k__Bacteria|p__Proteobacteria|c__Gammaproteobacteria|o__Burkholderiales|f__Alcaligenaceae|g__Achromobacter	0.00004012	0.00001699	0.00010100	0.00003178	0.00041380	0.00000000	0.00000000	0.00003492	0.00016289	0.00000000	0.00002136	0.00001586	0.00005091	0.00003264
k__Bacteria|p__Proteobacteria|c__Gammaproteobacteria|o__Burkholderiales|f__Alcaligenaceae|g__Advenella	0.00000000	0.00000000	0.00000000	0.00000000	0.00000000	0.00000000	0.00000000	0.00000000	0.00000000	0.00000000	0.00000000	0.00000000	0.00000000	0.00000000
k__Bacteria|p__Proteobacteria|c__Gammaproteobacteria|o__Burkholderiales|f__Alcaligenaceae|g__Alcaligenes	0.00000000	0.00003398	0.00000000	0.00003178	0.00002956	0.00002595	0.00000000	0.00005238	0.00095926	0.00000000	0.00000000	0.00003173	0.00001697	0.00000000
k__Bacteria|p__Proteobacteria|c__Gammaproteobacteria|o__Burkholderiales|f__Alcaligenaceae|g__Castellaniella	0.00000000	0.00000000	0.00018518	0.00006357	0.00000000	0.00002595	0.00000000	0.00012222	0.00000000	0.00000000	0.00000000	0.00000000	0.00000000	0.00011423
k__Bacteria|p__Proteobacteria|c__Gammaproteobacteria|o__Burkholderiales|f__Alcaligenaceae|g__GKS98_freshwater_group	0.00000000	0.00010193	0.00003367	0.00003178	0.00002956	0.00007784	0.00004743	0.00003492	0.00000000	0.00003943	0.00004272	0.00003173	0.00001697	0.00001632
k__Bacteria|p__Proteobacteria|c__Gammaproteobacteria|o__Burkholderiales|f__Aquaspirillaceae|g__Aquaspirillum	0.00022067	0.00030580	0.00011784	0.00000000	0.00000000	0.00018162	0.00000000	0.00069840	0.00003620	0.00011829	0.00010680	0.00003173	0.00000000	0.00000000
k__Bacteria|p__Proteobacteria|c__Gammaproteobacteria|o__Burkholderiales|f__Aquaspirillaceae|g__Laribacter	0.00002006	0.00000000	0.00000000	0.00000000	0.00000000	0.00000000	0.00000000	0.00017460	0.00000000	0.00000000	0.00000000	0.00000000	0.00001697	0.00000000
k__Bacteria|p__Proteobacteria|c__Gammaproteobacteria|o__Burkholderiales|f__Aquaspirillaceae|g__Microvirgula	0.00000000	0.00000000	0.00000000	0.00000000	0.00000000	0.00000000	0.00000000	0.00000000	0.00000000	0.00000000	0.00000000	0.00000000	0.00000000	0.00000000
k__Bacteria|p__Proteobacteria|c__Gammaproteobacteria|o__Burkholderiales|f__Aquaspirillaceae|g__Rivicola	0.00028085	0.00003398	0.00003367	0.00006357	0.00008867	0.00025945	0.00001581	0.00190313	0.00108595	0.00023657	0.00006408	0.00009519	0.00005091	0.00000000
k__Bacteria|p__Proteobacteria|c__Gammaproteobacteria|o__Burkholderiales|f__Burkholderiaceae|g__Burkholderia_Caballeronia_Paraburkholderia	0.00010030	0.00003398	0.00000000	0.00060390	0.00014778	0.00000000	0.00014230	0.00029682	0.00047058	0.00011829	0.00012816	0.00000000	0.00006788	0.00001632
k__Bacteria|p__Proteobacteria|c__Gammaproteobacteria|o__Burkholderiales|f__Burkholderiaceae|g__Cupriavidus	0.00000000	0.00088342	0.00006734	0.00003178	0.00000000	0.00010378	0.00014230	0.00000000	0.00119455	0.00000000	0.00004272	0.00012692	0.00074666	0.00000000
k__Bacteria|p__Proteobacteria|c__Gammaproteobacteria|o__Burkholderiales|f__Burkholderiaceae|g__Lautropia	0.00028085	0.00047569	0.02111004	0.00047677	0.00053202	0.00124536	0.00000000	0.00054126	0.00023529	0.00047315	0.00281961	0.00334740	0.00230786	0.00403061
k__Bacteria|p__Proteobacteria|c__Gammaproteobacteria|o__Burkholderiales|f__Burkholderiaceae|g__Limnobacter	0.00024073	0.00028881	0.00212110	0.00015892	0.00106405	0.00791324	0.00007905	0.00219995	0.00025339	0.00092658	0.00401581	0.00959799	0.00351270	0.00159919
k__Bacteria|p__Proteobacteria|c__Gammaproteobacteria|o__Burkholderiales|f__Burkholderiaceae|g__Polynucleobacter	0.00016048	0.00000000	0.00000000	0.00000000	0.00002956	0.00000000	0.00007905	0.00005238	0.00000000	0.00000000	0.00000000	0.00000000	0.00011879	0.00000000
k__Bacteria|p__Proteobacteria|c__Gammaproteobacteria|o__Burkholderiales|f__Burkholderiaceae|g__Ralstonia	0.00250757	0.00319391	0.00047136	0.00146208	0.00082759	0.00020756	0.00033203	0.00022698	0.02228014	0.00013800	0.00008544	0.00031729	0.01430535	0.00016318
k__Bacteria|p__Proteobacteria|c__Gammaproteobacteria|o__Burkholderiales|f__Chitinibacteraceae|g__Chitinibacter	0.00000000	0.00000000	0.00000000	0.00000000	0.00005911	0.00000000	0.00000000	0.00001746	0.00000000	0.00000000	0.00002136	0.00000000	0.00000000	0.00000000
k__Bacteria|p__Proteobacteria|c__Gammaproteobacteria|o__Burkholderiales|f__Chitinibacteraceae|g__Chitinilyticum	0.00000000	0.00000000	0.00000000	0.00000000	0.00000000	0.00000000	0.00001581	0.00000000	0.00000000	0.00000000	0.00000000	0.00003173	0.00001697	0.00000000
k__Bacteria|p__Proteobacteria|c__Gammaproteobacteria|o__Burkholderiales|f__Chitinibacteraceae|g__Deefgea	0.00000000	0.00000000	0.00000000	0.00000000	0.00000000	0.00000000	0.00000000	0.00000000	0.00000000	0.00000000	0.00000000	0.00000000	0.00000000	0.00000000
k__Bacteria|p__Proteobacteria|c__Gammaproteobacteria|o__Burkholderiales|f__Chitinibacteraceae|g__Formivibrio	0.00142430	0.00022086	0.00035352	0.00019071	0.00011823	0.00023351	0.00001581	0.00013968	0.00014479	0.00011829	0.00010680	0.00007932	0.00006788	0.00001632
k__Bacteria|p__Proteobacteria|c__Gammaproteobacteria|o__Burkholderiales|f__Chitinimonadaceae|g__Chitinimonas	0.00006018	0.00000000	0.00000000	0.00000000	0.00000000	0.00005189	0.00000000	0.00000000	0.00000000	0.00000000	0.00000000	0.00000000	0.00003394	0.00000000
k__Bacteria|p__Proteobacteria|c__Gammaproteobacteria|o__Burkholderiales|f__Chitinimonadaceae|g__Chitinivorax	0.00000000	0.00000000	0.00000000	0.00000000	0.00002956	0.00012973	0.00000000	0.00003492	0.00000000	0.00005914	0.00002136	0.00007932	0.00008485	0.00003264
k__Bacteria|p__Proteobacteria|c__Gammaproteobacteria|o__Burkholderiales|f__Chromobacteriaceae|g__Aquitalea	0.00000000	0.00000000	0.00000000	0.00000000	0.00000000	0.00000000	0.00000000	0.00000000	0.00000000	0.00000000	0.00000000	0.00000000	0.00001697	0.00000000
k__Bacteria|p__Proteobacteria|c__Gammaproteobacteria|o__Burkholderiales|f__Chromobacteriaceae|g__Paludibacterium	0.00000000	0.00000000	0.00000000	0.00000000	0.00000000	0.00000000	0.00001581	0.00000000	0.00000000	0.00000000	0.00002136	0.00000000	0.00000000	0.00000000
k__Bacteria|p__Proteobacteria|c__Gammaproteobacteria|o__Burkholderiales|f__Chromobacteriaceae|g__Vogesella	0.00012036	0.00022086	0.00013467	0.00012714	0.00005911	0.00041512	0.00001581	0.00000000	0.00000000	0.00001971	0.00000000	0.00004759	0.00016970	0.00004895
k__Bacteria|p__Proteobacteria|c__Gammaproteobacteria|o__Burkholderiales|f__Comamonadaceae|g__Acidovorax	0.00062188	0.00057762	0.00170025	0.00038141	0.00062070	0.00467011	0.00000000	0.00146663	0.00083256	0.00080830	0.00081171	0.00136434	0.00159514	0.00251301
k__Bacteria|p__Proteobacteria|c__Gammaproteobacteria|o__Burkholderiales|f__Comamonadaceae|g__Alicycliphilus	0.00016048	0.00011892	0.00021884	0.00019071	0.00000000	0.01696806	0.00000000	0.00085554	0.00054298	0.00078858	0.00523337	0.00610781	0.00335998	0.00151760
k__Bacteria|p__Proteobacteria|c__Gammaproteobacteria|o__Burkholderiales|f__Comamonadaceae|g__Aquabacterium	0.00026079	0.00117223	0.00139724	0.00047677	0.00144829	0.00633059	0.00014230	0.00403324	0.00177372	0.00197145	0.00089715	0.00237967	0.00281695	0.00115860
k__Bacteria|p__Proteobacteria|c__Gammaproteobacteria|o__Burkholderiales|f__Comamonadaceae|g__Brachymonas	0.00024073	0.00013591	0.00101005	0.00003178	0.00026601	0.00256856	0.00011068	0.00286343	0.00097736	0.00055201	0.00192246	0.00068217	0.00091636	0.00032637
k__Bacteria|p__Proteobacteria|c__Gammaproteobacteria|o__Burkholderiales|f__Comamonadaceae|g__Comamonas	0.00046139	0.00011892	0.00695251	0.00006357	0.00041380	0.00352853	0.00007905	0.00202535	0.00182802	0.00065058	0.00049130	0.00066631	0.00111999	0.00448752
k__Bacteria|p__Proteobacteria|c__Gammaproteobacteria|o__Burkholderiales|f__Comamonadaceae|g__Curvibacter	0.00050151	0.00061160	0.00069020	0.00165279	0.00103449	0.00272423	0.00006324	0.00034920	0.00045248	0.00078858	0.00155933	0.00682172	0.00424239	0.00076696
k__Bacteria|p__Proteobacteria|c__Gammaproteobacteria|o__Burkholderiales|f__Comamonadaceae|g__Delftia	0.00002006	0.00000000	0.00000000	0.00000000	0.00000000	0.00000000	0.00000000	0.00000000	0.00005430	0.00000000	0.00002136	0.00000000	0.00003394	0.00003264
k__Bacteria|p__Proteobacteria|c__Gammaproteobacteria|o__Burkholderiales|f__Comamonadaceae|g__Extensimonas	0.00010030	0.00001699	0.00035352	0.00006357	0.00029557	0.00140103	0.00000000	0.00073332	0.00010860	0.00019715	0.00019225	0.00134848	0.00016970	0.00031005
k__Bacteria|p__Proteobacteria|c__Gammaproteobacteria|o__Burkholderiales|f__Comamonadaceae|g__Hydrogenophaga	0.00433309	0.00789983	0.01360201	0.00432267	0.00750746	0.00646032	0.00052176	0.00506338	0.00430761	0.00910811	0.02497063	0.01710188	0.01966774	0.02607660
k__Bacteria|p__Proteobacteria|c__Gammaproteobacteria|o__Burkholderiales|f__Comamonadaceae|g__Hylemonella	0.00000000	0.00000000	0.00000000	0.00000000	0.00000000	0.00000000	0.00000000	0.00000000	0.00001810	0.00000000	0.00000000	0.00000000	0.00000000	0.00000000
k__Bacteria|p__Proteobacteria|c__Gammaproteobacteria|o__Burkholderiales|f__Comamonadaceae|g__Ideonella	0.00146442	0.00035677	0.00469673	0.00088996	0.00138918	0.00064863	0.00020554	0.00031428	0.00021719	0.00027600	0.00296913	0.00544151	0.00257938	0.00313311
k__Bacteria|p__Proteobacteria|c__Gammaproteobacteria|o__Burkholderiales|f__Comamonadaceae|g__Inhella	0.00006018	0.00000000	0.00003367	0.00000000	0.00000000	0.00000000	0.00003162	0.00003492	0.00000000	0.00000000	0.00000000	0.00000000	0.00000000	0.00006527
k__Bacteria|p__Proteobacteria|c__Gammaproteobacteria|o__Burkholderiales|f__Comamonadaceae|g__Limnohabitans	0.00000000	0.00010193	0.00000000	0.00000000	0.00002956	0.00000000	0.00000000	0.00003492	0.00000000	0.00000000	0.00002136	0.00000000	0.00000000	0.00003264
k__Bacteria|p__Proteobacteria|c__Gammaproteobacteria|o__Burkholderiales|f__Comamonadaceae|g__Macromonas	0.00002006	0.00015290	0.00000000	0.00003178	0.00000000	0.00002595	0.00000000	0.00000000	0.00000000	0.00000000	0.00000000	0.00000000	0.00000000	0.00000000
k__Bacteria|p__Proteobacteria|c__Gammaproteobacteria|o__Burkholderiales|f__Comamonadaceae|g__Ottowia	0.00000000	0.00000000	0.00001683	0.00000000	0.00000000	0.00023351	0.00000000	0.00019206	0.00000000	0.00000000	0.00000000	0.00000000	0.00000000	0.00000000
k__Bacteria|p__Proteobacteria|c__Gammaproteobacteria|o__Burkholderiales|f__Comamonadaceae|g__Paucibacter	0.00000000	0.00000000	0.00000000	0.00006357	0.00008867	0.00000000	0.00000000	0.00000000	0.00000000	0.00000000	0.00000000	0.00001586	0.00000000	0.00000000
k__Bacteria|p__Proteobacteria|c__Gammaproteobacteria|o__Burkholderiales|f__Comamonadaceae|g__Piscinibacter	0.00096291	0.00013591	0.00048819	0.00076282	0.00082759	0.00010378	0.00012649	0.00012222	0.00041628	0.00007886	0.00074762	0.00077736	0.00025454	0.00088119
k__Bacteria|p__Proteobacteria|c__Gammaproteobacteria|o__Burkholderiales|f__Comamonadaceae|g__Polaromonas	0.00000000	0.00000000	0.00000000	0.00000000	0.00000000	0.00000000	0.00001581	0.00000000	0.00000000	0.00000000	0.00000000	0.00000000	0.00000000	0.00000000
k__Bacteria|p__Proteobacteria|c__Gammaproteobacteria|o__Burkholderiales|f__Comamonadaceae|g__Ramlibacter	0.00014042	0.00008494	0.00005050	0.00009535	0.00029557	0.00062268	0.00006324	0.00001746	0.00001810	0.00001971	0.00032041	0.00025383	0.00005091	0.00006527
k__Bacteria|p__Proteobacteria|c__Gammaproteobacteria|o__Burkholderiales|f__Comamonadaceae|g__Rhizobacter	0.00012036	0.00000000	0.00005050	0.00003178	0.00026601	0.00012973	0.00003162	0.00000000	0.00000000	0.00001971	0.00014952	0.00052353	0.00005091	0.00011423
k__Bacteria|p__Proteobacteria|c__Gammaproteobacteria|o__Burkholderiales|f__Comamonadaceae|g__Rhodoferax	0.00008024	0.00000000	0.00001683	0.00006357	0.00014778	0.00010378	0.00001581	0.00040158	0.00027149	0.00003943	0.00023497	0.00015864	0.00003394	0.00001632
k__Bacteria|p__Proteobacteria|c__Gammaproteobacteria|o__Burkholderiales|f__Comamonadaceae|g__Rivibacter	0.00000000	0.00000000	0.00011784	0.00000000	0.00002956	0.00002595	0.00001581	0.00005238	0.00000000	0.00000000	0.00002136	0.00000000	0.00001697	0.00000000
k__Bacteria|p__Proteobacteria|c__Gammaproteobacteria|o__Burkholderiales|f__Comamonadaceae|g__Rubrivivax	0.00118357	0.00018688	0.00321533	0.00069926	0.00059114	0.00041512	0.00009486	0.00024444	0.00016289	0.00017743	0.00117484	0.00231621	0.00142544	0.00249670
k__Bacteria|p__Proteobacteria|c__Gammaproteobacteria|o__Burkholderiales|f__Comamonadaceae|g__Sphaerotilus	0.00000000	0.00000000	0.00000000	0.00000000	0.00000000	0.00000000	0.00000000	0.00008730	0.00005430	0.00001971	0.00000000	0.00000000	0.00000000	0.00001632
k__Bacteria|p__Proteobacteria|c__Gammaproteobacteria|o__Burkholderiales|f__Comamonadaceae|g__Thiomonas	0.00012036	0.00000000	0.00020201	0.00009535	0.00005911	0.00007784	0.00003162	0.00040158	0.00010860	0.00045343	0.00123892	0.00061871	0.00054303	0.00079960
k__Bacteria|p__Proteobacteria|c__Gammaproteobacteria|o__Burkholderiales|f__Comamonadaceae|g__Variovorax	0.00006018	0.00000000	0.00023568	0.00025427	0.00008867	0.00015567	0.00004743	0.00017460	0.00003620	0.00005914	0.00006408	0.00019037	0.00042424	0.00032637
k__Bacteria|p__Proteobacteria|c__Gammaproteobacteria|o__Burkholderiales|f__Gallionellaceae|g__Candidatus_Nitrotoga	0.00034103	0.00000000	0.00000000	0.00019071	0.00002956	0.00000000	0.00001581	0.00000000	0.00000000	0.00000000	0.00000000	0.00000000	0.00000000	0.00000000
k__Bacteria|p__Proteobacteria|c__Gammaproteobacteria|o__Burkholderiales|f__Gallionellaceae|g__Gallionella	0.00000000	0.00000000	0.00000000	0.00047677	0.00076848	0.00002595	0.00001581	0.00000000	0.00003620	0.00000000	0.00000000	0.00000000	0.00008485	0.00000000
k__Bacteria|p__Proteobacteria|c__Gammaproteobacteria|o__Burkholderiales|f__Gallionellaceae|g__Sideroxydans	0.00052158	0.00030580	0.00001683	0.00632509	0.00248278	0.00064863	0.00017392	0.00006984	0.00001810	0.00001971	0.00014952	0.00034902	0.00023757	0.00003264
k__Bacteria|p__Proteobacteria|c__Gammaproteobacteria|o__Burkholderiales|f__Hydrogenophilaceae|g__Spirillum	0.00000000	0.00000000	0.00000000	0.00000000	0.00000000	0.00000000	0.00000000	0.00000000	0.00000000	0.00000000	0.00000000	0.00000000	0.00000000	0.00000000
k__Bacteria|p__Proteobacteria|c__Gammaproteobacteria|o__Burkholderiales|f__Hydrogenophilaceae|g__Sulfuritortus	0.00008024	0.00003398	0.00033668	0.00031784	0.00008867	0.00012973	0.00001581	0.00001746	0.00018099	0.00003943	0.00036313	0.00012692	0.00222301	0.00083223
k__Bacteria|p__Proteobacteria|c__Gammaproteobacteria|o__Burkholderiales|f__Hydrogenophilaceae|g__Tepidiphilus	0.00008024	0.00000000	0.00000000	0.00000000	0.00000000	0.00000000	0.00000000	0.00000000	0.00001810	0.00000000	0.00000000	0.00000000	0.00001697	0.00003264
k__Bacteria|p__Proteobacteria|c__Gammaproteobacteria|o__Burkholderiales|f__Hydrogenophilaceae|g__Thiobacillus	0.00597805	0.00589514	0.00944397	0.01770390	0.01406910	0.12873933	0.00129648	0.01580124	0.01111292	0.03300213	0.15973513	0.14536599	0.08533999	0.02093634
k__Bacteria|p__Proteobacteria|c__Gammaproteobacteria|o__Burkholderiales|f__Hydrogenophilaceae|g__Thiobacter	0.00000000	0.00032279	0.00000000	0.00000000	0.00000000	0.00010378	0.00000000	0.00000000	0.00000000	0.00000000	0.00004272	0.00000000	0.00000000	0.00001632
k__Bacteria|p__Proteobacteria|c__Gammaproteobacteria|o__Burkholderiales|f__Methylophilaceae|g__Candidatus_Methylopumilus	0.00002006	0.00000000	0.00000000	0.00000000	0.00000000	0.00000000	0.00000000	0.00000000	0.00000000	0.00000000	0.00000000	0.00000000	0.00000000	0.00000000
k__Bacteria|p__Proteobacteria|c__Gammaproteobacteria|o__Burkholderiales|f__Methylophilaceae|g__Methylobacillus	0.00000000	0.00000000	0.00000000	0.00000000	0.00000000	0.00010378	0.00000000	0.00000000	0.00000000	0.00000000	0.00000000	0.00000000	0.00000000	0.00000000
k__Bacteria|p__Proteobacteria|c__Gammaproteobacteria|o__Burkholderiales|f__Methylophilaceae|g__Methylophilus	0.00070212	0.00010193	0.00058920	0.00012714	0.00005911	0.00002595	0.00000000	0.00000000	0.00000000	0.00000000	0.00002136	0.00000000	0.00000000	0.00019582
k__Bacteria|p__Proteobacteria|c__Gammaproteobacteria|o__Burkholderiales|f__Methylophilaceae|g__Methylotenera	0.00070212	0.00039074	0.00134673	0.00044498	0.00209854	0.00199777	0.00004743	0.00158885	0.00036198	0.00029572	0.00012816	0.00022210	0.00013576	0.00034268
k__Bacteria|p__Proteobacteria|c__Gammaproteobacteria|o__Burkholderiales|f__Neisseriaceae|g__Eikenella	0.00000000	0.00000000	0.00223894	0.00000000	0.00000000	0.00002595	0.00000000	0.00000000	0.00000000	0.00001971	0.00000000	0.00001586	0.00000000	0.00024477
k__Bacteria|p__Proteobacteria|c__Gammaproteobacteria|o__Burkholderiales|f__Neisseriaceae|g__Kingella	0.00000000	0.00000000	0.00005050	0.00000000	0.00000000	0.00000000	0.00000000	0.00000000	0.00000000	0.00000000	0.00000000	0.00000000	0.00000000	0.00000000
k__Bacteria|p__Proteobacteria|c__Gammaproteobacteria|o__Burkholderiales|f__Neisseriaceae|g__Neisseria	0.00008024	0.00090041	0.02378668	0.00006357	0.00000000	0.00000000	0.00000000	0.00003492	0.00001810	0.00007886	0.00000000	0.00080909	0.00000000	0.00195819
k__Bacteria|p__Proteobacteria|c__Gammaproteobacteria|o__Burkholderiales|f__Neisseriaceae|g__Uruburuella	0.00000000	0.00000000	0.00000000	0.00000000	0.00000000	0.00000000	0.00000000	0.00017460	0.00023529	0.00000000	0.00002136	0.00000000	0.00000000	0.00000000
k__Bacteria|p__Proteobacteria|c__Gammaproteobacteria|o__Burkholderiales|f__Neisseriaceae|g__Vitreoscilla	0.00000000	0.00000000	0.00001683	0.00000000	0.00000000	0.00000000	0.00000000	0.00005238	0.00000000	0.00000000	0.00000000	0.00000000	0.00010182	0.00000000
k__Bacteria|p__Proteobacteria|c__Gammaproteobacteria|o__Burkholderiales|f__Nitrosomonadaceae|g__966_1	0.00000000	0.00000000	0.00000000	0.00003178	0.00002956	0.00051890	0.00001581	0.00001746	0.00000000	0.00001971	0.00002136	0.00000000	0.00000000	0.00000000
k__Bacteria|p__Proteobacteria|c__Gammaproteobacteria|o__Burkholderiales|f__Nitrosomonadaceae|g__DSSD61	0.00000000	0.00000000	0.00000000	0.00000000	0.00000000	0.00000000	0.00000000	0.00000000	0.00000000	0.00000000	0.00000000	0.00000000	0.00000000	0.00000000
k__Bacteria|p__Proteobacteria|c__Gammaproteobacteria|o__Burkholderiales|f__Nitrosomonadaceae|g__Ellin6067	0.00184557	0.00098536	0.00464623	0.00123959	0.00062070	0.00492956	0.00022135	0.00115236	0.00059727	0.00086744	0.00865107	0.00958213	0.00782297	0.01129224
k__Bacteria|p__Proteobacteria|c__Gammaproteobacteria|o__Burkholderiales|f__Nitrosomonadaceae|g__GOUTA6	0.00016048	0.00083246	0.00000000	0.00000000	0.00002956	0.00002595	0.00000000	0.00001746	0.00000000	0.00000000	0.00000000	0.00003173	0.00000000	0.00000000
k__Bacteria|p__Proteobacteria|c__Gammaproteobacteria|o__Burkholderiales|f__Nitrosomonadaceae|g__IS_44	0.00028085	0.00000000	0.00000000	0.00000000	0.00000000	0.00000000	0.00000000	0.00000000	0.00021719	0.00000000	0.00000000	0.00000000	0.00001697	0.00000000
k__Bacteria|p__Proteobacteria|c__Gammaproteobacteria|o__Burkholderiales|f__Nitrosomonadaceae|g__MND1	0.00108327	0.00127417	0.00001683	0.00044498	0.00029557	0.00002595	0.00004743	0.00003492	0.00001810	0.00001971	0.00006408	0.00011105	0.00011879	0.00013055
k__Bacteria|p__Proteobacteria|c__Gammaproteobacteria|o__Burkholderiales|f__Nitrosomonadaceae|g__Nitrosomonas	0.00012036	0.00003398	0.00043769	0.00009535	0.00017734	0.00316530	0.00001581	0.00015714	0.00003620	0.00019715	0.00027769	0.00041248	0.00042424	0.00063641
k__Bacteria|p__Proteobacteria|c__Gammaproteobacteria|o__Burkholderiales|f__Nitrosomonadaceae|g__Nitrosospira	0.00002006	0.00000000	0.00000000	0.00000000	0.00000000	0.00007784	0.00000000	0.00000000	0.00000000	0.00000000	0.00000000	0.00003173	0.00000000	0.00000000
k__Bacteria|p__Proteobacteria|c__Gammaproteobacteria|o__Burkholderiales|f__Nitrosomonadaceae|g__mle1_7	0.00018055	0.00001699	0.00005050	0.00034963	0.00008867	0.00010378	0.00000000	0.00000000	0.00000000	0.00007886	0.00034177	0.00001586	0.00005091	0.00001632
k__Bacteria|p__Proteobacteria|c__Gammaproteobacteria|o__Burkholderiales|f__Nitrosomonadaceae|g__oc32	0.00024073	0.00010193	0.00003367	0.00006357	0.00000000	0.00007784	0.00000000	0.00000000	0.00001810	0.00000000	0.00006408	0.00036488	0.00003394	0.00009791
k__Bacteria|p__Proteobacteria|c__Gammaproteobacteria|o__Burkholderiales|f__Oxalobacteraceae|g__Duganella	0.00000000	0.00000000	0.00000000	0.00003178	0.00000000	0.00000000	0.00000000	0.00000000	0.00409042	0.00000000	0.00000000	0.00000000	0.00000000	0.00000000
k__Bacteria|p__Proteobacteria|c__Gammaproteobacteria|o__Burkholderiales|f__Oxalobacteraceae|g__Herbaspirillum	0.00000000	0.00001699	0.00000000	0.00000000	0.00000000	0.00000000	0.00000000	0.00000000	0.00005430	0.00000000	0.00000000	0.00003173	0.00001697	0.00000000
k__Bacteria|p__Proteobacteria|c__Gammaproteobacteria|o__Burkholderiales|f__Oxalobacteraceae|g__Massilia	0.00014042	0.00006796	0.00008417	0.00006357	0.00041380	0.00041512	0.00000000	0.00005238	0.00141174	0.00007886	0.00034177	0.00042834	0.00057697	0.00014686
k__Bacteria|p__Proteobacteria|c__Gammaproteobacteria|o__Burkholderiales|f__Oxalobacteraceae|g__Oxalicibacterium	0.00000000	0.00000000	0.00001683	0.00000000	0.00002956	0.00000000	0.00001581	0.00000000	0.00000000	0.00000000	0.00002136	0.00000000	0.00000000	0.00000000
k__Bacteria|p__Proteobacteria|c__Gammaproteobacteria|o__Burkholderiales|f__Oxalobacteraceae|g__Oxalobacter	0.00000000	0.00000000	0.00000000	0.00000000	0.00000000	0.00000000	0.00000000	0.00000000	0.00000000	0.00000000	0.00000000	0.00000000	0.00000000	0.00000000
k__Bacteria|p__Proteobacteria|c__Gammaproteobacteria|o__Burkholderiales|f__Oxalobacteraceae|g__Undibacterium	0.00000000	0.00000000	0.00000000	0.00000000	0.00000000	0.00000000	0.00000000	0.00000000	0.00085066	0.00000000	0.00000000	0.00000000	0.00057697	0.00000000
k__Bacteria|p__Proteobacteria|c__Gammaproteobacteria|o__Burkholderiales|f__Rhodocyclaceae|g__Azoarcus	0.00008024	0.00000000	0.00003367	0.00000000	0.00000000	0.00000000	0.00001581	0.00000000	0.00000000	0.00000000	0.00000000	0.00000000	0.00000000	0.00014686
k__Bacteria|p__Proteobacteria|c__Gammaproteobacteria|o__Burkholderiales|f__Rhodocyclaceae|g__Azonexus	0.00004012	0.00010193	0.00023568	0.00003178	0.00041380	0.00002595	0.00000000	0.00005238	0.00000000	0.00000000	0.00000000	0.00000000	0.00003394	0.00001632
k__Bacteria|p__Proteobacteria|c__Gammaproteobacteria|o__Burkholderiales|f__Rhodocyclaceae|g__Azospira	0.00008024	0.00000000	0.00001683	0.00044498	0.00005911	0.00005189	0.00001581	0.00001746	0.00007240	0.00003943	0.00000000	0.00001586	0.00000000	0.00001632
k__Bacteria|p__Proteobacteria|c__Gammaproteobacteria|o__Burkholderiales|f__Rhodocyclaceae|g__Azovibrio	0.00006018	0.00015290	0.00000000	0.00000000	0.00000000	0.00007784	0.00001581	0.00001746	0.00000000	0.00000000	0.00008544	0.00012692	0.00001697	0.00001632
k__Bacteria|p__Proteobacteria|c__Gammaproteobacteria|o__Burkholderiales|f__Rhodocyclaceae|g__C39	0.00082248	0.00299004	0.00040402	0.00079461	0.00029557	0.00329502	0.00001581	0.00022698	0.00021719	0.00037458	0.00046993	0.00065044	0.00086545	0.00035900
k__Bacteria|p__Proteobacteria|c__Gammaproteobacteria|o__Burkholderiales|f__Rhodocyclaceae|g__Dechlorobacter	0.00010030	0.00003398	0.00001683	0.00009535	0.00005911	0.00010378	0.00004743	0.00076824	0.00009050	0.00011829	0.00004272	0.00000000	0.00001697	0.00000000
k__Bacteria|p__Proteobacteria|c__Gammaproteobacteria|o__Burkholderiales|f__Rhodocyclaceae|g__Dechloromonas	0.00473430	0.00385648	0.00707035	0.04201894	0.02184258	0.00204966	0.00135973	0.00378880	0.00428952	0.00536235	0.00995407	0.00472761	0.00259634	0.00226824
k__Bacteria|p__Proteobacteria|c__Gammaproteobacteria|o__Burkholderiales|f__Rhodocyclaceae|g__Ferribacterium	0.00010030	0.00022086	0.00000000	0.00009535	0.00005911	0.00000000	0.00001581	0.00003492	0.00000000	0.00000000	0.00000000	0.00003173	0.00000000	0.00000000
k__Bacteria|p__Proteobacteria|c__Gammaproteobacteria|o__Burkholderiales|f__Rhodocyclaceae|g__Georgfuchsia	0.00002006	0.00000000	0.00000000	0.00003178	0.00008867	0.00000000	0.00001581	0.00005238	0.00001810	0.00000000	0.00010680	0.00001586	0.00000000	0.00003264
k__Bacteria|p__Proteobacteria|c__Gammaproteobacteria|o__Burkholderiales|f__Rhodocyclaceae|g__Niveibacterium	0.00000000	0.00000000	0.00000000	0.00000000	0.00000000	0.00010378	0.00000000	0.00003492	0.00000000	0.00005914	0.00012816	0.00000000	0.00005091	0.00001632
k__Bacteria|p__Proteobacteria|c__Gammaproteobacteria|o__Burkholderiales|f__Rhodocyclaceae|g__Propionivibrio	0.00100303	0.00108729	0.00095955	0.00041320	0.00106405	0.00062268	0.00004743	0.00286343	0.00313117	0.00175459	0.00049130	0.00120570	0.00056000	0.00016318
k__Bacteria|p__Proteobacteria|c__Gammaproteobacteria|o__Burkholderiales|f__Rhodocyclaceae|g__Rhodocyclus	0.00000000	0.00015290	0.00001683	0.00003178	0.00000000	0.00033729	0.00000000	0.00000000	0.00000000	0.00001971	0.00000000	0.00006346	0.00001697	0.00000000
k__Bacteria|p__Proteobacteria|c__Gammaproteobacteria|o__Burkholderiales|f__Rhodocyclaceae|g__Sterolibacterium	0.00000000	0.00000000	0.00000000	0.00012714	0.00000000	0.00002595	0.00000000	0.00010476	0.00000000	0.00000000	0.00000000	0.00000000	0.00000000	0.00000000
k__Bacteria|p__Proteobacteria|c__Gammaproteobacteria|o__Burkholderiales|f__Rhodocyclaceae|g__Sulfurisoma	0.00044133	0.00000000	0.00011784	0.00079461	0.00000000	0.00000000	0.00001581	0.00000000	0.00000000	0.00000000	0.00000000	0.00004759	0.00001697	0.00003264
k__Bacteria|p__Proteobacteria|c__Gammaproteobacteria|o__Burkholderiales|f__Rhodocyclaceae|g__Sulfuritalea	0.00048145	0.00023784	0.00321533	0.00406840	0.00118228	0.00085619	0.00009486	0.00003492	0.00001810	0.00015772	0.00032041	0.00164990	0.00016970	0.00613567
k__Bacteria|p__Proteobacteria|c__Gammaproteobacteria|o__Burkholderiales|f__Rhodocyclaceae|g__Thauera	0.00397200	0.00506269	0.04275878	0.00152565	0.00339905	0.00651221	0.00071148	0.03518176	0.02209915	0.03477644	0.07621489	0.07787861	0.08954844	0.09562507
k__Bacteria|p__Proteobacteria|c__Gammaproteobacteria|o__Burkholderiales|f__Rhodocyclaceae|g__Uliginosibacterium	0.00036109	0.00000000	0.00026935	0.00009535	0.00005911	0.00002595	0.00001581	0.00013968	0.00016289	0.00000000	0.00004272	0.00017451	0.00010182	0.00034268
k__Bacteria|p__Proteobacteria|c__Gammaproteobacteria|o__Burkholderiales|f__Rhodocyclaceae|g__Zoogloea	0.00134406	0.00141008	0.00092588	0.00028606	0.00109361	0.00072646	0.00022135	0.00553480	0.00204521	0.00352890	0.00431486	0.00260177	0.00105211	0.00047323
k__Bacteria|p__Proteobacteria|c__Gammaproteobacteria|o__Burkholderiales|f__Sulfuricellaceae|g__Ferritrophicum	0.00046139	0.00028881	0.00048819	0.00797788	0.00053202	0.00067457	0.00025297	0.00020952	0.00010860	0.00027600	0.00551105	0.00466415	0.00127272	0.00052218
k__Bacteria|p__Proteobacteria|c__Gammaproteobacteria|o__Burkholderiales|f__Sulfuricellaceae|g__Sulfuricella	0.00016048	0.00000000	0.00003367	0.00467230	0.00011823	0.00002595	0.00009486	0.00000000	0.00000000	0.00003943	0.00000000	0.00000000	0.00000000	0.00000000
k__Bacteria|p__Proteobacteria|c__Gammaproteobacteria|o__Burkholderiales|f__Sutterellaceae|g__AAP99	0.00006018	0.00000000	0.00000000	0.00006357	0.00026601	0.00000000	0.00001581	0.00001746	0.00000000	0.00001971	0.00004272	0.00000000	0.00000000	0.00000000
k__Bacteria|p__Proteobacteria|c__Gammaproteobacteria|o__Burkholderiales|f__Sutterellaceae|g__Parasutterella	0.00002006	0.00093439	0.00000000	0.00006357	0.00005911	0.00010378	0.00000000	0.00000000	0.00001810	0.00000000	0.00002136	0.00096773	0.00000000	0.00001632
k__Bacteria|p__Proteobacteria|c__Gammaproteobacteria|o__Burkholderiales|f__Sutterellaceae|g__Sutterella	0.00010030	0.00008494	0.00000000	0.00003178	0.00002956	0.00002595	0.00003162	0.00003492	0.00001810	0.00001971	0.00000000	0.00000000	0.00006788	0.00000000
k__Bacteria|p__Proteobacteria|c__Gammaproteobacteria|o__Cardiobacteriales|f__Cardiobacteriaceae|g__Cardiobacterium	0.00000000	0.00000000	0.00296281	0.00000000	0.00002956	0.00000000	0.00000000	0.00000000	0.00000000	0.00000000	0.00000000	0.00000000	0.00000000	0.00091382
k__Bacteria|p__Proteobacteria|c__Gammaproteobacteria|o__Cardiobacteriales|f__Wohlfahrtiimonadaceae|g__Ignatzschineria	0.00000000	0.00000000	0.00000000	0.00000000	0.00000000	0.00020756	0.00000000	0.00000000	0.00007240	0.00000000	0.00000000	0.00000000	0.00010182	0.00000000
k__Bacteria|p__Proteobacteria|c__Gammaproteobacteria|o__Cardiobacteriales|f__Wohlfahrtiimonadaceae|g__Wohlfahrtiimonas	0.00000000	0.00000000	0.00000000	0.00000000	0.00000000	0.00002595	0.00000000	0.00000000	0.00001810	0.00000000	0.00000000	0.00000000	0.00015273	0.00000000
k__Bacteria|p__Proteobacteria|c__Gammaproteobacteria|o__Chromatiales|f__Chromatiaceae|g__Allochromatium	0.00008024	0.00001699	0.00008417	0.00003178	0.00008867	0.00000000	0.00001581	0.00000000	0.00000000	0.00000000	0.00000000	0.00000000	0.00000000	0.00001632
k__Bacteria|p__Proteobacteria|c__Gammaproteobacteria|o__Chromatiales|f__Chromatiaceae|g__Lamprocystis	0.00000000	0.00000000	0.00000000	0.00006357	0.00000000	0.00000000	0.00000000	0.00000000	0.00000000	0.00000000	0.00000000	0.00000000	0.00000000	0.00000000
k__Bacteria|p__Proteobacteria|c__Gammaproteobacteria|o__Chromatiales|f__Chromatiaceae|g__Thiobaca	0.00002006	0.00000000	0.00000000	0.00000000	0.00000000	0.00000000	0.00000000	0.00000000	0.00000000	0.00000000	0.00000000	0.00000000	0.00000000	0.00000000
k__Bacteria|p__Proteobacteria|c__Gammaproteobacteria|o__Chromatiales|f__Chromatiaceae|g__Thiocystis	0.00006018	0.00003398	0.00003367	0.00000000	0.00000000	0.00000000	0.00000000	0.00000000	0.00000000	0.00001971	0.00000000	0.00000000	0.00000000	0.00003264
k__Bacteria|p__Proteobacteria|c__Gammaproteobacteria|o__Chromatiales|f__Chromatiaceae|g__Thiolamprovum	0.00004012	0.00000000	0.00000000	0.00000000	0.00005911	0.00000000	0.00000000	0.00000000	0.00000000	0.00000000	0.00000000	0.00003173	0.00000000	0.00000000
k__Bacteria|p__Proteobacteria|c__Gammaproteobacteria|o__Chromatiales|f__Chromatiaceae|g__Thiophaeococcus	0.00004012	0.00000000	0.00000000	0.00003178	0.00002956	0.00002595	0.00000000	0.00000000	0.00000000	0.00000000	0.00000000	0.00000000	0.00000000	0.00000000
k__Bacteria|p__Proteobacteria|c__Gammaproteobacteria|o__Competibacterales|f__Competibacteraceae|g__Candidatus_Competibacter	0.00044133	0.00064558	0.00651482	0.00149387	0.00189164	0.02093765	0.00014230	0.00192059	0.00191852	0.00429777	0.00608779	0.00777358	0.01024962	0.01155334
k__Bacteria|p__Proteobacteria|c__Gammaproteobacteria|o__Competibacterales|f__Competibacteraceae|g__Candidatus_Contendobacter	0.00000000	0.00000000	0.00000000	0.00000000	0.00002956	0.00000000	0.00003162	0.00000000	0.00000000	0.00000000	0.00000000	0.00000000	0.00000000	0.00000000
k__Bacteria|p__Proteobacteria|c__Gammaproteobacteria|o__Competibacterales|f__Competibacteraceae|g__Plasticicumulans	0.00000000	0.00000000	0.00000000	0.00000000	0.00000000	0.00000000	0.00000000	0.00005238	0.00000000	0.00003943	0.00000000	0.00004759	0.00000000	0.00000000
k__Bacteria|p__Proteobacteria|c__Gammaproteobacteria|o__Coxiellales|f__Coxiellaceae|g__Coxiella	0.00038115	0.00025483	0.00020201	0.00019071	0.00020690	0.00000000	0.00009486	0.00005238	0.00973738	0.00000000	0.00000000	0.00000000	0.00758540	0.00000000
k__Bacteria|p__Proteobacteria|c__Gammaproteobacteria|o__Diplorickettsiales|f__Diplorickettsiaceae|g__Aquicella	0.00004012	0.00008494	0.00005050	0.00009535	0.00008867	0.00500739	0.00000000	0.00000000	0.00005430	0.00037458	0.00004272	0.00009519	0.00018667	0.00009791
k__Bacteria|p__Proteobacteria|c__Gammaproteobacteria|o__Ectothiorhodospirales|f__Ectothiorhodospiraceae|g__Thioalkalivibrio	0.00000000	0.00010193	0.00000000	0.00000000	0.00000000	0.00000000	0.00000000	0.00000000	0.00000000	0.00000000	0.00000000	0.00000000	0.00000000	0.00000000
k__Bacteria|p__Proteobacteria|c__Gammaproteobacteria|o__Ectothiorhodospirales|f__Thioalkalispiraceae|g__Thioalkalispira_Sulfurivermis	0.00068206	0.00076450	0.00003367	0.01255483	0.00171430	0.00000000	0.00039527	0.00001746	0.00000000	0.00000000	0.00000000	0.00001586	0.00011879	0.00000000
k__Bacteria|p__Proteobacteria|c__Gammaproteobacteria|o__Enterobacterales|f__Aeromonadaceae|g__Aeromonas	0.00326988	0.00146104	0.00109422	0.00794609	0.00260101	0.00145292	0.02020617	0.01066802	0.00483249	0.00205031	0.00275553	0.00049180	0.00363149	0.00368793
k__Bacteria|p__Proteobacteria|c__Gammaproteobacteria|o__Enterobacterales|f__Aeromonadaceae|g__Tolumonas	0.00132400	0.00073052	0.00013467	0.00041320	0.00005911	0.00025945	0.00018973	0.00295073	0.00135744	0.00029572	0.00049130	0.00007932	0.00037333	0.00011423
k__Bacteria|p__Proteobacteria|c__Gammaproteobacteria|o__Enterobacterales|f__Alteromonadaceae|g__Alishewanella	0.00022067	0.00000000	0.00003367	0.00003178	0.00000000	0.00000000	0.00001581	0.00000000	0.00000000	0.00000000	0.00000000	0.00000000	0.00000000	0.00001632
k__Bacteria|p__Proteobacteria|c__Gammaproteobacteria|o__Enterobacterales|f__Alteromonadaceae|g__Rheinheimera	0.00006018	0.00000000	0.00011784	0.00006357	0.00008867	0.00085619	0.00000000	0.00008730	0.00010860	0.00007886	0.00000000	0.00006346	0.00013576	0.00011423
k__Bacteria|p__Proteobacteria|c__Gammaproteobacteria|o__Enterobacterales|f__Budviciaceae|g__Pragia	0.00335012	0.00001699	0.00000000	0.01411226	0.03591168	0.00238694	0.00640336	0.00434752	0.00023529	0.01202587	0.00286233	0.00000000	0.00000000	0.00000000
k__Bacteria|p__Proteobacteria|c__Gammaproteobacteria|o__Enterobacterales|f__Enterobacteriaceae|g__Cronobacter	0.00002006	0.00000000	0.00000000	0.00003178	0.00000000	0.00000000	0.00000000	0.00000000	0.00000000	0.00000000	0.00000000	0.00000000	0.00000000	0.00000000
k__Bacteria|p__Proteobacteria|c__Gammaproteobacteria|o__Enterobacterales|f__Enterobacteriaceae|g__Enterobacter	0.15121667	0.04709320	0.02235577	0.04789905	0.04312358	0.00840620	0.00649823	0.00563956	0.02823478	0.00749152	0.00399445	0.00571120	0.02677799	0.01272825
k__Bacteria|p__Proteobacteria|c__Gammaproteobacteria|o__Enterobacterales|f__Enterobacteriaceae|g__Escherichia_Shigella	0.00120363	0.00117223	0.00028618	0.00108067	0.00067981	0.00057079	0.00011068	0.00104760	0.00047058	0.00021686	0.00014952	0.00066631	0.00018667	0.00006527
k__Bacteria|p__Proteobacteria|c__Gammaproteobacteria|o__Enterobacterales|f__Enterobacteriaceae|g__Kosakonia	0.00000000	0.00000000	0.00000000	0.00000000	0.00000000	0.00000000	0.00000000	0.00001746	0.00000000	0.00000000	0.00000000	0.00000000	0.00000000	0.00000000
k__Bacteria|p__Proteobacteria|c__Gammaproteobacteria|o__Enterobacterales|f__Enterobacteriaceae|g__Plesiomonas	0.00002006	0.00000000	0.00000000	0.00003178	0.00002956	0.00000000	0.00000000	0.00001746	0.00000000	0.00000000	0.00002136	0.00000000	0.00000000	0.00000000
k__Bacteria|p__Proteobacteria|c__Gammaproteobacteria|o__Enterobacterales|f__Erwiniaceae|g__Pantoea	0.00457381	0.00069654	0.00084171	0.00123959	0.00067981	0.00057079	0.00012649	0.00012222	0.00030769	0.00009857	0.00014952	0.00028556	0.00108605	0.00101173
k__Bacteria|p__Proteobacteria|c__Gammaproteobacteria|o__Enterobacterales|f__Hafniaceae|g__Edwardsiella	0.00000000	0.00000000	0.00000000	0.00000000	0.00000000	0.00000000	0.00000000	0.00000000	0.00001810	0.00000000	0.00000000	0.00000000	0.00003394	0.00000000
k__Bacteria|p__Proteobacteria|c__Gammaproteobacteria|o__Enterobacterales|f__Idiomarinaceae|g__Aliidiomarina	0.00000000	0.00000000	0.00000000	0.00000000	0.00000000	0.00000000	0.00000000	0.00000000	0.00001810	0.00000000	0.00000000	0.00000000	0.00000000	0.00000000
k__Bacteria|p__Proteobacteria|c__Gammaproteobacteria|o__Enterobacterales|f__Morganellaceae|g__Morganella	0.00000000	0.00000000	0.00000000	0.00000000	0.00000000	0.00000000	0.00000000	0.00000000	0.00000000	0.00001971	0.00000000	0.00000000	0.00000000	0.00000000
k__Bacteria|p__Proteobacteria|c__Gammaproteobacteria|o__Enterobacterales|f__Morganellaceae|g__Proteus	0.00000000	0.00000000	0.00000000	0.00000000	0.00000000	0.00002595	0.00000000	0.00000000	0.00000000	0.00000000	0.00000000	0.00000000	0.00000000	0.00000000
k__Bacteria|p__Proteobacteria|c__Gammaproteobacteria|o__Enterobacterales|f__Morganellaceae|g__Providencia	0.00000000	0.00000000	0.00000000	0.00000000	0.00000000	0.00002595	0.00000000	0.00000000	0.00001810	0.00000000	0.00000000	0.00000000	0.00003394	0.00000000
k__Bacteria|p__Proteobacteria|c__Gammaproteobacteria|o__Enterobacterales|f__Pasteurellaceae|g__Actinobacillus	0.00000000	0.00000000	0.00000000	0.00000000	0.00000000	0.00000000	0.00000000	0.00003492	0.00005430	0.00000000	0.00000000	0.00000000	0.00000000	0.00000000
k__Bacteria|p__Proteobacteria|c__Gammaproteobacteria|o__Enterobacterales|f__Pasteurellaceae|g__Aggregatibacter	0.00000000	0.00018688	0.00144774	0.00000000	0.00000000	0.00000000	0.00000000	0.00003492	0.00000000	0.00000000	0.00000000	0.00012692	0.00000000	0.00031005
k__Bacteria|p__Proteobacteria|c__Gammaproteobacteria|o__Enterobacterales|f__Pasteurellaceae|g__Haemophilus	0.00004012	0.00030580	0.01846708	0.00003178	0.00014778	0.00002595	0.00000000	0.00006984	0.00012669	0.00007886	0.00006408	0.00019037	0.00003394	0.00009791
k__Bacteria|p__Proteobacteria|c__Gammaproteobacteria|o__Enterobacterales|f__Pasteurellaceae|g__Pasteurella	0.00000000	0.00000000	0.00000000	0.00000000	0.00000000	0.00000000	0.00000000	0.00000000	0.00000000	0.00000000	0.00000000	0.00000000	0.00000000	0.00000000
k__Bacteria|p__Proteobacteria|c__Gammaproteobacteria|o__Enterobacterales|f__Pasteurellaceae|g__Rodentibacter	0.00000000	0.00001699	0.00000000	0.00000000	0.00000000	0.00002595	0.00000000	0.00000000	0.00000000	0.00000000	0.00000000	0.00003173	0.00000000	0.00000000
k__Bacteria|p__Proteobacteria|c__Gammaproteobacteria|o__Enterobacterales|f__Pectobacteriaceae|g__Dickeya	0.00000000	0.00000000	0.00000000	0.00000000	0.00000000	0.00000000	0.00000000	0.00000000	0.00000000	0.00000000	0.00000000	0.00000000	0.00001697	0.00003264
k__Bacteria|p__Proteobacteria|c__Gammaproteobacteria|o__Enterobacterales|f__Pseudoalteromonadaceae|g__Pseudoalteromonas	0.00000000	0.00000000	0.00000000	0.00000000	0.00000000	0.00000000	0.00000000	0.00000000	0.00023529	0.00000000	0.00000000	0.00000000	0.00000000	0.00000000
k__Bacteria|p__Proteobacteria|c__Gammaproteobacteria|o__Enterobacterales|f__Shewanellaceae|g__Shewanella	0.00128388	0.00010193	0.00001683	0.05384273	0.01616765	0.00300963	0.00621364	0.01574886	0.00023529	0.01220330	0.02016448	0.00000000	0.00020363	0.00004895
k__Bacteria|p__Proteobacteria|c__Gammaproteobacteria|o__Enterobacterales|f__Succinivibrionaceae|g__Ruminobacter	0.00000000	0.00000000	0.00008417	0.00000000	0.00000000	0.00000000	0.00000000	0.00001746	0.00003620	0.00000000	0.00000000	0.00000000	0.00000000	0.00001632
k__Bacteria|p__Proteobacteria|c__Gammaproteobacteria|o__Enterobacterales|f__Succinivibrionaceae|g__Succinivibrio	0.00024073	0.00006796	0.00005050	0.00003178	0.00005911	0.00005189	0.00000000	0.00006984	0.00036198	0.00005914	0.00002136	0.00003173	0.00010182	0.00000000
k__Bacteria|p__Proteobacteria|c__Gammaproteobacteria|o__Enterobacterales|f__Succinivibrionaceae|g__Succinivibrionaceae_UCG_002	0.00000000	0.00000000	0.00001683	0.00000000	0.00000000	0.00000000	0.00000000	0.00000000	0.00000000	0.00000000	0.00000000	0.00000000	0.00000000	0.00000000
k__Bacteria|p__Proteobacteria|c__Gammaproteobacteria|o__Enterobacterales|f__Thorselliaceae|g__Thorsellia	0.00000000	0.00000000	0.00000000	0.00000000	0.00000000	0.00000000	0.00000000	0.00000000	0.00000000	0.00000000	0.00000000	0.00000000	0.00000000	0.00000000
k__Bacteria|p__Proteobacteria|c__Gammaproteobacteria|o__Enterobacterales|f__Vibrionaceae|g__Photobacterium	0.00000000	0.00000000	0.00000000	0.00000000	0.00002956	0.00000000	0.00000000	0.00000000	0.00257009	0.00000000	0.00000000	0.00000000	0.00000000	0.00000000
k__Bacteria|p__Proteobacteria|c__Gammaproteobacteria|o__Enterobacterales|f__Vibrionaceae|g__Salinivibrio	0.00000000	0.00000000	0.00008417	0.00000000	0.00000000	0.00000000	0.00000000	0.00000000	0.00063347	0.00000000	0.00000000	0.00000000	0.00040727	0.00000000
k__Bacteria|p__Proteobacteria|c__Gammaproteobacteria|o__Enterobacterales|f__Vibrionaceae|g__Thaumasiovibrio	0.00000000	0.00000000	0.00000000	0.00000000	0.00000000	0.00000000	0.00000000	0.00000000	0.00023529	0.00000000	0.00000000	0.00000000	0.00000000	0.00000000
k__Bacteria|p__Proteobacteria|c__Gammaproteobacteria|o__Enterobacterales|f__Vibrionaceae|g__Vibrio	0.00098297	0.00000000	0.00035352	0.01309516	0.00354683	0.00111564	0.00064824	0.01566156	0.02999041	0.00343033	0.00792481	0.00000000	0.00977447	0.00000000
k__Bacteria|p__Proteobacteria|c__Gammaproteobacteria|o__Enterobacterales|f__Yersiniaceae|g__Serratia	0.00000000	0.00000000	0.00000000	0.00006357	0.00005911	0.00007784	0.00003162	0.00000000	0.00010860	0.00003943	0.00000000	0.00000000	0.00016970	0.00000000
k__Bacteria|p__Proteobacteria|c__Gammaproteobacteria|o__Halothiobacillales|f__Halothiobacillaceae|g__Halothiobacillus	0.00006018	0.00000000	0.00008417	0.00000000	0.00002956	0.00010378	0.00000000	0.00041904	0.00065157	0.00035486	0.00162341	0.00077736	0.00069575	0.00029373
k__Bacteria|p__Proteobacteria|c__Gammaproteobacteria|o__Halothiobacillales|f__Halothiobacillaceae|g__Thiofaba	0.00000000	0.00000000	0.00000000	0.00000000	0.00000000	0.00000000	0.00000000	0.00000000	0.00000000	0.00000000	0.00000000	0.00000000	0.00000000	0.00000000
k__Bacteria|p__Proteobacteria|c__Gammaproteobacteria|o__Halothiobacillales|f__Halothiobacillaceae|g__Thiovirga	0.00004012	0.00025483	0.00016834	0.00009535	0.00002956	0.00051890	0.00003162	0.00045396	0.00119455	0.00065058	0.00166613	0.00044420	0.00173090	0.00035900
k__Bacteria|p__Proteobacteria|c__Gammaproteobacteria|o__Immundisolibacterales|f__Immundisolibacteraceae|g__Immundisolibacter	0.00004012	0.00001699	0.00015151	0.00000000	0.00005911	0.00025945	0.00000000	0.00003492	0.00000000	0.00005914	0.00012816	0.00080909	0.00005091	0.00156655
k__Bacteria|p__Proteobacteria|c__Gammaproteobacteria|o__Legionellales|f__Legionellaceae|g__Legionella	0.00018055	0.00013591	0.00000000	0.00000000	0.00005911	0.00062268	0.00014230	0.00003492	0.00014479	0.00007886	0.00000000	0.00000000	0.00005091	0.00000000
k__Bacteria|p__Proteobacteria|c__Gammaproteobacteria|o__Methylococcales|f__Methylococcaceae|g__Candidatus_Methylospira	0.00000000	0.00000000	0.00000000	0.00000000	0.00000000	0.00000000	0.00000000	0.00000000	0.00000000	0.00000000	0.00000000	0.00000000	0.00000000	0.00000000
k__Bacteria|p__Proteobacteria|c__Gammaproteobacteria|o__Methylococcales|f__Methylococcaceae|g__Methylocaldum	0.00000000	0.00001699	0.00001683	0.00015892	0.00020690	0.00121942	0.00000000	0.00000000	0.00003620	0.00001971	0.00000000	0.00001586	0.00000000	0.00001632
k__Bacteria|p__Proteobacteria|c__Gammaproteobacteria|o__Methylococcales|f__Methylococcaceae|g__Methylococcus	0.00000000	0.00010193	0.00000000	0.00000000	0.00000000	0.00000000	0.00000000	0.00000000	0.00000000	0.00000000	0.00000000	0.00000000	0.00000000	0.00000000
k__Bacteria|p__Proteobacteria|c__Gammaproteobacteria|o__Methylococcales|f__Methylococcaceae|g__Methylogaea	0.00000000	0.00000000	0.00000000	0.00000000	0.00000000	0.00000000	0.00000000	0.00000000	0.00000000	0.00000000	0.00000000	0.00000000	0.00000000	0.00000000
k__Bacteria|p__Proteobacteria|c__Gammaproteobacteria|o__Methylococcales|f__Methylococcaceae|g__Methylomagnum	0.00006018	0.00000000	0.00000000	0.00003178	0.00000000	0.00000000	0.00000000	0.00000000	0.00000000	0.00000000	0.00000000	0.00000000	0.00000000	0.00000000
k__Bacteria|p__Proteobacteria|c__Gammaproteobacteria|o__Methylococcales|f__Methylococcaceae|g__Methyloparacoccus	0.00008024	0.00039074	0.00020201	0.00009535	0.00056158	0.00054485	0.00001581	0.00001746	0.00000000	0.00005914	0.00004272	0.00001586	0.00005091	0.00001632
k__Bacteria|p__Proteobacteria|c__Gammaproteobacteria|o__Methylococcales|f__Methylococcaceae|g__Methyloterricola	0.00002006	0.00000000	0.00000000	0.00019071	0.00005911	0.00002595	0.00000000	0.00000000	0.00000000	0.00001971	0.00002136	0.00001586	0.00000000	0.00000000
k__Bacteria|p__Proteobacteria|c__Gammaproteobacteria|o__Methylococcales|f__Methylomonadaceae|g__Crenothrix	0.00002006	0.00001699	0.00005050	0.00025427	0.00008867	0.02047064	0.00004743	0.00005238	0.00001810	0.00086744	0.00010680	0.00000000	0.00000000	0.00006527
k__Bacteria|p__Proteobacteria|c__Gammaproteobacteria|o__Methylococcales|f__Methylomonadaceae|g__Methyloglobulus	0.00000000	0.00010193	0.00000000	0.00000000	0.00000000	0.00000000	0.00000000	0.00000000	0.00000000	0.00000000	0.00000000	0.00000000	0.00000000	0.00000000
k__Bacteria|p__Proteobacteria|c__Gammaproteobacteria|o__Methylococcales|f__Methylomonadaceae|g__Methylomicrobium	0.00012036	0.00013591	0.00011784	0.00003178	0.00008867	0.00153076	0.00000000	0.00005238	0.00000000	0.00007886	0.00000000	0.00000000	0.00001697	0.00017950
k__Bacteria|p__Proteobacteria|c__Gammaproteobacteria|o__Methylococcales|f__Methylomonadaceae|g__Methylomonas	0.00148448	0.00056063	0.00087538	0.00060390	0.00138918	0.00295774	0.00018973	0.00036666	0.00007240	0.00029572	0.00023497	0.00019037	0.00008485	0.00062009
k__Bacteria|p__Proteobacteria|c__Gammaproteobacteria|o__Methylococcales|f__Methylomonadaceae|g__Methylosarcina	0.00000000	0.00000000	0.00000000	0.00009535	0.00000000	0.00000000	0.00000000	0.00000000	0.00000000	0.00000000	0.00000000	0.00000000	0.00000000	0.00000000
k__Bacteria|p__Proteobacteria|c__Gammaproteobacteria|o__Methylococcales|f__Methylomonadaceae|g__pLW_20	0.00010030	0.00000000	0.00000000	0.00000000	0.00014778	0.00000000	0.00001581	0.00000000	0.00000000	0.00000000	0.00000000	0.00000000	0.00000000	0.00000000
k__Bacteria|p__Proteobacteria|c__Gammaproteobacteria|o__Nitrosococcales|f__Methylophagaceae|g__Methylophaga	0.00000000	0.00000000	0.00000000	0.00000000	0.00000000	0.00000000	0.00000000	0.00000000	0.00000000	0.00000000	0.00000000	0.00000000	0.00000000	0.00000000
k__Bacteria|p__Proteobacteria|c__Gammaproteobacteria|o__Nitrosococcales|f__Nitrosococcaceae|g__CI75cm.2.12	0.00050151	0.00069654	0.00057236	0.00057212	0.00124139	0.00277612	0.00009486	0.00148409	0.00412662	0.00023657	0.00004272	0.00017451	0.00066181	0.00011423
k__Bacteria|p__Proteobacteria|c__Gammaproteobacteria|o__Pseudomonadales|f__Alcanivoracaceae1|g__Alcanivorax	0.00000000	0.00000000	0.00000000	0.00006357	0.00000000	0.00000000	0.00000000	0.00000000	0.00000000	0.00000000	0.00000000	0.00000000	0.00000000	0.00000000
k__Bacteria|p__Proteobacteria|c__Gammaproteobacteria|o__Pseudomonadales|f__Alcanivoracaceae|g__Ketobacter	0.00000000	0.00000000	0.00000000	0.00000000	0.00000000	0.00002595	0.00000000	0.00000000	0.00000000	0.00000000	0.00000000	0.00007932	0.00000000	0.00000000
k__Bacteria|p__Proteobacteria|c__Gammaproteobacteria|o__Pseudomonadales|f__Cellvibrionaceae|g__Cellvibrio	0.00008024	0.00000000	0.00018518	0.00003178	0.00002956	0.00000000	0.00003162	0.00000000	0.00000000	0.00000000	0.00000000	0.00000000	0.00001697	0.00052218
k__Bacteria|p__Proteobacteria|c__Gammaproteobacteria|o__Pseudomonadales|f__Cellvibrionaceae|g__Marinimicrobium	0.00000000	0.00000000	0.00000000	0.00000000	0.00000000	0.00000000	0.00000000	0.00000000	0.00000000	0.00000000	0.00000000	0.00000000	0.00000000	0.00003264
k__Bacteria|p__Proteobacteria|c__Gammaproteobacteria|o__Pseudomonadales|f__Halieaceae|g__Halioglobus	0.00000000	0.00000000	0.00000000	0.00000000	0.00000000	0.00000000	0.00000000	0.00000000	0.00007240	0.00000000	0.00000000	0.00000000	0.00000000	0.00000000
k__Bacteria|p__Proteobacteria|c__Gammaproteobacteria|o__Pseudomonadales|f__Halieaceae|g__OM60_NOR5__clade	0.00018055	0.00000000	0.00000000	0.00000000	0.00026601	0.00000000	0.00003162	0.00000000	0.00000000	0.00000000	0.00000000	0.00000000	0.00000000	0.00000000
k__Bacteria|p__Proteobacteria|c__Gammaproteobacteria|o__Pseudomonadales|f__Halomonadaceae|g__Halomonas	0.00034103	0.00006796	0.00018518	0.00054033	0.00401974	0.01177905	0.00023716	0.00024444	0.00378274	0.00076887	0.00012816	0.00012692	0.00269816	0.00006527
k__Bacteria|p__Proteobacteria|c__Gammaproteobacteria|o__Pseudomonadales|f__Halomonadaceae|g__HdN1	0.00002006	0.00018688	0.00000000	0.00000000	0.00000000	0.00000000	0.00000000	0.00000000	0.00000000	0.00000000	0.00000000	0.00001586	0.00001697	0.00011423
k__Bacteria|p__Proteobacteria|c__Gammaproteobacteria|o__Pseudomonadales|f__Marinobacteraceae|g__Marinobacter	0.00000000	0.00000000	0.00000000	0.00000000	0.00000000	0.00000000	0.00000000	0.00000000	0.00000000	0.00000000	0.00000000	0.00000000	0.00000000	0.00000000
k__Bacteria|p__Proteobacteria|c__Gammaproteobacteria|o__Pseudomonadales|f__Moraxellaceae|g__Acinetobacter	0.08429457	0.00642180	0.00548794	0.01992880	0.01421689	0.00225722	0.00452188	0.01361874	0.00399993	0.00516521	0.00239240	0.00287147	0.00753449	0.02139325
k__Bacteria|p__Proteobacteria|c__Gammaproteobacteria|o__Pseudomonadales|f__Moraxellaceae|g__Alkanindiges	0.00000000	0.00001699	0.00010100	0.00006357	0.00008867	0.00015567	0.00000000	0.00012222	0.00014479	0.00015772	0.00042721	0.00020624	0.00045818	0.00055482
k__Bacteria|p__Proteobacteria|c__Gammaproteobacteria|o__Pseudomonadales|f__Moraxellaceae|g__Cavicella	0.00042127	0.00015290	0.00052186	0.00044498	0.00224633	0.00064863	0.00003162	0.00003492	0.00007240	0.00017743	0.00023497	0.00015864	0.00076363	0.00101173
k__Bacteria|p__Proteobacteria|c__Gammaproteobacteria|o__Pseudomonadales|f__Moraxellaceae|g__Enhydrobacter	0.00018055	0.00010193	0.00018518	0.00006357	0.00002956	0.00025945	0.00000000	0.00122220	0.00146604	0.00041401	0.00019225	0.00065044	0.00162908	0.00037532
k__Bacteria|p__Proteobacteria|c__Gammaproteobacteria|o__Pseudomonadales|f__Moraxellaceae|g__Fluviicoccus	0.00002006	0.00000000	0.00001683	0.00000000	0.00002956	0.00005189	0.00000000	0.00005238	0.00001810	0.00001971	0.00008544	0.00000000	0.00005091	0.00003264
k__Bacteria|p__Proteobacteria|c__Gammaproteobacteria|o__Pseudomonadales|f__Moraxellaceae|g__Moraxella	0.00016048	0.00011892	0.00018518	0.00000000	0.00008867	0.00005189	0.00000000	0.00045396	0.00066967	0.00013800	0.00012816	0.00009519	0.00062787	0.00016318
k__Bacteria|p__Proteobacteria|c__Gammaproteobacteria|o__Pseudomonadales|f__Moraxellaceae|g__Perlucidibaca	0.00004012	0.00001699	0.00011784	0.00000000	0.00000000	0.00002595	0.00000000	0.00000000	0.00010860	0.00000000	0.00017089	0.00001586	0.00061090	0.00062009
k__Bacteria|p__Proteobacteria|c__Gammaproteobacteria|o__Pseudomonadales|f__Moraxellaceae|g__Permianibacter	0.00000000	0.00000000	0.00001683	0.00000000	0.00000000	0.00000000	0.00000000	0.00000000	0.00000000	0.00000000	0.00000000	0.00000000	0.00000000	0.00000000
k__Bacteria|p__Proteobacteria|c__Gammaproteobacteria|o__Pseudomonadales|f__Moraxellaceae|g__Psychrobacter	0.00008024	0.00000000	0.00006734	0.00006357	0.00011823	0.00000000	0.00003162	0.00003492	0.00005430	0.00000000	0.00004272	0.00000000	0.00016970	0.00001632
k__Bacteria|p__Proteobacteria|c__Gammaproteobacteria|o__Pseudomonadales|f__Moraxellaceae|g___Agitococcus__lubricus_group	0.00000000	0.00000000	0.00000000	0.00000000	0.00000000	0.00000000	0.00000000	0.00000000	0.00000000	0.00000000	0.00000000	0.00000000	0.00000000	0.00000000
k__Bacteria|p__Proteobacteria|c__Gammaproteobacteria|o__Pseudomonadales|f__Nitrincolaceae|g__Balneatrix	0.00000000	0.00000000	0.00000000	0.00000000	0.00000000	0.00000000	0.00000000	0.00000000	0.00000000	0.00000000	0.00000000	0.00000000	0.00001697	0.00000000
k__Bacteria|p__Proteobacteria|c__Gammaproteobacteria|o__Pseudomonadales|f__Porticoccaceae|g__C1_B045	0.00006018	0.00005097	0.00001683	0.00000000	0.00011823	0.00031134	0.00000000	0.00000000	0.00000000	0.00001971	0.00000000	0.00020624	0.00001697	0.00022846
k__Bacteria|p__Proteobacteria|c__Gammaproteobacteria|o__Pseudomonadales|f__Porticoccaceae|g__Porticoccus	0.00000000	0.00000000	0.00000000	0.00000000	0.00000000	0.00002595	0.00000000	0.00000000	0.00000000	0.00000000	0.00000000	0.00000000	0.00000000	0.00000000
k__Bacteria|p__Proteobacteria|c__Gammaproteobacteria|o__Pseudomonadales|f__Pseudohongiellaceae|g__BIyi10	0.00000000	0.00000000	0.00000000	0.00000000	0.00000000	0.00000000	0.00000000	0.00003492	0.00000000	0.00000000	0.00000000	0.00000000	0.00000000	0.00000000
k__Bacteria|p__Proteobacteria|c__Gammaproteobacteria|o__Pseudomonadales|f__Pseudohongiellaceae|g__Pseudohongiella	0.00000000	0.00000000	0.00001683	0.00000000	0.00000000	0.00000000	0.00000000	0.00000000	0.00000000	0.00000000	0.00000000	0.00000000	0.00000000	0.00000000
k__Bacteria|p__Proteobacteria|c__Gammaproteobacteria|o__Pseudomonadales|f__Pseudomonadaceae|g__Oblitimonas	0.00000000	0.00005097	0.00000000	0.00000000	0.00000000	0.00000000	0.00000000	0.00000000	0.00000000	0.00000000	0.00000000	0.00000000	0.00001697	0.00000000
k__Bacteria|p__Proteobacteria|c__Gammaproteobacteria|o__Pseudomonadales|f__Pseudomonadaceae|g__Pseudomonas	0.00080242	0.00144406	0.00055553	0.00165279	0.00212810	0.00057079	0.00052176	0.00137933	0.00059727	0.00029572	0.00040585	0.00144367	0.00083151	0.00102805
k__Bacteria|p__Proteobacteria|c__Gammaproteobacteria|o__Pseudomonadales|f__Saccharospirillaceae|g__Oceanobacter	0.00000000	0.00000000	0.00000000	0.00000000	0.00000000	0.00000000	0.00000000	0.00001746	0.00000000	0.00000000	0.00000000	0.00000000	0.00000000	0.00000000
k__Bacteria|p__Proteobacteria|c__Gammaproteobacteria|o__Pseudomonadales|f__Saccharospirillaceae|g__Reinekea	0.00000000	0.00001699	0.00000000	0.00006357	0.00000000	0.00000000	0.00000000	0.00000000	0.00000000	0.00000000	0.00000000	0.00000000	0.00000000	0.00000000
k__Bacteria|p__Proteobacteria|c__Gammaproteobacteria|o__Pseudomonadales|f__Spongiibacteraceae|g__Zhongshania	0.00000000	0.00013591	0.00000000	0.00003178	0.00000000	0.00000000	0.00000000	0.00000000	0.00000000	0.00000000	0.00000000	0.00000000	0.00000000	0.00000000
k__Bacteria|p__Proteobacteria|c__Gammaproteobacteria|o__Salinisphaerales|f__Solimonadaceae|g__Fontimonas	0.00000000	0.00000000	0.00000000	0.00000000	0.00000000	0.00046701	0.00000000	0.00000000	0.00000000	0.00003943	0.00000000	0.00000000	0.00000000	0.00000000
k__Bacteria|p__Proteobacteria|c__Gammaproteobacteria|o__Salinisphaerales|f__Solimonadaceae|g__Hydrocarboniphaga	0.00000000	0.00000000	0.00000000	0.00000000	0.00000000	0.00010378	0.00000000	0.00000000	0.00000000	0.00000000	0.00000000	0.00000000	0.00000000	0.00000000
k__Bacteria|p__Proteobacteria|c__Gammaproteobacteria|o__Salinisphaerales|f__Solimonadaceae|g__Polycyclovorans	0.00000000	0.00005097	0.00000000	0.00000000	0.00000000	0.00000000	0.00000000	0.00000000	0.00000000	0.00000000	0.00000000	0.00000000	0.00000000	0.00000000
k__Bacteria|p__Proteobacteria|c__Gammaproteobacteria|o__Salinisphaerales|f__Solimonadaceae|g__Solimonas	0.00000000	0.00000000	0.00000000	0.00000000	0.00000000	0.00137509	0.00000000	0.00000000	0.00000000	0.00017743	0.00000000	0.00000000	0.00000000	0.00000000
k__Bacteria|p__Proteobacteria|c__Gammaproteobacteria|o__Steroidobacterales|f__Steroidobacteraceae|g__Steroidobacter	0.00050151	0.00005097	0.00015151	0.00006357	0.00026601	0.00000000	0.00004743	0.00001746	0.00099546	0.00001971	0.00000000	0.00000000	0.00013576	0.00000000
k__Bacteria|p__Proteobacteria|c__Gammaproteobacteria|o__Steroidobacterales|f__Woeseiaceae|g__Woeseia	0.00000000	0.00000000	0.00000000	0.00000000	0.00000000	0.00000000	0.00000000	0.00000000	0.00000000	0.00000000	0.00000000	0.00000000	0.00000000	0.00000000
k__Bacteria|p__Proteobacteria|c__Gammaproteobacteria|o__Tenderiales|f__Tenderiaceae|g__Candidatus_Tenderia	0.00000000	0.00000000	0.00003367	0.00000000	0.00000000	0.00000000	0.00000000	0.00008730	0.00000000	0.00003943	0.00017089	0.00004759	0.00000000	0.00008159
k__Bacteria|p__Proteobacteria|c__Gammaproteobacteria|o__Thiotrichales|f__Thiotrichaceae|g__Thiothrix	0.00038115	0.00003398	0.00042085	0.00000000	0.00023646	0.00007784	0.00003162	0.00010476	0.00025339	0.00005914	0.00010680	0.00017451	0.00003394	0.00065273
k__Bacteria|p__Proteobacteria|c__Gammaproteobacteria|o__Xanthomonadales|f__Rhodanobacteraceae|g__Ahniella	0.00040121	0.00008494	0.00080804	0.00022249	0.00103449	0.00005189	0.00004743	0.00001746	0.00000000	0.00000000	0.00004272	0.00014278	0.00003394	0.00037532
k__Bacteria|p__Proteobacteria|c__Gammaproteobacteria|o__Xanthomonadales|f__Rhodanobacteraceae|g__Aquimonas	0.00018055	0.00001699	0.00141407	0.00012714	0.00029557	0.00007784	0.00003162	0.00017460	0.00000000	0.00000000	0.00004272	0.00003173	0.00003394	0.00088119
k__Bacteria|p__Proteobacteria|c__Gammaproteobacteria|o__Xanthomonadales|f__Rhodanobacteraceae|g__Chujaibacter	0.00000000	0.00000000	0.00000000	0.00000000	0.00000000	0.00000000	0.00000000	0.00000000	0.00057918	0.00000000	0.00000000	0.00000000	0.00000000	0.00000000
k__Bacteria|p__Proteobacteria|c__Gammaproteobacteria|o__Xanthomonadales|f__Rhodanobacteraceae|g__Dokdonella	0.00000000	0.00000000	0.00003367	0.00000000	0.00000000	0.00002595	0.00000000	0.00006984	0.00000000	0.00000000	0.00002136	0.00001586	0.00000000	0.00000000
k__Bacteria|p__Proteobacteria|c__Gammaproteobacteria|o__Xanthomonadales|f__Rhodanobacteraceae|g__Dyella	0.00012036	0.00011892	0.00000000	0.00006357	0.00079804	0.00051890	0.00001581	0.00013968	0.00016289	0.00023657	0.00008544	0.00099946	0.00069575	0.00001632
k__Bacteria|p__Proteobacteria|c__Gammaproteobacteria|o__Xanthomonadales|f__Rhodanobacteraceae|g__Rhodanobacter	0.00196594	0.00000000	0.00000000	0.00820037	0.00656164	0.00054485	0.00369972	0.00881726	0.00000000	0.00262203	0.00613051	0.00006346	0.00001697	0.00000000
k__Bacteria|p__Proteobacteria|c__Gammaproteobacteria|o__Xanthomonadales|f__Xanthomonadaceae|g__Arenimonas	0.00080242	0.00113826	0.00393919	0.00098532	0.00446310	0.00409932	0.00023716	0.00207773	0.00162893	0.00136030	0.00102531	0.00230035	0.00846782	0.00536871
k__Bacteria|p__Proteobacteria|c__Gammaproteobacteria|o__Xanthomonadales|f__Xanthomonadaceae|g__Luteimonas	0.00000000	0.00000000	0.00003367	0.00000000	0.00008867	0.00000000	0.00003162	0.00020952	0.00023529	0.00000000	0.00006408	0.00001586	0.00130666	0.00003264
k__Bacteria|p__Proteobacteria|c__Gammaproteobacteria|o__Xanthomonadales|f__Xanthomonadaceae|g__Lysobacter	0.00010030	0.00003398	0.00038719	0.00012714	0.00047291	0.00054485	0.00004743	0.00034920	0.00016289	0.00015772	0.00051266	0.00019037	0.00079757	0.00089750
k__Bacteria|p__Proteobacteria|c__Gammaproteobacteria|o__Xanthomonadales|f__Xanthomonadaceae|g__Pseudoxanthomonas	0.00048145	0.00013591	0.00313115	0.00057212	0.00212810	0.00012973	0.00006324	0.00103014	0.00063347	0.00065058	0.00032041	0.00180855	0.00283392	0.00352475
k__Bacteria|p__Proteobacteria|c__Gammaproteobacteria|o__Xanthomonadales|f__Xanthomonadaceae|g__Rehaibacterium	0.00002006	0.00000000	0.00000000	0.00000000	0.00000000	0.00000000	0.00000000	0.00000000	0.00000000	0.00000000	0.00000000	0.00000000	0.00000000	0.00000000
k__Bacteria|p__Proteobacteria|c__Gammaproteobacteria|o__Xanthomonadales|f__Xanthomonadaceae|g__SN8	0.00000000	0.00000000	0.00000000	0.00003178	0.00000000	0.00000000	0.00000000	0.00003492	0.00000000	0.00000000	0.00000000	0.00000000	0.00000000	0.00000000
k__Bacteria|p__Proteobacteria|c__Gammaproteobacteria|o__Xanthomonadales|f__Xanthomonadaceae|g__Silanimonas	0.00010030	0.00000000	0.00010100	0.00003178	0.00005911	0.00000000	0.00000000	0.00000000	0.00000000	0.00000000	0.00000000	0.00000000	0.00000000	0.00024477
k__Bacteria|p__Proteobacteria|c__Gammaproteobacteria|o__Xanthomonadales|f__Xanthomonadaceae|g__Stenotrophomonas	0.00018055	0.00001699	0.00074070	0.00000000	0.00041380	0.00015567	0.00003162	0.00038412	0.00135744	0.00015772	0.00014952	0.00044420	0.00120484	0.00120755
k__Bacteria|p__Proteobacteria|c__Gammaproteobacteria|o__Xanthomonadales|f__Xanthomonadaceae|g__Thermomonas	0.00156473	0.00124019	0.01311382	0.00216134	0.01214790	0.01660483	0.00105932	0.00860775	0.00935730	0.00542150	0.01486703	0.00961386	0.05722140	0.01431112
k__Bacteria|p__Proteobacteria|c__Gammaproteobacteria|o__Xanthomonadales|f__Xanthomonadaceae|g__Vulcaniibacterium	0.00022067	0.00010193	0.00000000	0.00003178	0.00000000	0.00000000	0.00000000	0.00000000	0.00000000	0.00000000	0.00002136	0.00004759	0.00000000	0.00000000
k__Bacteria|p__Proteobacteria|c__Gammaproteobacteria|o__unidentified_Gammaproteobacteria|f__unidentified_Gammaproteobacteria|g__Acidibacter	0.00002006	0.00000000	0.00006734	0.00003178	0.00002956	0.00002595	0.00000000	0.00000000	0.00057918	0.00000000	0.00004272	0.00000000	0.00001697	0.00011423
k__Bacteria|p__Proteobacteria|c__Gammaproteobacteria|o__unidentified_Gammaproteobacteria|f__unidentified_Gammaproteobacteria|g__Candidatus_Berkiella	0.00008024	0.00000000	0.00000000	0.00000000	0.00002956	0.00031134	0.00003162	0.00003492	0.00000000	0.00003943	0.00002136	0.00011105	0.00003394	0.00000000
k__Bacteria|p__Proteobacteria|c__Gammaproteobacteria|o__unidentified_Gammaproteobacteria|f__unidentified_Gammaproteobacteria|g__Candidatus_Ovatusbacter	0.00002006	0.00000000	0.00000000	0.00000000	0.00000000	0.00005189	0.00000000	0.00000000	0.00000000	0.00001971	0.00000000	0.00000000	0.00000000	0.00000000
k__Bacteria|p__Proteobacteria|c__Magnetococcia|o__Magnetococcales|f__Magnetococcaceae|g__Magnetococcus	0.00000000	0.00000000	0.00000000	0.00000000	0.00000000	0.00000000	0.00000000	0.00000000	0.00000000	0.00000000	0.00000000	0.00000000	0.00000000	0.00000000
k__Bacteria|p__SAR324_clade_Marine_group_B_|c__unidentified_SAR324_clade_Marine_group_B_|o__unidentified_SAR324_clade_Marine_group_B_|f__unidentified_SAR324_clade_Marine_group_B_|g__unidentified_SAR324_clade_Marine_group_B_	0.00020061	0.00013591	0.00003367	0.00000000	0.00011823	0.00031134	0.00000000	0.00003492	0.00000000	0.00000000	0.00002136	0.00000000	0.00003394	0.00003264
k__Bacteria|p__Schekmanbacteria|c__unidentified_Schekmanbacteria|o__unidentified_Schekmanbacteria|f__unidentified_Schekmanbacteria|g__unidentified_Schekmanbacteria	0.00000000	0.00011892	0.00000000	0.00000000	0.00000000	0.00000000	0.00000000	0.00000000	0.00000000	0.00000000	0.00000000	0.00000000	0.00000000	0.00000000
k__Bacteria|p__Spirochaetota|c__Brachyspirae|o__Brachyspirales|f__unidentified_Brachyspirales|g__Exilispira	0.00000000	0.00000000	0.00000000	0.00000000	0.00000000	0.00000000	0.00000000	0.00000000	0.00021719	0.00000000	0.00000000	0.00000000	0.00000000	0.00000000
k__Bacteria|p__Spirochaetota|c__Brevinematia|o__Brevinematales|f__Brevinemataceae|g__Brevinema	0.00000000	0.00003398	0.00000000	0.00000000	0.00000000	0.00000000	0.00000000	0.00000000	0.00220810	0.00000000	0.00004272	0.00000000	0.00000000	0.00000000
k__Bacteria|p__Spirochaetota|c__Leptospirae|o__Leptospirales|f__Leptospiraceae|g__RBG_16_49_21	0.00294891	0.00093439	0.00011784	0.00139851	0.00200987	0.00020756	0.00045851	0.00048888	0.00030769	0.00013800	0.00002136	0.00015864	0.00006788	0.00004895
k__Bacteria|p__Spirochaetota|c__Leptospirae|o__Leptospirales|f__Leptospiraceae|g__Turneriella	0.00000000	0.00000000	0.00000000	0.00000000	0.00000000	0.00015567	0.00000000	0.00000000	0.00000000	0.00000000	0.00000000	0.00000000	0.00000000	0.00000000
k__Bacteria|p__Spirochaetota|c__Spirochaetia|o__Spirochaetales|f__Spirochaetaceae|g__GWE2_31_10	0.00000000	0.00000000	0.00000000	0.00000000	0.00000000	0.00000000	0.00000000	0.00008730	0.00005430	0.00000000	0.00000000	0.00000000	0.00000000	0.00000000
k__Bacteria|p__Spirochaetota|c__Spirochaetia|o__Spirochaetales|f__Spirochaetaceae|g__Sediminispirochaeta	0.00004012	0.00003398	0.00003367	0.00003178	0.00002956	0.00000000	0.00000000	0.00000000	0.00000000	0.00000000	0.00000000	0.00000000	0.00000000	0.00000000
k__Bacteria|p__Spirochaetota|c__Spirochaetia|o__Spirochaetales|f__Spirochaetaceae|g__Sphaerochaeta	0.00006018	0.00000000	0.00000000	0.00003178	0.00000000	0.00007784	0.00000000	0.00000000	0.00000000	0.00000000	0.00000000	0.00000000	0.00000000	0.00000000
k__Bacteria|p__Spirochaetota|c__Spirochaetia|o__Spirochaetales|f__Spirochaetaceae|g__Spirochaeta	0.00280848	0.00268424	0.00101005	0.00171636	0.00109361	0.00033729	0.00015811	0.00019206	0.00014479	0.00027600	0.00002136	0.00000000	0.00008485	0.00016318
k__Bacteria|p__Spirochaetota|c__Spirochaetia|o__Spirochaetales|f__Spirochaetaceae|g__Spirochaeta_2	0.00000000	0.00000000	0.00003367	0.00000000	0.00000000	0.00005189	0.00000000	0.00000000	0.00000000	0.00000000	0.00000000	0.00000000	0.00000000	0.00000000
k__Bacteria|p__Spirochaetota|c__Spirochaetia|o__Spirochaetales|f__Spirochaetaceae|g__Treponema	0.00044133	0.00071353	0.00365301	0.00009535	0.00035468	0.00287990	0.00004743	0.00036666	0.00021719	0.00078858	0.00006408	0.00004759	0.00003394	0.00084855
k__Bacteria|p__Sumerlaeota|c__Sumerlaeia|o__Sumerlaeales|f__Sumerlaeaceae|g__Sumerlaea	0.00014042	0.00042472	0.00003367	0.00003178	0.00011823	0.00002595	0.00001581	0.00006984	0.00003620	0.00007886	0.00000000	0.00007932	0.00001697	0.00000000
k__Bacteria|p__Sva0485|c__unidentified_Sva0485|o__unidentified_Sva0485|f__unidentified_Sva0485|g__unidentified_Sva0485	0.00026079	0.00035677	0.00006734	0.00012714	0.00002956	0.00000000	0.00000000	0.00000000	0.00000000	0.00000000	0.00000000	0.00000000	0.00000000	0.00000000
k__Bacteria|p__Synergistota|c__Synergistia|o__Synergistales|f__Synergistaceae|g__Aminomonas	0.00016048	0.00000000	0.00000000	0.00003178	0.00002956	0.00000000	0.00000000	0.00040158	0.00023529	0.00001971	0.00000000	0.00003173	0.00003394	0.00000000
k__Bacteria|p__Synergistota|c__Synergistia|o__Synergistales|f__Synergistaceae|g__Cloacibacillus	0.00000000	0.00000000	0.00000000	0.00000000	0.00000000	0.00000000	0.00000000	0.00000000	0.00001810	0.00000000	0.00000000	0.00000000	0.00000000	0.00000000
k__Bacteria|p__Synergistota|c__Synergistia|o__Synergistales|f__Synergistaceae|g__EBM_39	0.00000000	0.00000000	0.00000000	0.00000000	0.00000000	0.00000000	0.00000000	0.00000000	0.00000000	0.00000000	0.00000000	0.00000000	0.00000000	0.00000000
k__Bacteria|p__Synergistota|c__Synergistia|o__Synergistales|f__Synergistaceae|g__Fretibacterium	0.00000000	0.00003398	0.00233995	0.00000000	0.00000000	0.00000000	0.00000000	0.00006984	0.00010860	0.00000000	0.00000000	0.00000000	0.00001697	0.00032637
k__Bacteria|p__Synergistota|c__Synergistia|o__Synergistales|f__Synergistaceae|g__JGI_0000079_D21	0.00164497	0.00035677	0.00030301	0.00063569	0.00112316	0.00038918	0.00018973	0.00247931	0.00173753	0.00246432	0.00044857	0.00006346	0.00015273	0.00004895
k__Bacteria|p__Synergistota|c__Synergistia|o__Synergistales|f__Synergistaceae|g__Lactivibrio	0.00102309	0.00039074	0.00021884	0.00015892	0.00026601	0.00018162	0.00009486	0.00316025	0.00628043	0.00098573	0.00038449	0.00020624	0.00061090	0.00006527
k__Bacteria|p__Synergistota|c__Synergistia|o__Synergistales|f__Synergistaceae|g__Pyramidobacter	0.00000000	0.00000000	0.00267663	0.00000000	0.00005911	0.00000000	0.00000000	0.00000000	0.00000000	0.00000000	0.00000000	0.00000000	0.00000000	0.00000000
k__Bacteria|p__Synergistota|c__Synergistia|o__Synergistales|f__Synergistaceae|g__Syner_01	0.00042127	0.00006796	0.00005050	0.00006357	0.00008867	0.00010378	0.00007905	0.00099522	0.00076017	0.00039429	0.00017089	0.00007932	0.00013576	0.00006527
k__Bacteria|p__Synergistota|c__Synergistia|o__Synergistales|f__Synergistaceae|g__Thermanaerovibrio	0.00002006	0.00000000	0.00000000	0.00000000	0.00005911	0.00000000	0.00000000	0.00000000	0.00000000	0.00000000	0.00000000	0.00000000	0.00000000	0.00000000
k__Bacteria|p__Synergistota|c__Synergistia|o__Synergistales|f__Synergistaceae|g__Thermovirga	0.00042127	0.00045870	0.00001683	0.00003178	0.00002956	0.00002595	0.00000000	0.00040158	0.00019909	0.00021686	0.00002136	0.00001586	0.00001697	0.00001632
k__Bacteria|p__Thermotogae|c__unidentified_Thermotogae|o__Petrotogales|f__Petrotogaceae|g__AUTHM297	0.00000000	0.00000000	0.00000000	0.00000000	0.00000000	0.00000000	0.00000000	0.00000000	0.00000000	0.00000000	0.00000000	0.00000000	0.00000000	0.00000000
k__Bacteria|p__Verrucomicrobiota|c__Kiritimatiellae|o__WCHB1_41|f__unidentified_WCHB1_41|g__unidentified_WCHB1_41	0.00010030	0.00001699	0.00000000	0.00000000	0.00002956	0.00002595	0.00001581	0.00013968	0.00000000	0.00009857	0.00008544	0.00000000	0.00001697	0.00000000
k__Bacteria|p__Verrucomicrobiota|c__Lentisphaeria|o__Oligosphaerales|f__Lenti_02|g__unidentified_Lenti_02	0.00004012	0.00000000	0.00000000	0.00000000	0.00000000	0.00000000	0.00000000	0.00000000	0.00000000	0.00000000	0.00000000	0.00000000	0.00000000	0.00000000
k__Bacteria|p__Verrucomicrobiota|c__Lentisphaeria|o__Oligosphaerales|f__Oligosphaeraceae|g__ADurb.Bin063_2	0.00000000	0.00000000	0.00000000	0.00000000	0.00000000	0.00000000	0.00000000	0.00003492	0.00000000	0.00000000	0.00000000	0.00000000	0.00000000	0.00000000
k__Bacteria|p__Verrucomicrobiota|c__Lentisphaeria|o__Oligosphaerales|f__Oligosphaeraceae|g__horsej_a03	0.00000000	0.00000000	0.00000000	0.00000000	0.00000000	0.00000000	0.00000000	0.00000000	0.00000000	0.00000000	0.00000000	0.00000000	0.00000000	0.00000000
k__Bacteria|p__Verrucomicrobiota|c__Omnitrophia|o__Omnitrophales|f__Omnitrophaceae|g__Candidatus_Omnitrophus	0.00006018	0.00018688	0.00000000	0.00012714	0.00000000	0.00005189	0.00000000	0.00000000	0.00003620	0.00000000	0.00000000	0.00000000	0.00000000	0.00000000
k__Bacteria|p__Verrucomicrobiota|c__Verrucomicrobiae|o__Chthoniobacterales|f__Chthoniobacteraceae|g__Chthoniobacter	0.00000000	0.00000000	0.00000000	0.00000000	0.00000000	0.00000000	0.00000000	0.00000000	0.00000000	0.00000000	0.00000000	0.00000000	0.00000000	0.00000000
k__Bacteria|p__Verrucomicrobiota|c__Verrucomicrobiae|o__Chthoniobacterales|f__Chthoniobacteraceae|g__LD29	0.00006018	0.00001699	0.00000000	0.00006357	0.00000000	0.00000000	0.00000000	0.00000000	0.00000000	0.00000000	0.00000000	0.00000000	0.00000000	0.00000000
k__Bacteria|p__Verrucomicrobiota|c__Verrucomicrobiae|o__Chthoniobacterales|f__Terrimicrobiaceae|g__Terrimicrobium	0.00000000	0.00000000	0.00000000	0.00000000	0.00002956	0.00000000	0.00000000	0.00000000	0.00000000	0.00000000	0.00000000	0.00000000	0.00000000	0.00003264
k__Bacteria|p__Verrucomicrobiota|c__Verrucomicrobiae|o__Chthoniobacterales|f__Xiphinematobacteraceae|g__Candidatus_Xiphinematobacter	0.00000000	0.00011892	0.00000000	0.00000000	0.00000000	0.00000000	0.00000000	0.00001746	0.00001810	0.00000000	0.00000000	0.00000000	0.00000000	0.00000000
k__Bacteria|p__Verrucomicrobiota|c__Verrucomicrobiae|o__Opitutales|f__Opitutaceae|g__Cephaloticoccus	0.00008024	0.00000000	0.00000000	0.00000000	0.00000000	0.00000000	0.00000000	0.00000000	0.00000000	0.00000000	0.00002136	0.00000000	0.00000000	0.00000000
k__Bacteria|p__Verrucomicrobiota|c__Verrucomicrobiae|o__Opitutales|f__Opitutaceae|g__Lacunisphaera	0.00006018	0.00006796	0.00005050	0.00009535	0.00005911	0.00000000	0.00003162	0.00005238	0.00003620	0.00001971	0.00000000	0.00000000	0.00000000	0.00001632
k__Bacteria|p__Verrucomicrobiota|c__Verrucomicrobiae|o__Opitutales|f__Opitutaceae|g__Opitutus	0.00002006	0.00000000	0.00000000	0.00000000	0.00000000	0.00000000	0.00000000	0.00000000	0.00000000	0.00000000	0.00000000	0.00000000	0.00000000	0.00000000
k__Bacteria|p__Verrucomicrobiota|c__Verrucomicrobiae|o__Pedosphaerales|f__Pedosphaeraceae|g__ADurb.Bin063_1	0.00108327	0.00288811	0.00101005	0.00120781	0.00280791	0.00269829	0.00007905	0.00029682	0.00056108	0.00003943	0.00000000	0.00006346	0.00003394	0.00008159
k__Bacteria|p__Verrucomicrobiota|c__Verrucomicrobiae|o__Pedosphaerales|f__Pedosphaeraceae|g__ADurb.Bin118	0.00024073	0.00000000	0.00005050	0.00003178	0.00000000	0.00020756	0.00000000	0.00000000	0.00000000	0.00000000	0.00000000	0.00000000	0.00000000	0.00000000
k__Bacteria|p__Verrucomicrobiota|c__Verrucomicrobiae|o__Pedosphaerales|f__Pedosphaeraceae|g__DEV008	0.00012036	0.00005097	0.00006734	0.00015892	0.00005911	0.00000000	0.00000000	0.00000000	0.00000000	0.00001971	0.00000000	0.00000000	0.00000000	0.00003264
k__Bacteria|p__Verrucomicrobiota|c__Verrucomicrobiae|o__Pedosphaerales|f__Pedosphaeraceae|g__DEV114	0.00006018	0.00020387	0.00000000	0.00003178	0.00000000	0.00000000	0.00000000	0.00001746	0.00000000	0.00000000	0.00000000	0.00000000	0.00000000	0.00000000
k__Bacteria|p__Verrucomicrobiota|c__Verrucomicrobiae|o__Pedosphaerales|f__Pedosphaeraceae|g__Ellin516	0.00016048	0.00000000	0.00000000	0.00006357	0.00020690	0.00002595	0.00000000	0.00001746	0.00000000	0.00000000	0.00000000	0.00000000	0.00000000	0.00000000
k__Bacteria|p__Verrucomicrobiota|c__Verrucomicrobiae|o__Pedosphaerales|f__Pedosphaeraceae|g__Limisphaera	0.00000000	0.00000000	0.00000000	0.00000000	0.00000000	0.00000000	0.00000000	0.00000000	0.00000000	0.00000000	0.00000000	0.00000000	0.00000000	0.00000000
k__Bacteria|p__Verrucomicrobiota|c__Verrucomicrobiae|o__Pedosphaerales|f__Pedosphaeraceae|g__Oikopleura	0.00006018	0.00005097	0.00006734	0.00006357	0.00000000	0.00000000	0.00000000	0.00000000	0.00000000	0.00001971	0.00000000	0.00000000	0.00001697	0.00006527
k__Bacteria|p__Verrucomicrobiota|c__Verrucomicrobiae|o__Verrucomicrobiales|f__Akkermansiaceae|g__Akkermansia	0.00046139	0.00265027	0.00000000	0.00028606	0.00023646	0.00015567	0.00007905	0.00013968	0.00005430	0.00003943	0.00008544	0.00218929	0.00000000	0.00000000
k__Bacteria|p__Verrucomicrobiota|c__Verrucomicrobiae|o__Verrucomicrobiales|f__Rubritaleaceae|g__Luteolibacter	0.00022067	0.00023784	0.00257563	0.00003178	0.00029557	0.00000000	0.00009486	0.00019206	0.00000000	0.00003943	0.00000000	0.00011105	0.00003394	0.00138705
k__Bacteria|p__Verrucomicrobiota|c__Verrucomicrobiae|o__Verrucomicrobiales|f__Verrucomicrobiaceae|g__Brevifollis	0.00000000	0.00000000	0.00006734	0.00000000	0.00000000	0.00000000	0.00000000	0.00000000	0.00000000	0.00000000	0.00000000	0.00000000	0.00000000	0.00008159
k__Bacteria|p__Verrucomicrobiota|c__Verrucomicrobiae|o__Verrucomicrobiales|f__Verrucomicrobiaceae|g__Prosthecobacter	0.00000000	0.00000000	0.00048819	0.00003178	0.00002956	0.00010378	0.00000000	0.00005238	0.00007240	0.00000000	0.00000000	0.00011105	0.00010182	0.00070169
k__Bacteria|p__Verrucomicrobiota|c__Verrucomicrobiae|o__Verrucomicrobiales|f__Verrucomicrobiaceae|g__Roseimicrobium	0.00000000	0.00000000	0.00000000	0.00000000	0.00000000	0.00000000	0.00000000	0.00005238	0.00000000	0.00000000	0.00000000	0.00000000	0.00000000	0.00003264
k__Bacteria|p__WPS_2|c__unidentified_WPS_2|o__unidentified_WPS_2|f__unidentified_WPS_2|g__unidentified_WPS_2	0.00022067	0.00052666	0.00026935	0.00003178	0.00029557	0.00010378	0.00001581	0.00005238	0.00003620	0.00005914	0.00002136	0.00007932	0.00001697	0.00000000
k__Bacteria|p__Zixibacteria|c__unidentified_Zixibacteria|o__unidentified_Zixibacteria|f__unidentified_Zixibacteria|g__unidentified_Zixibacteria	0.00006018	0.00073052	0.00003367	0.00009535	0.00002956	0.00033729	0.00000000	0.00000000	0.00000000	0.00000000	0.00000000	0.00000000	0.00000000	0.00003264
k__Bacteria|p__unidentified_Bacteria|c__Acidimicrobiia|o__unidentified_Acidimicrobiia|f__unidentified_Acidimicrobiia|g__unidentified_Acidimicrobiia	0.00000000	0.00003398	0.00000000	0.00000000	0.00000000	0.00000000	0.00000000	0.00000000	0.00000000	0.00000000	0.00000000	0.00000000	0.00000000	0.00000000
k__Bacteria|p__unidentified_Bacteria|c__Alphaproteobacteria|o__Micavibrionales|f__unidentified_Micavibrionales|g__unidentified_Micavibrionales	0.00000000	0.00000000	0.00000000	0.00000000	0.00000000	0.00000000	0.00000000	0.00003492	0.00000000	0.00000000	0.00000000	0.00000000	0.00000000	0.00008159
k__Bacteria|p__unidentified_Bacteria|c__Alphaproteobacteria|o__Rhodospirillales|f__unidentified_Rhodospirillales|g__unidentified_Rhodospirillales	0.00000000	0.00001699	0.00000000	0.00000000	0.00000000	0.00000000	0.00000000	0.00000000	0.00000000	0.00000000	0.00000000	0.00004759	0.00000000	0.00000000
k__Bacteria|p__unidentified_Bacteria|c__Alphaproteobacteria|o__unidentified_Alphaproteobacteria|f__unidentified_Alphaproteobacteria|g__unidentified_Alphaproteobacteria	0.00000000	0.00000000	0.00000000	0.00000000	0.00005911	0.00038918	0.00000000	0.00001746	0.00000000	0.00001971	0.00000000	0.00000000	0.00001697	0.00000000
k__Bacteria|p__unidentified_Bacteria|c__Anaerolineae|o__Caldilineales|f__Caldilineaceae|g__unidentified_Caldilineaceae	0.00002006	0.00006796	0.00000000	0.00000000	0.00000000	0.00000000	0.00000000	0.00000000	0.00000000	0.00000000	0.00000000	0.00000000	0.00000000	0.00000000
k__Bacteria|p__unidentified_Bacteria|c__Babeliae|o__Babeliales|f__Babeliaceae|g__unidentified_Babeliaceae	0.00000000	0.00000000	0.00000000	0.00000000	0.00000000	0.00000000	0.00000000	0.00000000	0.00005430	0.00000000	0.00000000	0.00000000	0.00000000	0.00000000
k__Bacteria|p__unidentified_Bacteria|c__Babeliae|o__Babeliales|f__unidentified_Babeliales|g__unidentified_Babeliales	0.00008024	0.00003398	0.00005050	0.00009535	0.00011823	0.00007784	0.00001581	0.00000000	0.00000000	0.00003943	0.00000000	0.00000000	0.00000000	0.00000000
k__Bacteria|p__unidentified_Bacteria|c__Bacteroidia|o__Bacteroidales|f__Barnesiellaceae|g__unidentified_Barnesiellaceae	0.00002006	0.00000000	0.00000000	0.00006357	0.00000000	0.00000000	0.00000000	0.00001746	0.00000000	0.00000000	0.00000000	0.00000000	0.00000000	0.00000000
k__Bacteria|p__unidentified_Bacteria|c__Bacteroidia|o__Bacteroidales|f__Marinifilaceae|g__unidentified_Marinifilaceae	0.00002006	0.00005097	0.00000000	0.00000000	0.00000000	0.00000000	0.00000000	0.00000000	0.00000000	0.00000000	0.00000000	0.00000000	0.00000000	0.00000000
k__Bacteria|p__unidentified_Bacteria|c__Bacteroidia|o__Bacteroidales|f__Prolixibacteraceae|g__unidentified_Prolixibacteraceae	0.00002006	0.00000000	0.00005050	0.00015892	0.00000000	0.00000000	0.00000000	0.00013968	0.00000000	0.00009857	0.00000000	0.00000000	0.00000000	0.00003264
k__Bacteria|p__unidentified_Bacteria|c__Bacteroidia|o__Bacteroidales|f__Rikenellaceae|g__unidentified_Rikenellaceae	0.00008024	0.00013591	0.00000000	0.00003178	0.00000000	0.00000000	0.00001581	0.00006984	0.00000000	0.00001971	0.00000000	0.00000000	0.00000000	0.00000000
k__Bacteria|p__unidentified_Bacteria|c__Bacteroidia|o__Chitinophagales|f__Saprospiraceae|g__unidentified_Saprospiraceae	0.00024073	0.00000000	0.00000000	0.00003178	0.00002956	0.00000000	0.00000000	0.00000000	0.00000000	0.00000000	0.00000000	0.00000000	0.00000000	0.00003264
k__Bacteria|p__unidentified_Bacteria|c__Bacteroidia|o__Cytophagales|f__Microscillaceae|g__unidentified_Microscillaceae	0.00000000	0.00000000	0.00000000	0.00000000	0.00000000	0.00000000	0.00000000	0.00000000	0.00000000	0.00000000	0.00000000	0.00000000	0.00000000	0.00000000
k__Bacteria|p__unidentified_Bacteria|c__Bacteroidia|o__Flavobacteriales|f__Weeksellaceae|g__unidentified_Weeksellaceae	0.00000000	0.00000000	0.00000000	0.00000000	0.00000000	0.00000000	0.00000000	0.00000000	0.00001810	0.00000000	0.00000000	0.00000000	0.00011879	0.00001632
k__Bacteria|p__unidentified_Bacteria|c__Chloroflexia|o__Chloroflexales|f__Roseiflexaceae|g__unidentified_Roseiflexaceae	0.00000000	0.00000000	0.00000000	0.00000000	0.00000000	0.00000000	0.00000000	0.00005238	0.00000000	0.00000000	0.00000000	0.00000000	0.00000000	0.00000000
k__Bacteria|p__unidentified_Bacteria|c__Clostridia|o__Lachnospirales|f__Lachnospiraceae|g__unidentified_Lachnospiraceae	0.00008024	0.00052666	0.00001683	0.00000000	0.00000000	0.00000000	0.00000000	0.00000000	0.00001810	0.00000000	0.00000000	0.00015864	0.00000000	0.00001632
k__Bacteria|p__unidentified_Bacteria|c__Clostridia|o__Oscillospirales|f__Hungateiclostridiaceae|g__unidentified_Hungateiclostridiaceae	0.00002006	0.00000000	0.00005050	0.00000000	0.00005911	0.00005189	0.00000000	0.00003492	0.00000000	0.00000000	0.00000000	0.00000000	0.00000000	0.00000000
k__Bacteria|p__unidentified_Bacteria|c__Clostridia|o__Oscillospirales|f__Ruminococcaceae|g__unidentified_Ruminococcaceae	0.00004012	0.00016989	0.00000000	0.00000000	0.00000000	0.00000000	0.00000000	0.00000000	0.00000000	0.00000000	0.00000000	0.00003173	0.00000000	0.00000000
k__Bacteria|p__unidentified_Bacteria|c__Desulfobacteria|o__Desulfobacterales|f__Desulfosarcinaceae|g__unidentified_Desulfosarcinaceae	0.00000000	0.00000000	0.00000000	0.00000000	0.00000000	0.00000000	0.00003162	0.00000000	0.00000000	0.00000000	0.00000000	0.00000000	0.00000000	0.00000000
k__Bacteria|p__unidentified_Bacteria|c__Gammaproteobacteria|o__Burkholderiales|f__Neisseriaceae|g__unidentified_Neisseriaceae	0.00000000	0.00000000	0.00000000	0.00000000	0.00000000	0.00000000	0.00000000	0.00000000	0.00000000	0.00000000	0.00000000	0.00000000	0.00000000	0.00000000
k__Bacteria|p__unidentified_Bacteria|c__Gammaproteobacteria|o__Burkholderiales|f__Rhodocyclaceae|g__unidentified_Rhodocyclaceae	0.00010030	0.00000000	0.00000000	0.00031784	0.00000000	0.00000000	0.00001581	0.00000000	0.00000000	0.00000000	0.00000000	0.00000000	0.00000000	0.00000000
k__Bacteria|p__unidentified_Bacteria|c__Gammaproteobacteria|o__Enterobacterales|f__unidentified_Enterobacterales|g__unidentified_Enterobacterales	0.00022067	0.00000000	0.00000000	0.00006357	0.00014778	0.00000000	0.00006324	0.00005238	0.00000000	0.00001971	0.00002136	0.00001586	0.00010182	0.00000000
k__Bacteria|p__unidentified_Bacteria|c__Gammaproteobacteria|o__Salinisphaerales|f__Solimonadaceae|g__unidentified_Solimonadaceae	0.00000000	0.00001699	0.00000000	0.00000000	0.00000000	0.00070052	0.00000000	0.00026190	0.00018099	0.00031543	0.00115348	0.00001586	0.00049212	0.00065273
k__Bacteria|p__unidentified_Bacteria|c__Kazania|o__unidentified_Kazania|f__unidentified_Kazania|g__unidentified_Kazania	0.00000000	0.00000000	0.00000000	0.00000000	0.00000000	0.00000000	0.00000000	0.00000000	0.00000000	0.00000000	0.00000000	0.00000000	0.00000000	0.00000000
k__Bacteria|p__unidentified_Bacteria|c__Negativicutes|o__Veillonellales_Selenomonadales|f__Sporomusaceae|g__unidentified_Sporomusaceae	0.00000000	0.00000000	0.00000000	0.00000000	0.00000000	0.00000000	0.00000000	0.00000000	0.00005430	0.00001971	0.00000000	0.00000000	0.00000000	0.00000000
k__Bacteria|p__unidentified_Bacteria|c__Polyangia|o__Polyangiales|f__Sandaracinaceae|g__unidentified_Sandaracinaceae	0.00000000	0.00006796	0.00000000	0.00000000	0.00000000	0.00000000	0.00000000	0.00000000	0.00000000	0.00000000	0.00000000	0.00000000	0.00000000	0.00000000
k__Bacteria|p__unidentified_Bacteria|c__Saccharimonadia|o__Saccharimonadales|f__Saccharimonadaceae|g__Candidatus_Saccharimonas	0.00002006	0.00101933	0.00000000	0.00006357	0.00002956	0.00012973	0.00001581	0.00006984	0.00003620	0.00000000	0.00000000	0.00000000	0.00006788	0.00000000
k__Bacteria|p__unidentified_Bacteria|c__Saccharimonadia|o__Saccharimonadales|f__Saccharimonadaceae|g__TM7a	0.00012036	0.00003398	0.00058920	0.00012714	0.00008867	0.00015567	0.00003162	0.00123965	0.00048868	0.00173488	0.00023497	0.00011105	0.00020363	0.00019582
k__Bacteria|p__unidentified_Bacteria|c__Saccharimonadia|o__Saccharimonadales|f__unidentified_Saccharimonadales|g__unidentified_Saccharimonadales	0.00008024	0.00000000	0.00129623	0.00000000	0.00002956	0.00000000	0.00000000	0.00000000	0.00007240	0.00000000	0.00000000	0.00000000	0.00000000	0.00014686
k__Bacteria|p__unidentified_Bacteria|c__Spirochaetia|o__Spirochaetales|f__Spirochaetaceae|g__unidentified_Spirochaetaceae	0.00004012	0.00001699	0.00000000	0.00000000	0.00002956	0.00000000	0.00000000	0.00001746	0.00000000	0.00000000	0.00002136	0.00000000	0.00000000	0.00000000
k__Bacteria|p__unidentified_Bacteria|c__Synergistia|o__Synergistales|f__Synergistaceae|g__unidentified_Synergistaceae	0.00012036	0.00022086	0.00003367	0.00009535	0.00002956	0.00007784	0.00000000	0.00103014	0.00130314	0.00045343	0.00019225	0.00014278	0.00016970	0.00003264
k__Bacteria|p__unidentified_Bacteria|c__Syntrophobacteria|o__Syntrophobacterales|f__unidentified_Syntrophobacterales|g__unidentified_Syntrophobacterales	0.00062188	0.00027182	0.00016834	0.00012714	0.00008867	0.00000000	0.00001581	0.00000000	0.00000000	0.00001971	0.00000000	0.00000000	0.00000000	0.00001632
k__Bacteria|p__unidentified_Bacteria|c__Thermodesulfovibrionia|o__unidentified_Thermodesulfovibrionia|f__unidentified_Thermodesulfovibrionia|g__unidentified_Thermodesulfovibrionia	0.00158479	0.00113826	0.00173392	0.00279702	0.00035468	0.00054485	0.00026878	0.00000000	0.00000000	0.00001971	0.00000000	0.00000000	0.00000000	0.00008159
k__Bacteria|p__unidentified_Bacteria|c__Thermoleophilia|o__Gaiellales|f__unidentified_Gaiellales|g__unidentified_Gaiellales	0.00000000	0.00000000	0.00000000	0.00000000	0.00000000	0.00000000	0.00000000	0.00000000	0.00009050	0.00000000	0.00000000	0.00000000	0.00005091	0.00000000
k__Bacteria|p__unidentified_Bacteria|c__Vicinamibacteria|o__Vicinamibacterales|f__unidentified_Vicinamibacterales|g__unidentified_Vicinamibacterales	0.00008024	0.00000000	0.00003367	0.00000000	0.00000000	0.00000000	0.00000000	0.00000000	0.00000000	0.00000000	0.00000000	0.00001586	0.00000000	0.00004895
k__Bacteria|p__unidentified_Bacteria|c__unidentified_Bacteria|o__Gemmatales|f__Gemmataceae|g__unidentified_Gemmataceae	0.00000000	0.00000000	0.00000000	0.00000000	0.00000000	0.00000000	0.00000000	0.00000000	0.00000000	0.00000000	0.00000000	0.00000000	0.00000000	0.00000000
k__Bacteria|p__unidentified_Bacteria|c__unidentified_Bacteria|o__Gemmatimonadales|f__Gemmatimonadaceae|g__unidentified_Gemmatimonadaceae	0.00084254	0.00023784	0.00075754	0.00034963	0.00044335	0.00150481	0.00000000	0.00033174	0.00018099	0.00043372	0.00209335	0.00417235	0.00062787	0.00200715
k__Bacteria|p__unidentified_Bacteria|c__unidentified_Bacteria|o__Propionibacteriales|f__Propionibacteriaceae|g__unidentified_Propionibacteriaceae	0.00000000	0.00000000	0.00000000	0.00000000	0.00000000	0.00000000	0.00000000	0.00000000	0.00003620	0.00000000	0.00000000	0.00000000	0.00000000	0.00000000
k__Bacteria|p__unidentified_Bacteria|c__unidentified_Bacteria|o__unidentified_Bacteria|f__unidentified_Bacteria|g__unidentified_Bacteria	0.00066200	0.00229350	0.00003367	0.00012714	0.00023646	0.00025945	0.00004743	0.00015714	0.00001810	0.00007886	0.00008544	0.00007932	0.00006788	0.00003264
k__Archaea|p__Crenarchaeota|c__Bathyarchaeia|o__unidentified_Bathyarchaeia|f__unidentified_Bathyarchaeia|g__unidentified_Bathyarchaeia|s__archaeon_RBG_16_50_20	0.00014042	0.00800177	0.00000000	0.00000000	0.00000000	0.00000000	0.00000000	0.00000000	0.00000000	0.00000000	0.00000000	0.00000000	0.00000000	0.00000000
k__Archaea|p__Euryarchaeota|c__Methanobacteria|o__Methanobacteriales|f__Methanobacteriaceae|g__Methanobacterium|s__Methanobacterium_congolense	0.00000000	0.00001699	0.00000000	0.00000000	0.00000000	0.00000000	0.00000000	0.00001746	0.00005430	0.00000000	0.00000000	0.00000000	0.00000000	0.00000000
k__Archaea|p__Euryarchaeota|c__Methanobacteria|o__Methanobacteriales|f__Methanobacteriaceae|g__Methanobacterium|s__Methanobacterium_formicicum	0.00004012	0.00000000	0.00008417	0.00000000	0.00008867	0.00010378	0.00000000	0.00097776	0.00009050	0.00000000	0.00000000	0.00000000	0.00000000	0.00000000
k__Archaea|p__Euryarchaeota|c__Methanobacteria|o__Methanobacteriales|f__Methanobacteriaceae|g__Methanobrevibacter|s__Methanobrevibacter_smithii	0.00002006	0.00000000	0.00006734	0.00000000	0.00000000	0.00005189	0.00000000	0.00027936	0.00000000	0.00000000	0.00000000	0.00000000	0.00001697	0.00000000
k__Archaea|p__Halobacterota|c__Methanosarcinia|o__Methanosarciniales|f__Methanosaetaceae|g__Methanosaeta|s__Methanosaeta_sp_ARCH	0.00028085	0.00000000	0.00000000	0.00000000	0.00000000	0.00000000	0.00001581	0.00005238	0.00000000	0.00000000	0.00000000	0.00000000	0.00000000	0.00000000
k__Archaea|p__Halobacterota|c__Methanosarcinia|o__Methanosarciniales|f__Methanosaetaceae|g__Methanosaeta|s__Methanothrix_sp	0.00002006	0.00000000	0.00000000	0.00000000	0.00002956	0.00000000	0.00000000	0.00003492	0.00000000	0.00000000	0.00000000	0.00000000	0.00000000	0.00000000
k__Archaea|p__Nanoarchaeota|c__Nanoarchaeia|o__Woesearchaeales|f__SCGC_AAA011_D5|g__unidentified_SCGC_AAA011_D5|s__Candidatus_Diapherotrites_archaeon_ADurb.Bin253	0.00000000	0.00000000	0.00000000	0.00000000	0.00014778	0.00000000	0.00000000	0.00000000	0.00000000	0.00000000	0.00000000	0.00000000	0.00000000	0.00000000
k__Bacteria|p__Acidobacteriota|c__Acidobacteriae|o__Bryobacterales|f__Bryobacteraceae|g__Bryobacter|s__Acidobacteria_bacterium_LX128	0.00000000	0.00000000	0.00000000	0.00000000	0.00000000	0.00000000	0.00000000	0.00000000	0.00000000	0.00000000	0.00000000	0.00000000	0.00000000	0.00000000
k__Bacteria|p__Acidobacteriota|c__Acidobacteriae|o__Bryobacterales|f__Bryobacteraceae|g__Bryobacter|s__Bryobacter_aggregatus	0.00000000	0.00000000	0.00000000	0.00000000	0.00000000	0.00000000	0.00000000	0.00000000	0.00000000	0.00000000	0.00000000	0.00000000	0.00000000	0.00000000
k__Bacteria|p__Acidobacteriota|c__Holophagae|o__Holophagales|f__Holophagaceae|g__Geothrix|s__Geothrix_fermentans	0.00000000	0.00000000	0.00000000	0.00000000	0.00000000	0.00000000	0.00000000	0.00000000	0.00000000	0.00000000	0.00008544	0.00000000	0.00000000	0.00000000
k__Bacteria|p__Acidobacteriota|c__Holophagae|o__Subgroup_7|f__unidentified_Subgroup_7|g__unidentified_Subgroup_7|s__Acidobacteria_bacterium_enrichment_culture_clone_CV_04	0.00020061	0.00028881	0.00000000	0.00012714	0.00017734	0.00085619	0.00001581	0.00017460	0.00019909	0.00009857	0.00002136	0.00031729	0.00015273	0.00008159
k__Bacteria|p__Acidobacteriota|c__Thermoanaerobaculia|o__Thermoanaerobaculales|f__Thermoanaerobaculaceae|g__Subgroup_10|s__Acidobacteria_bacterium_WY67	0.00004012	0.00000000	0.00000000	0.00000000	0.00000000	0.00000000	0.00000000	0.00000000	0.00000000	0.00000000	0.00000000	0.00000000	0.00000000	0.00000000
k__Bacteria|p__Acidobacteriota|c__Thermoanaerobaculia|o__Thermoanaerobaculales|f__Thermoanaerobaculaceae|g__Subgroup_10|s__bacterium_enrichment_culture_clone_Anammox_2	0.00012036	0.00000000	0.00011784	0.00012714	0.00000000	0.00326908	0.00001581	0.00003492	0.00005430	0.00007886	0.00004272	0.00001586	0.00003394	0.00021214
k__Bacteria|p__Acidobacteriota|c__unidentified_Acidobacteriota|o__unidentified_Acidobacteriota|f__unidentified_Acidobacteriota|g__unidentified_Acidobacteriota|s__Candidatus_Fischerbacteria_bacterium_RBG_13_37_8	0.00000000	0.00003398	0.00000000	0.00000000	0.00000000	0.00000000	0.00000000	0.00000000	0.00000000	0.00000000	0.00000000	0.00000000	0.00000000	0.00000000
k__Bacteria|p__Actinobacteria|c__unidentified_Actinobacteria|o__Actinomycetales|f__Actinomycetaceae|g__Actinomyces|s__Actinomyces_graevenitzii	0.00000000	0.00000000	0.00006734	0.00000000	0.00000000	0.00000000	0.00000000	0.00005238	0.00000000	0.00001971	0.00000000	0.00000000	0.00000000	0.00000000
k__Bacteria|p__Actinobacteria|c__unidentified_Actinobacteria|o__Actinomycetales|f__Actinomycetaceae|g__Actinomyces|s__Actinomyces_massiliensis	0.00000000	0.00000000	0.00065653	0.00000000	0.00000000	0.00000000	0.00000000	0.00000000	0.00000000	0.00003943	0.00000000	0.00004759	0.00000000	0.00063641
k__Bacteria|p__Actinobacteria|c__unidentified_Actinobacteria|o__Actinomycetales|f__Actinomycetaceae|g__Actinomyces|s__Actinomyces_minihominis	0.00006018	0.00000000	0.00001683	0.00000000	0.00000000	0.00000000	0.00001581	0.00003492	0.00005430	0.00000000	0.00004272	0.00003173	0.00000000	0.00000000
k__Bacteria|p__Actinobacteria|c__unidentified_Actinobacteria|o__Actinomycetales|f__Actinomycetaceae|g__Actinomyces|s__Actinomyces_pacaensis	0.00000000	0.00000000	0.00260930	0.00000000	0.00000000	0.00000000	0.00000000	0.00001746	0.00000000	0.00000000	0.00000000	0.00000000	0.00000000	0.00016318
k__Bacteria|p__Actinobacteria|c__unidentified_Actinobacteria|o__Actinomycetales|f__Actinomycetaceae|g__Actinomyces|s__Actinomyces_sp_PTS3505	0.00000000	0.00000000	0.00000000	0.00000000	0.00000000	0.00000000	0.00000000	0.00005238	0.00000000	0.00000000	0.00000000	0.00000000	0.00000000	0.00000000
k__Bacteria|p__Actinobacteria|c__unidentified_Actinobacteria|o__Actinomycetales|f__Actinomycetaceae|g__Actinomyces|s__Actinomyces_sp_oral_taxon_414	0.00000000	0.00000000	0.00025251	0.00000000	0.00000000	0.00000000	0.00000000	0.00000000	0.00000000	0.00003943	0.00000000	0.00004759	0.00000000	0.00014686
k__Bacteria|p__Actinobacteria|c__unidentified_Actinobacteria|o__Actinomycetales|f__Actinomycetaceae|g__Actinomyces|s__Actinomyces_sp_oral_taxon_897	0.00000000	0.00000000	0.00006734	0.00000000	0.00000000	0.00000000	0.00000000	0.00000000	0.00000000	0.00000000	0.00000000	0.00003173	0.00000000	0.00000000
k__Bacteria|p__Actinobacteria|c__unidentified_Actinobacteria|o__Actinomycetales|f__Actinomycetaceae|g__Actinomyces|s__Schaalia_cardiffensis	0.00002006	0.00000000	0.00030301	0.00000000	0.00000000	0.00000000	0.00000000	0.00006984	0.00003620	0.00001971	0.00004272	0.00000000	0.00000000	0.00008159
k__Bacteria|p__Actinobacteria|c__unidentified_Actinobacteria|o__Actinomycetales|f__Actinomycetaceae|g__Actinomyces|s__Schaalia_odontolytica	0.00000000	0.00005097	0.00008417	0.00000000	0.00000000	0.00000000	0.00000000	0.00001746	0.00000000	0.00000000	0.00000000	0.00000000	0.00000000	0.00003264
k__Bacteria|p__Actinobacteria|c__unidentified_Actinobacteria|o__Bifidobacteriales|f__Bifidobacteriaceae|g__Bifidobacterium|s__Bifidobacterium_adolescentis	0.00042127	0.00018688	0.00033668	0.00006357	0.00008867	0.00002595	0.00004743	0.00115236	0.00019909	0.00025629	0.00006408	0.00012692	0.00005091	0.00026109
k__Bacteria|p__Actinobacteria|c__unidentified_Actinobacteria|o__Bifidobacteriales|f__Bifidobacteriaceae|g__Bifidobacterium|s__Bifidobacterium_animalis	0.00008024	0.00020387	0.00000000	0.00000000	0.00000000	0.00000000	0.00001581	0.00001746	0.00005430	0.00000000	0.00000000	0.00000000	0.00003394	0.00000000
k__Bacteria|p__Actinobacteria|c__unidentified_Actinobacteria|o__Bifidobacteriales|f__Bifidobacteriaceae|g__Bifidobacterium|s__Bifidobacterium_longum	0.00002006	0.00011892	0.00001683	0.00000000	0.00000000	0.00000000	0.00001581	0.00008730	0.00007240	0.00000000	0.00008544	0.00009519	0.00003394	0.00000000
k__Bacteria|p__Actinobacteria|c__unidentified_Actinobacteria|o__Bifidobacteriales|f__Bifidobacteriaceae|g__Bifidobacterium|s__Bifidobacterium_minimum	0.00006018	0.00000000	0.00000000	0.00019071	0.00005911	0.00000000	0.00011068	0.00005238	0.00000000	0.00001971	0.00002136	0.00000000	0.00000000	0.00000000
k__Bacteria|p__Actinobacteria|c__unidentified_Actinobacteria|o__Bifidobacteriales|f__Bifidobacteriaceae|g__Scardovia|s__Scardovia_wiggsiae	0.00000000	0.00000000	0.00092588	0.00000000	0.00000000	0.00000000	0.00000000	0.00001746	0.00000000	0.00000000	0.00000000	0.00000000	0.00000000	0.00050587
k__Bacteria|p__Actinobacteria|c__unidentified_Actinobacteria|o__Corynebacteriales|f__Corynebacteriaceae|g__Corynebacterium|s__Corynebacterium_durum	0.00000000	0.00000000	0.00281131	0.00000000	0.00000000	0.00000000	0.00000000	0.00000000	0.00000000	0.00000000	0.00000000	0.00000000	0.00000000	0.00026109
k__Bacteria|p__Actinobacteria|c__unidentified_Actinobacteria|o__Corynebacteriales|f__Corynebacteriaceae|g__Corynebacterium|s__Corynebacterium_falsenii	0.00002006	0.00000000	0.00001683	0.00000000	0.00000000	0.00000000	0.00000000	0.00000000	0.00057918	0.00000000	0.00000000	0.00000000	0.00010182	0.00000000
k__Bacteria|p__Actinobacteria|c__unidentified_Actinobacteria|o__Corynebacteriales|f__Corynebacteriaceae|g__Corynebacterium|s__Corynebacterium_glucuronolyticum	0.00000000	0.00000000	0.00000000	0.00000000	0.00000000	0.00000000	0.00000000	0.00005238	0.00000000	0.00000000	0.00000000	0.00000000	0.00000000	0.00000000
k__Bacteria|p__Actinobacteria|c__unidentified_Actinobacteria|o__Corynebacteriales|f__Corynebacteriaceae|g__Corynebacterium|s__Corynebacterium_imitans	0.00002006	0.00000000	0.00000000	0.00003178	0.00008867	0.00000000	0.00000000	0.00000000	0.00000000	0.00000000	0.00000000	0.00003173	0.00020363	0.00000000
k__Bacteria|p__Actinobacteria|c__unidentified_Actinobacteria|o__Corynebacteriales|f__Corynebacteriaceae|g__Corynebacterium|s__Corynebacterium_sp_canine_oral_taxon_423	0.00000000	0.00000000	0.00062286	0.00000000	0.00000000	0.00000000	0.00000000	0.00000000	0.00000000	0.00000000	0.00000000	0.00000000	0.00000000	0.00000000
k__Bacteria|p__Actinobacteria|c__unidentified_Actinobacteria|o__Corynebacteriales|f__Corynebacteriaceae|g__Corynebacterium|s__Corynebacterium_tuberculostearicum	0.00000000	0.00003398	0.00011784	0.00000000	0.00000000	0.00000000	0.00001581	0.00013968	0.00014479	0.00000000	0.00000000	0.00000000	0.00000000	0.00000000
k__Bacteria|p__Actinobacteria|c__unidentified_Actinobacteria|o__Corynebacteriales|f__Corynebacteriaceae|g__Corynebacterium|s__Corynebacterium_xerosis	0.00000000	0.00000000	0.00001683	0.00000000	0.00000000	0.00000000	0.00000000	0.00006984	0.00000000	0.00000000	0.00000000	0.00000000	0.00000000	0.00003264
k__Bacteria|p__Actinobacteria|c__unidentified_Actinobacteria|o__Corynebacteriales|f__Dietziaceae|g__Dietzia|s__Dietzia_maris	0.00000000	0.00001699	0.00000000	0.00000000	0.00002956	0.00000000	0.00000000	0.00005238	0.00000000	0.00003943	0.00000000	0.00001586	0.00000000	0.00011423
k__Bacteria|p__Actinobacteria|c__unidentified_Actinobacteria|o__Corynebacteriales|f__Nocardiaceae|g__Gordonia|s__Gordonia_terrae	0.00000000	0.00003398	0.00001683	0.00000000	0.00000000	0.00000000	0.00000000	0.00003492	0.00001810	0.00003943	0.00000000	0.00011105	0.00000000	0.00004895
k__Bacteria|p__Actinobacteria|c__unidentified_Actinobacteria|o__Corynebacteriales|f__Nocardiaceae|g__Nocardia|s__Nocardia_farcinica	0.00000000	0.00000000	0.00000000	0.00000000	0.00000000	0.00010378	0.00000000	0.00000000	0.00000000	0.00000000	0.00000000	0.00000000	0.00000000	0.00000000
k__Bacteria|p__Actinobacteria|c__unidentified_Actinobacteria|o__Corynebacteriales|f__Nocardiaceae|g__Rhodococcus|s__Rhodococcus_erythropolis	0.00008024	0.00137610	0.00000000	0.00022249	0.00023646	0.00015567	0.00001581	0.00013968	0.00000000	0.00001971	0.00008544	0.00011105	0.00000000	0.00000000
k__Bacteria|p__Actinobacteria|c__unidentified_Actinobacteria|o__Micrococcales|f__Beutenbergiaceae|g__Miniimonas|s__Miniimonas_sp_S16	0.00000000	0.00000000	0.00000000	0.00000000	0.00000000	0.00000000	0.00000000	0.00001746	0.00000000	0.00000000	0.00000000	0.00000000	0.00000000	0.00000000
k__Bacteria|p__Actinobacteria|c__unidentified_Actinobacteria|o__Micrococcales|f__Demequinaceae|g__Demequina|s__Demequina_globuliformis	0.00000000	0.00000000	0.00000000	0.00003178	0.00002956	0.00000000	0.00000000	0.00003492	0.00000000	0.00005914	0.00004272	0.00003173	0.00000000	0.00000000
k__Bacteria|p__Actinobacteria|c__unidentified_Actinobacteria|o__Micrococcales|f__Intrasporangiaceae|g__Oryzihumus|s__Oryzihumus_leptocrescens	0.00002006	0.00000000	0.00000000	0.00012714	0.00014778	0.00000000	0.00001581	0.00000000	0.00000000	0.00001971	0.00002136	0.00000000	0.00001697	0.00003264
k__Bacteria|p__Actinobacteria|c__unidentified_Actinobacteria|o__Micrococcales|f__Jonesiaceae|g__Jonesia|s__Jonesia_denitrificans	0.00000000	0.00000000	0.00000000	0.00000000	0.00000000	0.00000000	0.00000000	0.00000000	0.00000000	0.00000000	0.00000000	0.00000000	0.00000000	0.00011423
k__Bacteria|p__Actinobacteria|c__unidentified_Actinobacteria|o__Micrococcales|f__Microbacteriaceae|g__Agromyces|s__Agromyces_sp	0.00004012	0.00000000	0.00000000	0.00006357	0.00017734	0.00005189	0.00049013	0.00003492	0.00000000	0.00009857	0.00019225	0.00000000	0.00000000	0.00000000
k__Bacteria|p__Actinobacteria|c__unidentified_Actinobacteria|o__Micrococcales|f__Micrococcaceae|g__Arthrobacter|s__Arthrobacter_agilis	0.00000000	0.00000000	0.00000000	0.00000000	0.00000000	0.00000000	0.00000000	0.00000000	0.00000000	0.00000000	0.00000000	0.00000000	0.00016970	0.00000000
k__Bacteria|p__Actinobacteria|c__unidentified_Actinobacteria|o__Micrococcales|f__Micrococcaceae|g__Rothia|s__Rothia_aeria	0.00000000	0.00000000	0.01104321	0.00006357	0.00000000	0.00000000	0.00000000	0.00003492	0.00000000	0.00003943	0.00000000	0.00006346	0.00000000	0.00145233
k__Bacteria|p__Actinobacteria|c__unidentified_Actinobacteria|o__Micrococcales|f__Micrococcaceae|g__Rothia|s__Rothia_mucilaginosa	0.00000000	0.00016989	0.01636281	0.00000000	0.00000000	0.00000000	0.00000000	0.00003492	0.00005430	0.00000000	0.00000000	0.00001586	0.00000000	0.00047323
k__Bacteria|p__Actinobacteria|c__unidentified_Actinobacteria|o__Micromonosporales|f__Micromonosporaceae|g__Micromonospora|s__Micromonospora_echinospora	0.00000000	0.00000000	0.00000000	0.00000000	0.00002956	0.00000000	0.00001581	0.00000000	0.00000000	0.00001971	0.00000000	0.00007932	0.00000000	0.00000000
k__Bacteria|p__Actinobacteria|c__unidentified_Actinobacteria|o__Propionibacteriales|f__Nocardioidaceae|g__Nocardioides|s__Nocardioides_alkalitolerans	0.00000000	0.00000000	0.00000000	0.00000000	0.00000000	0.00000000	0.00000000	0.00000000	0.00007240	0.00000000	0.00000000	0.00000000	0.00000000	0.00000000
k__Bacteria|p__Actinobacteria|c__unidentified_Actinobacteria|o__Propionibacteriales|f__Nocardioidaceae|g__Nocardioides|s__Nocardioides_furvisabuli	0.00000000	0.00000000	0.00001683	0.00000000	0.00005911	0.00005189	0.00000000	0.00003492	0.00001810	0.00001971	0.00012816	0.00000000	0.00020363	0.00003264
k__Bacteria|p__Actinobacteria|c__unidentified_Actinobacteria|o__Propionibacteriales|f__Propionibacteriaceae|g__Cutibacterium|s__Cutibacterium_acnes	0.00018055	0.00000000	0.00006734	0.00000000	0.00014778	0.00007784	0.00004743	0.00008730	0.00063347	0.00000000	0.00002136	0.00003173	0.00128969	0.00000000
k__Bacteria|p__Actinobacteria|c__unidentified_Actinobacteria|o__Propionibacteriales|f__Propionibacteriaceae|g__Cutibacterium|s__Cutibacterium_granulosum	0.00000000	0.00000000	0.00000000	0.00000000	0.00005911	0.00000000	0.00000000	0.00000000	0.00000000	0.00000000	0.00004272	0.00000000	0.00001697	0.00000000
k__Bacteria|p__Actinobacteria|c__unidentified_Actinobacteria|o__Propionibacteriales|f__Propionibacteriaceae|g__Tessaracoccus|s__Tessaracoccus_sp_T2.5_30	0.00002006	0.00000000	0.00000000	0.00000000	0.00000000	0.00000000	0.00000000	0.00005238	0.00000000	0.00003943	0.00000000	0.00001586	0.00000000	0.00000000
k__Bacteria|p__Actinobacteria|c__unidentified_Actinobacteria|o__Pseudonocardiales|f__Pseudonocardiaceae|g__Saccharopolyspora|s__Saccharopolyspora_sp	0.00000000	0.00000000	0.00000000	0.00003178	0.00000000	0.00000000	0.00000000	0.00001746	0.00000000	0.00000000	0.00000000	0.00000000	0.00000000	0.00000000
k__Bacteria|p__Actinobacteriota|c__Acidimicrobiia|o__Microtrichales|f__Ilumatobacteraceae|g__CL500_29_marine_group|s__s____bacterium__enrichment__culture__clone__B18	0.00000000	0.00000000	0.00000000	0.00000000	0.00000000	0.00000000	0.00000000	0.00000000	0.00000000	0.00000000	0.00000000	0.00000000	0.00000000	0.00000000
k__Bacteria|p__Actinobacteriota|c__Coriobacteriia|o__Coriobacteriales|f__Atopobiaceae|g__Olsenella|s__Olsenella_scatoligenes	0.00000000	0.00010193	0.00000000	0.00000000	0.00000000	0.00000000	0.00000000	0.00005238	0.00003620	0.00000000	0.00000000	0.00001586	0.00000000	0.00000000
k__Bacteria|p__Actinobacteriota|c__Coriobacteriia|o__Coriobacteriales|f__Atopobiaceae|g__Olsenella|s__Olsenella_sp_GAM18	0.00004012	0.00000000	0.00000000	0.00000000	0.00000000	0.00000000	0.00003162	0.00013968	0.00009050	0.00001971	0.00006408	0.00001586	0.00000000	0.00001632
k__Bacteria|p__Actinobacteriota|c__Coriobacteriia|o__Coriobacteriales|f__Atopobiaceae|g__Olsenella|s__Olsenella_sp_Marseille_P2300	0.00000000	0.00000000	0.00000000	0.00000000	0.00000000	0.00000000	0.00000000	0.00000000	0.00009050	0.00000000	0.00000000	0.00000000	0.00000000	0.00000000
k__Bacteria|p__Actinobacteriota|c__Coriobacteriia|o__Coriobacteriales|f__Atopobiaceae|g__Olsenella|s__Olsenella_umbonata	0.00010030	0.00000000	0.00008417	0.00000000	0.00000000	0.00002595	0.00000000	0.00019206	0.00001810	0.00007886	0.00000000	0.00001586	0.00000000	0.00008159
k__Bacteria|p__Actinobacteriota|c__Coriobacteriia|o__Coriobacteriales|f__Coriobacteriaceae|g__Collinsella|s__Collinsella_aerofaciens	0.00012036	0.00018688	0.00011784	0.00006357	0.00000000	0.00002595	0.00001581	0.00057618	0.00009050	0.00023657	0.00006408	0.00006346	0.00000000	0.00001632
k__Bacteria|p__Actinobacteriota|c__Coriobacteriia|o__Coriobacteriales|f__Eggerthellaceae|g__Slackia|s__Slackia_isoflavoniconvertens	0.00002006	0.00000000	0.00000000	0.00000000	0.00000000	0.00000000	0.00000000	0.00003492	0.00003620	0.00001971	0.00004272	0.00000000	0.00000000	0.00000000
k__Bacteria|p__Bacteroidota|c__Bacteroidia|o__Bacteroidales|f__Bacteroidaceae|g__Bacteroides|s__Bacteroidaceae_bacterium_DJF_B220	0.00000000	0.00000000	0.00000000	0.00000000	0.00000000	0.00000000	0.00000000	0.00000000	0.00000000	0.00000000	0.00000000	0.00000000	0.00000000	0.00000000
k__Bacteria|p__Bacteroidota|c__Bacteroidia|o__Bacteroidales|f__Bacteroidaceae|g__Bacteroides|s__Bacteroides_acidifaciens	0.00000000	0.00151201	0.00000000	0.00003178	0.00000000	0.00000000	0.00000000	0.00000000	0.00001810	0.00000000	0.00000000	0.00011105	0.00000000	0.00000000
k__Bacteria|p__Bacteroidota|c__Bacteroidia|o__Bacteroidales|f__Bacteroidaceae|g__Bacteroides|s__Bacteroides_caecigallinarum	0.00000000	0.00000000	0.00000000	0.00000000	0.00000000	0.00000000	0.00000000	0.00000000	0.00000000	0.00000000	0.00000000	0.00000000	0.00000000	0.00000000
k__Bacteria|p__Bacteroidota|c__Bacteroidia|o__Bacteroidales|f__Bacteroidaceae|g__Bacteroides|s__Bacteroides_caecimuris	0.00004012	0.00005097	0.00000000	0.00000000	0.00000000	0.00000000	0.00000000	0.00000000	0.00000000	0.00000000	0.00000000	0.00001586	0.00000000	0.00000000
k__Bacteria|p__Bacteroidota|c__Bacteroidia|o__Bacteroidales|f__Bacteroidaceae|g__Bacteroides|s__Bacteroides_cellulosilyticus	0.00000000	0.00000000	0.00000000	0.00000000	0.00000000	0.00000000	0.00000000	0.00001746	0.00000000	0.00000000	0.00000000	0.00000000	0.00000000	0.00000000
k__Bacteria|p__Bacteroidota|c__Bacteroidia|o__Bacteroidales|f__Bacteroidaceae|g__Bacteroides|s__Bacteroides_coprocola	0.00002006	0.00001699	0.00000000	0.00000000	0.00005911	0.00000000	0.00000000	0.00001746	0.00000000	0.00000000	0.00000000	0.00000000	0.00000000	0.00000000
k__Bacteria|p__Bacteroidota|c__Bacteroidia|o__Bacteroidales|f__Bacteroidaceae|g__Bacteroides|s__Bacteroides_coprophilus	0.00000000	0.00000000	0.00000000	0.00000000	0.00000000	0.00000000	0.00000000	0.00000000	0.00000000	0.00000000	0.00000000	0.00000000	0.00000000	0.00000000
k__Bacteria|p__Bacteroidota|c__Bacteroidia|o__Bacteroidales|f__Bacteroidaceae|g__Bacteroides|s__Bacteroides_coprosuis	0.00000000	0.00000000	0.00000000	0.00000000	0.00000000	0.00000000	0.00000000	0.00000000	0.00001810	0.00000000	0.00000000	0.00000000	0.00000000	0.00000000
k__Bacteria|p__Bacteroidota|c__Bacteroidia|o__Bacteroidales|f__Bacteroidaceae|g__Bacteroides|s__Bacteroides_fragilis	0.00000000	0.00025483	0.00000000	0.00000000	0.00000000	0.00002595	0.00000000	0.00006984	0.00001810	0.00009857	0.00002136	0.00000000	0.00000000	0.00000000
k__Bacteria|p__Bacteroidota|c__Bacteroidia|o__Bacteroidales|f__Bacteroidaceae|g__Bacteroides|s__Bacteroides_graminisolvens	0.00052158	0.00018688	0.00000000	0.00028606	0.00008867	0.00002595	0.00007905	0.00090792	0.00027149	0.00025629	0.00014952	0.00007932	0.00003394	0.00001632
k__Bacteria|p__Bacteroidota|c__Bacteroidia|o__Bacteroidales|f__Bacteroidaceae|g__Bacteroides|s__Bacteroides_luti	0.00016048	0.00016989	0.00000000	0.00003178	0.00088671	0.00000000	0.00006324	0.00015714	0.00003620	0.00003943	0.00004272	0.00000000	0.00000000	0.00000000
k__Bacteria|p__Bacteroidota|c__Bacteroidia|o__Bacteroidales|f__Bacteroidaceae|g__Bacteroides|s__Bacteroides_massiliensis	0.00002006	0.00000000	0.00000000	0.00000000	0.00000000	0.00000000	0.00000000	0.00000000	0.00000000	0.00000000	0.00000000	0.00000000	0.00000000	0.00000000
k__Bacteria|p__Bacteroidota|c__Bacteroidia|o__Bacteroidales|f__Bacteroidaceae|g__Bacteroides|s__Bacteroides_paurosaccharolyticus	0.00000000	0.00000000	0.00000000	0.00006357	0.00008867	0.00000000	0.00000000	0.00005238	0.00001810	0.00000000	0.00000000	0.00003173	0.00000000	0.00000000
k__Bacteria|p__Bacteroidota|c__Bacteroidia|o__Bacteroidales|f__Bacteroidaceae|g__Bacteroides|s__Bacteroides_plebeius	0.00000000	0.00000000	0.00000000	0.00000000	0.00002956	0.00002595	0.00000000	0.00003492	0.00003620	0.00000000	0.00000000	0.00000000	0.00000000	0.00009791
k__Bacteria|p__Bacteroidota|c__Bacteroidia|o__Bacteroidales|f__Bacteroidaceae|g__Bacteroides|s__Bacteroides_sartorii	0.00000000	0.00010193	0.00000000	0.00000000	0.00000000	0.00000000	0.00000000	0.00000000	0.00000000	0.00000000	0.00000000	0.00003173	0.00000000	0.00000000
k__Bacteria|p__Bacteroidota|c__Bacteroidia|o__Bacteroidales|f__Bacteroidaceae|g__Bacteroides|s__Bacteroides_thetaiotaomicron	0.00000000	0.00008494	0.00005050	0.00000000	0.00000000	0.00002595	0.00000000	0.00003492	0.00000000	0.00000000	0.00000000	0.00000000	0.00000000	0.00000000
k__Bacteria|p__Bacteroidota|c__Bacteroidia|o__Bacteroidales|f__Bacteroidaceae|g__Bacteroides|s__Bacteroides_uniformis	0.00004012	0.00011892	0.00000000	0.00000000	0.00000000	0.00002595	0.00000000	0.00003492	0.00019909	0.00000000	0.00000000	0.00000000	0.00006788	0.00003264
k__Bacteria|p__Bacteroidota|c__Bacteroidia|o__Bacteroidales|f__Bacteroidaceae|g__Bacteroides|s__Bacteroides_vulgatus	0.00002006	0.00050967	0.00006734	0.00003178	0.00014778	0.00020756	0.00004743	0.00010476	0.00065157	0.00001971	0.00000000	0.00007932	0.00000000	0.00001632
k__Bacteria|p__Bacteroidota|c__Bacteroidia|o__Bacteroidales|f__Bacteroidaceae|g__Bacteroides|s__Prevotella_heparinolytica	0.00000000	0.00000000	0.00058920	0.00000000	0.00000000	0.00000000	0.00000000	0.00000000	0.00000000	0.00000000	0.00000000	0.00000000	0.00000000	0.00000000
k__Bacteria|p__Bacteroidota|c__Bacteroidia|o__Bacteroidales|f__Bacteroidetes_BD2_2|g__unidentified_Bacteroidetes_BD2_2|s__Bacteroidetes_bacterium_GWF2_40_13	0.00002006	0.00000000	0.00000000	0.00009535	0.00000000	0.00000000	0.00000000	0.00000000	0.00000000	0.00000000	0.00000000	0.00000000	0.00000000	0.00000000
k__Bacteria|p__Bacteroidota|c__Bacteroidia|o__Bacteroidales|f__Bacteroidetes_BD2_2|g__unidentified_Bacteroidetes_BD2_2|s__Bacteroidetes_bacterium_GWF2_49_14	0.00006018	0.00005097	0.00001683	0.00012714	0.00000000	0.00000000	0.00000000	0.00000000	0.00000000	0.00000000	0.00000000	0.00000000	0.00000000	0.00001632
k__Bacteria|p__Bacteroidota|c__Bacteroidia|o__Bacteroidales|f__Dysgonomonadaceae|g__Dysgonomonas|s__Dysgonomonas_capnocytophagoides	0.00000000	0.00000000	0.00000000	0.00000000	0.00000000	0.00000000	0.00000000	0.00000000	0.00000000	0.00000000	0.00000000	0.00000000	0.00000000	0.00000000
k__Bacteria|p__Bacteroidota|c__Bacteroidia|o__Bacteroidales|f__Dysgonomonadaceae|g__Dysgonomonas|s__Dysgonomonas_mossii	0.00000000	0.00005097	0.00000000	0.00000000	0.00000000	0.00000000	0.00000000	0.00000000	0.00000000	0.00000000	0.00000000	0.00000000	0.00000000	0.00000000
k__Bacteria|p__Bacteroidota|c__Bacteroidia|o__Bacteroidales|f__F082|g__unidentified_F082|s__Bacteroidales_bacterium_Bact_22	0.00000000	0.00000000	0.00000000	0.00000000	0.00000000	0.00000000	0.00000000	0.00000000	0.00000000	0.00000000	0.00000000	0.00000000	0.00000000	0.00000000
k__Bacteria|p__Bacteroidota|c__Bacteroidia|o__Bacteroidales|f__Marinifilaceae|g__Odoribacter|s__Odoribacter_splanchnicus	0.00000000	0.00000000	0.00000000	0.00000000	0.00000000	0.00000000	0.00000000	0.00000000	0.00000000	0.00000000	0.00000000	0.00000000	0.00000000	0.00000000
k__Bacteria|p__Bacteroidota|c__Bacteroidia|o__Bacteroidales|f__Porphyromonadaceae|g__Falsiporphyromonas|s__Falsiporphyromonas_endometrii	0.00000000	0.00000000	0.00000000	0.00000000	0.00000000	0.00000000	0.00000000	0.00000000	0.00000000	0.00000000	0.00000000	0.00000000	0.00000000	0.00000000
k__Bacteria|p__Bacteroidota|c__Bacteroidia|o__Bacteroidales|f__Porphyromonadaceae|g__Porphyromonas|s__Bacteroidales_bacterium_KA00251	0.00000000	0.00000000	0.00000000	0.00000000	0.00011823	0.00000000	0.00000000	0.00000000	0.00000000	0.00000000	0.00000000	0.00000000	0.00000000	0.00000000
k__Bacteria|p__Bacteroidota|c__Bacteroidia|o__Bacteroidales|f__Porphyromonadaceae|g__Porphyromonas|s__Porphyromonas_endodontalis	0.00000000	0.00001699	0.00180126	0.00000000	0.00000000	0.00000000	0.00000000	0.00000000	0.00000000	0.00000000	0.00000000	0.00000000	0.00000000	0.00063641
k__Bacteria|p__Bacteroidota|c__Bacteroidia|o__Bacteroidales|f__Porphyromonadaceae|g__Porphyromonas|s__Porphyromonas_gingivalis	0.00000000	0.00000000	0.01148090	0.00000000	0.00000000	0.00000000	0.00000000	0.00000000	0.00000000	0.00000000	0.00000000	0.00000000	0.00000000	0.00442225
k__Bacteria|p__Bacteroidota|c__Bacteroidia|o__Bacteroidales|f__Prevotellaceae|g__Alloprevotella|s__Alloprevotella_tannerae	0.00000000	0.00000000	0.00037035	0.00000000	0.00000000	0.00000000	0.00000000	0.00000000	0.00000000	0.00000000	0.00000000	0.00000000	0.00000000	0.00004895
k__Bacteria|p__Bacteroidota|c__Bacteroidia|o__Bacteroidales|f__Prevotellaceae|g__Alloprevotella|s__Prevotella_sp	0.00000000	0.00022086	0.00003367	0.00000000	0.00000000	0.00000000	0.00000000	0.00000000	0.00000000	0.00000000	0.00000000	0.00006346	0.00000000	0.00001632
k__Bacteria|p__Bacteroidota|c__Bacteroidia|o__Bacteroidales|f__Prevotellaceae|g__Alloprevotella|s__Prevotellaceae_bacterium_Marseille_P2826	0.00000000	0.00018688	0.00006734	0.00000000	0.00000000	0.00000000	0.00000000	0.00000000	0.00000000	0.00000000	0.00000000	0.00006346	0.00000000	0.00000000
k__Bacteria|p__Bacteroidota|c__Bacteroidia|o__Bacteroidales|f__Prevotellaceae|g__Alloprevotella|s__Prevotellaceae_bacterium_Marseille_P2831	0.00000000	0.00003398	0.00000000	0.00000000	0.00000000	0.00000000	0.00000000	0.00005238	0.00014479	0.00003943	0.00000000	0.00000000	0.00000000	0.00000000
k__Bacteria|p__Bacteroidota|c__Bacteroidia|o__Bacteroidales|f__Prevotellaceae|g__Prevotella_7|s__Massiliprevotella_massiliensis	0.00000000	0.00000000	0.00000000	0.00000000	0.00000000	0.00000000	0.00000000	0.00003492	0.00000000	0.00000000	0.00000000	0.00000000	0.00000000	0.00000000
k__Bacteria|p__Bacteroidota|c__Bacteroidia|o__Bacteroidales|f__Prevotellaceae|g__Prevotella_7|s__Prevotella_albensis	0.00000000	0.00000000	0.00000000	0.00000000	0.00000000	0.00000000	0.00000000	0.00000000	0.00000000	0.00000000	0.00000000	0.00000000	0.00000000	0.00000000
k__Bacteria|p__Bacteroidota|c__Bacteroidia|o__Bacteroidales|f__Prevotellaceae|g__Prevotella_7|s__Prevotella_baroniae	0.00000000	0.00000000	0.00025251	0.00000000	0.00000000	0.00000000	0.00000000	0.00000000	0.00000000	0.00000000	0.00000000	0.00000000	0.00000000	0.00003264
k__Bacteria|p__Bacteroidota|c__Bacteroidia|o__Bacteroidales|f__Prevotellaceae|g__Prevotella_7|s__Prevotella_buccae	0.00000000	0.00000000	0.00005050	0.00000000	0.00000000	0.00000000	0.00000000	0.00000000	0.00000000	0.00000000	0.00000000	0.00000000	0.00000000	0.00003264
k__Bacteria|p__Bacteroidota|c__Bacteroidia|o__Bacteroidales|f__Prevotellaceae|g__Prevotella_7|s__Prevotella_denticola	0.00000000	0.00000000	0.00198643	0.00000000	0.00000000	0.00000000	0.00000000	0.00000000	0.00000000	0.00000000	0.00000000	0.00000000	0.00000000	0.00125651
k__Bacteria|p__Bacteroidota|c__Bacteroidia|o__Bacteroidales|f__Prevotellaceae|g__Prevotella_7|s__Prevotella_melaninogenica	0.00000000	0.00107030	0.00003367	0.00000000	0.00002956	0.00000000	0.00000000	0.00000000	0.00000000	0.00000000	0.00002136	0.00033315	0.00000000	0.00073432
k__Bacteria|p__Bacteroidota|c__Bacteroidia|o__Bacteroidales|f__Prevotellaceae|g__Prevotella_7|s__Prevotella_sp_RS2	0.00004012	0.00000000	0.00000000	0.00000000	0.00000000	0.00000000	0.00000000	0.00001746	0.00005430	0.00001971	0.00000000	0.00000000	0.00000000	0.00000000
k__Bacteria|p__Bacteroidota|c__Bacteroidia|o__Bacteroidales|f__Prevotellaceae|g__Prevotella_7|s__Prevotella_sp_oral_clone_BR014	0.00000000	0.00001699	0.00087538	0.00000000	0.00000000	0.00000000	0.00000000	0.00000000	0.00000000	0.00000000	0.00000000	0.00000000	0.00000000	0.00084855
k__Bacteria|p__Bacteroidota|c__Bacteroidia|o__Bacteroidales|f__Prevotellaceae|g__Prevotella_7|s__Prevotella_sp_oral_clone_FW035	0.00000000	0.00000000	0.00008417	0.00000000	0.00000000	0.00000000	0.00000000	0.00000000	0.00000000	0.00000000	0.00000000	0.00000000	0.00000000	0.00000000
k__Bacteria|p__Bacteroidota|c__Bacteroidia|o__Bacteroidales|f__Prevotellaceae|g__Prevotellaceae_UCG_004|s__Prevotella_sp	0.00000000	0.00000000	0.00006734	0.00000000	0.00000000	0.00000000	0.00000000	0.00000000	0.00000000	0.00000000	0.00000000	0.00000000	0.00000000	0.00000000
k__Bacteria|p__Bacteroidota|c__Bacteroidia|o__Bacteroidales|f__Prevotellaceae|g__Prevotella|s__Prevotella_intermedia	0.00000000	0.00000000	0.00038719	0.00000000	0.00000000	0.00189399	0.00000000	0.00000000	0.00000000	0.00000000	0.00000000	0.00000000	0.00000000	0.00048955
k__Bacteria|p__Bacteroidota|c__Bacteroidia|o__Bacteroidales|f__Prevotellaceae|g__Prevotella|s__Prevotella_maculosa	0.00000000	0.00006796	0.00065653	0.00000000	0.00000000	0.00000000	0.00000000	0.00000000	0.00000000	0.00000000	0.00000000	0.00000000	0.00000000	0.00019582
k__Bacteria|p__Bacteroidota|c__Bacteroidia|o__Bacteroidales|f__Prevotellaceae|g__Prevotella|s__Prevotella_nanceiensis	0.00000000	0.00000000	0.00003367	0.00000000	0.00000000	0.00000000	0.00000000	0.00000000	0.00000000	0.00000000	0.00000000	0.00000000	0.00000000	0.00000000
k__Bacteria|p__Bacteroidota|c__Bacteroidia|o__Bacteroidales|f__Prevotellaceae|g__Prevotella|s__Prevotella_nigrescens	0.00000000	0.00001699	0.00085854	0.00000000	0.00000000	0.00000000	0.00000000	0.00000000	0.00000000	0.00000000	0.00000000	0.00000000	0.00000000	0.00035900
k__Bacteria|p__Bacteroidota|c__Bacteroidia|o__Bacteroidales|f__Prevotellaceae|g__Prevotella|s__Prevotella_oris	0.00000000	0.00005097	0.00151507	0.00000000	0.00000000	0.00000000	0.00000000	0.00000000	0.00000000	0.00000000	0.00000000	0.00001586	0.00000000	0.00158287
k__Bacteria|p__Bacteroidota|c__Bacteroidia|o__Bacteroidales|f__Prevotellaceae|g__Prevotella|s__Prevotella_oulorum	0.00000000	0.00001699	0.00033668	0.00000000	0.00000000	0.00000000	0.00000000	0.00000000	0.00000000	0.00000000	0.00000000	0.00000000	0.00000000	0.00197451
k__Bacteria|p__Bacteroidota|c__Bacteroidia|o__Bacteroidales|f__Prevotellaceae|g__Prevotella|s__Prevotella_pallens	0.00000000	0.00003398	0.00000000	0.00000000	0.00000000	0.00000000	0.00000000	0.00000000	0.00000000	0.00000000	0.00000000	0.00012692	0.00000000	0.00057114
k__Bacteria|p__Bacteroidota|c__Bacteroidia|o__Bacteroidales|f__Prevotellaceae|g__Prevotella|s__Prevotella_ruminicola	0.00000000	0.00000000	0.00000000	0.00000000	0.00000000	0.00000000	0.00000000	0.00000000	0.00000000	0.00000000	0.00000000	0.00000000	0.00000000	0.00000000
k__Bacteria|p__Bacteroidota|c__Bacteroidia|o__Bacteroidales|f__Prevotellaceae|g__Prevotella|s__Prevotella_saccharolytica	0.00000000	0.00000000	0.00035352	0.00000000	0.00000000	0.00000000	0.00000000	0.00000000	0.00000000	0.00000000	0.00000000	0.00000000	0.00000000	0.00021214
k__Bacteria|p__Bacteroidota|c__Bacteroidia|o__Bacteroidales|f__Prevotellaceae|g__Prevotella|s__Prevotella_salivae	0.00000000	0.00003398	0.00015151	0.00000000	0.00000000	0.00000000	0.00000000	0.00000000	0.00000000	0.00000000	0.00000000	0.00001586	0.00000000	0.00013055
k__Bacteria|p__Bacteroidota|c__Bacteroidia|o__Bacteroidales|f__Prevotellaceae|g__Prevotella|s__Prevotella_sp_BP1_56	0.00000000	0.00000000	0.00000000	0.00000000	0.00000000	0.00000000	0.00000000	0.00000000	0.00000000	0.00000000	0.00000000	0.00000000	0.00000000	0.00000000
k__Bacteria|p__Bacteroidota|c__Bacteroidia|o__Bacteroidales|f__Prevotellaceae|g__Prevotella|s__Prevotella_sp_oral_clone_DA058	0.00000000	0.00000000	0.00005050	0.00000000	0.00000000	0.00000000	0.00000000	0.00000000	0.00000000	0.00000000	0.00000000	0.00000000	0.00000000	0.00006527
k__Bacteria|p__Bacteroidota|c__Bacteroidia|o__Bacteroidales|f__Prevotellaceae|g__Prevotella|s__Prevotella_sp_oral_clone_IK053	0.00000000	0.00000000	0.00021884	0.00000000	0.00000000	0.00000000	0.00000000	0.00000000	0.00000000	0.00000000	0.00000000	0.00000000	0.00000000	0.00000000
k__Bacteria|p__Bacteroidota|c__Bacteroidia|o__Bacteroidales|f__Prevotellaceae|g__Prevotella|s__Prevotella_stercorea	0.00006018	0.00006796	0.00000000	0.00003178	0.00017734	0.00000000	0.00000000	0.00006984	0.00003620	0.00009857	0.00002136	0.00000000	0.00000000	0.00000000
k__Bacteria|p__Bacteroidota|c__Bacteroidia|o__Bacteroidales|f__Prevotellaceae|g__unidentified_Prevotellaceae|s__Prevotella_sp_oral_clone_FX046	0.00000000	0.00000000	0.00008417	0.00000000	0.00000000	0.00000000	0.00000000	0.00000000	0.00000000	0.00000000	0.00000000	0.00000000	0.00000000	0.00001632
k__Bacteria|p__Bacteroidota|c__Bacteroidia|o__Bacteroidales|f__Rikenellaceae|g__Alistipes|s__Alistipes_indistinctus	0.00002006	0.00000000	0.00000000	0.00000000	0.00000000	0.00000000	0.00004743	0.00000000	0.00000000	0.00000000	0.00000000	0.00000000	0.00000000	0.00000000
k__Bacteria|p__Bacteroidota|c__Bacteroidia|o__Bacteroidales|f__Rikenellaceae|g__Alistipes|s__Alistipes_inops	0.00000000	0.00000000	0.00000000	0.00003178	0.00000000	0.00010378	0.00000000	0.00000000	0.00000000	0.00000000	0.00000000	0.00000000	0.00000000	0.00000000
k__Bacteria|p__Bacteroidota|c__Bacteroidia|o__Bacteroidales|f__Rikenellaceae|g__Alistipes|s__Alistipes_sp_N15.MGS_157	0.00000000	0.00000000	0.00000000	0.00000000	0.00000000	0.00000000	0.00000000	0.00000000	0.00000000	0.00000000	0.00000000	0.00000000	0.00000000	0.00000000
k__Bacteria|p__Bacteroidota|c__Bacteroidia|o__Bacteroidales|f__Rikenellaceae|g__Alistipes|s__Alistipes_sp_cv1	0.00000000	0.00000000	0.00000000	0.00000000	0.00000000	0.00000000	0.00000000	0.00000000	0.00000000	0.00000000	0.00000000	0.00000000	0.00000000	0.00000000
k__Bacteria|p__Bacteroidota|c__Bacteroidia|o__Bacteroidales|f__Rikenellaceae|g__Bact_08|s__Bacteroidales_bacterium_CF	0.00040121	0.00073052	0.00006734	0.00015892	0.00014778	0.00007784	0.00006324	0.00108252	0.00005430	0.00029572	0.00014952	0.00011105	0.00008485	0.00001632
k__Bacteria|p__Bacteroidota|c__Bacteroidia|o__Bacteroidales|f__Rikenellaceae|g__Rikenellaceae_RC9_gut_group|s__Bacteroidales_bacterium_RM8	0.00000000	0.00000000	0.00008417	0.00000000	0.00000000	0.00000000	0.00000000	0.00000000	0.00000000	0.00000000	0.00002136	0.00000000	0.00000000	0.00001632
k__Bacteria|p__Bacteroidota|c__Bacteroidia|o__Bacteroidales|f__Rikenellaceae|g__Rikenellaceae_RC9_gut_group|s__Bacteroidia_bacterium_canine_oral_taxon_041	0.00000000	0.00000000	0.00008417	0.00000000	0.00000000	0.00000000	0.00000000	0.00000000	0.00000000	0.00000000	0.00000000	0.00000000	0.00000000	0.00000000
k__Bacteria|p__Bacteroidota|c__Bacteroidia|o__Bacteroidales|f__Rikenellaceae|g__Rikenellaceae_RC9_gut_group|s__Eubacterium_sp_F1	0.00000000	0.00000000	0.00000000	0.00000000	0.00000000	0.00000000	0.00000000	0.00000000	0.00000000	0.00000000	0.00000000	0.00000000	0.00000000	0.00000000
k__Bacteria|p__Bacteroidota|c__Bacteroidia|o__Bacteroidales|f__Rikenellaceae|g__Rikenella|s__Rikenella_microfusus	0.00000000	0.00000000	0.00000000	0.00000000	0.00000000	0.00000000	0.00000000	0.00000000	0.00000000	0.00000000	0.00000000	0.00000000	0.00000000	0.00000000
k__Bacteria|p__Bacteroidota|c__Bacteroidia|o__Bacteroidales|f__Tannerellaceae|g__Macellibacteroides|s__Macellibacteroides_fermentans	0.00000000	0.00000000	0.00000000	0.00000000	0.00000000	0.00000000	0.00000000	0.00000000	0.00000000	0.00000000	0.00000000	0.00000000	0.00000000	0.00000000
k__Bacteria|p__Bacteroidota|c__Bacteroidia|o__Bacteroidales|f__Tannerellaceae|g__Parabacteroides|s__Monocercomonoides_sp_PA203	0.00000000	0.00000000	0.00000000	0.00000000	0.00000000	0.00000000	0.00000000	0.00000000	0.00000000	0.00000000	0.00000000	0.00000000	0.00000000	0.00000000
k__Bacteria|p__Bacteroidota|c__Bacteroidia|o__Bacteroidales|f__Tannerellaceae|g__Parabacteroides|s__Parabacteroides_goldsteinii	0.00000000	0.00000000	0.00000000	0.00000000	0.00000000	0.00000000	0.00000000	0.00000000	0.00000000	0.00000000	0.00000000	0.00001586	0.00000000	0.00000000
k__Bacteria|p__Bacteroidota|c__Bacteroidia|o__Bacteroidales|f__Tannerellaceae|g__Parabacteroides|s__Parabacteroides_johnsonii	0.00000000	0.00000000	0.00000000	0.00000000	0.00000000	0.00007784	0.00000000	0.00000000	0.00001810	0.00000000	0.00000000	0.00000000	0.00000000	0.00000000
k__Bacteria|p__Bacteroidota|c__Bacteroidia|o__Bacteroidales|f__Tannerellaceae|g__Tannerella|s__Tannerella_forsythia	0.00000000	0.00000000	0.00186859	0.00000000	0.00000000	0.00000000	0.00000000	0.00000000	0.00000000	0.00000000	0.00000000	0.00000000	0.00000000	0.00086487
k__Bacteria|p__Bacteroidota|c__Bacteroidia|o__Bacteroidales|f__Tannerellaceae|g__Tannerella|s__Tannerella_sp_oral_taxon_HOT_286	0.00000000	0.00003398	0.00109422	0.00000000	0.00000000	0.00000000	0.00000000	0.00000000	0.00000000	0.00003943	0.00000000	0.00001586	0.00000000	0.00155024
k__Bacteria|p__Bacteroidota|c__Bacteroidia|o__Bacteroidales|f__unidentified_Bacteroidales|g__Phocaeicola|s__Phocaeicola_abscessus	0.00000000	0.00000000	0.00143090	0.00000000	0.00005911	0.00000000	0.00000000	0.00000000	0.00000000	0.00000000	0.00000000	0.00000000	0.00000000	0.00014686
k__Bacteria|p__Bacteroidota|c__Bacteroidia|o__Chitinophagales|f__37_13|g__unidentified_37_13|s__Bacteroidetes_bacterium_37_13	0.00000000	0.00000000	0.00000000	0.00000000	0.00000000	0.00005189	0.00000000	0.00000000	0.00000000	0.00000000	0.00000000	0.00000000	0.00000000	0.00000000
k__Bacteria|p__Bacteroidota|c__Bacteroidia|o__Chitinophagales|f__Chitinophagaceae|g__Aurantisolimonas|s__Terrimonas_sp_16_45A	0.00000000	0.00000000	0.00006734	0.00000000	0.00005911	0.00007784	0.00000000	0.00001746	0.00000000	0.00003943	0.00019225	0.00001586	0.00045818	0.00081591
k__Bacteria|p__Bacteroidota|c__Bacteroidia|o__Chitinophagales|f__Chitinophagaceae|g__Chitinophaga|s__Chitinophaga_cf._sancti	0.00022067	0.00000000	0.00000000	0.00101710	0.00017734	0.00002595	0.00003162	0.00013968	0.00000000	0.00007886	0.00006408	0.00000000	0.00000000	0.00000000
k__Bacteria|p__Bacteroidota|c__Bacteroidia|o__Chitinophagales|f__Chitinophagaceae|g__Lacibacter|s__Lacibacter_cauensis	0.00008024	0.00000000	0.00008417	0.00003178	0.00002956	0.00000000	0.00000000	0.00000000	0.00000000	0.00000000	0.00000000	0.00000000	0.00000000	0.00001632
k__Bacteria|p__Bacteroidota|c__Bacteroidia|o__Cytophagales|f__Hymenobacteraceae|g__Adhaeribacter|s__Adhaeribacter_terreus	0.00000000	0.00000000	0.00000000	0.00000000	0.00000000	0.00000000	0.00000000	0.00000000	0.00000000	0.00003943	0.00000000	0.00000000	0.00000000	0.00000000
k__Bacteria|p__Bacteroidota|c__Bacteroidia|o__Cytophagales|f__Spirosomaceae|g__Flectobacillus|s__Flectobacillus_roseus	0.00000000	0.00000000	0.00000000	0.00000000	0.00000000	0.00000000	0.00000000	0.00000000	0.00000000	0.00000000	0.00000000	0.00000000	0.00000000	0.00004895
k__Bacteria|p__Bacteroidota|c__Bacteroidia|o__Flavobacteriales|f__Crocinitomicaceae|g__Wandonia|s__Wandonia_haliotis	0.00000000	0.00000000	0.00000000	0.00000000	0.00000000	0.00000000	0.00000000	0.00000000	0.00036198	0.00000000	0.00000000	0.00000000	0.00000000	0.00000000
k__Bacteria|p__Bacteroidota|c__Bacteroidia|o__Flavobacteriales|f__Flavobacteriaceae|g__Capnocytophaga|s__Capnocytophaga_gingivalis	0.00000000	0.00000000	0.00681784	0.00000000	0.00000000	0.00000000	0.00000000	0.00000000	0.00000000	0.00000000	0.00000000	0.00000000	0.00000000	0.00221928
k__Bacteria|p__Bacteroidota|c__Bacteroidia|o__Flavobacteriales|f__Flavobacteriaceae|g__Capnocytophaga|s__Capnocytophaga_granulosa	0.00000000	0.00000000	0.00671683	0.00000000	0.00000000	0.00000000	0.00000000	0.00000000	0.00000000	0.00000000	0.00000000	0.00000000	0.00000000	0.00688631
k__Bacteria|p__Bacteroidota|c__Bacteroidia|o__Flavobacteriales|f__Flavobacteriaceae|g__Capnocytophaga|s__Capnocytophaga_leadbetteri	0.00000000	0.00011892	0.00797939	0.00000000	0.00000000	0.00000000	0.00000000	0.00000000	0.00000000	0.00000000	0.00000000	0.00001586	0.00000000	0.00029373
k__Bacteria|p__Bacteroidota|c__Bacteroidia|o__Flavobacteriales|f__Flavobacteriaceae|g__Capnocytophaga|s__Capnocytophaga_sp_ChDC_OS43	0.00000000	0.00000000	0.00067337	0.00000000	0.00000000	0.00000000	0.00000000	0.00000000	0.00000000	0.00000000	0.00000000	0.00000000	0.00000000	0.00044059
k__Bacteria|p__Bacteroidota|c__Bacteroidia|o__Flavobacteriales|f__Flavobacteriaceae|g__Capnocytophaga|s__Capnocytophaga_sp_oral_clone_DZ074	0.00000000	0.00000000	0.00148141	0.00000000	0.00000000	0.00000000	0.00000000	0.00000000	0.00000000	0.00000000	0.00000000	0.00000000	0.00000000	0.00003264
k__Bacteria|p__Bacteroidota|c__Bacteroidia|o__Flavobacteriales|f__Flavobacteriaceae|g__Capnocytophaga|s__Capnocytophaga_sputigena	0.00000000	0.00000000	0.00548794	0.00000000	0.00000000	0.00000000	0.00000000	0.00000000	0.00000000	0.00000000	0.00000000	0.00000000	0.00000000	0.00058746
k__Bacteria|p__Bacteroidota|c__Bacteroidia|o__Flavobacteriales|f__Flavobacteriaceae|g__Flavobacterium|s__Flavobacterium_cauense	0.00000000	0.00000000	0.00003367	0.00000000	0.00000000	0.00000000	0.00000000	0.00000000	0.00000000	0.00000000	0.00000000	0.00000000	0.00000000	0.00000000
k__Bacteria|p__Bacteroidota|c__Bacteroidia|o__Flavobacteriales|f__Flavobacteriaceae|g__Flavobacterium|s__Flavobacterium_indicum	0.00002006	0.00000000	0.00005050	0.00000000	0.00000000	0.00000000	0.00000000	0.00000000	0.00000000	0.00000000	0.00000000	0.00000000	0.00006788	0.00000000
k__Bacteria|p__Bacteroidota|c__Bacteroidia|o__Flavobacteriales|f__Flavobacteriaceae|g__Flavobacterium|s__Flavobacterium_resistens	0.00004012	0.00000000	0.00000000	0.00000000	0.00000000	0.00000000	0.00001581	0.00000000	0.00000000	0.00000000	0.00000000	0.00000000	0.00003394	0.00006527
k__Bacteria|p__Bacteroidota|c__Bacteroidia|o__Flavobacteriales|f__Flavobacteriaceae|g__Flavobacterium|s__Flavobacterium_sasangense	0.00020061	0.00013591	0.00035352	0.00000000	0.00002956	0.00000000	0.00003162	0.00026190	0.00021719	0.00023657	0.00014952	0.00025383	0.00079757	0.00120755
k__Bacteria|p__Bacteroidota|c__Bacteroidia|o__Flavobacteriales|f__Flavobacteriaceae|g__Flavobacterium|s__Flavobacterium_sp_HME6421	0.00052158	0.00015290	0.00006734	0.00009535	0.00008867	0.00000000	0.00003162	0.00000000	0.00000000	0.00000000	0.00000000	0.00000000	0.00003394	0.00017950
k__Bacteria|p__Bacteroidota|c__Bacteroidia|o__Flavobacteriales|f__Flavobacteriaceae|g__Flavobacterium|s__Flavobacterium_sp_HYN0056	0.00002006	0.00000000	0.00000000	0.00000000	0.00000000	0.00000000	0.00000000	0.00001746	0.00000000	0.00000000	0.00000000	0.00000000	0.00000000	0.00004895
k__Bacteria|p__Bacteroidota|c__Bacteroidia|o__Flavobacteriales|f__Flavobacteriaceae|g__Myroides|s__Myroides_odoratus	0.00004012	0.00000000	0.00000000	0.00000000	0.00000000	0.00000000	0.00000000	0.00000000	0.00000000	0.00005914	0.00000000	0.00000000	0.00000000	0.00000000
k__Bacteria|p__Bacteroidota|c__Bacteroidia|o__Flavobacteriales|f__Flavobacteriaceae|g__Myroides|s__Myroides_phaeus	0.00000000	0.00000000	0.00000000	0.00000000	0.00000000	0.00000000	0.00000000	0.00000000	0.00000000	0.00000000	0.00000000	0.00000000	0.00000000	0.00000000
k__Bacteria|p__Bacteroidota|c__Bacteroidia|o__Flavobacteriales|f__Weeksellaceae|g__Chryseobacterium|s__Chryseobacterium_anthropi	0.00000000	0.00000000	0.00001683	0.00000000	0.00023646	0.00000000	0.00001581	0.00017460	0.00000000	0.00011829	0.00002136	0.00000000	0.00005091	0.00008159
k__Bacteria|p__Bacteroidota|c__Bacteroidia|o__Flavobacteriales|f__Weeksellaceae|g__Chryseobacterium|s__Chryseobacterium_sp_A1_ST2	0.00000000	0.00000000	0.00000000	0.00000000	0.00000000	0.00000000	0.00000000	0.00001746	0.00003620	0.00000000	0.00000000	0.00000000	0.00000000	0.00000000
k__Bacteria|p__Bacteroidota|c__Bacteroidia|o__Flavobacteriales|f__Weeksellaceae|g__Chryseobacterium|s__Chryseobacterium_taeanense	0.00002006	0.00001699	0.00003367	0.00000000	0.00014778	0.00000000	0.00000000	0.00000000	0.00000000	0.00000000	0.00000000	0.00001586	0.00000000	0.00003264
k__Bacteria|p__Bacteroidota|c__Bacteroidia|o__Flavobacteriales|f__Weeksellaceae|g__Chryseobacterium|s__Chryseobacterium_taklimakanense	0.00000000	0.00000000	0.00000000	0.00000000	0.00000000	0.00000000	0.00000000	0.00000000	0.00000000	0.00000000	0.00000000	0.00000000	0.00000000	0.00000000
k__Bacteria|p__Bacteroidota|c__Bacteroidia|o__Flavobacteriales|f__Weeksellaceae|g__Cloacibacterium|s__Cloacibacterium_normanense	0.00000000	0.00006796	0.00011784	0.00000000	0.00002956	0.00000000	0.00000000	0.00008730	0.00009050	0.00015772	0.00061946	0.00038075	0.00028848	0.00029373
k__Bacteria|p__Bacteroidota|c__Bacteroidia|o__Flavobacteriales|f__Weeksellaceae|g__Empedobacter|s__Empedobacter_brevis	0.00000000	0.00000000	0.00005050	0.00000000	0.00000000	0.00000000	0.00000000	0.00000000	0.00000000	0.00000000	0.00000000	0.00000000	0.00001697	0.00000000
k__Bacteria|p__Bacteroidota|c__Bacteroidia|o__Flavobacteriales|f__Weeksellaceae|g__Soonwooa|s__Soonwooa_purpurea	0.00000000	0.00000000	0.00000000	0.00000000	0.00000000	0.00000000	0.00000000	0.00001746	0.00000000	0.00000000	0.00000000	0.00000000	0.00006788	0.00000000
k__Bacteria|p__Bacteroidota|c__Bacteroidia|o__Flavobacteriales|f__Weeksellaceae|g__Weeksella|s__Weeksella_sp_FF8	0.00000000	0.00000000	0.00000000	0.00000000	0.00000000	0.00000000	0.00000000	0.00000000	0.00000000	0.00000000	0.00000000	0.00000000	0.00000000	0.00000000
k__Bacteria|p__Bacteroidota|c__Bacteroidia|o__Sphingobacteriales|f__Lentimicrobiaceae|g__Lentimicrobium|s__denitrifying_bacterium_enrichment_culture_clone_NOB_2_E8	0.00004012	0.00000000	0.00001683	0.00006357	0.00002956	0.00002595	0.00000000	0.00001746	0.00005430	0.00001971	0.00000000	0.00000000	0.00000000	0.00000000
k__Bacteria|p__Bacteroidota|c__Bacteroidia|o__Sphingobacteriales|f__Sphingobacteriaceae|g__Arcticibacter|s__Arcticibacter_pallidicorallinus	0.00000000	0.00000000	0.00000000	0.00000000	0.00002956	0.00000000	0.00000000	0.00000000	0.00000000	0.00000000	0.00000000	0.00000000	0.00000000	0.00001632
k__Bacteria|p__Bacteroidota|c__Bacteroidia|o__Sphingobacteriales|f__Sphingobacteriaceae|g__Mucilaginibacter|s__Mucilaginibacter_sp_HYN0043	0.00000000	0.00000000	0.00000000	0.00000000	0.00000000	0.00000000	0.00000000	0.00000000	0.00014479	0.00000000	0.00000000	0.00000000	0.00001697	0.00000000
k__Bacteria|p__Bacteroidota|c__Bacteroidia|o__Sphingobacteriales|f__Sphingobacteriaceae|g__Pedobacter|s__Pedobacter_composti	0.00000000	0.00000000	0.00005050	0.00000000	0.00000000	0.00002595	0.00000000	0.00000000	0.00001810	0.00000000	0.00000000	0.00000000	0.00006788	0.00021214
k__Bacteria|p__Bacteroidota|c__Bacteroidia|o__Sphingobacteriales|f__Sphingobacteriaceae|g__Sphingobacterium|s__Bacteroidetes_bacterium_RBE2CD_54	0.00000000	0.00000000	0.00000000	0.00000000	0.00000000	0.00000000	0.00000000	0.00003492	0.00000000	0.00000000	0.00000000	0.00000000	0.00001697	0.00003264
k__Bacteria|p__Bacteroidota|c__Bacteroidia|o__Sphingobacteriales|f__Sphingobacteriaceae|g__Sphingobacterium|s__Sphingobacterium_composti_Yoo_et_al._2007_non_Ten_et_al._2007	0.00000000	0.00000000	0.00000000	0.00003178	0.00000000	0.00000000	0.00000000	0.00000000	0.00000000	0.00000000	0.00000000	0.00000000	0.00000000	0.00000000
k__Bacteria|p__Bacteroidota|c__Bacteroidia|o__Sphingobacteriales|f__Sphingobacteriaceae|g__Sphingobacterium|s__Sphingobacterium_mizutaii	0.00004012	0.00000000	0.00006734	0.00000000	0.00002956	0.00000000	0.00003162	0.00022698	0.00001810	0.00003943	0.00002136	0.00003173	0.00010182	0.00004895
k__Bacteria|p__Bacteroidota|c__Bacteroidia|o__Sphingobacteriales|f__Sphingobacteriaceae|g__Sphingobacterium|s__Sphingobacterium_multivorum	0.00010030	0.00000000	0.00021884	0.00000000	0.00005911	0.00005189	0.00000000	0.00000000	0.00001810	0.00000000	0.00000000	0.00004759	0.00003394	0.00004895
k__Bacteria|p__Bacteroidota|c__Bacteroidia|o__Sphingobacteriales|f__Sphingobacteriaceae|g__Sphingobacterium|s__Sphingobacterium_wenxiniae	0.00000000	0.00000000	0.00000000	0.00000000	0.00000000	0.00000000	0.00000000	0.00000000	0.00000000	0.00000000	0.00000000	0.00000000	0.00000000	0.00000000
k__Bacteria|p__Bdellovibrionota|c__Bdellovibrionia|o__Bacteriovoracales|f__Bacteriovoracaceae|g__Bacteriovorax|s__Bacteriovorax_sp_F2	0.00000000	0.00000000	0.00000000	0.00000000	0.00005911	0.00000000	0.00000000	0.00000000	0.00005430	0.00000000	0.00000000	0.00000000	0.00011879	0.00013055
k__Bacteria|p__Bdellovibrionota|c__Bdellovibrionia|o__Bacteriovoracales|f__Bacteriovoracaceae|g__Peredibacter|s__Bacteriovorax_sp_EPA	0.00000000	0.00000000	0.00000000	0.00000000	0.00000000	0.00000000	0.00000000	0.00000000	0.00000000	0.00000000	0.00000000	0.00000000	0.00000000	0.00008159
k__Bacteria|p__Bdellovibrionota|c__Bdellovibrionia|o__Bacteriovoracales|f__Bacteriovoracaceae|g__Peredibacter|s__Bacteriovorax_sp_EPC3	0.00000000	0.00000000	0.00000000	0.00000000	0.00000000	0.00002595	0.00000000	0.00000000	0.00000000	0.00000000	0.00004272	0.00000000	0.00006788	0.00000000
k__Bacteria|p__Bdellovibrionota|c__Bdellovibrionia|o__Bdellovibrionales|f__Bdellovibrionaceae|g__Bdellovibrio|s__Bdellovibrio_bacteriovorus	0.00000000	0.00000000	0.00000000	0.00000000	0.00002956	0.00015567	0.00000000	0.00000000	0.00000000	0.00003943	0.00002136	0.00000000	0.00001697	0.00026109
k__Bacteria|p__Bdellovibrionota|c__Bdellovibrionia|o__Bdellovibrionales|f__Bdellovibrionaceae|g__Bdellovibrio|s__Bdellovibrio_sp_ETB	0.00000000	0.00000000	0.00000000	0.00000000	0.00000000	0.00007784	0.00000000	0.00000000	0.00001810	0.00000000	0.00002136	0.00000000	0.00006788	0.00003264
k__Bacteria|p__Bdellovibrionota|c__Bdellovibrionia|o__Bdellovibrionales|f__Bdellovibrionaceae|g__Bdellovibrio|s__Bdellovibrio_sp_SKB1291214	0.00000000	0.00003398	0.00001683	0.00000000	0.00000000	0.00000000	0.00000000	0.00000000	0.00001810	0.00000000	0.00000000	0.00000000	0.00011879	0.00042428
k__Bacteria|p__Bdellovibrionota|c__Bdellovibrionia|o__Bdellovibrionales|f__Bdellovibrionaceae|g__Bdellovibrio|s__Bdellovibrionales_bacterium_RBG_16_40_8	0.00000000	0.00000000	0.00001683	0.00000000	0.00000000	0.00000000	0.00000000	0.00000000	0.00000000	0.00000000	0.00000000	0.00000000	0.00000000	0.00000000
k__Bacteria|p__Bdellovibrionota|c__Oligoflexia|o__0319_6G20|f__unidentified_0319_6G20|g__unidentified_0319_6G20|s__Olavius_ilvae_associated_proteobacterium_Delta_7	0.00000000	0.00000000	0.00000000	0.00006357	0.00000000	0.00000000	0.00000000	0.00000000	0.00000000	0.00000000	0.00000000	0.00000000	0.00000000	0.00000000
k__Bacteria|p__Bdellovibrionota|c__Oligoflexia|o__0319_6G20|f__unidentified_0319_6G20|g__unidentified_0319_6G20|s__s____bacterium__enrichment__culture__clone__B126	0.00000000	0.00000000	0.00000000	0.00000000	0.00000000	0.00000000	0.00000000	0.00000000	0.00009050	0.00000000	0.00000000	0.00000000	0.00000000	0.00000000
k__Bacteria|p__Berkelbacteria|c__unidentified_Berkelbacteria|o__unidentified_Berkelbacteria|f__unidentified_Berkelbacteria|g__unidentified_Berkelbacteria|s__Candidatus_Berkelbacteria_bacterium_RIFOXYA2_FULL_43_10	0.00002006	0.00001699	0.00000000	0.00000000	0.00000000	0.00000000	0.00000000	0.00000000	0.00000000	0.00000000	0.00000000	0.00000000	0.00000000	0.00000000
k__Bacteria|p__Campylobacterota|c__Campylobacteria|o__Campylobacterales|f__Arcobacteraceae|g__Arcobacter|s__Arcobacter_cryaerophilus	0.00000000	0.00000000	0.00000000	0.00000000	0.00000000	0.00000000	0.00000000	0.00000000	0.00000000	0.00000000	0.00000000	0.00000000	0.00000000	0.00000000
k__Bacteria|p__Campylobacterota|c__Campylobacteria|o__Campylobacterales|f__Campylobacteraceae|g__Campylobacter|s__Campylobacter_concisus	0.00000000	0.00003398	0.00040402	0.00000000	0.00000000	0.00000000	0.00000000	0.00000000	0.00000000	0.00000000	0.00000000	0.00000000	0.00000000	0.00047323
k__Bacteria|p__Campylobacterota|c__Campylobacteria|o__Campylobacterales|f__Campylobacteraceae|g__Campylobacter|s__Campylobacter_gracilis	0.00000000	0.00000000	0.00087538	0.00000000	0.00000000	0.00000000	0.00000000	0.00000000	0.00000000	0.00000000	0.00000000	0.00000000	0.00000000	0.00213769
k__Bacteria|p__Campylobacterota|c__Campylobacteria|o__Campylobacterales|f__Campylobacteraceae|g__Campylobacter|s__Campylobacter_showae	0.00000000	0.00000000	0.00119523	0.00000000	0.00000000	0.00000000	0.00000000	0.00000000	0.00000000	0.00000000	0.00000000	0.00000000	0.00000000	0.00031005
k__Bacteria|p__Campylobacterota|c__Campylobacteria|o__Campylobacterales|f__Helicobacteraceae|g__Helicobacter|s__Helicobacter_hepaticus	0.00000000	0.00000000	0.00003367	0.00003178	0.00000000	0.00000000	0.00000000	0.00001746	0.00000000	0.00001971	0.00000000	0.00000000	0.00000000	0.00000000
k__Bacteria|p__Campylobacterota|c__Campylobacteria|o__Campylobacterales|f__Helicobacteraceae|g__Wolinella|s__Wolinella_succinogenes	0.00012036	0.00000000	0.00003367	0.00000000	0.00000000	0.00000000	0.00000000	0.00000000	0.00000000	0.00005914	0.00000000	0.00000000	0.00000000	0.00000000
k__Bacteria|p__Campylobacterota|c__Campylobacteria|o__Campylobacterales|f__Sulfurimonadaceae|g__Sulfuricurvum|s__Candidatus_Sulfuricurvum_sp_RIFRC_1	0.00000000	0.00000000	0.00000000	0.00000000	0.00000000	0.00000000	0.00000000	0.00000000	0.00000000	0.00000000	0.00000000	0.00000000	0.00000000	0.00000000
k__Bacteria|p__Campylobacterota|c__Campylobacteria|o__Campylobacterales|f__Sulfurospirillaceae|g__Sulfurospirillum|s__Sulfurospirillum_cavolei	0.00026079	0.00000000	0.00000000	0.00000000	0.00002956	0.00007784	0.00001581	0.00006984	0.00019909	0.00005914	0.00010680	0.00004759	0.00001697	0.00001632
k__Bacteria|p__Campylobacterota|c__Campylobacteria|o__Campylobacterales|f__Sulfurospirillaceae|g__Sulfurospirillum|s__Sulfurospirillum_sp_UCH001	0.00411242	0.00032279	0.00006734	0.00066747	0.00056158	0.00002595	0.00014230	0.00073332	0.00104975	0.00037458	0.00017089	0.00028556	0.00018667	0.00014686
k__Bacteria|p__Candidatus_Falkowbacteria|c__ABY1|o__unidentified_ABY1|f__unidentified_ABY1|g__unidentified_ABY1|s__Parcubacteria_group_bacterium_ADurb.Bin316	0.00002006	0.00000000	0.00000000	0.00000000	0.00000000	0.00000000	0.00000000	0.00000000	0.00001810	0.00000000	0.00000000	0.00000000	0.00000000	0.00000000
k__Bacteria|p__Candidatus_Kaiserbacteria|c__unidentified_Candidatus_Kaiserbacteria|o__unidentified_Candidatus_Kaiserbacteria|f__unidentified_Candidatus_Kaiserbacteria|g__unidentified_Candidatus_Kaiserbacteria|s__Parcubacteria_bacterium_OLB19	0.00004012	0.00000000	0.00003367	0.00000000	0.00000000	0.00002595	0.00000000	0.00000000	0.00000000	0.00003943	0.00000000	0.00001586	0.00006788	0.00001632
k__Bacteria|p__Candidatus_Kaiserbacteria|c__unidentified_Candidatus_Kaiserbacteria|o__unidentified_Candidatus_Kaiserbacteria|f__unidentified_Candidatus_Kaiserbacteria|g__unidentified_Candidatus_Kaiserbacteria|s__Parcubacteria_group_bacterium_GW2011_GWD2_42_14	0.00000000	0.00000000	0.00001683	0.00000000	0.00000000	0.00000000	0.00001581	0.00000000	0.00000000	0.00007886	0.00000000	0.00000000	0.00003394	0.00000000
k__Bacteria|p__Candidatus_Woesebacteria|c__Microgenomatia|o__unidentified_Microgenomatia|f__unidentified_Microgenomatia|g__unidentified_Microgenomatia|s__Candidatus_Woesebacteria_bacterium_RIFOXYA1_FULL_43_16	0.00000000	0.00006796	0.00000000	0.00000000	0.00000000	0.00000000	0.00000000	0.00000000	0.00000000	0.00000000	0.00000000	0.00000000	0.00000000	0.00000000
k__Bacteria|p__Candidatus_Zambryskibacteria|c__unidentified_Candidatus_Zambryskibacteria|o__unidentified_Candidatus_Zambryskibacteria|f__unidentified_Candidatus_Zambryskibacteria|g__unidentified_Candidatus_Zambryskibacteria|s__Parcubacteria_group_bacterium_GW2011_GWE2_42_14	0.00000000	0.00000000	0.00000000	0.00000000	0.00000000	0.00000000	0.00000000	0.00000000	0.00000000	0.00000000	0.00000000	0.00003173	0.00000000	0.00000000
k__Bacteria|p__Chloroflexi|c__Anaerolineae|o__Anaerolineales|f__Anaerolineaceae|g__Anaerolineaceae_UCG_001|s__Anaerolineales_bacterium_Chloro_03	0.00004012	0.00003398	0.00001683	0.00006357	0.00005911	0.00000000	0.00000000	0.00017460	0.00030769	0.00003943	0.00002136	0.00014278	0.00001697	0.00000000
k__Bacteria|p__Chloroflexi|c__Anaerolineae|o__Anaerolineales|f__Anaerolineaceae|g__Anaerolinea|s__Chloroflexi_bacterium_enrichment_culture_clone_AP_FeEnrich7	0.00000000	0.00000000	0.00008417	0.00003178	0.00011823	0.00000000	0.00000000	0.00000000	0.00001810	0.00000000	0.00000000	0.00000000	0.00000000	0.00000000
k__Bacteria|p__Chloroflexi|c__Anaerolineae|o__Anaerolineales|f__Anaerolineaceae|g__Anaerolinea|s__Thermobaculum_sp_enrichment_culture_clone_VanCtr100	0.00000000	0.00000000	0.00001683	0.00000000	0.00000000	0.00000000	0.00000000	0.00003492	0.00000000	0.00000000	0.00000000	0.00000000	0.00003394	0.00000000
k__Bacteria|p__Chloroflexi|c__Anaerolineae|o__Anaerolineales|f__Anaerolineaceae|g__Flexilinea|s__Anaerolineaceae_bacterium_oral_taxon_439	0.00000000	0.00000000	0.00005050	0.00000000	0.00000000	0.00000000	0.00000000	0.00000000	0.00000000	0.00000000	0.00000000	0.00000000	0.00000000	0.00000000
k__Bacteria|p__Chloroflexi|c__Anaerolineae|o__Anaerolineales|f__Anaerolineaceae|g__Leptolinea|s__Leptolinea_tardivitalis	0.00006018	0.00000000	0.00000000	0.00000000	0.00005911	0.00000000	0.00000000	0.00006984	0.00000000	0.00000000	0.00000000	0.00000000	0.00001697	0.00000000
k__Bacteria|p__Chloroflexi|c__Anaerolineae|o__Anaerolineales|f__Anaerolineaceae|g__Levilinea|s__Levilinea_saccharolytica	0.00002006	0.00000000	0.00000000	0.00003178	0.00000000	0.00000000	0.00003162	0.00008730	0.00000000	0.00000000	0.00000000	0.00000000	0.00003394	0.00003264
k__Bacteria|p__Chloroflexi|c__Anaerolineae|o__SBR1031|f__A4b|g__OLB15|s__Chloroflexi_bacterium_OLB15	0.00004012	0.00000000	0.00000000	0.00003178	0.00000000	0.00000000	0.00000000	0.00000000	0.00000000	0.00000000	0.00000000	0.00000000	0.00000000	0.00000000
k__Bacteria|p__Chloroflexi|c__Anaerolineae|o__SBR1031|f__unidentified_SBR1031|g__unidentified_SBR1031|s__anaerobic_bacterium_MO_CFX2	0.00006018	0.00008494	0.00000000	0.00000000	0.00000000	0.00000000	0.00001581	0.00000000	0.00001810	0.00003943	0.00000000	0.00000000	0.00000000	0.00000000
k__Bacteria|p__Chloroflexi|c__Dehalococcoidia|o__GIF3|f__unidentified_GIF3|g__unidentified_GIF3|s__Dehalococcoidia_bacterium_SCGC_AB_540_C11	0.00008024	0.00005097	0.00003367	0.00034963	0.00005911	0.00000000	0.00004743	0.00000000	0.00000000	0.00000000	0.00000000	0.00000000	0.00003394	0.00003264
k__Bacteria|p__Chloroflexi|c__Dehalococcoidia|o__RBG_13_46_9|f__unidentified_RBG_13_46_9|g__unidentified_RBG_13_46_9|s__Chloroflexi_bacterium_RBG_13_46_9	0.00002006	0.00003398	0.00000000	0.00000000	0.00000000	0.00000000	0.00000000	0.00000000	0.00000000	0.00000000	0.00000000	0.00003173	0.00000000	0.00000000
k__Bacteria|p__Chloroflexi|c__TK10|o__unidentified_TK10|f__unidentified_TK10|g__unidentified_TK10|s__Clostridiales_bacterium_PH28_bin88	0.00000000	0.00005097	0.00000000	0.00000000	0.00000000	0.00000000	0.00000000	0.00000000	0.00000000	0.00000000	0.00000000	0.00000000	0.00000000	0.00000000
k__Bacteria|p__Cyanobacteria|c__Cyanobacteriia|o__Chloroplast|f__unidentified_Chloroplast|g__unidentified_Chloroplast|s__Lolium_perenne	0.00008024	0.00003398	0.00028618	0.00003178	0.00011823	0.00103780	0.00000000	0.00008730	0.00059727	0.00000000	0.00002136	0.00001586	0.00006788	0.00008159
k__Bacteria|p__Cyanobacteria|c__Cyanobacteriia|o__Chloroplast|f__unidentified_Chloroplast|g__unidentified_Chloroplast|s__Mychonastes_jurisii	0.00000000	0.00000000	0.00000000	0.00000000	0.00000000	0.00000000	0.00001581	0.00000000	0.00000000	0.00000000	0.00000000	0.00000000	0.00000000	0.00000000
k__Bacteria|p__Cyanobacteria|c__Cyanobacteriia|o__Chloroplast|f__unidentified_Chloroplast|g__unidentified_Chloroplast|s__Planoglabratella_opercularis	0.00016048	0.00005097	0.00015151	0.00000000	0.00000000	0.00000000	0.00000000	0.00000000	0.00000000	0.00000000	0.00000000	0.00001586	0.00000000	0.00000000
k__Bacteria|p__Cyanobacteria|c__Cyanobacteriia|o__Chloroplast|f__unidentified_Chloroplast|g__unidentified_Chloroplast|s__Vischeria_sp_CAUP_Q_202	0.00000000	0.00000000	0.00006734	0.00000000	0.00000000	0.00000000	0.00000000	0.00000000	0.00000000	0.00000000	0.00000000	0.00000000	0.00000000	0.00000000
k__Bacteria|p__Cyanobacteria|c__Cyanobacteriia|o__Cyanobacteriales|f__Cyanobacteriaceae|g__Symphothece_PCC_7002|s__Leptolyngbya_sp_UIC_10142	0.00006018	0.00000000	0.00000000	0.00000000	0.00000000	0.00000000	0.00000000	0.00000000	0.00000000	0.00000000	0.00000000	0.00000000	0.00000000	0.00000000
k__Bacteria|p__Cyanobacteria|c__Cyanobacteriia|o__Geitlerinematales|f__Geitlerinemataceae|g__Geitlerinema|s__Geitlerinema_sp_PCC_7407	0.00000000	0.00000000	0.00000000	0.00000000	0.00005911	0.00000000	0.00000000	0.00000000	0.00000000	0.00000000	0.00000000	0.00000000	0.00000000	0.00000000
k__Bacteria|p__Cyanobacteria|c__Cyanobacteriia|o__Leptolyngbyales|f__Leptolyngbyaceae|g__Leptolyngbya_BN43|s__Leptolyngbya_sp_S1C4	0.00000000	0.00000000	0.00000000	0.00000000	0.00000000	0.00000000	0.00000000	0.00000000	0.00000000	0.00000000	0.00000000	0.00000000	0.00000000	0.00000000
k__Bacteria|p__Cyanobacteria|c__Cyanobacteriia|o__Leptolyngbyales|f__Leptolyngbyaceae|g__Leptolyngbya_PCC_6306|s__Leptolyngbya_boryana	0.00000000	0.00000000	0.00000000	0.00000000	0.00000000	0.00000000	0.00000000	0.00000000	0.00000000	0.00000000	0.00000000	0.00000000	0.00000000	0.00000000
k__Bacteria|p__Cyanobacteria|c__Sericytochromatia|o__unidentified_Sericytochromatia|f__unidentified_Sericytochromatia|g__unidentified_Sericytochromatia|s__Hyaloperonospora_arabidopsidis	0.00004012	0.00000000	0.00008417	0.00000000	0.00000000	0.00010378	0.00000000	0.00005238	0.00000000	0.00001971	0.00008544	0.00000000	0.00000000	0.00016318
k__Bacteria|p__Cyanobacteria|c__Vampirivibrionia|o__Gastranaerophilales|f__unidentified_Gastranaerophilales|g__unidentified_Gastranaerophilales|s__Candidatus_Melainabacteria_bacterium_GWA2_34_9	0.00000000	0.00000000	0.00000000	0.00003178	0.00000000	0.00002595	0.00000000	0.00010476	0.00010860	0.00000000	0.00000000	0.00000000	0.00001697	0.00000000
k__Bacteria|p__DTB120|c__unidentified_DTB120|o__unidentified_DTB120|f__unidentified_DTB120|g__unidentified_DTB120|s__Deltaproteobacteria_bacterium_GWC2_55_46	0.00000000	0.00000000	0.00010100	0.00000000	0.00000000	0.00002595	0.00000000	0.00000000	0.00001810	0.00000000	0.00000000	0.00000000	0.00003394	0.00001632
k__Bacteria|p__DTB120|c__unidentified_DTB120|o__unidentified_DTB120|f__unidentified_DTB120|g__unidentified_DTB120|s__Deltaproteobacteria_bacterium_GWF2_42_12	0.00004012	0.00000000	0.00000000	0.00000000	0.00000000	0.00000000	0.00001581	0.00000000	0.00000000	0.00000000	0.00000000	0.00000000	0.00000000	0.00004895
k__Bacteria|p__Deferribacteres|c__unidentified_Deferribacteres|o__Deferribacterales|f__Deferribacteraceae|g__Mucispirillum|s__Mucispirillum_sp_69	0.00004012	0.00001699	0.00000000	0.00000000	0.00000000	0.00000000	0.00003162	0.00000000	0.00000000	0.00000000	0.00000000	0.00112638	0.00000000	0.00000000
k__Bacteria|p__Deinococcota|c__Deinococci|o__Deinococcales|f__Deinococcaceae|g__Deinococcus|s__Deinococcus_sp	0.00002006	0.00000000	0.00010100	0.00000000	0.00000000	0.00000000	0.00000000	0.00000000	0.00085066	0.00000000	0.00004272	0.00000000	0.00045818	0.00008159
k__Bacteria|p__Desulfobacterota|c__Desulfarculia|o__Desulfarculales|f__Desulfarculaceae|g__Desulfarculus|s__Desulfarculus_baarsii	0.00000000	0.00000000	0.00000000	0.00000000	0.00000000	0.00000000	0.00000000	0.00000000	0.00000000	0.00000000	0.00000000	0.00000000	0.00000000	0.00000000
k__Bacteria|p__Desulfobacterota|c__Desulfobacteria|o__Desulfobacterales|f__Desulfosarcinaceae|g__SEEP_SRB1|s__Desulfobacteraceae_bacterium	0.00008024	0.00013591	0.00000000	0.00003178	0.00000000	0.00000000	0.00000000	0.00000000	0.00000000	0.00000000	0.00000000	0.00000000	0.00000000	0.00000000
k__Bacteria|p__Desulfobacterota|c__Desulfobacteria|o__Desulfobacterales|f__Desulfosarcinaceae|g__Sva0081_sediment_group|s__delta_proteobacterium_enrichment_culture_clone_AP_FeEnrich12	0.00000000	0.00000000	0.00000000	0.00000000	0.00000000	0.00000000	0.00000000	0.00000000	0.00000000	0.00000000	0.00000000	0.00000000	0.00000000	0.00000000
k__Bacteria|p__Desulfobacterota|c__Desulfobulbia|o__Desulfobulbales|f__Desulfobulbaceae|g__Desulfobulbus|s__Desulfobulbus_sp_ORNL	0.00000000	0.00000000	0.00015151	0.00000000	0.00000000	0.00000000	0.00000000	0.00000000	0.00000000	0.00000000	0.00000000	0.00000000	0.00000000	0.00003264
k__Bacteria|p__Desulfobacterota|c__Desulfovibrionia|o__Desulfovibrionales|f__Desulfomicrobiaceae|g__Desulfomicrobium|s__Desulfomicrobium_orale	0.00000000	0.00000000	0.00031985	0.00000000	0.00000000	0.00000000	0.00000000	0.00000000	0.00000000	0.00000000	0.00000000	0.00000000	0.00000000	0.00013055
k__Bacteria|p__Desulfobacterota|c__Desulfovibrionia|o__Desulfovibrionales|f__Desulfovibrionaceae|g__Desulfovibrio|s__Desulfovibrio_aminophilus	0.00002006	0.00000000	0.00000000	0.00000000	0.00000000	0.00000000	0.00000000	0.00003492	0.00000000	0.00003943	0.00000000	0.00000000	0.00000000	0.00000000
k__Bacteria|p__Desulfobacterota|c__Desulfovibrionia|o__Desulfovibrionales|f__Desulfovibrionaceae|g__Desulfovibrio|s__Desulfovibrio_butyratiphilus	0.00004012	0.00000000	0.00000000	0.00000000	0.00000000	0.00000000	0.00000000	0.00000000	0.00000000	0.00000000	0.00000000	0.00000000	0.00000000	0.00000000
k__Bacteria|p__Desulfobacterota|c__Desulfovibrionia|o__Desulfovibrionales|f__Desulfovibrionaceae|g__Desulfovibrio|s__Desulfovibrio_carbinolicus	0.00000000	0.00000000	0.00000000	0.00000000	0.00000000	0.00000000	0.00000000	0.00000000	0.00000000	0.00000000	0.00000000	0.00000000	0.00000000	0.00000000
k__Bacteria|p__Desulfobacterota|c__Desulfovibrionia|o__Desulfovibrionales|f__Desulfovibrionaceae|g__Desulfovibrio|s__Desulfovibrio_cuneatus	0.00000000	0.00000000	0.00000000	0.00000000	0.00000000	0.00000000	0.00000000	0.00000000	0.00000000	0.00000000	0.00000000	0.00000000	0.00000000	0.00000000
k__Bacteria|p__Desulfobacterota|c__Desulfovibrionia|o__Desulfovibrionales|f__Desulfovibrionaceae|g__Desulfovibrio|s__Desulfovibrio_desulfuricans	0.00080242	0.00001699	0.00001683	0.00009535	0.00017734	0.00010378	0.00003162	0.00115236	0.00039818	0.00023657	0.00017089	0.00001586	0.00001697	0.00001632
k__Bacteria|p__Desulfobacterota|c__Desulfovibrionia|o__Desulfovibrionales|f__Desulfovibrionaceae|g__Desulfovibrio|s__Desulfovibrio_fairfieldensis	0.00012036	0.00100234	0.00000000	0.00006357	0.00014778	0.00002595	0.00000000	0.00013968	0.00001810	0.00005914	0.00002136	0.00020624	0.00000000	0.00001632
k__Bacteria|p__Desulfobacterota|c__Desulfovibrionia|o__Desulfovibrionales|f__Desulfovibrionaceae|g__Desulfovibrio|s__Desulfovibrio_piger	0.00006018	0.00000000	0.00001683	0.00000000	0.00000000	0.00000000	0.00000000	0.00000000	0.00000000	0.00000000	0.00000000	0.00000000	0.00000000	0.00000000
k__Bacteria|p__Desulfobacterota|c__Desulfovibrionia|o__Desulfovibrionales|f__Desulfovibrionaceae|g__Desulfovibrio|s__Desulfovibrio_putealis	0.00000000	0.00006796	0.00003367	0.00006357	0.00002956	0.00000000	0.00001581	0.00000000	0.00000000	0.00000000	0.00000000	0.00004759	0.00000000	0.00000000
k__Bacteria|p__Desulfobacterota|c__Desulfovibrionia|o__Desulfovibrionales|f__Desulfovibrionaceae|g__Desulfovibrio|s__Desulfovibrio_sp_A1	0.00004012	0.00000000	0.00000000	0.00000000	0.00002956	0.00000000	0.00000000	0.00000000	0.00000000	0.00001971	0.00000000	0.00000000	0.00000000	0.00000000
k__Bacteria|p__Desulfobacterota|c__Desulfovibrionia|o__Desulfovibrionales|f__Desulfovibrionaceae|g__Desulfovibrio|s__Desulfovibrio_sp_G11	0.00000000	0.00000000	0.00000000	0.00000000	0.00000000	0.00000000	0.00001581	0.00017460	0.00005430	0.00003943	0.00000000	0.00001586	0.00000000	0.00000000
k__Bacteria|p__Desulfobacterota|c__Desulfovibrionia|o__Desulfovibrionales|f__Desulfovibrionaceae|g__Desulfovibrio|s__Desulfovibrio_sp_MS	0.00006018	0.00011892	0.00000000	0.00003178	0.00000000	0.00000000	0.00000000	0.00000000	0.00001810	0.00000000	0.00002136	0.00001586	0.00000000	0.00000000
k__Bacteria|p__Desulfobacterota|c__Desulfovibrionia|o__Desulfovibrionales|f__Desulfovibrionaceae|g__Desulfovibrio|s__Desulfovibrio_sp_S14_PV_2008	0.00000000	0.00000000	0.00000000	0.00000000	0.00002956	0.00002595	0.00001581	0.00001746	0.00012669	0.00000000	0.00000000	0.00000000	0.00000000	0.00000000
k__Bacteria|p__Desulfobacterota|c__Desulfovibrionia|o__Desulfovibrionales|f__Desulfovibrionaceae|g__Desulfovibrio|s__Desulfovibrio_sp_enrichment_culture_clone_AP_FeEnrich16	0.00004012	0.00000000	0.00000000	0.00000000	0.00008867	0.00002595	0.00000000	0.00000000	0.00001810	0.00003943	0.00000000	0.00000000	0.00000000	0.00000000
k__Bacteria|p__Desulfobacterota|c__Desulfovibrionia|o__Desulfovibrionales|f__Desulfovibrionaceae|g__Desulfovibrio|s__Desulfovibrio_sulfodismutans	0.00006018	0.00005097	0.00000000	0.00000000	0.00000000	0.00000000	0.00000000	0.00000000	0.00000000	0.00000000	0.00000000	0.00001586	0.00000000	0.00000000
k__Bacteria|p__Desulfobacterota|c__Desulfovibrionia|o__Desulfovibrionales|f__Desulfovibrionaceae|g__Desulfovibrio|s__Desulfovibrio_vulgaris	0.00022067	0.00000000	0.00001683	0.00000000	0.00002956	0.00002595	0.00000000	0.00000000	0.00000000	0.00003943	0.00000000	0.00000000	0.00000000	0.00000000
k__Bacteria|p__Desulfobacterota|c__Desulfovibrionia|o__Desulfovibrionales|f__Desulfovibrionaceae|g__Desulfovibrio|s__bacterium_S4531	0.00004012	0.00010193	0.00000000	0.00000000	0.00002956	0.00000000	0.00003162	0.00005238	0.00001810	0.00000000	0.00000000	0.00000000	0.00001697	0.00000000
k__Bacteria|p__Desulfobacterota|c__Desulfovibrionia|o__Desulfovibrionales|f__Desulfovibrionaceae|g__Desulfovibrio|s__bacterium__New_Zealand_D_	0.00000000	0.00000000	0.00000000	0.00000000	0.00000000	0.00000000	0.00000000	0.00000000	0.00000000	0.00000000	0.00000000	0.00000000	0.00000000	0.00000000
k__Bacteria|p__Desulfobacterota|c__Desulfovibrionia|o__Desulfovibrionales|f__Desulfovibrionaceae|g__Desulfovibrio|s__toluene_degrading_methanogenic_consortium_bacterium	0.00022067	0.00030580	0.00000000	0.00006357	0.00005911	0.00007784	0.00003162	0.00000000	0.00001810	0.00001971	0.00000000	0.00006346	0.00000000	0.00000000
k__Bacteria|p__Desulfobacterota|c__Desulfuromonadia|o__Desulfuromonadales|f__Desulfuromonadaceae|g__unidentified_Desulfuromonadaceae|s__delta_proteobacterium_enrichment_culture_clone_VNC2Bg11	0.00000000	0.00000000	0.00000000	0.00000000	0.00000000	0.00000000	0.00003162	0.00000000	0.00000000	0.00000000	0.00000000	0.00000000	0.00000000	0.00000000
k__Bacteria|p__Desulfobacterota|c__Desulfuromonadia|o__Geobacterales|f__Geobacteraceae|g__Citrifermentans|s__Geobacter_sp_OR_1	0.00032097	0.00076450	0.00055553	0.00015892	0.00000000	0.00142698	0.00004743	0.00005238	0.00000000	0.00005914	0.00002136	0.00007932	0.00001697	0.00017950
k__Bacteria|p__Desulfobacterota|c__Desulfuromonadia|o__Geobacterales|f__Geobacteraceae|g__Geobacter|s__Geobacter_sulfurreducens	0.00014042	0.00000000	0.00005050	0.00003178	0.00005911	0.00202371	0.00000000	0.00000000	0.00003620	0.00019715	0.00004272	0.00006346	0.00022060	0.00009791
k__Bacteria|p__Edwardsbacteria|c__unidentified_Edwardsbacteria|o__unidentified_Edwardsbacteria|f__unidentified_Edwardsbacteria|g__unidentified_Edwardsbacteria|s__Candidatus_Edwardsbacteria_bacterium_RIFOXYD12_FULL_50_11	0.00004012	0.00010193	0.00000000	0.00009535	0.00002956	0.00000000	0.00000000	0.00000000	0.00000000	0.00000000	0.00000000	0.00000000	0.00000000	0.00000000
k__Bacteria|p__Elusimicrobia|c__unidentified_Elusimicrobia|o__Lineage_IV|f__unidentified_Lineage_IV|g__unidentified_Lineage_IV|s__Elusimicrobia_bacterium_RIFCSPHIGHO2_02_FULL_61_10	0.00030091	0.00027182	0.00013467	0.00003178	0.00008867	0.00000000	0.00001581	0.00006984	0.00007240	0.00013800	0.00010680	0.00052353	0.00000000	0.00000000
k__Bacteria|p__Firmicutes|c__Bacilli|o__Acholeplasmatales|f__Acholeplasmataceae|g__Acholeplasma|s__Acholeplasma_manati	0.00002006	0.00003398	0.00000000	0.00000000	0.00000000	0.00000000	0.00000000	0.00005238	0.00001810	0.00005914	0.00002136	0.00001586	0.00000000	0.00000000
k__Bacteria|p__Firmicutes|c__Bacilli|o__Acholeplasmatales|f__Acholeplasmataceae|g__Acholeplasma|s__Acholeplasma_sp_KDA_feline	0.00000000	0.00000000	0.00005050	0.00000000	0.00000000	0.00000000	0.00000000	0.00000000	0.00000000	0.00000000	0.00000000	0.00000000	0.00000000	0.00000000
k__Bacteria|p__Firmicutes|c__Bacilli|o__Acholeplasmatales|f__Acholeplasmataceae|g__Acholeplasma|s__Acholeplasma_vituli	0.00010030	0.00000000	0.00001683	0.00000000	0.00000000	0.00000000	0.00000000	0.00000000	0.00000000	0.00000000	0.00000000	0.00000000	0.00000000	0.00000000
k__Bacteria|p__Firmicutes|c__Bacilli|o__Acholeplasmatales|f__Acholeplasmataceae|g__Acholeplasma|s__bacterium_enrichment_culture_clone_BA75	0.00000000	0.00000000	0.00000000	0.00000000	0.00000000	0.00000000	0.00000000	0.00000000	0.00000000	0.00000000	0.00000000	0.00000000	0.00000000	0.00000000
k__Bacteria|p__Firmicutes|c__Bacilli|o__Bacillales|f__Bacillaceae|g__Anoxybacillus|s__Anoxybacillus_flavithermus	0.00006018	0.00005097	0.00000000	0.00009535	0.00002956	0.00000000	0.00003162	0.00000000	0.00000000	0.00000000	0.00000000	0.00000000	0.00001697	0.00000000
k__Bacteria|p__Firmicutes|c__Bacilli|o__Bacillales|f__Bacillaceae|g__Bacillus|s__Bacillus_anthracis	0.00014042	0.00013591	0.00005050	0.00000000	0.00002956	0.00000000	0.00001581	0.00003492	0.00009050	0.00001971	0.00000000	0.00001586	0.00003394	0.00008159
k__Bacteria|p__Firmicutes|c__Bacilli|o__Bacillales|f__Bacillaceae|g__Bacillus|s__Bacillus_clausii	0.02507573	0.00000000	0.00000000	0.03207043	0.04359649	0.00002595	0.82408930	0.00026190	0.00001810	0.00027600	0.00019225	0.00000000	0.00000000	0.00000000
k__Bacteria|p__Firmicutes|c__Bacilli|o__Bacillales|f__Bacillaceae|g__Bacillus|s__Bacillus_filamentosus	0.00000000	0.00013591	0.00000000	0.00000000	0.00000000	0.00000000	0.00000000	0.00000000	0.00003620	0.00000000	0.00000000	0.00000000	0.00000000	0.00000000
k__Bacteria|p__Firmicutes|c__Bacilli|o__Bacillales|f__Bacillaceae|g__Bacillus|s__Bacillus_fortis	0.00000000	0.00000000	0.00000000	0.00000000	0.00000000	0.00000000	0.00000000	0.00000000	0.00007240	0.00000000	0.00000000	0.00000000	0.00000000	0.00000000
k__Bacteria|p__Firmicutes|c__Bacilli|o__Bacillales|f__Bacillaceae|g__Bacillus|s__Bacillus_sporothermodurans	0.00108327	0.00061160	0.00001683	0.00012714	0.00023646	0.00023351	0.00018973	0.00001746	0.00580985	0.00000000	0.00000000	0.00009519	0.00125575	0.00000000
k__Bacteria|p__Firmicutes|c__Bacilli|o__Bacillales|f__Bacillaceae|g__Geobacillus|s__Geobacillus_thermodenitrificans	0.00004012	0.00000000	0.00000000	0.00000000	0.00000000	0.00000000	0.00000000	0.00000000	0.00000000	0.00000000	0.00000000	0.00000000	0.00000000	0.00000000
k__Bacteria|p__Firmicutes|c__Bacilli|o__Bacillales|f__Bacillaceae|g__Terribacillus|s__Terribacillus_aidingensis	0.00000000	0.00000000	0.00000000	0.00000000	0.00000000	0.00000000	0.00000000	0.00000000	0.00005430	0.00000000	0.00000000	0.00000000	0.00000000	0.00000000
k__Bacteria|p__Firmicutes|c__Bacilli|o__Bacillales|f__Bacillaceae|g__Ureibacillus|s__Ureibacillus_thermosphaericus	0.00000000	0.00000000	0.00000000	0.00000000	0.00000000	0.00000000	0.00000000	0.00000000	0.00000000	0.00000000	0.00000000	0.00000000	0.00039030	0.00000000
k__Bacteria|p__Firmicutes|c__Bacilli|o__Bacillales|f__Planococcaceae|g__Paenisporosarcina|s__Paenisporosarcina_sp_K2R23_3	0.00000000	0.00000000	0.00000000	0.00000000	0.00000000	0.00000000	0.00000000	0.00000000	0.00000000	0.00000000	0.00002136	0.00000000	0.00001697	0.00000000
k__Bacteria|p__Firmicutes|c__Bacilli|o__Erysipelotrichales|f__Erysipelatoclostridiaceae|g__Erysipelatoclostridium|s__Clostridiaceae_bacterium_GM1	0.00000000	0.00010193	0.00000000	0.00000000	0.00000000	0.00000000	0.00000000	0.00000000	0.00000000	0.00000000	0.00000000	0.00000000	0.00000000	0.00000000
k__Bacteria|p__Firmicutes|c__Bacilli|o__Erysipelotrichales|f__Erysipelatoclostridiaceae|g__Erysipelatoclostridium|s__Erysipelatoclostridium_ramosum	0.00000000	0.00001699	0.00000000	0.00000000	0.00000000	0.00000000	0.00000000	0.00000000	0.00001810	0.00000000	0.00000000	0.00000000	0.00000000	0.00000000
k__Bacteria|p__Firmicutes|c__Bacilli|o__Erysipelotrichales|f__Erysipelatoclostridiaceae|g__UCG_004|s__bacterium_enrichment_culture_clone_DPHB07	0.00008024	0.00003398	0.00001683	0.00000000	0.00005911	0.00005189	0.00000000	0.00001746	0.00003620	0.00000000	0.00000000	0.00000000	0.00000000	0.00000000
k__Bacteria|p__Firmicutes|c__Bacilli|o__Erysipelotrichales|f__Erysipelotrichaceae|g__Dubosiella|s__Dubosiella_newyorkensis	0.00000000	0.00000000	0.00000000	0.00000000	0.00000000	0.00000000	0.00000000	0.00000000	0.00000000	0.00000000	0.00000000	0.00000000	0.00000000	0.00000000
k__Bacteria|p__Firmicutes|c__Bacilli|o__Erysipelotrichales|f__Erysipelotrichaceae|g__Dubosiella|s__Firmicutes_bacterium_M10_2	0.00000000	0.00010193	0.00000000	0.00000000	0.00000000	0.00000000	0.00000000	0.00000000	0.00000000	0.00000000	0.00000000	0.00000000	0.00000000	0.00000000
k__Bacteria|p__Firmicutes|c__Bacilli|o__Erysipelotrichales|f__Erysipelotrichaceae|g__Faecalibaculum|s__Faecalibaculum_rodentium	0.00000000	0.00365261	0.00000000	0.00003178	0.00000000	0.00000000	0.00000000	0.00000000	0.00012669	0.00000000	0.00004272	0.00126916	0.00001697	0.00000000
k__Bacteria|p__Firmicutes|c__Bacilli|o__Erysipelotrichales|f__Erysipelotrichaceae|g__Ileibacterium|s__Ileibacterium_valens	0.00000000	0.00000000	0.00000000	0.00000000	0.00005911	0.00000000	0.00000000	0.00000000	0.00005430	0.00001971	0.00000000	0.00000000	0.00000000	0.00000000
k__Bacteria|p__Firmicutes|c__Bacilli|o__Erysipelotrichales|f__Erysipelotrichaceae|g__Solobacterium|s__Solobacterium_moorei	0.00000000	0.00000000	0.00011784	0.00000000	0.00000000	0.00000000	0.00000000	0.00000000	0.00000000	0.00000000	0.00002136	0.00000000	0.00000000	0.00001632
k__Bacteria|p__Firmicutes|c__Bacilli|o__Erysipelotrichales|f__Erysipelotrichaceae|g__Turicibacter|s__Turicibacter_sp_H121	0.00000000	0.00000000	0.00003367	0.00009535	0.00000000	0.00007784	0.00001581	0.00000000	0.00000000	0.00000000	0.00000000	0.00006346	0.00000000	0.00001632
k__Bacteria|p__Firmicutes|c__Bacilli|o__Exiguobacterales|f__Exiguobacteraceae|g__Exiguobacterium|s__Exiguobacterium_sp_AT1b	0.00002006	0.00000000	0.00011784	0.00000000	0.00002956	0.00000000	0.00000000	0.00000000	0.00000000	0.00000000	0.00000000	0.00000000	0.00001697	0.00003264
k__Bacteria|p__Firmicutes|c__Bacilli|o__Lactobacillales|f__Aerococcaceae|g__Aerococcus|s__Aerococcus_urinaeequi	0.00002006	0.00000000	0.00000000	0.00000000	0.00000000	0.00000000	0.00000000	0.00000000	0.00005430	0.00000000	0.00000000	0.00000000	0.00000000	0.00000000
k__Bacteria|p__Firmicutes|c__Bacilli|o__Lactobacillales|f__Aerococcaceae|g__Dolosicoccus|s__Dolosicoccus_paucivorans	0.00000000	0.00000000	0.00000000	0.00000000	0.00000000	0.00000000	0.00000000	0.00003492	0.00000000	0.00000000	0.00000000	0.00000000	0.00000000	0.00000000
k__Bacteria|p__Firmicutes|c__Bacilli|o__Lactobacillales|f__Enterococcaceae|g__Enterococcus|s__Enterococcus_cecorum	0.00020061	0.00010193	0.00000000	0.00000000	0.00002956	0.00018162	0.00004743	0.00008730	0.00003620	0.00000000	0.00000000	0.00000000	0.00000000	0.00000000
k__Bacteria|p__Firmicutes|c__Bacilli|o__Lactobacillales|f__Enterococcaceae|g__Enterococcus|s__Enterococcus_faecalis	0.00024073	0.00000000	0.00006734	0.00003178	0.00008867	0.00000000	0.00000000	0.00003492	0.00010860	0.00000000	0.00000000	0.00001586	0.00006788	0.00000000
k__Bacteria|p__Firmicutes|c__Bacilli|o__Lactobacillales|f__Lactobacillaceae|g__Agrilactobacillus|s__Lactobacillus_composti	0.00000000	0.00000000	0.00000000	0.00000000	0.00000000	0.00000000	0.00000000	0.00001746	0.00000000	0.00000000	0.00000000	0.00000000	0.00000000	0.00000000
k__Bacteria|p__Firmicutes|c__Bacilli|o__Lactobacillales|f__Lactobacillaceae|g__Lactiplantibacillus|s__Lactobacillus_plantarum	0.00000000	0.00001699	0.00000000	0.00000000	0.00002956	0.00000000	0.00012649	0.00000000	0.00000000	0.00000000	0.00000000	0.00000000	0.00000000	0.00000000
k__Bacteria|p__Firmicutes|c__Bacilli|o__Lactobacillales|f__Lactobacillaceae|g__Lactobacillus|s__Lactobacillus_delbrueckii	0.00008024	0.00001699	0.00000000	0.00003178	0.00094582	0.00000000	0.00001581	0.00036666	0.00000000	0.00000000	0.00004272	0.00000000	0.00005091	0.00000000
k__Bacteria|p__Firmicutes|c__Bacilli|o__Lactobacillales|f__Lactobacillaceae|g__Lactobacillus|s__Lactobacillus_iners	0.00000000	0.00000000	0.00000000	0.00003178	0.00000000	0.00000000	0.00000000	0.00000000	0.00036198	0.00000000	0.00000000	0.00000000	0.00011879	0.00000000
k__Bacteria|p__Firmicutes|c__Bacilli|o__Lactobacillales|f__Lactobacillaceae|g__Lactobacillus|s__Lactobacillus_johnsonii	0.00120363	0.00210662	0.00050502	0.00019071	0.00014778	0.00010378	0.00012649	0.00013968	0.00005430	0.00001971	0.00000000	0.00000000	0.00000000	0.00000000
k__Bacteria|p__Firmicutes|c__Bacilli|o__Lactobacillales|f__Lactobacillaceae|g__Lactobacillus|s__Lactobacillus_kefiranofaciens	0.00006018	0.00015290	0.00000000	0.00015892	0.00135962	0.00000000	0.00014230	0.00000000	0.00023529	0.00000000	0.00000000	0.00000000	0.00003394	0.00000000
k__Bacteria|p__Firmicutes|c__Bacilli|o__Lactobacillales|f__Lactobacillaceae|g__Lactobacillus|s__Lactobacillus_rodentium	0.00000000	0.00000000	0.00000000	0.00000000	0.00000000	0.00041512	0.00000000	0.00000000	0.00000000	0.00000000	0.00000000	0.00001586	0.00000000	0.00000000
k__Bacteria|p__Firmicutes|c__Bacilli|o__Lactobacillales|f__Lactobacillaceae|g__Leuconostoc|s__Leuconostoc_lactis	0.00000000	0.00001699	0.00000000	0.00000000	0.00000000	0.00000000	0.00000000	0.00000000	0.00000000	0.00001971	0.00000000	0.00000000	0.00000000	0.00000000
k__Bacteria|p__Firmicutes|c__Bacilli|o__Lactobacillales|f__Lactobacillaceae|g__Levilactobacillus|s__Lactobacillus_brevis	0.00000000	0.00000000	0.00000000	0.00000000	0.00000000	0.00000000	0.00000000	0.00000000	0.00003620	0.00000000	0.00000000	0.00000000	0.00000000	0.00000000
k__Bacteria|p__Firmicutes|c__Bacilli|o__Lactobacillales|f__Lactobacillaceae|g__Ligilactobacillus|s__Lactobacillus_agilis	0.00002006	0.00000000	0.00000000	0.00012714	0.00032513	0.00000000	0.00004743	0.00000000	0.00000000	0.00000000	0.00000000	0.00000000	0.00000000	0.00000000
k__Bacteria|p__Firmicutes|c__Bacilli|o__Lactobacillales|f__Lactobacillaceae|g__Ligilactobacillus|s__Lactobacillus_murinus	0.00064194	0.00052666	0.00028618	0.00009535	0.00000000	0.00000000	0.00011068	0.00015714	0.00007240	0.00001971	0.00000000	0.00007932	0.00000000	0.00001632
k__Bacteria|p__Firmicutes|c__Bacilli|o__Lactobacillales|f__Lactobacillaceae|g__Ligilactobacillus|s__Lactobacillus_ruminis	0.00000000	0.00000000	0.00000000	0.00000000	0.00000000	0.00000000	0.00000000	0.00000000	0.00000000	0.00000000	0.00012816	0.00000000	0.00000000	0.00000000
k__Bacteria|p__Firmicutes|c__Bacilli|o__Lactobacillales|f__Lactobacillaceae|g__Ligilactobacillus|s__Lactobacillus_salivarius	0.00002006	0.00010193	0.00141407	0.00000000	0.00000000	0.00000000	0.00000000	0.00003492	0.00000000	0.00005914	0.00000000	0.00000000	0.00001697	0.00034268
k__Bacteria|p__Firmicutes|c__Bacilli|o__Lactobacillales|f__Lactobacillaceae|g__Limosilactobacillus|s__Lactobacillus_fermentum	0.00000000	0.00000000	0.00021884	0.00000000	0.00000000	0.00000000	0.00001581	0.00000000	0.00000000	0.00000000	0.00000000	0.00000000	0.00000000	0.00004895
k__Bacteria|p__Firmicutes|c__Bacilli|o__Lactobacillales|f__Lactobacillaceae|g__Limosilactobacillus|s__Lactobacillus_ingluviei	0.00006018	0.00000000	0.00000000	0.00000000	0.00056158	0.00000000	0.00003162	0.00000000	0.00000000	0.00000000	0.00000000	0.00000000	0.00000000	0.00000000
k__Bacteria|p__Firmicutes|c__Bacilli|o__Lactobacillales|f__Lactobacillaceae|g__Limosilactobacillus|s__Lactobacillus_mucosae	0.00000000	0.00000000	0.00008417	0.00000000	0.00014778	0.00000000	0.00001581	0.00001746	0.00000000	0.00000000	0.00000000	0.00000000	0.00000000	0.00001632
k__Bacteria|p__Firmicutes|c__Bacilli|o__Lactobacillales|f__Lactobacillaceae|g__Limosilactobacillus|s__Lactobacillus_reuteri	0.00130394	0.00032279	0.00037035	0.00031784	0.00044335	0.00002595	0.00020554	0.00005238	0.00003620	0.00007886	0.00000000	0.00001586	0.00001697	0.00006527
k__Bacteria|p__Firmicutes|c__Bacilli|o__Lactobacillales|f__Lactobacillaceae|g__Liquorilactobacillus|s__Lactobacillus_nagelii	0.00000000	0.00000000	0.00000000	0.00000000	0.00000000	0.00000000	0.00000000	0.00000000	0.00000000	0.00000000	0.00000000	0.00000000	0.00000000	0.00000000
k__Bacteria|p__Firmicutes|c__Bacilli|o__Lactobacillales|f__Lactobacillaceae|g__Weissella|s__Weissella_cibaria	0.00000000	0.00003398	0.00000000	0.00000000	0.00000000	0.00000000	0.00000000	0.00001746	0.00005430	0.00000000	0.00002136	0.00000000	0.00003394	0.00001632
k__Bacteria|p__Firmicutes|c__Bacilli|o__Lactobacillales|f__Streptococcaceae|g__Lactococcus|s__Lactococcus_lactis	0.00000000	0.00006796	0.00000000	0.00009535	0.00000000	0.00000000	0.00000000	0.00000000	0.00001810	0.00000000	0.00000000	0.00000000	0.00001697	0.00003264
k__Bacteria|p__Firmicutes|c__Bacilli|o__Lactobacillales|f__Streptococcaceae|g__Streptococcus|s__Streptococcus_anginosus	0.00000000	0.00000000	0.00058920	0.00000000	0.00000000	0.00002595	0.00000000	0.00000000	0.00000000	0.00000000	0.00000000	0.00001586	0.00000000	0.00003264
k__Bacteria|p__Firmicutes|c__Bacilli|o__Lactobacillales|f__Streptococcaceae|g__Streptococcus|s__Streptococcus_dysgalactiae	0.00000000	0.00000000	0.00000000	0.00000000	0.00000000	0.00000000	0.00000000	0.00000000	0.00012669	0.00000000	0.00000000	0.00000000	0.00317331	0.00000000
k__Bacteria|p__Firmicutes|c__Bacilli|o__Lactobacillales|f__Streptococcaceae|g__Streptococcus|s__Streptococcus_ferus	0.00000000	0.00000000	0.00000000	0.00000000	0.00000000	0.00000000	0.00000000	0.00013968	0.00007240	0.00000000	0.00002136	0.00000000	0.00000000	0.00000000
k__Bacteria|p__Firmicutes|c__Bacilli|o__Lactobacillales|f__Streptococcaceae|g__Streptococcus|s__Streptococcus_hyointestinalis	0.00000000	0.00000000	0.00000000	0.00000000	0.00000000	0.00000000	0.00000000	0.00000000	0.00000000	0.00000000	0.00000000	0.00000000	0.00000000	0.00001632
k__Bacteria|p__Firmicutes|c__Bacilli|o__Lactobacillales|f__Streptococcaceae|g__Streptococcus|s__Streptococcus_mutans	0.00000000	0.00000000	0.00255879	0.00000000	0.00000000	0.00000000	0.00000000	0.00000000	0.00000000	0.00000000	0.00000000	0.00000000	0.00000000	0.00052218
k__Bacteria|p__Firmicutes|c__Bacilli|o__Lactobacillales|f__Streptococcaceae|g__Streptococcus|s__Streptococcus_respiraculi	0.00000000	0.00006796	0.00000000	0.00003178	0.00000000	0.00000000	0.00000000	0.00001746	0.00000000	0.00000000	0.00000000	0.00001586	0.00000000	0.00000000
k__Bacteria|p__Firmicutes|c__Bacilli|o__Lactobacillales|f__Streptococcaceae|g__Streptococcus|s__Streptococcus_sobrinus	0.00000000	0.00000000	0.00000000	0.00000000	0.00000000	0.00000000	0.00000000	0.00000000	0.00000000	0.00000000	0.00000000	0.00000000	0.00003394	0.00000000
k__Bacteria|p__Firmicutes|c__Bacilli|o__Lactobacillales|f__Streptococcaceae|g__Streptococcus|s__Streptococcus_sp_FF10	0.00002006	0.00000000	0.00008417	0.00000000	0.00000000	0.00000000	0.00001581	0.00045396	0.00865143	0.00003943	0.00004272	0.00000000	0.00300361	0.00000000
k__Bacteria|p__Firmicutes|c__Bacilli|o__Lactobacillales|f__Vagococcaceae|g__Vagococcus|s__Vagococcus_fluvialis	0.00000000	0.00000000	0.00000000	0.00000000	0.00000000	0.00000000	0.00000000	0.00001746	0.00000000	0.00001971	0.00000000	0.00000000	0.00001697	0.00000000
k__Bacteria|p__Firmicutes|c__Bacilli|o__Mycoplasmatales|f__Mycoplasmataceae|g__Mycoplasma|s__Metamycoplasma_hyosynoviae	0.00000000	0.00000000	0.00018518	0.00000000	0.00000000	0.00000000	0.00000000	0.00000000	0.00000000	0.00000000	0.00000000	0.00000000	0.00000000	0.00000000
k__Bacteria|p__Firmicutes|c__Bacilli|o__Paenibacillales|f__Paenibacillaceae|g__Paenibacillus|s__Paenibacillus_hunanensis	0.00000000	0.00000000	0.00000000	0.00000000	0.00000000	0.00000000	0.00000000	0.00000000	0.00000000	0.00000000	0.00000000	0.00000000	0.00000000	0.00000000
k__Bacteria|p__Firmicutes|c__Bacilli|o__Paenibacillales|f__Paenibacillaceae|g__Paenibacillus|s__Paenibacillus_sp_YIM_110206	0.00004012	0.00000000	0.00000000	0.00000000	0.00000000	0.00000000	0.00000000	0.00000000	0.00000000	0.00000000	0.00000000	0.00000000	0.00000000	0.00000000
k__Bacteria|p__Firmicutes|c__Bacilli|o__Staphylococcales|f__Staphylococcaceae|g__Macrococcus|s__Macrococcus_caseolyticus	0.00000000	0.00005097	0.00001683	0.00003178	0.00000000	0.00000000	0.00000000	0.00001746	0.00000000	0.00000000	0.00000000	0.00001586	0.00000000	0.00000000
k__Bacteria|p__Firmicutes|c__Bacilli|o__Staphylococcales|f__Staphylococcaceae|g__Staphylococcus|s__Staphylococcus_aureus	0.00008024	0.00006796	0.00102688	0.00003178	0.00014778	0.00018162	0.00004743	0.00001746	0.00371034	0.00000000	0.00000000	0.00000000	0.00032242	0.00001632
k__Bacteria|p__Firmicutes|c__Bacilli|o__Staphylococcales|f__Staphylococcaceae|g__Staphylococcus|s__Staphylococcus_lentus	0.00000000	0.00006796	0.00005050	0.00009535	0.00002956	0.00000000	0.00000000	0.00000000	0.00000000	0.00000000	0.00000000	0.00001586	0.00000000	0.00000000
k__Bacteria|p__Firmicutes|c__Clostridia|o__Christensenellales|f__Christensenellaceae|g__Christensenellaceae_R_7_group|s__Clostridium_sp_enrichment_culture_clone_VanCtr93	0.00002006	0.00000000	0.00000000	0.00000000	0.00020690	0.00000000	0.00000000	0.00001746	0.00000000	0.00000000	0.00000000	0.00000000	0.00000000	0.00000000
k__Bacteria|p__Firmicutes|c__Clostridia|o__Christensenellales|f__Christensenellaceae|g__Christensenellaceae_R_7_group|s__bacterium_enrichment_culture_clone_DPF35	0.00385163	0.00315993	0.00065653	0.00108067	0.00295569	0.00228316	0.00036365	0.00832839	0.00407232	0.00230660	0.00119620	0.00044420	0.00061090	0.00044059
k__Bacteria|p__Firmicutes|c__Clostridia|o__Christensenellales|f__Christensenellaceae|g__Christensenellaceae_R_7_group|s__iron_reducing_bacterium_enrichment_culture_clone_HN70	0.00010030	0.00000000	0.00001683	0.00000000	0.00000000	0.00000000	0.00000000	0.00010476	0.00001810	0.00007886	0.00006408	0.00001586	0.00000000	0.00001632
k__Bacteria|p__Firmicutes|c__Clostridia|o__Clostridia_UCG_014|f__unidentified_Clostridia_UCG_014|g__unidentified_Clostridia_UCG_014|s__Clostridiales_bacterium_oral_taxon_075	0.00000000	0.00003398	0.00021884	0.00000000	0.00000000	0.00000000	0.00000000	0.00000000	0.00000000	0.00000000	0.00000000	0.00001586	0.00000000	0.00021214
k__Bacteria|p__Firmicutes|c__Clostridia|o__Clostridia_vadinBB60_group|f__unidentified_Clostridia_vadinBB60_group|g__unidentified_Clostridia_vadinBB60_group|s__Clostridiales_bacterium_enrichment_culture_clone_06_1235251_76	0.00000000	0.00000000	0.00000000	0.00000000	0.00002956	0.00054485	0.00000000	0.00000000	0.00000000	0.00001971	0.00000000	0.00000000	0.00000000	0.00000000
k__Bacteria|p__Firmicutes|c__Clostridia|o__Clostridia_vadinBB60_group|f__unidentified_Clostridia_vadinBB60_group|g__unidentified_Clostridia_vadinBB60_group|s__Clostridiales_bacterium_feline_oral_taxon_148	0.00000000	0.00000000	0.00025251	0.00000000	0.00000000	0.00000000	0.00000000	0.00000000	0.00000000	0.00000000	0.00000000	0.00000000	0.00000000	0.00000000
k__Bacteria|p__Firmicutes|c__Clostridia|o__Clostridia_vadinBB60_group|f__unidentified_Clostridia_vadinBB60_group|g__unidentified_Clostridia_vadinBB60_group|s__Firmicutes_bacterium_ADurb.Bin080	0.00000000	0.00001699	0.00000000	0.00006357	0.00000000	0.00000000	0.00000000	0.00000000	0.00000000	0.00000000	0.00000000	0.00000000	0.00000000	0.00000000
k__Bacteria|p__Firmicutes|c__Clostridia|o__Clostridiales|f__Clostridiaceae|g__Clostridium_sensu_stricto_11|s__Clostridium_sp_LAM_GX_0C10	0.00000000	0.00000000	0.00000000	0.00000000	0.00000000	0.00005189	0.00000000	0.00000000	0.00000000	0.00000000	0.00000000	0.00000000	0.00000000	0.00000000
k__Bacteria|p__Firmicutes|c__Clostridia|o__Clostridiales|f__Clostridiaceae|g__Clostridium_sensu_stricto_12|s__Clostridium_magnum	0.00000000	0.00000000	0.00006734	0.00000000	0.00000000	0.00000000	0.00000000	0.00000000	0.00000000	0.00000000	0.00000000	0.00000000	0.00003394	0.00000000
k__Bacteria|p__Firmicutes|c__Clostridia|o__Clostridiales|f__Clostridiaceae|g__Clostridium_sensu_stricto_13|s__Clostridium_tunisiense	0.00000000	0.00018688	0.00003367	0.00000000	0.00005911	0.00000000	0.00000000	0.00000000	0.00001810	0.00000000	0.00000000	0.00000000	0.00001697	0.00000000
k__Bacteria|p__Firmicutes|c__Clostridia|o__Clostridiales|f__Clostridiaceae|g__Clostridium_sensu_stricto_1|s__Clostridium_beijerinckii	0.00014042	0.00001699	0.00010100	0.00003178	0.00008867	0.00007784	0.00012649	0.00012222	0.00021719	0.00003943	0.00000000	0.00014278	0.00006788	0.00001632
k__Bacteria|p__Firmicutes|c__Clostridia|o__Clostridiales|f__Clostridiaceae|g__Clostridium_sensu_stricto_1|s__Clostridium_perfringens	0.00004012	0.00000000	0.00000000	0.00000000	0.00000000	0.00002595	0.00001581	0.00008730	0.00012669	0.00000000	0.00000000	0.00000000	0.00000000	0.00000000
k__Bacteria|p__Firmicutes|c__Clostridia|o__Clostridiales|f__Clostridiaceae|g__Clostridium_sensu_stricto_1|s__Clostridium_sp_ND2	0.00000000	0.00000000	0.00000000	0.00003178	0.00000000	0.00000000	0.00001581	0.00001746	0.00000000	0.00000000	0.00000000	0.00000000	0.00000000	0.00000000
k__Bacteria|p__Firmicutes|c__Clostridia|o__Clostridiales|f__Clostridiaceae|g__Clostridium_sensu_stricto_1|s__Clostridium_sp_TW13	0.00000000	0.00000000	0.00000000	0.00000000	0.00000000	0.00000000	0.00000000	0.00000000	0.00000000	0.00000000	0.00000000	0.00000000	0.00001697	0.00000000
k__Bacteria|p__Firmicutes|c__Clostridia|o__Clostridiales|f__Clostridiaceae|g__Clostridium_sensu_stricto_3|s__Clostridiaceae_bacterium	0.00006018	0.00000000	0.00005050	0.00003178	0.00008867	0.00000000	0.00000000	0.00000000	0.00000000	0.00000000	0.00000000	0.00000000	0.00000000	0.00000000
k__Bacteria|p__Firmicutes|c__Clostridia|o__Clostridiales|f__Clostridiaceae|g__Clostridium_sensu_stricto_6|s__Clostridium_bornimense	0.00002006	0.00016989	0.00000000	0.00000000	0.00000000	0.00005189	0.00000000	0.00000000	0.00000000	0.00000000	0.00000000	0.00000000	0.00000000	0.00000000
k__Bacteria|p__Firmicutes|c__Clostridia|o__Clostridiales|f__Clostridiaceae|g__Hathewaya|s__Hathewaya_proteolytica	0.00000000	0.00000000	0.00000000	0.00000000	0.00000000	0.00000000	0.00000000	0.00001746	0.00000000	0.00000000	0.00000000	0.00001586	0.00000000	0.00000000
k__Bacteria|p__Firmicutes|c__Clostridia|o__Eubacteriales|f__Anaerofustaceae|g__Anaerofustis|s__Anaerofustis_stercorihominis	0.00000000	0.00000000	0.00000000	0.00000000	0.00000000	0.00000000	0.00000000	0.00000000	0.00000000	0.00000000	0.00000000	0.00000000	0.00000000	0.00000000
k__Bacteria|p__Firmicutes|c__Clostridia|o__Lachnospirales|f__Defluviitaleaceae|g__Defluviitaleaceae_UCG_011|s__Lachnospiraceae_bacterium_oral_taxon_500	0.00000000	0.00000000	0.00058920	0.00000000	0.00000000	0.00000000	0.00000000	0.00000000	0.00000000	0.00000000	0.00000000	0.00000000	0.00000000	0.00021214
k__Bacteria|p__Firmicutes|c__Clostridia|o__Lachnospirales|f__Lachnospiraceae|g__Blautia|s__Blautia_obeum	0.00006018	0.00010193	0.00003367	0.00009535	0.00008867	0.00015567	0.00001581	0.00013968	0.00012669	0.00017743	0.00000000	0.00007932	0.00001697	0.00001632
k__Bacteria|p__Firmicutes|c__Clostridia|o__Lachnospirales|f__Lachnospiraceae|g__Blautia|s__Blautia_sp_YL58	0.00000000	0.00003398	0.00000000	0.00006357	0.00000000	0.00005189	0.00000000	0.00000000	0.00000000	0.00000000	0.00000000	0.00004759	0.00000000	0.00000000
k__Bacteria|p__Firmicutes|c__Clostridia|o__Lachnospirales|f__Lachnospiraceae|g__Blautia|s__Lachnospiraceae_bacterium_28_4	0.00002006	0.00079848	0.00000000	0.00003178	0.00000000	0.00005189	0.00001581	0.00000000	0.00000000	0.00000000	0.00000000	0.00198306	0.00000000	0.00000000
k__Bacteria|p__Firmicutes|c__Clostridia|o__Lachnospirales|f__Lachnospiraceae|g__Blautia|s__Lachnospiraceae_bacterium_615	0.00000000	0.00000000	0.00003367	0.00000000	0.00000000	0.00000000	0.00000000	0.00000000	0.00000000	0.00000000	0.00000000	0.00000000	0.00000000	0.00001632
k__Bacteria|p__Firmicutes|c__Clostridia|o__Lachnospirales|f__Lachnospiraceae|g__Blautia|s__Lachnospiraceae_bacterium_DW59	0.00000000	0.00000000	0.00000000	0.00000000	0.00000000	0.00000000	0.00001581	0.00000000	0.00000000	0.00000000	0.00004272	0.00000000	0.00000000	0.00000000
k__Bacteria|p__Firmicutes|c__Clostridia|o__Lachnospirales|f__Lachnospiraceae|g__Catonella|s__Catonella_sp_oral_clone_FL037	0.00000000	0.00000000	0.00003367	0.00000000	0.00000000	0.00000000	0.00000000	0.00000000	0.00000000	0.00000000	0.00000000	0.00000000	0.00000000	0.00000000
k__Bacteria|p__Firmicutes|c__Clostridia|o__Lachnospirales|f__Lachnospiraceae|g__Lachnoclostridium|s___Clostridium__fimetarium	0.00002006	0.00010193	0.00000000	0.00006357	0.00000000	0.00000000	0.00000000	0.00001746	0.00000000	0.00000000	0.00000000	0.00000000	0.00001697	0.00000000
k__Bacteria|p__Firmicutes|c__Clostridia|o__Lachnospirales|f__Lachnospiraceae|g__Lachnospiraceae_ND3007_group|s__bacterium_V9D2002	0.00000000	0.00000000	0.00000000	0.00000000	0.00000000	0.00000000	0.00000000	0.00000000	0.00000000	0.00000000	0.00000000	0.00000000	0.00000000	0.00000000
k__Bacteria|p__Firmicutes|c__Clostridia|o__Lachnospirales|f__Lachnospiraceae|g__Lachnospiraceae_NK4A136_group|s__Clostridiales_bacterium_CIEAF_020	0.00034103	0.00049268	0.00000000	0.00000000	0.00000000	0.00000000	0.00003162	0.00000000	0.00000000	0.00000000	0.00000000	0.00001586	0.00000000	0.00000000
k__Bacteria|p__Firmicutes|c__Clostridia|o__Lachnospirales|f__Lachnospiraceae|g__Lachnospiraceae_NK4A136_group|s__Lachnospiraceae_bacterium_COE1	0.00000000	0.00016989	0.00000000	0.00000000	0.00000000	0.00007784	0.00000000	0.00000000	0.00000000	0.00000000	0.00000000	0.00068217	0.00003394	0.00000000
k__Bacteria|p__Firmicutes|c__Clostridia|o__Lachnospirales|f__Lachnospiraceae|g__Lachnospiraceae_NK4A136_group|s__Trichinella_pseudospiralis	0.00034103	0.00764500	0.00000000	0.00000000	0.00008867	0.00002595	0.00009486	0.00001746	0.00000000	0.00000000	0.00000000	0.00001586	0.00000000	0.00001632
k__Bacteria|p__Firmicutes|c__Clostridia|o__Lachnospirales|f__Lachnospiraceae|g__Lachnospiraceae_NK4A136_group|s__bacterium_XPB1013	0.00000000	0.00000000	0.00000000	0.00000000	0.00000000	0.00000000	0.00000000	0.00000000	0.00000000	0.00000000	0.00000000	0.00000000	0.00000000	0.00000000
k__Bacteria|p__Firmicutes|c__Clostridia|o__Lachnospirales|f__Lachnospiraceae|g__Oribacterium|s__Lachnospiraceae_oral_clone_MCE9_31	0.00000000	0.00000000	0.00020201	0.00000000	0.00000000	0.00000000	0.00000000	0.00000000	0.00000000	0.00000000	0.00000000	0.00000000	0.00000000	0.00031005
k__Bacteria|p__Firmicutes|c__Clostridia|o__Lachnospirales|f__Lachnospiraceae|g___Ruminococcus__torques_group|s__Ruminococcus_lactaris	0.00000000	0.00000000	0.00000000	0.00000000	0.00000000	0.00000000	0.00000000	0.00000000	0.00000000	0.00003943	0.00000000	0.00000000	0.00000000	0.00000000
k__Bacteria|p__Firmicutes|c__Clostridia|o__Oscillospirales|f__Butyricicoccaceae|g__Butyricicoccus|s__Butyricicoccus_pullicaecorum	0.00000000	0.00000000	0.00000000	0.00000000	0.00000000	0.00002595	0.00000000	0.00000000	0.00000000	0.00000000	0.00000000	0.00000000	0.00000000	0.00000000
k__Bacteria|p__Firmicutes|c__Clostridia|o__Oscillospirales|f__Hungateiclostridiaceae|g__Fastidiosipila|s__Clostridiales_bacterium_KA00274	0.00000000	0.00000000	0.00000000	0.00000000	0.00000000	0.00000000	0.00000000	0.00000000	0.00000000	0.00000000	0.00000000	0.00000000	0.00027151	0.00000000
k__Bacteria|p__Firmicutes|c__Clostridia|o__Oscillospirales|f__Oscillospiraceae|g__Oscillibacter|s__Oscillibacter_sp_PEA192	0.00000000	0.00000000	0.00000000	0.00000000	0.00000000	0.00000000	0.00000000	0.00000000	0.00000000	0.00000000	0.00000000	0.00000000	0.00000000	0.00000000
k__Bacteria|p__Firmicutes|c__Clostridia|o__Oscillospirales|f__Ruminococcaceae|g__Candidatus_Soleaferrea|s__Ruminococcaceae_bacterium_GD6	0.00000000	0.00003398	0.00000000	0.00000000	0.00000000	0.00000000	0.00000000	0.00000000	0.00000000	0.00000000	0.00000000	0.00011105	0.00000000	0.00000000
k__Bacteria|p__Firmicutes|c__Clostridia|o__Oscillospirales|f__Ruminococcaceae|g__Faecalibacterium|s__Faecalibacterium_prausnitzii	0.00052158	0.00033978	0.00016834	0.00101710	0.00032513	0.00033729	0.00007905	0.00045396	0.00273298	0.00031543	0.00006408	0.00015864	0.00013576	0.00004895
k__Bacteria|p__Firmicutes|c__Clostridia|o__Oscillospirales|f__Ruminococcaceae|g__Ruminococcus|s__Clostridiaceae_bacterium_DJF_VR76	0.00002006	0.00000000	0.00000000	0.00000000	0.00002956	0.00000000	0.00000000	0.00000000	0.00001810	0.00001971	0.00002136	0.00000000	0.00003394	0.00000000
k__Bacteria|p__Firmicutes|c__Clostridia|o__Oscillospirales|f__Ruminococcaceae|g__Ruminococcus|s__Ruminococcus_bicirculans	0.00002006	0.00003398	0.00000000	0.00000000	0.00002956	0.00000000	0.00000000	0.00000000	0.00000000	0.00001971	0.00000000	0.00003173	0.00000000	0.00000000
k__Bacteria|p__Firmicutes|c__Clostridia|o__Oscillospirales|f__Ruminococcaceae|g__Ruminococcus|s__Ruminococcus_callidus	0.00002006	0.00000000	0.00000000	0.00000000	0.00002956	0.00000000	0.00000000	0.00000000	0.00000000	0.00000000	0.00000000	0.00000000	0.00000000	0.00000000
k__Bacteria|p__Firmicutes|c__Clostridia|o__Oscillospirales|f__Ruminococcaceae|g__Ruminococcus|s__Ruminococcus_flavefaciens	0.00012036	0.00000000	0.00000000	0.00000000	0.00000000	0.00038918	0.00000000	0.00008730	0.00000000	0.00001971	0.00000000	0.00000000	0.00001697	0.00000000
k__Bacteria|p__Firmicutes|c__Clostridia|o__Oscillospirales|f__Ruminococcaceae|g__Ruminococcus|s__Ruminococcus_sp	0.00000000	0.00000000	0.00001683	0.00000000	0.00000000	0.00000000	0.00000000	0.00005238	0.00000000	0.00000000	0.00000000	0.00000000	0.00000000	0.00000000
k__Bacteria|p__Firmicutes|c__Clostridia|o__Oscillospirales|f__Ruminococcaceae|g__Ruminococcus|s__Ruminococcus_sp_N15.MGS_57	0.00016048	0.00008494	0.00003367	0.00000000	0.00011823	0.00000000	0.00003162	0.00008730	0.00018099	0.00005914	0.00000000	0.00000000	0.00000000	0.00001632
k__Bacteria|p__Firmicutes|c__Clostridia|o__Oscillospirales|f__Ruminococcaceae|g__Ruminococcus|s__Ruminococcus_sp_NK3A76	0.00000000	0.00000000	0.00000000	0.00000000	0.00000000	0.00000000	0.00000000	0.00000000	0.00000000	0.00000000	0.00000000	0.00000000	0.00000000	0.00000000
k__Bacteria|p__Firmicutes|c__Clostridia|o__Oscillospirales|f__Ruminococcaceae|g__Ruminococcus|s__bacterium_V9D2012	0.00000000	0.00000000	0.00000000	0.00000000	0.00000000	0.00015567	0.00000000	0.00000000	0.00000000	0.00000000	0.00000000	0.00001586	0.00000000	0.00000000
k__Bacteria|p__Firmicutes|c__Clostridia|o__Oscillospirales|f__Ruminococcaceae|g__Ruminococcus|s__bacterium_ic1277	0.00000000	0.00000000	0.00000000	0.00000000	0.00002956	0.00000000	0.00000000	0.00000000	0.00000000	0.00000000	0.00000000	0.00000000	0.00000000	0.00000000
k__Bacteria|p__Firmicutes|c__Clostridia|o__Peptostreptococcales_Tissierellales|f__Anaerovoracaceae|g__Anaerovorax|s__Anaerovorax_sp_enrichment_culture_clone_D2CL_Bac_16S_Clone4	0.00072218	0.00016989	0.00045452	0.00019071	0.00020690	0.00000000	0.00014230	0.00244439	0.00021719	0.00041401	0.00017089	0.00017451	0.00013576	0.00000000
k__Bacteria|p__Firmicutes|c__Clostridia|o__Peptostreptococcales_Tissierellales|f__Anaerovoracaceae|g__Anaerovorax|s__Firmicutes_bacterium_LC_13R	0.00006018	0.00033978	0.00003367	0.00019071	0.00053202	0.00005189	0.00009486	0.00108252	0.00059727	0.00051258	0.00012816	0.00001586	0.00001697	0.00000000
k__Bacteria|p__Firmicutes|c__Clostridia|o__Peptostreptococcales_Tissierellales|f__Anaerovoracaceae|g__Anaerovorax|s__bacterium_enrichment_culture_clone_DPF01	0.00048145	0.00011892	0.00000000	0.00047677	0.00038424	0.00000000	0.00003162	0.00041904	0.00025339	0.00027600	0.00012816	0.00014278	0.00015273	0.00000000
k__Bacteria|p__Firmicutes|c__Clostridia|o__Peptostreptococcales_Tissierellales|f__Anaerovoracaceae|g__Family_XIII_AD3011_group|s__bacterium_LD2013	0.00000000	0.00000000	0.00000000	0.00000000	0.00000000	0.00000000	0.00000000	0.00000000	0.00000000	0.00000000	0.00002136	0.00000000	0.00000000	0.00000000
k__Bacteria|p__Firmicutes|c__Clostridia|o__Peptostreptococcales_Tissierellales|f__Anaerovoracaceae|g__Mogibacterium|s__Mogibacterium_pumilum	0.00000000	0.00000000	0.00025251	0.00000000	0.00000000	0.00000000	0.00000000	0.00000000	0.00000000	0.00000000	0.00000000	0.00000000	0.00000000	0.00000000
k__Bacteria|p__Firmicutes|c__Clostridia|o__Peptostreptococcales_Tissierellales|f__Anaerovoracaceae|g___Eubacterium__nodatum_group|s__Aminicella_lysinilytica	0.00000000	0.00000000	0.00000000	0.00000000	0.00000000	0.00000000	0.00000000	0.00003492	0.00001810	0.00003943	0.00000000	0.00000000	0.00000000	0.00000000
k__Bacteria|p__Firmicutes|c__Clostridia|o__Peptostreptococcales_Tissierellales|f__Anaerovoracaceae|g___Eubacterium__nodatum_group|s___Eubacterium__nodatum	0.00000000	0.00000000	0.00047136	0.00000000	0.00000000	0.00000000	0.00000000	0.00000000	0.00000000	0.00000000	0.00000000	0.00000000	0.00000000	0.00000000
k__Bacteria|p__Firmicutes|c__Clostridia|o__Peptostreptococcales_Tissierellales|f__Family_XI|g__Anaerococcus|s__Anaerococcus_prevotii	0.00000000	0.00000000	0.00000000	0.00000000	0.00000000	0.00000000	0.00000000	0.00000000	0.00034389	0.00000000	0.00000000	0.00000000	0.00000000	0.00000000
k__Bacteria|p__Firmicutes|c__Clostridia|o__Peptostreptococcales_Tissierellales|f__Family_XI|g__Gallicola|s__Peptostreptococcaceae_bacterium_SK031	0.00000000	0.00000000	0.00000000	0.00000000	0.00000000	0.00000000	0.00000000	0.00008730	0.00003620	0.00000000	0.00000000	0.00000000	0.00000000	0.00000000
k__Bacteria|p__Firmicutes|c__Clostridia|o__Peptostreptococcales_Tissierellales|f__Family_XI|g__Parvimonas|s__Parvimonas_micra	0.00000000	0.00006796	0.00235678	0.00000000	0.00000000	0.00057079	0.00000000	0.00000000	0.00000000	0.00001971	0.00000000	0.00004759	0.00001697	0.00001632
k__Bacteria|p__Firmicutes|c__Clostridia|o__Peptostreptococcales_Tissierellales|f__Family_XI|g__Parvimonas|s__Peptostreptococcaceae_bacterium_feline_oral_taxon_028	0.00000000	0.00000000	0.00025251	0.00000000	0.00000000	0.00000000	0.00000000	0.00000000	0.00000000	0.00000000	0.00000000	0.00000000	0.00000000	0.00004895
k__Bacteria|p__Firmicutes|c__Clostridia|o__Peptostreptococcales_Tissierellales|f__Fusibacteraceae|g__Fusibacter|s__Fusibacter_paucivorans	0.00000000	0.00000000	0.00000000	0.00000000	0.00002956	0.00000000	0.00000000	0.00001746	0.00000000	0.00000000	0.00000000	0.00000000	0.00000000	0.00008159
k__Bacteria|p__Firmicutes|c__Clostridia|o__Peptostreptococcales_Tissierellales|f__Peptostreptococcaceae|g__Peptoclostridium|s__Clostridia_bacterium_enrichment_culture_clone_D2CL_Bac_16S_Clone18	0.00000000	0.00001699	0.00063970	0.00000000	0.00000000	0.00000000	0.00000000	0.00024444	0.00001810	0.00007886	0.00002136	0.00000000	0.00010182	0.00017950
k__Bacteria|p__Firmicutes|c__Clostridia|o__Peptostreptococcales_Tissierellales|f__Peptostreptococcaceae|g__Proteocatella|s__Frigovirgula_sp_canine_oral_taxon_032	0.00000000	0.00000000	0.00000000	0.00000000	0.00000000	0.00000000	0.00000000	0.00010476	0.00000000	0.00000000	0.00000000	0.00000000	0.00000000	0.00000000
k__Bacteria|p__Firmicutes|c__Clostridia|o__Peptostreptococcales_Tissierellales|f__Peptostreptococcaceae|g__Romboutsia|s__Romboutsia_ilealis	0.00353066	0.00139309	0.00016834	0.00088996	0.00103449	0.00059674	0.00056919	0.00096030	0.00077827	0.00086744	0.00021361	0.00014278	0.00005091	0.00003264
k__Bacteria|p__Firmicutes|c__Clostridia|o__Peptostreptococcales_Tissierellales|f__Thermotaleaceae|g__Geosporobacter|s__Geosporobacter_ferrireducens	0.00002006	0.00000000	0.00000000	0.00000000	0.00002956	0.00000000	0.00000000	0.00000000	0.00000000	0.00000000	0.00000000	0.00000000	0.00000000	0.00000000
k__Bacteria|p__Firmicutes|c__Clostridia|o__Peptostreptococcales_Tissierellales|f__unidentified_Peptostreptococcales_Tissierellales|g__JTB215|s__bacterium_str._77003	0.00002006	0.00000000	0.00000000	0.00000000	0.00000000	0.00000000	0.00000000	0.00000000	0.00000000	0.00000000	0.00000000	0.00000000	0.00000000	0.00001632
k__Bacteria|p__Firmicutes|c__Clostridia|o__Proteinivoracales|f__unidentified_Proteinivoracales|g__Anaerobranca|s__Anaerobranca_horikoshii	0.00008024	0.00000000	0.00000000	0.00000000	0.00000000	0.00000000	0.00000000	0.00000000	0.00000000	0.00000000	0.00000000	0.00000000	0.00000000	0.00000000
k__Bacteria|p__Firmicutes|c__Desulfitobacteriia|o__Desulfitobacteriales|f__unidentified_Desulfitobacteriales|g__TC1|s__endosymbiont__TC1__of_Trimyema_compressum	0.00002006	0.00013591	0.00000000	0.00000000	0.00000000	0.00000000	0.00000000	0.00001746	0.00001810	0.00000000	0.00004272	0.00000000	0.00000000	0.00000000
k__Bacteria|p__Firmicutes|c__Dethiobacteria|o__Dethiobacterales|f__Dethiobacteraceae|g__Dethiobacter|s__Candidatus_Syntropholuna_alkaliphila	0.00000000	0.00000000	0.00000000	0.00000000	0.00000000	0.00000000	0.00000000	0.00003492	0.00000000	0.00000000	0.00000000	0.00000000	0.00000000	0.00000000
k__Bacteria|p__Firmicutes|c__Negativicutes|o__Acidaminococcales|f__Acidaminococcaceae|g__Phascolarctobacterium|s__Phascolarctobacterium_faecium	0.00010030	0.00073052	0.00000000	0.00003178	0.00000000	0.00000000	0.00001581	0.00000000	0.00000000	0.00000000	0.00000000	0.00103119	0.00000000	0.00000000
k__Bacteria|p__Firmicutes|c__Negativicutes|o__Veillonellales_Selenomonadales|f__Selenomonadaceae|g__Propionispira|s__Propionispira_arcuata	0.00006018	0.00000000	0.00000000	0.00000000	0.00014778	0.00000000	0.00036365	0.00000000	0.00000000	0.00001971	0.00000000	0.00000000	0.00000000	0.00000000
k__Bacteria|p__Firmicutes|c__Negativicutes|o__Veillonellales_Selenomonadales|f__Selenomonadaceae|g__Selenomonas|s__Selenomonas_lacticifex	0.00008024	0.00000000	0.00000000	0.00006357	0.00002956	0.00007784	0.00083797	0.00005238	0.00009050	0.00005914	0.00000000	0.00000000	0.00000000	0.00000000
k__Bacteria|p__Firmicutes|c__Negativicutes|o__Veillonellales_Selenomonadales|f__Selenomonadaceae|g__Selenomonas|s__Selenomonas_ruminantium	0.00000000	0.00000000	0.00000000	0.00000000	0.00000000	0.00000000	0.00000000	0.00000000	0.00000000	0.00000000	0.00000000	0.00000000	0.00000000	0.00000000
k__Bacteria|p__Firmicutes|c__Negativicutes|o__Veillonellales_Selenomonadales|f__Selenomonadaceae|g__Selenomonas|s__Selenomonas_sp_oral_taxon_136	0.00000000	0.00000000	0.00018518	0.00000000	0.00000000	0.00000000	0.00000000	0.00000000	0.00000000	0.00000000	0.00000000	0.00000000	0.00000000	0.00032637
k__Bacteria|p__Firmicutes|c__Negativicutes|o__Veillonellales_Selenomonadales|f__Sporomusaceae|g__Anaeromusa_Anaeroarcus|s__Sporomusaceae_bacterium	0.00000000	0.00001699	0.00000000	0.00000000	0.00000000	0.00000000	0.00003162	0.00000000	0.00000000	0.00000000	0.00000000	0.00000000	0.00000000	0.00000000
k__Bacteria|p__Firmicutes|c__Negativicutes|o__Veillonellales_Selenomonadales|f__Veillonellaceae|g__Anaeroglobus|s__Anaeroglobus_geminatus	0.00000000	0.00000000	0.00279447	0.00000000	0.00000000	0.00000000	0.00000000	0.00000000	0.00000000	0.00000000	0.00002136	0.00000000	0.00000000	0.00176237
k__Bacteria|p__Firmicutes|c__Negativicutes|o__Veillonellales_Selenomonadales|f__Veillonellaceae|g__Dialister|s__Dialister_pneumosintes	0.00000000	0.00001699	0.00047136	0.00000000	0.00000000	0.00000000	0.00000000	0.00000000	0.00000000	0.00000000	0.00000000	0.00000000	0.00000000	0.00011423
k__Bacteria|p__Firmicutes|c__Negativicutes|o__Veillonellales_Selenomonadales|f__Veillonellaceae|g__Dialister|s__Dialister_sp_Marseille_P5638	0.00000000	0.00006796	0.00000000	0.00000000	0.00000000	0.00000000	0.00001581	0.00006984	0.00001810	0.00000000	0.00002136	0.00000000	0.00000000	0.00000000
k__Bacteria|p__Firmicutes|c__Negativicutes|o__Veillonellales_Selenomonadales|f__Veillonellaceae|g__Megasphaera|s__Megasphaera_cerevisiae	0.00000000	0.00000000	0.00000000	0.00000000	0.00000000	0.00000000	0.00001581	0.00000000	0.00000000	0.00000000	0.00000000	0.00000000	0.00001697	0.00000000
k__Bacteria|p__Firmicutes|c__Negativicutes|o__Veillonellales_Selenomonadales|f__Veillonellaceae|g__Megasphaera|s__Megasphaera_elsdenii	0.00020061	0.00003398	0.00000000	0.00000000	0.00008867	0.00010378	0.00003162	0.00068094	0.00019909	0.00001971	0.00008544	0.00003173	0.00000000	0.00000000
k__Bacteria|p__Firmicutes|c__Negativicutes|o__Veillonellales_Selenomonadales|f__Veillonellaceae|g__Megasphaera|s__Megasphaera_micronuciformis	0.00000000	0.00006796	0.00008417	0.00000000	0.00000000	0.00000000	0.00000000	0.00000000	0.00000000	0.00000000	0.00000000	0.00003173	0.00000000	0.00014686
k__Bacteria|p__Firmicutes|c__Negativicutes|o__Veillonellales_Selenomonadales|f__Veillonellaceae|g__Megasphaera|s__Megasphaera_paucivorans	0.00000000	0.00000000	0.00000000	0.00000000	0.00000000	0.00000000	0.00000000	0.00005238	0.00000000	0.00000000	0.00000000	0.00000000	0.00000000	0.00000000
k__Bacteria|p__Firmicutes|c__Negativicutes|o__Veillonellales_Selenomonadales|f__Veillonellaceae|g__Megasphaera|s__Megasphaera_sp_20C	0.00000000	0.00000000	0.00000000	0.00000000	0.00000000	0.00000000	0.00000000	0.00003492	0.00000000	0.00000000	0.00000000	0.00000000	0.00000000	0.00000000
k__Bacteria|p__Firmicutes|c__Negativicutes|o__Veillonellales_Selenomonadales|f__Veillonellaceae|g__Veillonella|s__Veillonella_atypica	0.00000000	0.00006796	0.00057236	0.00003178	0.00000000	0.00000000	0.00000000	0.00000000	0.00000000	0.00000000	0.00000000	0.00006346	0.00000000	0.00021214
k__Bacteria|p__Firmicutes|c__Negativicutes|o__Veillonellales_Selenomonadales|f__Veillonellaceae|g__Veillonella|s__Veillonella_magna	0.00004012	0.00000000	0.00000000	0.00000000	0.00000000	0.00000000	0.00000000	0.00000000	0.00000000	0.00000000	0.00000000	0.00000000	0.00000000	0.00000000
k__Bacteria|p__Firmicutes|c__Negativicutes|o__Veillonellales_Selenomonadales|f__Veillonellaceae|g__Veillonella|s__Veillonella_parvula	0.00004012	0.00013591	0.00717135	0.00000000	0.00000000	0.00000000	0.00000000	0.00003492	0.00001810	0.00000000	0.00000000	0.00025383	0.00000000	0.00845286
k__Bacteria|p__Firmicutes|c__Thermacetogenia|o__Thermacetogeniales|f__Thermacetogeniaceae|g__Syntrophaceticus|s__Syntrophaceticus_schinkii	0.00000000	0.00000000	0.00000000	0.00000000	0.00000000	0.00000000	0.00000000	0.00000000	0.00000000	0.00000000	0.00000000	0.00000000	0.00000000	0.00000000
k__Bacteria|p__Firmicutes|c__unidentified_Firmicutes|o__Oscillospirales|f__Ruminococcaceae|g__unidentified_Ruminococcaceae|s__Acutalibacter_muris	0.00002006	0.00015290	0.00000000	0.00000000	0.00000000	0.00000000	0.00000000	0.00000000	0.00000000	0.00000000	0.00000000	0.00000000	0.00000000	0.00000000
k__Bacteria|p__Firmicutes|c__unidentified_Firmicutes|o__Oscillospirales|f__Ruminococcaceae|g__unidentified_Ruminococcaceae|s___Clostridium__leptum	0.00000000	0.00000000	0.00000000	0.00006357	0.00000000	0.00000000	0.00000000	0.00000000	0.00000000	0.00000000	0.00000000	0.00000000	0.00000000	0.00000000
k__Bacteria|p__Fusobacteriota|c__Fusobacteriia|o__Fusobacteriales|f__Fusobacteriaceae|g__Fusobacterium|s__Fusobacterium_nucleatum	0.00000000	0.00008494	0.01437638	0.00000000	0.00000000	0.00031134	0.00000000	0.00000000	0.00000000	0.00000000	0.00000000	0.00015864	0.00000000	0.00593985
k__Bacteria|p__Fusobacteriota|c__Fusobacteriia|o__Fusobacteriales|f__Leptotrichiaceae|g__Leptotrichia|s__Leptotrichia_hofstadii	0.00000000	0.00000000	0.00659899	0.00000000	0.00000000	0.00000000	0.00000000	0.00000000	0.00001810	0.00001971	0.00000000	0.00004759	0.00000000	0.01140647
k__Bacteria|p__Fusobacteriota|c__Fusobacteriia|o__Fusobacteriales|f__Leptotrichiaceae|g__Leptotrichia|s__Leptotrichia_sp_oral_clone_EI022	0.00000000	0.00000000	0.00084171	0.00000000	0.00000000	0.00000000	0.00000000	0.00000000	0.00000000	0.00000000	0.00000000	0.00000000	0.00000000	0.00048955
k__Bacteria|p__Fusobacteriota|c__Fusobacteriia|o__Fusobacteriales|f__Leptotrichiaceae|g__Leptotrichia|s__Leptotrichia_sp_oral_clone_FP036	0.00000000	0.00000000	0.00005050	0.00000000	0.00000000	0.00000000	0.00000000	0.00000000	0.00000000	0.00000000	0.00000000	0.00000000	0.00000000	0.00008159
k__Bacteria|p__Fusobacteriota|c__Fusobacteriia|o__Fusobacteriales|f__Leptotrichiaceae|g__Leptotrichia|s__Leptotrichia_sp_oral_taxon_498	0.00000000	0.00000000	0.00351834	0.00000000	0.00000000	0.00000000	0.00000000	0.00000000	0.00000000	0.00000000	0.00000000	0.00000000	0.00000000	0.00319838
k__Bacteria|p__Fusobacteriota|c__Fusobacteriia|o__Fusobacteriales|f__Leptotrichiaceae|g__Leptotrichia|s__Leptotrichia_sp_oral_taxon_847	0.00000000	0.00000000	0.00000000	0.00000000	0.00000000	0.00000000	0.00000000	0.00000000	0.00000000	0.00000000	0.00000000	0.00000000	0.00000000	0.00009791
k__Bacteria|p__Fusobacteriota|c__Fusobacteriia|o__Fusobacteriales|f__Leptotrichiaceae|g__Leptotrichia|s__Leptotrichia_wadei	0.00000000	0.00010193	0.00511759	0.00000000	0.00000000	0.00005189	0.00000000	0.00000000	0.00003620	0.00001971	0.00000000	0.00004759	0.00000000	0.01396844
k__Bacteria|p__Gracilibacteria|c__Candidatus_Peribacteria|o__unidentified_Candidatus_Peribacteria|f__unidentified_Candidatus_Peribacteria|g__unidentified_Candidatus_Peribacteria|s__Candidatus_Peribacter_riflensis	0.00000000	0.00000000	0.00000000	0.00000000	0.00000000	0.00000000	0.00000000	0.00000000	0.00000000	0.00000000	0.00000000	0.00000000	0.00000000	0.00000000
k__Bacteria|p__Gracilibacteria|c__unidentified_Gracilibacteria|o__JGI_0000069_P22|f__unidentified_JGI_0000069_P22|g__unidentified_JGI_0000069_P22|s__Candidatus_Gracilibacteria_bacterium_HOT_871	0.00000000	0.00000000	0.00010100	0.00000000	0.00000000	0.00000000	0.00000000	0.00000000	0.00000000	0.00000000	0.00000000	0.00001586	0.00000000	0.00000000
k__Bacteria|p__Gracilibacteria|c__unidentified_Gracilibacteria|o__unidentified_Gracilibacteria|f__unidentified_Gracilibacteria|g__unidentified_Gracilibacteria|s__Gracilibacteria_bacterium_canine_oral_taxon_291	0.00000000	0.00000000	0.00000000	0.00000000	0.00000000	0.00000000	0.00000000	0.00001746	0.00001810	0.00000000	0.00025633	0.00006346	0.00003394	0.00004895
k__Bacteria|p__Gracilibacteria|c__unidentified_Gracilibacteria|o__unidentified_Gracilibacteria|f__unidentified_Gracilibacteria|g__unidentified_Gracilibacteria|s__Gracilibacteria_bacterium_oral_taxon_873	0.00000000	0.00000000	0.00013467	0.00000000	0.00000000	0.00000000	0.00000000	0.00000000	0.00000000	0.00000000	0.00000000	0.00000000	0.00000000	0.00000000
k__Bacteria|p__Hydrogenedentes|c__Hydrogenedentia|o__Hydrogenedentiales|f__Hydrogenedensaceae|g__unidentified_Hydrogenedensaceae|s__Candidatus_Hydrogenedentes_bacterium_ADurb.Bin101	0.00000000	0.00000000	0.00000000	0.00000000	0.00008867	0.00000000	0.00000000	0.00003492	0.00001810	0.00000000	0.00000000	0.00000000	0.00000000	0.00000000
k__Bacteria|p__Kapabacteria|c__unidentified_Kapabacteria|o__Kapabacteriales|f__unidentified_Kapabacteriales|g__unidentified_Kapabacteriales|s__Candidatus_Kapabacteria_sp_59_99	0.00000000	0.00000000	0.00000000	0.00000000	0.00000000	0.00005189	0.00000000	0.00000000	0.00000000	0.00000000	0.00000000	0.00000000	0.00000000	0.00000000
k__Bacteria|p__Kapabacteria|c__unidentified_Kapabacteria|o__Kapabacteriales|f__unidentified_Kapabacteriales|g__unidentified_Kapabacteriales|s__Chlorobi_bacterium_canine_oral_taxon_312	0.00000000	0.00000000	0.00000000	0.00000000	0.00000000	0.00000000	0.00000000	0.00000000	0.00003620	0.00000000	0.00000000	0.00000000	0.00000000	0.00000000
k__Bacteria|p__Kapabacteria|c__unidentified_Kapabacteria|o__Kapabacteriales|f__unidentified_Kapabacteriales|g__unidentified_Kapabacteriales|s__Ignavibacteria_bacterium_GWB2_35_12	0.00004012	0.00010193	0.00000000	0.00000000	0.00000000	0.00000000	0.00000000	0.00000000	0.00000000	0.00000000	0.00000000	0.00000000	0.00001697	0.00000000
k__Bacteria|p__Kapabacteria|c__unidentified_Kapabacteria|o__Kapabacteriales|f__unidentified_Kapabacteriales|g__unidentified_Kapabacteriales|s__bacterium_enrichment_culture_clone_M624	0.00008024	0.00011892	0.00000000	0.00000000	0.00000000	0.00000000	0.00000000	0.00003492	0.00000000	0.00000000	0.00000000	0.00000000	0.00000000	0.00000000
k__Bacteria|p__Kryptonia|c__unidentified_Kryptonia|o__Kryptoniales|f__BSV26|g__unidentified_BSV26|s__Ignavibacteria_bacterium_RIFCSPLOWO2_12_FULL_56_21	0.00064194	0.00000000	0.00000000	0.00012714	0.00008867	0.00000000	0.00004743	0.00000000	0.00000000	0.00000000	0.00002136	0.00000000	0.00000000	0.00006527
k__Bacteria|p__Kryptonia|c__unidentified_Kryptonia|o__Kryptoniales|f__BSV26|g__unidentified_BSV26|s__denitrifying_bacterium_enrichment_culture_clone_NOA_1_E9	0.00002006	0.00000000	0.00000000	0.00000000	0.00005911	0.00000000	0.00000000	0.00000000	0.00000000	0.00000000	0.00000000	0.00000000	0.00000000	0.00000000
k__Bacteria|p__Kryptonia|c__unidentified_Kryptonia|o__Kryptoniales|f__BSV26|g__unidentified_BSV26|s__denitrifying_bacterium_enrichment_culture_clone_NOB_2_H7	0.00004012	0.00000000	0.00000000	0.00000000	0.00000000	0.00000000	0.00000000	0.00000000	0.00000000	0.00000000	0.00000000	0.00000000	0.00000000	0.00000000
k__Bacteria|p__LCP_89|c__unidentified_LCP_89|o__unidentified_LCP_89|f__unidentified_LCP_89|g__unidentified_LCP_89|s__saltmarsh_clone_LCP_89	0.00000000	0.00005097	0.00000000	0.00000000	0.00000000	0.00000000	0.00000000	0.00000000	0.00000000	0.00000000	0.00000000	0.00000000	0.00000000	0.00000000
k__Bacteria|p__Latescibacterota|c__unidentified_Latescibacterota|o__unidentified_Latescibacterota|f__unidentified_Latescibacterota|g__unidentified_Latescibacterota|s__Latescibacteria_bacterium_DG_63	0.00012036	0.00091740	0.00000000	0.00000000	0.00000000	0.00000000	0.00001581	0.00000000	0.00000000	0.00000000	0.00000000	0.00000000	0.00000000	0.00000000
k__Bacteria|p__MBNT15|c__unidentified_MBNT15|o__unidentified_MBNT15|f__unidentified_MBNT15|g__unidentified_MBNT15|s__Actinobacteria_bacterium_RBG_13_63_9	0.00000000	0.00059461	0.00000000	0.00000000	0.00000000	0.00000000	0.00000000	0.00000000	0.00000000	0.00000000	0.00000000	0.00000000	0.00000000	0.00000000
k__Bacteria|p__MBNT15|c__unidentified_MBNT15|o__unidentified_MBNT15|f__unidentified_MBNT15|g__unidentified_MBNT15|s__Deltaproteobacteria_bacterium_CSP1_8	0.00074224	0.00028881	0.00006734	0.00009535	0.00032513	0.00015567	0.00003162	0.00006984	0.00000000	0.00039429	0.00002136	0.00011105	0.00006788	0.00006527
k__Bacteria|p__MBNT15|c__unidentified_MBNT15|o__unidentified_MBNT15|f__unidentified_MBNT15|g__unidentified_MBNT15|s__Deltaproteobacteria_bacterium_RBG_13_61_14	0.00000000	0.00016989	0.00000000	0.00000000	0.00000000	0.00000000	0.00000000	0.00000000	0.00000000	0.00000000	0.00000000	0.00000000	0.00000000	0.00000000
k__Bacteria|p__Methylomirabilota|c__Methylomirabilia|o__Methylomirabilales|f__Methylomirabilaceae|g__Sh765B_TzT_35|s__candidate_division_NC10_bacterium_RIFCSPLOWO2_02_FULL_66_22	0.00004012	0.00000000	0.00000000	0.00000000	0.00000000	0.00000000	0.00000000	0.00000000	0.00000000	0.00000000	0.00000000	0.00000000	0.00000000	0.00000000
k__Bacteria|p__Methylomirabilota|c__Methylomirabilia|o__Rokubacteriales|f__unidentified_Rokubacteriales|g__unidentified_Rokubacteriales|s__Candidatus_Rokubacteria_bacterium_CSP1_6	0.00004012	0.00000000	0.00000000	0.00000000	0.00000000	0.00000000	0.00000000	0.00000000	0.00000000	0.00000000	0.00000000	0.00000000	0.00000000	0.00000000
k__Bacteria|p__Modulibacteria|c__Moduliflexia|o__Moduliflexales|f__Moduliflexaceae|g__Candidatus_Moduliflexus|s__bacterium_UASB14	0.00002006	0.00003398	0.00000000	0.00000000	0.00014778	0.00007784	0.00000000	0.00010476	0.00000000	0.00001971	0.00002136	0.00000000	0.00000000	0.00000000
k__Bacteria|p__Myxococcota|c__Myxococcia|o__Myxococcales|f__Myxococcaceae|g__Archangium|s__Archangium_gephyra	0.00000000	0.00000000	0.00000000	0.00000000	0.00008867	0.00000000	0.00000000	0.00000000	0.00000000	0.00000000	0.00000000	0.00000000	0.00000000	0.00000000
k__Bacteria|p__Myxococcota|c__Polyangia|o__Blfdi19|f__unidentified_Blfdi19|g__unidentified_Blfdi19|s__Anaeromyxobacter_dehalogenans	0.00000000	0.00000000	0.00000000	0.00000000	0.00000000	0.00000000	0.00000000	0.00000000	0.00000000	0.00000000	0.00000000	0.00000000	0.00000000	0.00000000
k__Bacteria|p__Myxococcota|c__Polyangia|o__Nannocystales|f__Nannocystaceae|g__Nannocystis|s__Nannocystis_pusilla	0.00004012	0.00000000	0.00000000	0.00000000	0.00005911	0.00036323	0.00000000	0.00001746	0.00000000	0.00007886	0.00000000	0.00000000	0.00000000	0.00000000
k__Bacteria|p__Myxococcota|c__Polyangia|o__Polyangiales|f__Polyangiaceae|g__Labilithrix|s__Racemicystis_crocea	0.00000000	0.00000000	0.00000000	0.00009535	0.00000000	0.00041512	0.00000000	0.00000000	0.00000000	0.00001971	0.00000000	0.00000000	0.00000000	0.00000000
k__Bacteria|p__Myxococcota|c__Polyangia|o__mle1_27|f__unidentified_mle1_27|g__unidentified_mle1_27|s__Myxococcales_bacterium_Gsoil_473	0.00000000	0.00000000	0.00000000	0.00000000	0.00000000	0.00005189	0.00000000	0.00000000	0.00000000	0.00001971	0.00002136	0.00000000	0.00000000	0.00000000
k__Bacteria|p__Nitrospirota|c__Leptospirillia|o__Leptospirillales|f__Leptospirillaceae|g__Leptospirillum|s__Nitrospirae_bacterium_RIFCSPHIGHO2_01_FULL_66_17	0.00050151	0.00117223	0.00001683	0.00003178	0.00002956	0.00000000	0.00003162	0.00000000	0.00000000	0.00000000	0.00000000	0.00003173	0.00000000	0.00000000
k__Bacteria|p__Nitrospirota|c__Nitrospira|o__Nitrospirales|f__Nitrospiraceae|g__unidentified_Nitrospiraceae|s__Nitrospirae_bacterium_RIFCSPLOWO2_01_FULL_62_17	0.00012036	0.00000000	0.00000000	0.00006357	0.00008867	0.00000000	0.00000000	0.00000000	0.00000000	0.00000000	0.00000000	0.00000000	0.00000000	0.00000000
k__Bacteria|p__Planctomycetes|c__unidentified_Planctomycetes|o__Pirellulales|f__Pirellulaceae|g__Pirellula|s__Pirellula_sp_SH_Sr6A	0.00000000	0.00000000	0.00000000	0.00000000	0.00000000	0.00000000	0.00000000	0.00000000	0.00000000	0.00000000	0.00000000	0.00001586	0.00000000	0.00003264
k__Bacteria|p__Planctomycetota|c__OM190|o__unidentified_OM190|f__unidentified_OM190|g__unidentified_OM190|s__planctomycete_A_2	0.00004012	0.00000000	0.00000000	0.00000000	0.00000000	0.00000000	0.00000000	0.00000000	0.00000000	0.00000000	0.00000000	0.00000000	0.00000000	0.00000000
k__Bacteria|p__Proteobacteria|c__Alphaproteobacteria|o__Acetobacterales|f__Acetobacteraceae|g__Acetobacter|s__Acetobacter_pasteurianus	0.00000000	0.00000000	0.00001683	0.00003178	0.00005911	0.00000000	0.00001581	0.00000000	0.00000000	0.00000000	0.00002136	0.00000000	0.00001697	0.00000000
k__Bacteria|p__Proteobacteria|c__Alphaproteobacteria|o__Acetobacterales|f__Acetobacteraceae|g__Commensalibacter|s__Commensalibacter_sp_AMU001	0.00000000	0.00000000	0.00000000	0.00000000	0.00000000	0.00000000	0.00000000	0.00000000	0.00007240	0.00000000	0.00000000	0.00000000	0.00001697	0.00000000
k__Bacteria|p__Proteobacteria|c__Alphaproteobacteria|o__Acetobacterales|f__Acetobacteraceae|g__Craurococcus_Caldovatus|s__Craurococcus_roseus	0.00000000	0.00000000	0.00000000	0.00000000	0.00000000	0.00000000	0.00000000	0.00000000	0.00000000	0.00000000	0.00000000	0.00014278	0.00000000	0.00000000
k__Bacteria|p__Proteobacteria|c__Alphaproteobacteria|o__Acetobacterales|f__Acetobacteraceae|g__Crenalkalicoccus|s__Crenalkalicoccus_roseus	0.00004012	0.00000000	0.00000000	0.00000000	0.00000000	0.00000000	0.00000000	0.00000000	0.00000000	0.00000000	0.00000000	0.00000000	0.00000000	0.00000000
k__Bacteria|p__Proteobacteria|c__Alphaproteobacteria|o__Acetobacterales|f__Acetobacteraceae|g__Gluconobacter|s__Gluconobacter_frateurii	0.00000000	0.00000000	0.00000000	0.00000000	0.00000000	0.00000000	0.00000000	0.00000000	0.00000000	0.00000000	0.00000000	0.00000000	0.00000000	0.00000000
k__Bacteria|p__Proteobacteria|c__Alphaproteobacteria|o__Acetobacterales|f__Acetobacteraceae|g__Rhodovarius|s__Rhodovarius_sp_CCP_6	0.00000000	0.00000000	0.00000000	0.00000000	0.00000000	0.00000000	0.00000000	0.00000000	0.00000000	0.00000000	0.00000000	0.00000000	0.00000000	0.00003264
k__Bacteria|p__Proteobacteria|c__Alphaproteobacteria|o__Acetobacterales|f__Acetobacteraceae|g__Roseomonas|s__Roseomonas_cervicalis	0.00002006	0.00000000	0.00005050	0.00000000	0.00005911	0.00000000	0.00000000	0.00000000	0.00000000	0.00000000	0.00000000	0.00003173	0.00000000	0.00003264
k__Bacteria|p__Proteobacteria|c__Alphaproteobacteria|o__Acetobacterales|f__Acetobacteraceae|g__Roseomonas|s__Roseomonas_frigidaquae	0.00000000	0.00000000	0.00000000	0.00000000	0.00000000	0.00000000	0.00000000	0.00000000	0.00000000	0.00000000	0.00000000	0.00000000	0.00000000	0.00003264
k__Bacteria|p__Proteobacteria|c__Alphaproteobacteria|o__Acetobacterales|f__Acetobacteraceae|g__Roseomonas|s__Roseomonas_terricola	0.00002006	0.00000000	0.00000000	0.00003178	0.00000000	0.00000000	0.00001581	0.00000000	0.00000000	0.00000000	0.00000000	0.00000000	0.00000000	0.00000000
k__Bacteria|p__Proteobacteria|c__Alphaproteobacteria|o__Caulobacterales|f__Caulobacteraceae|g__Asticcacaulis|s__Asticcacaulis_excentricus	0.00002006	0.00000000	0.00011784	0.00000000	0.00000000	0.00000000	0.00000000	0.00000000	0.00000000	0.00000000	0.00000000	0.00000000	0.00005091	0.00022846
k__Bacteria|p__Proteobacteria|c__Alphaproteobacteria|o__Caulobacterales|f__Caulobacteraceae|g__Brevundimonas|s__Brevundimonas_diminuta	0.00004012	0.00001699	0.00055553	0.00000000	0.00073892	0.00007784	0.00000000	0.00024444	0.00030769	0.00015772	0.00042721	0.00074563	0.00040727	0.00104437
k__Bacteria|p__Proteobacteria|c__Alphaproteobacteria|o__Caulobacterales|f__Caulobacteraceae|g__Brevundimonas|s__Brevundimonas_vesicularis	0.00006018	0.00001699	0.00117839	0.00012714	0.00035468	0.00033729	0.00006324	0.00019206	0.00047058	0.00011829	0.00053402	0.00053939	0.00142544	0.00155024
k__Bacteria|p__Proteobacteria|c__Alphaproteobacteria|o__Ferrovibrionales|f__Ferrovibrionaceae|g__Ferrovibrio|s__Ferrovibrio_denitrificans	0.00000000	0.00000000	0.00000000	0.00009535	0.00002956	0.00005189	0.00000000	0.00000000	0.00000000	0.00000000	0.00000000	0.00000000	0.00000000	0.00000000
k__Bacteria|p__Proteobacteria|c__Alphaproteobacteria|o__Paracaedibacterales|f__Paracaedibacteraceae|g__Candidatus_Captivus|s__Candidatus_Captivus_acidiprotistae	0.00000000	0.00000000	0.00000000	0.00000000	0.00000000	0.00000000	0.00000000	0.00000000	0.00000000	0.00000000	0.00002136	0.00000000	0.00000000	0.00000000
k__Bacteria|p__Proteobacteria|c__Alphaproteobacteria|o__Paracaedibacterales|f__Paracaedibacteraceae|g__Candidatus_Paracaedibacter|s__endosymbiont_of_Acanthamoeba_sp_KA_E9	0.00000000	0.00000000	0.00000000	0.00000000	0.00000000	0.00007784	0.00000000	0.00000000	0.00000000	0.00000000	0.00000000	0.00000000	0.00000000	0.00000000
k__Bacteria|p__Proteobacteria|c__Alphaproteobacteria|o__Rhizobiales|f__Beijerinckiaceae|g__Methylobacterium_Methylorubrum|s__Methylobacterium_brachiatum	0.00006018	0.01396487	0.00005050	0.00000000	0.00011823	0.00000000	0.00004743	0.00000000	0.00890482	0.00000000	0.00000000	0.00805914	0.00005091	0.00008159
k__Bacteria|p__Proteobacteria|c__Alphaproteobacteria|o__Rhizobiales|f__Devosiaceae|g__Devosia|s__Devosia_riboflavina	0.00006018	0.00001699	0.00060603	0.00000000	0.00014778	0.00000000	0.00000000	0.00003492	0.00003620	0.00005914	0.00006408	0.00006346	0.00010182	0.00048955
k__Bacteria|p__Proteobacteria|c__Alphaproteobacteria|o__Rhizobiales|f__Pleomorphomonadaceae|g__Prosthecomicrobium|s__Prosthecomicrobium_hirschii	0.00000000	0.00000000	0.00000000	0.00000000	0.00002956	0.00000000	0.00006324	0.00001746	0.00000000	0.00000000	0.00000000	0.00000000	0.00000000	0.00004895
k__Bacteria|p__Proteobacteria|c__Alphaproteobacteria|o__Rhizobiales|f__Rhizobiaceae|g__Pseudochrobactrum|s__Pseudochrobactrum_saccharolyticum	0.00012036	0.00001699	0.00031985	0.00003178	0.00008867	0.00000000	0.00000000	0.00013968	0.00018099	0.00001971	0.00004272	0.00007932	0.00013576	0.00042428
k__Bacteria|p__Proteobacteria|c__Alphaproteobacteria|o__Rhizobiales|f__Stappiaceae|g__Pannonibacter|s__Pannonibacter_phragmitetus	0.00000000	0.00000000	0.00005050	0.00009535	0.00000000	0.00000000	0.00000000	0.00000000	0.00005430	0.00000000	0.00000000	0.00001586	0.00003394	0.00009791
k__Bacteria|p__Proteobacteria|c__Alphaproteobacteria|o__Rhizobiales|f__Xanthobacteraceae|g__Bradyrhizobium|s__Bradyrhizobium_elkanii	0.00052158	0.00000000	0.00033668	0.00489479	0.00585227	0.00101186	0.00229256	0.00415546	0.00117645	0.00145888	0.00173021	0.00014278	0.00030545	0.00150128
k__Bacteria|p__Proteobacteria|c__Alphaproteobacteria|o__Rhizobiales|f__Xanthobacteraceae|g__Rhodopseudomonas|s__Rhodopseudomonas_palustris	0.00000000	0.00003398	0.00003367	0.00000000	0.00000000	0.00002595	0.00003162	0.00001746	0.00041628	0.00000000	0.00000000	0.00000000	0.00003394	0.00000000
k__Bacteria|p__Proteobacteria|c__Alphaproteobacteria|o__Rhizobiales|f__unidentified_Rhizobiales|g__Nordella|s__bacterium_enrichment_culture_clone_Anammox_34	0.00000000	0.00000000	0.00001683	0.00000000	0.00000000	0.00000000	0.00000000	0.00000000	0.00000000	0.00000000	0.00000000	0.00000000	0.00000000	0.00003264
k__Bacteria|p__Proteobacteria|c__Alphaproteobacteria|o__Rhodobacterales|f__Rhodobacteraceae|g__Cereibacter|s__Cereibacter_changlensis	0.00006018	0.00013591	0.00117839	0.00006357	0.00005911	0.00018162	0.00026878	0.00080316	0.00036198	0.00171516	0.00044857	0.00087254	0.00096727	0.00236615
k__Bacteria|p__Proteobacteria|c__Alphaproteobacteria|o__Rhodobacterales|f__Rhodobacteraceae|g__Rhodobacter|s__Rhodobacter_blasticus	0.00014042	0.00000000	0.00154874	0.00003178	0.00014778	0.00002595	0.00000000	0.00013968	0.00001810	0.00003943	0.00000000	0.00014278	0.00016970	0.00040796
k__Bacteria|p__Proteobacteria|c__Alphaproteobacteria|o__Rhodobacterales|f__Rhodobacteraceae|g__Rhodobacter|s__Rhodobacter_sp_LPB0142	0.00000000	0.00000000	0.00031985	0.00006357	0.00000000	0.00005189	0.00004743	0.00057618	0.00023529	0.00053229	0.00025633	0.00041248	0.00100120	0.00063641
k__Bacteria|p__Proteobacteria|c__Alphaproteobacteria|o__Rhodospirillales|f__Rhodospirillaceae|g__Haematospirillum|s__Haematospirillum_jordaniae	0.00000000	0.00006796	0.00000000	0.00000000	0.00000000	0.00000000	0.00000000	0.00000000	0.00000000	0.00000000	0.00000000	0.00000000	0.00000000	0.00000000
k__Bacteria|p__Proteobacteria|c__Alphaproteobacteria|o__Rhodospirillales|f__Rhodospirillaceae|g__Novispirillum|s__Novispirillum_itersonii	0.00000000	0.00000000	0.00000000	0.00000000	0.00000000	0.00007784	0.00000000	0.00000000	0.00000000	0.00000000	0.00000000	0.00001586	0.00000000	0.00000000
k__Bacteria|p__Proteobacteria|c__Alphaproteobacteria|o__Rhodospirillales|f__Rhodospirillaceae|g__Pararhodospirillum|s__Pararhodospirillum_photometricum	0.00000000	0.00000000	0.00000000	0.00000000	0.00000000	0.00000000	0.00000000	0.00000000	0.00000000	0.00000000	0.00008544	0.00000000	0.00000000	0.00000000
k__Bacteria|p__Proteobacteria|c__Alphaproteobacteria|o__Rickettsiales|f__Fokiniaceae|g__Candidatus_Anadelfobacter|s__Candidatus_Anadelfobacter_veles	0.00000000	0.00000000	0.00000000	0.00000000	0.00000000	0.00000000	0.00000000	0.00000000	0.00000000	0.00000000	0.00000000	0.00000000	0.00000000	0.00000000
k__Bacteria|p__Proteobacteria|c__Alphaproteobacteria|o__Sphingomonadales|f__Sphingomonadaceae|g__Novosphingobium|s__Novosphingobium_sp_THN1	0.00000000	0.00000000	0.00000000	0.00000000	0.00000000	0.00000000	0.00000000	0.00000000	0.00000000	0.00000000	0.00000000	0.00000000	0.00000000	0.00000000
k__Bacteria|p__Proteobacteria|c__Alphaproteobacteria|o__Tistrellales|f__Tistrellaceae|g__Tistrella|s__Rhodobium_sp_2	0.00000000	0.00000000	0.00000000	0.00000000	0.00000000	0.00000000	0.00000000	0.00000000	0.00000000	0.00000000	0.00000000	0.00000000	0.00000000	0.00000000
k__Bacteria|p__Proteobacteria|c__Alphaproteobacteria|o__Zavarziniales|f__Zavarziniaceae|g__Zavarzinia|s__Zavarzinia_compransoris	0.00000000	0.00000000	0.00000000	0.00000000	0.00000000	0.00000000	0.00000000	0.00000000	0.00000000	0.00000000	0.00000000	0.00000000	0.00000000	0.00000000
k__Bacteria|p__Proteobacteria|c__Gammaproteobacteria|o__Beggiatoales|f__Beggiatoaceae|g__Beggiatoa|s__Beggiatoa_sp_AA5A	0.00002006	0.00000000	0.00000000	0.00000000	0.00000000	0.00000000	0.00000000	0.00000000	0.00001810	0.00000000	0.00000000	0.00000000	0.00000000	0.00000000
k__Bacteria|p__Proteobacteria|c__Gammaproteobacteria|o__Burkholderiales|f__Alcaligenaceae|g__Alcaligenes|s__Alcaligenes_faecalis	0.00000000	0.00003398	0.00000000	0.00003178	0.00002956	0.00002595	0.00000000	0.00005238	0.00095926	0.00000000	0.00000000	0.00003173	0.00001697	0.00000000
k__Bacteria|p__Proteobacteria|c__Gammaproteobacteria|o__Burkholderiales|f__Aquaspirillaceae|g__Aquaspirillum|s__Aquaspirillum_putridiconchylium	0.00000000	0.00000000	0.00000000	0.00000000	0.00000000	0.00000000	0.00000000	0.00000000	0.00000000	0.00000000	0.00000000	0.00000000	0.00000000	0.00000000
k__Bacteria|p__Proteobacteria|c__Gammaproteobacteria|o__Burkholderiales|f__Aquaspirillaceae|g__Aquaspirillum|s__Aquaspirillum_serpens	0.00022067	0.00030580	0.00011784	0.00000000	0.00000000	0.00018162	0.00000000	0.00069840	0.00003620	0.00011829	0.00010680	0.00003173	0.00000000	0.00000000
k__Bacteria|p__Proteobacteria|c__Gammaproteobacteria|o__Burkholderiales|f__Aquaspirillaceae|g__Laribacter|s__Laribacter_hongkongensis	0.00002006	0.00000000	0.00000000	0.00000000	0.00000000	0.00000000	0.00000000	0.00017460	0.00000000	0.00000000	0.00000000	0.00000000	0.00001697	0.00000000
k__Bacteria|p__Proteobacteria|c__Gammaproteobacteria|o__Burkholderiales|f__Aquaspirillaceae|g__Microvirgula|s__Microvirgula_aerodenitrificans	0.00000000	0.00000000	0.00000000	0.00000000	0.00000000	0.00000000	0.00000000	0.00000000	0.00000000	0.00000000	0.00000000	0.00000000	0.00000000	0.00000000
k__Bacteria|p__Proteobacteria|c__Gammaproteobacteria|o__Burkholderiales|f__Burkholderiaceae|g__Burkholderia_Caballeronia_Paraburkholderia|s__Burkholderia_cenocepacia	0.00002006	0.00000000	0.00000000	0.00000000	0.00000000	0.00000000	0.00000000	0.00000000	0.00047058	0.00000000	0.00000000	0.00000000	0.00006788	0.00001632
k__Bacteria|p__Proteobacteria|c__Gammaproteobacteria|o__Burkholderiales|f__Burkholderiaceae|g__Burkholderia_Caballeronia_Paraburkholderia|s__Paraburkholderia_fungorum	0.00008024	0.00003398	0.00000000	0.00060390	0.00014778	0.00000000	0.00014230	0.00029682	0.00000000	0.00011829	0.00012816	0.00000000	0.00000000	0.00000000
k__Bacteria|p__Proteobacteria|c__Gammaproteobacteria|o__Burkholderiales|f__Burkholderiaceae|g__Cupriavidus|s__Cupriavidus_pauculus	0.00000000	0.00088342	0.00006734	0.00003178	0.00000000	0.00010378	0.00014230	0.00000000	0.00119455	0.00000000	0.00004272	0.00012692	0.00074666	0.00000000
k__Bacteria|p__Proteobacteria|c__Gammaproteobacteria|o__Burkholderiales|f__Burkholderiaceae|g__Limnobacter|s__Limnobacter_litoralis	0.00000000	0.00000000	0.00000000	0.00000000	0.00000000	0.00012973	0.00000000	0.00000000	0.00000000	0.00000000	0.00000000	0.00000000	0.00000000	0.00000000
k__Bacteria|p__Proteobacteria|c__Gammaproteobacteria|o__Burkholderiales|f__Burkholderiaceae|g__Ralstonia|s__Ralstonia_pickettii	0.00250757	0.00319391	0.00047136	0.00146208	0.00082759	0.00020756	0.00033203	0.00022698	0.02228014	0.00013800	0.00008544	0.00031729	0.01430535	0.00016318
k__Bacteria|p__Proteobacteria|c__Gammaproteobacteria|o__Burkholderiales|f__Chitinibacteraceae|g__Chitinilyticum|s__Chitinilyticum_aquatile	0.00000000	0.00000000	0.00000000	0.00000000	0.00000000	0.00000000	0.00001581	0.00000000	0.00000000	0.00000000	0.00000000	0.00003173	0.00000000	0.00000000
k__Bacteria|p__Proteobacteria|c__Gammaproteobacteria|o__Burkholderiales|f__Chitinibacteraceae|g__Formivibrio|s__Formivibrio_citricus	0.00006018	0.00000000	0.00000000	0.00000000	0.00000000	0.00000000	0.00000000	0.00001746	0.00003620	0.00000000	0.00000000	0.00000000	0.00000000	0.00000000
k__Bacteria|p__Proteobacteria|c__Gammaproteobacteria|o__Burkholderiales|f__Chitinimonadaceae|g__Chitinimonas|s__Chitinimonas_taiwanensis	0.00006018	0.00000000	0.00000000	0.00000000	0.00000000	0.00005189	0.00000000	0.00000000	0.00000000	0.00000000	0.00000000	0.00000000	0.00003394	0.00000000
k__Bacteria|p__Proteobacteria|c__Gammaproteobacteria|o__Burkholderiales|f__Chromobacteriaceae|g__Aquitalea|s__Aquitalea_magnusonii	0.00000000	0.00000000	0.00000000	0.00000000	0.00000000	0.00000000	0.00000000	0.00000000	0.00000000	0.00000000	0.00000000	0.00000000	0.00001697	0.00000000
k__Bacteria|p__Proteobacteria|c__Gammaproteobacteria|o__Burkholderiales|f__Chromobacteriaceae|g__Vogesella|s__Vogesella_amnigena	0.00000000	0.00013591	0.00001683	0.00012714	0.00000000	0.00010378	0.00000000	0.00000000	0.00000000	0.00000000	0.00000000	0.00000000	0.00000000	0.00000000
k__Bacteria|p__Proteobacteria|c__Gammaproteobacteria|o__Burkholderiales|f__Chromobacteriaceae|g__Vogesella|s__Vogesella_fluminis	0.00004012	0.00008494	0.00000000	0.00000000	0.00000000	0.00000000	0.00000000	0.00000000	0.00000000	0.00000000	0.00000000	0.00000000	0.00000000	0.00000000
k__Bacteria|p__Proteobacteria|c__Gammaproteobacteria|o__Burkholderiales|f__Comamonadaceae|g__Comamonas|s__Comamonas_denitrificans	0.00000000	0.00000000	0.00010100	0.00000000	0.00000000	0.00005189	0.00000000	0.00015714	0.00012669	0.00007886	0.00002136	0.00000000	0.00006788	0.00006527
k__Bacteria|p__Proteobacteria|c__Gammaproteobacteria|o__Burkholderiales|f__Comamonadaceae|g__Comamonas|s__Comamonas_koreensis	0.00000000	0.00000000	0.00000000	0.00000000	0.00000000	0.00000000	0.00000000	0.00000000	0.00000000	0.00000000	0.00000000	0.00004759	0.00001697	0.00003264
k__Bacteria|p__Proteobacteria|c__Gammaproteobacteria|o__Burkholderiales|f__Comamonadaceae|g__Comamonas|s__Ottowia_sp_oral_taxon_894	0.00000000	0.00000000	0.00292914	0.00000000	0.00000000	0.00000000	0.00000000	0.00000000	0.00000000	0.00000000	0.00000000	0.00000000	0.00000000	0.00158287
k__Bacteria|p__Proteobacteria|c__Gammaproteobacteria|o__Burkholderiales|f__Comamonadaceae|g__Curvibacter|s__Curvibacter_gracilis	0.00000000	0.00000000	0.00000000	0.00000000	0.00000000	0.00005189	0.00000000	0.00000000	0.00000000	0.00000000	0.00000000	0.00006346	0.00001697	0.00000000
k__Bacteria|p__Proteobacteria|c__Gammaproteobacteria|o__Burkholderiales|f__Comamonadaceae|g__Hylemonella|s__Hylemonella_gracilis	0.00000000	0.00000000	0.00000000	0.00000000	0.00000000	0.00000000	0.00000000	0.00000000	0.00001810	0.00000000	0.00000000	0.00000000	0.00000000	0.00000000
k__Bacteria|p__Proteobacteria|c__Gammaproteobacteria|o__Burkholderiales|f__Comamonadaceae|g__Sphaerotilus|s__Sphaerotilus_natans	0.00000000	0.00000000	0.00000000	0.00000000	0.00000000	0.00000000	0.00000000	0.00008730	0.00005430	0.00001971	0.00000000	0.00000000	0.00000000	0.00001632
k__Bacteria|p__Proteobacteria|c__Gammaproteobacteria|o__Burkholderiales|f__Comamonadaceae|g__Thiomonas|s__Thiomonas_intermedia	0.00012036	0.00000000	0.00020201	0.00009535	0.00005911	0.00007784	0.00003162	0.00040158	0.00010860	0.00045343	0.00123892	0.00061871	0.00054303	0.00079960
k__Bacteria|p__Proteobacteria|c__Gammaproteobacteria|o__Burkholderiales|f__Comamonadaceae|g__Variovorax|s__Variovorax_paradoxus	0.00006018	0.00000000	0.00023568	0.00025427	0.00008867	0.00015567	0.00004743	0.00017460	0.00003620	0.00005914	0.00006408	0.00019037	0.00042424	0.00032637
k__Bacteria|p__Proteobacteria|c__Gammaproteobacteria|o__Burkholderiales|f__Hydrogenophilaceae|g__Spirillum|s__Spirillum_winogradskyi	0.00000000	0.00000000	0.00000000	0.00000000	0.00000000	0.00000000	0.00000000	0.00000000	0.00000000	0.00000000	0.00000000	0.00000000	0.00000000	0.00000000
k__Bacteria|p__Proteobacteria|c__Gammaproteobacteria|o__Burkholderiales|f__Neisseriaceae|g__Eikenella|s__Eikenella_corrodens	0.00000000	0.00000000	0.00223894	0.00000000	0.00000000	0.00002595	0.00000000	0.00000000	0.00000000	0.00001971	0.00000000	0.00001586	0.00000000	0.00024477
k__Bacteria|p__Proteobacteria|c__Gammaproteobacteria|o__Burkholderiales|f__Neisseriaceae|g__Neisseria|s__Neisseria_bacilliformis	0.00004012	0.00005097	0.00005050	0.00000000	0.00000000	0.00000000	0.00000000	0.00000000	0.00000000	0.00000000	0.00000000	0.00004759	0.00000000	0.00000000
k__Bacteria|p__Proteobacteria|c__Gammaproteobacteria|o__Burkholderiales|f__Neisseriaceae|g__Neisseria|s__Neisseria_elongata	0.00000000	0.00000000	0.01424170	0.00000000	0.00000000	0.00000000	0.00000000	0.00000000	0.00000000	0.00000000	0.00000000	0.00000000	0.00000000	0.00122387
k__Bacteria|p__Proteobacteria|c__Gammaproteobacteria|o__Burkholderiales|f__Neisseriaceae|g__Neisseria|s__Neisseria_mucosa	0.00000000	0.00074751	0.00875377	0.00000000	0.00000000	0.00000000	0.00000000	0.00000000	0.00001810	0.00007886	0.00000000	0.00066631	0.00000000	0.00034268
k__Bacteria|p__Proteobacteria|c__Gammaproteobacteria|o__Burkholderiales|f__Nitrosomonadaceae|g__Nitrosomonas|s__Nitrosomonas_communis	0.00000000	0.00000000	0.00000000	0.00000000	0.00000000	0.00000000	0.00000000	0.00000000	0.00000000	0.00000000	0.00002136	0.00000000	0.00001697	0.00003264
k__Bacteria|p__Proteobacteria|c__Gammaproteobacteria|o__Burkholderiales|f__Nitrosomonadaceae|g__Nitrosomonas|s__Nitrosomonas_europaea	0.00000000	0.00000000	0.00000000	0.00000000	0.00000000	0.00000000	0.00000000	0.00012222	0.00000000	0.00001971	0.00006408	0.00000000	0.00000000	0.00000000
k__Bacteria|p__Proteobacteria|c__Gammaproteobacteria|o__Burkholderiales|f__Nitrosomonadaceae|g__Nitrosomonas|s__Nitrosomonas_sp_PY1	0.00000000	0.00000000	0.00001683	0.00000000	0.00002956	0.00000000	0.00001581	0.00000000	0.00000000	0.00000000	0.00000000	0.00000000	0.00000000	0.00000000
k__Bacteria|p__Proteobacteria|c__Gammaproteobacteria|o__Burkholderiales|f__Oxalobacteraceae|g__Herbaspirillum|s__Herbaspirillum_huttiense	0.00000000	0.00001699	0.00000000	0.00000000	0.00000000	0.00000000	0.00000000	0.00000000	0.00005430	0.00000000	0.00000000	0.00003173	0.00001697	0.00000000
k__Bacteria|p__Proteobacteria|c__Gammaproteobacteria|o__Burkholderiales|f__Oxalobacteraceae|g__Massilia|s__Rugamonas_rubra	0.00000000	0.00000000	0.00000000	0.00000000	0.00000000	0.00000000	0.00000000	0.00000000	0.00000000	0.00000000	0.00000000	0.00000000	0.00000000	0.00000000
k__Bacteria|p__Proteobacteria|c__Gammaproteobacteria|o__Burkholderiales|f__Oxalobacteraceae|g__Oxalicibacterium|s__Oxalicibacterium_faecigallinarum	0.00000000	0.00000000	0.00001683	0.00000000	0.00002956	0.00000000	0.00001581	0.00000000	0.00000000	0.00000000	0.00002136	0.00000000	0.00000000	0.00000000
k__Bacteria|p__Proteobacteria|c__Gammaproteobacteria|o__Burkholderiales|f__Rhodocyclaceae|g__Dechloromonas|s__Dechloromonas_sp_An3_5	0.00002006	0.00003398	0.00000000	0.00000000	0.00000000	0.00000000	0.00000000	0.00000000	0.00000000	0.00000000	0.00000000	0.00000000	0.00001697	0.00000000
k__Bacteria|p__Proteobacteria|c__Gammaproteobacteria|o__Burkholderiales|f__Rhodocyclaceae|g__Niveibacterium|s__beta_proteobacterium_IMCC1729	0.00000000	0.00000000	0.00000000	0.00000000	0.00000000	0.00010378	0.00000000	0.00003492	0.00000000	0.00005914	0.00012816	0.00000000	0.00005091	0.00001632
k__Bacteria|p__Proteobacteria|c__Gammaproteobacteria|o__Burkholderiales|f__Rhodocyclaceae|g__Propionivibrio|s__Propionibacter_sp_oral_clone_HE018	0.00000000	0.00000000	0.00031985	0.00000000	0.00000000	0.00000000	0.00000000	0.00000000	0.00000000	0.00000000	0.00000000	0.00000000	0.00000000	0.00000000
k__Bacteria|p__Proteobacteria|c__Gammaproteobacteria|o__Burkholderiales|f__Rhodocyclaceae|g__Thauera|s__bacterium_WHC2_6	0.00002006	0.00000000	0.00003367	0.00009535	0.00000000	0.00010378	0.00000000	0.00001746	0.00000000	0.00005914	0.00002136	0.00003173	0.00003394	0.00000000
k__Bacteria|p__Proteobacteria|c__Gammaproteobacteria|o__Burkholderiales|f__Rhodocyclaceae|g__Zoogloea|s__Zoogloea_oryzae	0.00004012	0.00006796	0.00006734	0.00000000	0.00020690	0.00005189	0.00000000	0.00010476	0.00003620	0.00007886	0.00081171	0.00014278	0.00008485	0.00006527
k__Bacteria|p__Proteobacteria|c__Gammaproteobacteria|o__Burkholderiales|f__Sutterellaceae|g__Parasutterella|s__Burkholderiales_bacterium_YL45	0.00002006	0.00001699	0.00000000	0.00000000	0.00002956	0.00000000	0.00000000	0.00000000	0.00000000	0.00000000	0.00002136	0.00096773	0.00000000	0.00000000
k__Bacteria|p__Proteobacteria|c__Gammaproteobacteria|o__Burkholderiales|f__Sutterellaceae|g__Sutterella|s__Sutterella_sp_YIT_12072	0.00000000	0.00000000	0.00000000	0.00000000	0.00000000	0.00000000	0.00000000	0.00000000	0.00000000	0.00000000	0.00000000	0.00000000	0.00000000	0.00000000
k__Bacteria|p__Proteobacteria|c__Gammaproteobacteria|o__Burkholderiales|f__Sutterellaceae|g__Sutterella|s__Sutterella_wadsworthensis	0.00006018	0.00008494	0.00000000	0.00000000	0.00000000	0.00002595	0.00000000	0.00000000	0.00000000	0.00000000	0.00000000	0.00000000	0.00000000	0.00000000
k__Bacteria|p__Proteobacteria|c__Gammaproteobacteria|o__Burkholderiales|f__Sutterellaceae|g__Sutterella|s__Sutterellaceae_bacterium_Marseille_P2968	0.00000000	0.00000000	0.00000000	0.00000000	0.00000000	0.00000000	0.00000000	0.00000000	0.00000000	0.00000000	0.00000000	0.00000000	0.00000000	0.00000000
k__Bacteria|p__Proteobacteria|c__Gammaproteobacteria|o__Cardiobacteriales|f__Cardiobacteriaceae|g__Cardiobacterium|s__Cardiobacterium_valvarum	0.00000000	0.00000000	0.00148141	0.00000000	0.00002956	0.00000000	0.00000000	0.00000000	0.00000000	0.00000000	0.00000000	0.00000000	0.00000000	0.00034268
k__Bacteria|p__Proteobacteria|c__Gammaproteobacteria|o__Cardiobacteriales|f__Wohlfahrtiimonadaceae|g__Ignatzschineria|s__Ignatzschineria_indica	0.00000000	0.00000000	0.00000000	0.00000000	0.00000000	0.00020756	0.00000000	0.00000000	0.00007240	0.00000000	0.00000000	0.00000000	0.00010182	0.00000000
k__Bacteria|p__Proteobacteria|c__Gammaproteobacteria|o__Cardiobacteriales|f__Wohlfahrtiimonadaceae|g__Wohlfahrtiimonas|s__Wohlfahrtiimonas_chitiniclastica	0.00000000	0.00000000	0.00000000	0.00000000	0.00000000	0.00002595	0.00000000	0.00000000	0.00001810	0.00000000	0.00000000	0.00000000	0.00015273	0.00000000
k__Bacteria|p__Proteobacteria|c__Gammaproteobacteria|o__Chromatiales|f__Chromatiaceae|g__Allochromatium|s__Allochromatium_warmingii	0.00004012	0.00000000	0.00000000	0.00003178	0.00002956	0.00000000	0.00001581	0.00000000	0.00000000	0.00000000	0.00000000	0.00000000	0.00000000	0.00000000
k__Bacteria|p__Proteobacteria|c__Gammaproteobacteria|o__Chromatiales|f__Chromatiaceae|g__Thiobaca|s__Thiobaca_trueperi	0.00002006	0.00000000	0.00000000	0.00000000	0.00000000	0.00000000	0.00000000	0.00000000	0.00000000	0.00000000	0.00000000	0.00000000	0.00000000	0.00000000
k__Bacteria|p__Proteobacteria|c__Gammaproteobacteria|o__Chromatiales|f__Chromatiaceae|g__Thiolamprovum|s__Thiolamprovum_pedioforme	0.00000000	0.00000000	0.00000000	0.00000000	0.00000000	0.00000000	0.00000000	0.00000000	0.00000000	0.00000000	0.00000000	0.00000000	0.00000000	0.00000000
k__Bacteria|p__Proteobacteria|c__Gammaproteobacteria|o__Coxiellales|f__Coxiellaceae|g__Coxiella|s__Gammaproteobacteria_bacterium_RBG_16_37_9	0.00014042	0.00008494	0.00000000	0.00000000	0.00000000	0.00000000	0.00000000	0.00000000	0.00000000	0.00000000	0.00000000	0.00000000	0.00000000	0.00000000
k__Bacteria|p__Proteobacteria|c__Gammaproteobacteria|o__Ectothiorhodospirales|f__Thioalkalispiraceae|g__Thioalkalispira_Sulfurivermis|s__Sulfurivermis_fontis	0.00002006	0.00000000	0.00001683	0.00028606	0.00000000	0.00000000	0.00000000	0.00001746	0.00000000	0.00000000	0.00000000	0.00000000	0.00000000	0.00000000
k__Bacteria|p__Proteobacteria|c__Gammaproteobacteria|o__Enterobacterales|f__Aeromonadaceae|g__Aeromonas|s__Aeromonas_caviae	0.00088267	0.00042472	0.00072387	0.00750111	0.00212810	0.00070052	0.01951050	0.00583162	0.00074207	0.00110401	0.00183702	0.00014278	0.00125575	0.00217033
k__Bacteria|p__Proteobacteria|c__Gammaproteobacteria|o__Enterobacterales|f__Aeromonadaceae|g__Aeromonas|s__Aeromonas_sp_THG_FG1.2	0.00000000	0.00015290	0.00005050	0.00000000	0.00000000	0.00000000	0.00000000	0.00000000	0.00001810	0.00000000	0.00000000	0.00001586	0.00000000	0.00001632
k__Bacteria|p__Proteobacteria|c__Gammaproteobacteria|o__Enterobacterales|f__Aeromonadaceae|g__Aeromonas|s__Pseudaeromonas_sharmana	0.00028085	0.00001699	0.00008417	0.00003178	0.00008867	0.00007784	0.00000000	0.00013968	0.00070587	0.00003943	0.00010680	0.00000000	0.00069575	0.00029373
k__Bacteria|p__Proteobacteria|c__Gammaproteobacteria|o__Enterobacterales|f__Alteromonadaceae|g__Rheinheimera|s__Pararheinheimera_chironomi	0.00000000	0.00000000	0.00001683	0.00000000	0.00000000	0.00007784	0.00000000	0.00000000	0.00003620	0.00001971	0.00000000	0.00000000	0.00001697	0.00001632
k__Bacteria|p__Proteobacteria|c__Gammaproteobacteria|o__Enterobacterales|f__Enterobacteriaceae|g__Cronobacter|s__Cronobacter_malonaticus	0.00002006	0.00000000	0.00000000	0.00003178	0.00000000	0.00000000	0.00000000	0.00000000	0.00000000	0.00000000	0.00000000	0.00000000	0.00000000	0.00000000
k__Bacteria|p__Proteobacteria|c__Gammaproteobacteria|o__Enterobacterales|f__Enterobacteriaceae|g__Enterobacter|s__Klebsiella_quasipneumoniae	0.11260005	0.03678095	0.01698567	0.04077935	0.02961606	0.00664193	0.00499621	0.00419038	0.02104939	0.00626922	0.00333227	0.00428340	0.01931137	0.00990519
k__Bacteria|p__Proteobacteria|c__Gammaproteobacteria|o__Enterobacterales|f__Enterobacteriaceae|g__Escherichia_Shigella|s__Escherichia_coli	0.00120363	0.00117223	0.00028618	0.00108067	0.00067981	0.00057079	0.00011068	0.00104760	0.00047058	0.00021686	0.00014952	0.00066631	0.00018667	0.00006527
k__Bacteria|p__Proteobacteria|c__Gammaproteobacteria|o__Enterobacterales|f__Enterobacteriaceae|g__Kosakonia|s__Kosakonia_radicincitans	0.00000000	0.00000000	0.00000000	0.00000000	0.00000000	0.00000000	0.00000000	0.00001746	0.00000000	0.00000000	0.00000000	0.00000000	0.00000000	0.00000000
k__Bacteria|p__Proteobacteria|c__Gammaproteobacteria|o__Enterobacterales|f__Enterobacteriaceae|g__Plesiomonas|s__Plesiomonas_shigelloides	0.00002006	0.00000000	0.00000000	0.00003178	0.00002956	0.00000000	0.00000000	0.00001746	0.00000000	0.00000000	0.00002136	0.00000000	0.00000000	0.00000000
k__Bacteria|p__Proteobacteria|c__Gammaproteobacteria|o__Enterobacterales|f__Morganellaceae|g__Morganella|s__Morganella_morganii	0.00000000	0.00000000	0.00000000	0.00000000	0.00000000	0.00000000	0.00000000	0.00000000	0.00000000	0.00001971	0.00000000	0.00000000	0.00000000	0.00000000
k__Bacteria|p__Proteobacteria|c__Gammaproteobacteria|o__Enterobacterales|f__Morganellaceae|g__Proteus|s__Proteus_vulgaris	0.00000000	0.00000000	0.00000000	0.00000000	0.00000000	0.00002595	0.00000000	0.00000000	0.00000000	0.00000000	0.00000000	0.00000000	0.00000000	0.00000000
k__Bacteria|p__Proteobacteria|c__Gammaproteobacteria|o__Enterobacterales|f__Morganellaceae|g__Providencia|s__Providencia_alcalifaciens	0.00000000	0.00000000	0.00000000	0.00000000	0.00000000	0.00002595	0.00000000	0.00000000	0.00001810	0.00000000	0.00000000	0.00000000	0.00003394	0.00000000
k__Bacteria|p__Proteobacteria|c__Gammaproteobacteria|o__Enterobacterales|f__Pasteurellaceae|g__Aggregatibacter|s__Aggregatibacter_segnis	0.00000000	0.00011892	0.00038719	0.00000000	0.00000000	0.00000000	0.00000000	0.00003492	0.00000000	0.00000000	0.00000000	0.00003173	0.00000000	0.00016318
k__Bacteria|p__Proteobacteria|c__Gammaproteobacteria|o__Enterobacterales|f__Pasteurellaceae|g__Haemophilus|s__Haemophilus_parainfluenzae	0.00004012	0.00030580	0.01846708	0.00003178	0.00014778	0.00002595	0.00000000	0.00006984	0.00012669	0.00007886	0.00006408	0.00019037	0.00003394	0.00009791
k__Bacteria|p__Proteobacteria|c__Gammaproteobacteria|o__Enterobacterales|f__Pasteurellaceae|g__Pasteurella|s__Pasteurella_multocida	0.00000000	0.00000000	0.00000000	0.00000000	0.00000000	0.00000000	0.00000000	0.00000000	0.00000000	0.00000000	0.00000000	0.00000000	0.00000000	0.00000000
k__Bacteria|p__Proteobacteria|c__Gammaproteobacteria|o__Enterobacterales|f__Pectobacteriaceae|g__Dickeya|s__Dickeya_zeae	0.00000000	0.00000000	0.00000000	0.00000000	0.00000000	0.00000000	0.00000000	0.00000000	0.00000000	0.00000000	0.00000000	0.00000000	0.00001697	0.00003264
k__Bacteria|p__Proteobacteria|c__Gammaproteobacteria|o__Enterobacterales|f__Shewanellaceae|g__Shewanella|s__Shewanella_putrefaciens	0.00002006	0.00001699	0.00000000	0.00000000	0.00002956	0.00000000	0.00000000	0.00000000	0.00021719	0.00000000	0.00000000	0.00000000	0.00011879	0.00003264
k__Bacteria|p__Proteobacteria|c__Gammaproteobacteria|o__Enterobacterales|f__Shewanellaceae|g__Shewanella|s__Shewanella_sp_MR_7	0.00004012	0.00000000	0.00000000	0.01408048	0.00032513	0.00007784	0.00007905	0.00291581	0.00000000	0.00021686	0.00004272	0.00000000	0.00000000	0.00000000
k__Bacteria|p__Proteobacteria|c__Gammaproteobacteria|o__Enterobacterales|f__Succinivibrionaceae|g__Succinivibrio|s__Succinivibrio_dextrinosolvens	0.00000000	0.00003398	0.00000000	0.00000000	0.00000000	0.00000000	0.00000000	0.00001746	0.00000000	0.00000000	0.00000000	0.00000000	0.00000000	0.00000000
k__Bacteria|p__Proteobacteria|c__Gammaproteobacteria|o__Enterobacterales|f__Thorselliaceae|g__Thorsellia|s__Thorsellia_kenyensis	0.00000000	0.00000000	0.00000000	0.00000000	0.00000000	0.00000000	0.00000000	0.00000000	0.00000000	0.00000000	0.00000000	0.00000000	0.00000000	0.00000000
k__Bacteria|p__Proteobacteria|c__Gammaproteobacteria|o__Enterobacterales|f__Vibrionaceae|g__Photobacterium|s__Photobacterium_damselae	0.00000000	0.00000000	0.00000000	0.00000000	0.00002956	0.00000000	0.00000000	0.00000000	0.00146604	0.00000000	0.00000000	0.00000000	0.00000000	0.00000000
k__Bacteria|p__Proteobacteria|c__Gammaproteobacteria|o__Enterobacterales|f__Vibrionaceae|g__Vibrio|s__Vibrio_gigantis	0.00000000	0.00000000	0.00000000	0.00006357	0.00000000	0.00000000	0.00000000	0.00000000	0.00146604	0.00000000	0.00000000	0.00000000	0.00000000	0.00000000
k__Bacteria|p__Proteobacteria|c__Gammaproteobacteria|o__Enterobacterales|f__Vibrionaceae|g__Vibrio|s__Vibrio_scophthalmi	0.00000000	0.00000000	0.00000000	0.00000000	0.00000000	0.00000000	0.00000000	0.00000000	0.00541167	0.00000000	0.00000000	0.00000000	0.00003394	0.00000000
k__Bacteria|p__Proteobacteria|c__Gammaproteobacteria|o__Enterobacterales|f__Yersiniaceae|g__Serratia|s__Serratia_sp_MYb239	0.00000000	0.00000000	0.00000000	0.00000000	0.00000000	0.00000000	0.00000000	0.00000000	0.00000000	0.00000000	0.00000000	0.00000000	0.00000000	0.00000000
k__Bacteria|p__Proteobacteria|c__Gammaproteobacteria|o__Halothiobacillales|f__Halothiobacillaceae|g__Thiovirga|s__Thiovirga_sulfuroxydans	0.00000000	0.00000000	0.00000000	0.00000000	0.00000000	0.00000000	0.00000000	0.00000000	0.00000000	0.00000000	0.00000000	0.00000000	0.00000000	0.00000000
k__Bacteria|p__Proteobacteria|c__Gammaproteobacteria|o__Methylococcales|f__Methylococcaceae|g__Methylomagnum|s__Methylomagnum_ishizawai	0.00000000	0.00000000	0.00000000	0.00003178	0.00000000	0.00000000	0.00000000	0.00000000	0.00000000	0.00000000	0.00000000	0.00000000	0.00000000	0.00000000
k__Bacteria|p__Proteobacteria|c__Gammaproteobacteria|o__Methylococcales|f__Methylococcaceae|g__Methyloterricola|s__Methyloterricola_oryzae	0.00002006	0.00000000	0.00000000	0.00019071	0.00005911	0.00002595	0.00000000	0.00000000	0.00000000	0.00001971	0.00002136	0.00001586	0.00000000	0.00000000
k__Bacteria|p__Proteobacteria|c__Gammaproteobacteria|o__Nitrosococcales|f__Methylophagaceae|g__Methylophaga|s__Methylophaga_sp_PBVC023FULL	0.00000000	0.00000000	0.00000000	0.00000000	0.00000000	0.00000000	0.00000000	0.00000000	0.00000000	0.00000000	0.00000000	0.00000000	0.00000000	0.00000000
k__Bacteria|p__Proteobacteria|c__Gammaproteobacteria|o__Pseudomonadales|f__Halomonadaceae|g__Halomonas|s__Candidatus_Halomonas_phosphatis	0.00034103	0.00003398	0.00001683	0.00054033	0.00399019	0.00586358	0.00023716	0.00017460	0.00000000	0.00037458	0.00006408	0.00004759	0.00000000	0.00001632
k__Bacteria|p__Proteobacteria|c__Gammaproteobacteria|o__Pseudomonadales|f__Halomonadaceae|g__Halomonas|s__Halomonas_hydrothermalis	0.00000000	0.00001699	0.00016834	0.00000000	0.00000000	0.00000000	0.00000000	0.00006984	0.00378274	0.00000000	0.00000000	0.00001586	0.00268119	0.00004895
k__Bacteria|p__Proteobacteria|c__Gammaproteobacteria|o__Pseudomonadales|f__Halomonadaceae|g__Halomonas|s__Halomonas_sp_1513	0.00000000	0.00000000	0.00000000	0.00000000	0.00000000	0.00000000	0.00000000	0.00000000	0.00000000	0.00000000	0.00000000	0.00006346	0.00000000	0.00000000
k__Bacteria|p__Proteobacteria|c__Gammaproteobacteria|o__Pseudomonadales|f__Halomonadaceae|g__HdN1|s__gamma_proteobacterium_HdN1	0.00002006	0.00018688	0.00000000	0.00000000	0.00000000	0.00000000	0.00000000	0.00000000	0.00000000	0.00000000	0.00000000	0.00001586	0.00001697	0.00011423
k__Bacteria|p__Proteobacteria|c__Gammaproteobacteria|o__Pseudomonadales|f__Marinobacteraceae|g__Marinobacter|s__Marinobacter_salarius	0.00000000	0.00000000	0.00000000	0.00000000	0.00000000	0.00000000	0.00000000	0.00000000	0.00000000	0.00000000	0.00000000	0.00000000	0.00000000	0.00000000
k__Bacteria|p__Proteobacteria|c__Gammaproteobacteria|o__Pseudomonadales|f__Moraxellaceae|g__Acinetobacter|s__Acinetobacter_baumannii	0.01283877	0.00067956	0.00021884	0.00279702	0.00254190	0.00038918	0.00052176	0.00153647	0.00038008	0.00041401	0.00014952	0.00012692	0.00057697	0.00035900
k__Bacteria|p__Proteobacteria|c__Gammaproteobacteria|o__Pseudomonadales|f__Moraxellaceae|g__Acinetobacter|s__Acinetobacter_gandensis	0.00010030	0.00000000	0.00000000	0.00000000	0.00005911	0.00002595	0.00000000	0.00013968	0.00009050	0.00003943	0.00000000	0.00001586	0.00006788	0.00004895
k__Bacteria|p__Proteobacteria|c__Gammaproteobacteria|o__Pseudomonadales|f__Moraxellaceae|g__Acinetobacter|s__Acinetobacter_junii	0.00429296	0.00054364	0.00230628	0.00076282	0.00097538	0.00049296	0.00094865	0.00202535	0.00079637	0.00126173	0.00057674	0.00104705	0.00264725	0.01426217
k__Bacteria|p__Proteobacteria|c__Gammaproteobacteria|o__Pseudomonadales|f__Moraxellaceae|g__Acinetobacter|s__Acinetobacter_marinus	0.06158599	0.00431518	0.00055553	0.00912212	0.00653208	0.00000000	0.00249810	0.00001746	0.00000000	0.00001971	0.00000000	0.00012692	0.00001697	0.00017950
k__Bacteria|p__Proteobacteria|c__Gammaproteobacteria|o__Pseudomonadales|f__Moraxellaceae|g__Acinetobacter|s__Acinetobacter_soli	0.00084254	0.00001699	0.00065653	0.00015892	0.00014778	0.00000000	0.00003162	0.00008730	0.00007240	0.00005914	0.00002136	0.00003173	0.00040727	0.00109332
k__Bacteria|p__Proteobacteria|c__Gammaproteobacteria|o__Pseudomonadales|f__Moraxellaceae|g__Acinetobacter|s__Acinetobacter_sp_ACNIH1	0.00010030	0.00000000	0.00001683	0.00003178	0.00002956	0.00000000	0.00003162	0.00078570	0.00014479	0.00029572	0.00010680	0.00006346	0.00003394	0.00001632
k__Bacteria|p__Proteobacteria|c__Gammaproteobacteria|o__Pseudomonadales|f__Moraxellaceae|g__Acinetobacter|s__Acinetobacter_sp_On4	0.00000000	0.00000000	0.00000000	0.00000000	0.00000000	0.00000000	0.00000000	0.00001746	0.00001810	0.00001971	0.00000000	0.00000000	0.00005091	0.00000000
k__Bacteria|p__Proteobacteria|c__Gammaproteobacteria|o__Pseudomonadales|f__Moraxellaceae|g__Acinetobacter|s__Acinetobacter_sp_SWBY1	0.00032097	0.00016989	0.00005050	0.00009535	0.00014778	0.00046701	0.00001581	0.00309041	0.00077827	0.00147859	0.00040585	0.00004759	0.00056000	0.00003264
k__Bacteria|p__Proteobacteria|c__Gammaproteobacteria|o__Pseudomonadales|f__Moraxellaceae|g__Acinetobacter|s__Acinetobacter_venetianus	0.00014042	0.00000000	0.00001683	0.00000000	0.00005911	0.00000000	0.00000000	0.00017460	0.00001810	0.00007886	0.00002136	0.00006346	0.00006788	0.00008159
k__Bacteria|p__Proteobacteria|c__Gammaproteobacteria|o__Pseudomonadales|f__Moraxellaceae|g__Enhydrobacter|s__Moraxella_osloensis	0.00018055	0.00010193	0.00018518	0.00006357	0.00002956	0.00025945	0.00000000	0.00122220	0.00146604	0.00041401	0.00019225	0.00065044	0.00162908	0.00037532
k__Bacteria|p__Proteobacteria|c__Gammaproteobacteria|o__Pseudomonadales|f__Moraxellaceae|g__Moraxella|s__Moraxella_osloensis	0.00008024	0.00010193	0.00016834	0.00000000	0.00002956	0.00005189	0.00000000	0.00041904	0.00059727	0.00007886	0.00010680	0.00009519	0.00062787	0.00016318
k__Bacteria|p__Proteobacteria|c__Gammaproteobacteria|o__Pseudomonadales|f__Moraxellaceae|g__Perlucidibaca|s__Perlucidibaca_piscinae	0.00004012	0.00001699	0.00011784	0.00000000	0.00000000	0.00002595	0.00000000	0.00000000	0.00010860	0.00000000	0.00017089	0.00001586	0.00061090	0.00062009
k__Bacteria|p__Proteobacteria|c__Gammaproteobacteria|o__Pseudomonadales|f__Moraxellaceae|g__Psychrobacter|s__Psychrobacter_faecalis	0.00006018	0.00000000	0.00001683	0.00006357	0.00005911	0.00000000	0.00003162	0.00003492	0.00005430	0.00000000	0.00004272	0.00000000	0.00010182	0.00000000
k__Bacteria|p__Proteobacteria|c__Gammaproteobacteria|o__Pseudomonadales|f__Nitrincolaceae|g__Balneatrix|s__Gammaproteobacteria_bacterium	0.00000000	0.00000000	0.00000000	0.00000000	0.00000000	0.00000000	0.00000000	0.00000000	0.00000000	0.00000000	0.00000000	0.00000000	0.00001697	0.00000000
k__Bacteria|p__Proteobacteria|c__Gammaproteobacteria|o__Pseudomonadales|f__Pseudomonadaceae|g__Oblitimonas|s__Oblitimonas_alkaliphila	0.00000000	0.00005097	0.00000000	0.00000000	0.00000000	0.00000000	0.00000000	0.00000000	0.00000000	0.00000000	0.00000000	0.00000000	0.00001697	0.00000000
k__Bacteria|p__Proteobacteria|c__Gammaproteobacteria|o__Pseudomonadales|f__Pseudomonadaceae|g__Pseudomonas|s__Pseudomonas_caeni	0.00000000	0.00000000	0.00000000	0.00000000	0.00000000	0.00000000	0.00000000	0.00000000	0.00000000	0.00000000	0.00002136	0.00001586	0.00001697	0.00000000
k__Bacteria|p__Proteobacteria|c__Gammaproteobacteria|o__Pseudomonadales|f__Pseudomonadaceae|g__Pseudomonas|s__Pseudomonas_psychrotolerans	0.00000000	0.00000000	0.00000000	0.00000000	0.00000000	0.00002595	0.00000000	0.00000000	0.00000000	0.00000000	0.00000000	0.00000000	0.00000000	0.00003264
k__Bacteria|p__Proteobacteria|c__Gammaproteobacteria|o__Pseudomonadales|f__Pseudomonadaceae|g__Pseudomonas|s__Pseudomonas_sp_StFLB209	0.00000000	0.00000000	0.00001683	0.00003178	0.00000000	0.00000000	0.00000000	0.00001746	0.00003620	0.00000000	0.00000000	0.00000000	0.00000000	0.00001632
k__Bacteria|p__Proteobacteria|c__Gammaproteobacteria|o__Pseudomonadales|f__Pseudomonadaceae|g__Pseudomonas|s__Pseudomonas_veronii	0.00008024	0.00130814	0.00000000	0.00022249	0.00035468	0.00000000	0.00001581	0.00019206	0.00016289	0.00007886	0.00006408	0.00128502	0.00013576	0.00001632
k__Bacteria|p__Proteobacteria|c__Gammaproteobacteria|o__Pseudomonadales|f__Saccharospirillaceae|g__Reinekea|s__Reinekea_forsetii	0.00000000	0.00001699	0.00000000	0.00006357	0.00000000	0.00000000	0.00000000	0.00000000	0.00000000	0.00000000	0.00000000	0.00000000	0.00000000	0.00000000
k__Bacteria|p__Proteobacteria|c__Gammaproteobacteria|o__Xanthomonadales|f__Xanthomonadaceae|g__Luteimonas|s__Luteimonas_marina	0.00000000	0.00000000	0.00000000	0.00000000	0.00000000	0.00000000	0.00000000	0.00013968	0.00000000	0.00000000	0.00000000	0.00000000	0.00000000	0.00001632
k__Bacteria|p__Proteobacteria|c__Gammaproteobacteria|o__Xanthomonadales|f__Xanthomonadaceae|g__Luteimonas|s__Luteimonas_sp	0.00000000	0.00000000	0.00003367	0.00000000	0.00002956	0.00000000	0.00003162	0.00006984	0.00014479	0.00000000	0.00000000	0.00000000	0.00067878	0.00001632
k__Bacteria|p__Proteobacteria|c__Gammaproteobacteria|o__Xanthomonadales|f__Xanthomonadaceae|g__Lysobacter|s__bacterium_SG_3	0.00006018	0.00000000	0.00016834	0.00003178	0.00011823	0.00018162	0.00001581	0.00003492	0.00001810	0.00000000	0.00000000	0.00007932	0.00022060	0.00019582
k__Bacteria|p__Proteobacteria|c__Gammaproteobacteria|o__Xanthomonadales|f__Xanthomonadaceae|g__Pseudoxanthomonas|s__Pseudoxanthomonas_mexicana	0.00046139	0.00013591	0.00306382	0.00057212	0.00212810	0.00012973	0.00006324	0.00089046	0.00057918	0.00061115	0.00032041	0.00179268	0.00283392	0.00347579
k__Bacteria|p__Proteobacteria|c__Gammaproteobacteria|o__Xanthomonadales|f__Xanthomonadaceae|g__Thermomonas|s__Thermomonas_koreensis	0.00006018	0.00027182	0.00106055	0.00006357	0.00103449	0.00350258	0.00007905	0.00324755	0.00313117	0.00098573	0.00209335	0.00188787	0.01788593	0.00569508
k__Bacteria|p__SAR324_clade_Marine_group_B_|c__unidentified_SAR324_clade_Marine_group_B_|o__unidentified_SAR324_clade_Marine_group_B_|f__unidentified_SAR324_clade_Marine_group_B_|g__unidentified_SAR324_clade_Marine_group_B_|s__SAR324_cluster_bacterium_JCVI_SC_AAA005	0.00000000	0.00000000	0.00000000	0.00000000	0.00000000	0.00000000	0.00000000	0.00000000	0.00000000	0.00000000	0.00000000	0.00000000	0.00003394	0.00000000
k__Bacteria|p__SAR324_clade_Marine_group_B_|c__unidentified_SAR324_clade_Marine_group_B_|o__unidentified_SAR324_clade_Marine_group_B_|f__unidentified_SAR324_clade_Marine_group_B_|g__unidentified_SAR324_clade_Marine_group_B_|s__s____bacterium__enrichment__culture__clone__B30	0.00020061	0.00013591	0.00003367	0.00000000	0.00011823	0.00031134	0.00000000	0.00003492	0.00000000	0.00000000	0.00002136	0.00000000	0.00000000	0.00003264
k__Bacteria|p__Schekmanbacteria|c__unidentified_Schekmanbacteria|o__unidentified_Schekmanbacteria|f__unidentified_Schekmanbacteria|g__unidentified_Schekmanbacteria|s__Candidatus_Schekmanbacteria_bacterium_RIFCSPLOWO2_02_FULL_38_14	0.00000000	0.00011892	0.00000000	0.00000000	0.00000000	0.00000000	0.00000000	0.00000000	0.00000000	0.00000000	0.00000000	0.00000000	0.00000000	0.00000000
k__Bacteria|p__Spirochaetota|c__Spirochaetia|o__Spirochaetales|f__Spirochaetaceae|g__GWE2_31_10|s__Spirochaetes_bacterium_GWE2_31_10	0.00000000	0.00000000	0.00000000	0.00000000	0.00000000	0.00000000	0.00000000	0.00008730	0.00005430	0.00000000	0.00000000	0.00000000	0.00000000	0.00000000
k__Bacteria|p__Spirochaetota|c__Spirochaetia|o__Spirochaetales|f__Spirochaetaceae|g__Spirochaeta_2|s__Spirochaeta_sp_MWH_HuW24	0.00000000	0.00000000	0.00003367	0.00000000	0.00000000	0.00000000	0.00000000	0.00000000	0.00000000	0.00000000	0.00000000	0.00000000	0.00000000	0.00000000
k__Bacteria|p__Spirochaetota|c__Spirochaetia|o__Spirochaetales|f__Spirochaetaceae|g__Spirochaeta|s__Spirochaeta_sp	0.00008024	0.00035677	0.00000000	0.00003178	0.00005911	0.00000000	0.00000000	0.00000000	0.00000000	0.00000000	0.00000000	0.00000000	0.00000000	0.00000000
k__Bacteria|p__Spirochaetota|c__Spirochaetia|o__Spirochaetales|f__Spirochaetaceae|g__Treponema|s__Treponema_denticola	0.00000000	0.00000000	0.00164975	0.00000000	0.00000000	0.00000000	0.00000000	0.00000000	0.00000000	0.00000000	0.00000000	0.00000000	0.00000000	0.00026109
k__Bacteria|p__Spirochaetota|c__Spirochaetia|o__Spirochaetales|f__Spirochaetaceae|g__Treponema|s__Treponema_lecithinolyticum	0.00000000	0.00000000	0.00010100	0.00000000	0.00000000	0.00000000	0.00000000	0.00000000	0.00000000	0.00000000	0.00000000	0.00000000	0.00000000	0.00003264
k__Bacteria|p__Spirochaetota|c__Spirochaetia|o__Spirochaetales|f__Spirochaetaceae|g__Treponema|s__Treponema_parvum	0.00000000	0.00000000	0.00005050	0.00000000	0.00000000	0.00000000	0.00000000	0.00000000	0.00000000	0.00000000	0.00000000	0.00000000	0.00000000	0.00001632
k__Bacteria|p__Spirochaetota|c__Spirochaetia|o__Spirochaetales|f__Spirochaetaceae|g__Treponema|s__Treponema_refringens	0.00000000	0.00000000	0.00006734	0.00000000	0.00000000	0.00000000	0.00000000	0.00000000	0.00000000	0.00000000	0.00000000	0.00000000	0.00000000	0.00000000
k__Bacteria|p__Spirochaetota|c__Spirochaetia|o__Spirochaetales|f__Spirochaetaceae|g__Treponema|s__Treponema_socranskii	0.00000000	0.00000000	0.00102688	0.00000000	0.00000000	0.00000000	0.00000000	0.00000000	0.00000000	0.00000000	0.00000000	0.00000000	0.00000000	0.00037532
k__Bacteria|p__Spirochaetota|c__Spirochaetia|o__Spirochaetales|f__Spirochaetaceae|g__Treponema|s__Treponema_zuelzerae	0.00006018	0.00045870	0.00003367	0.00000000	0.00014778	0.00000000	0.00000000	0.00022698	0.00000000	0.00013800	0.00002136	0.00000000	0.00001697	0.00000000
k__Bacteria|p__Spirochaetota|c__Spirochaetia|o__Spirochaetales|f__Spirochaetaceae|g__Treponema|s__bacterium_enrichment_culture_clone_M04	0.00000000	0.00000000	0.00000000	0.00000000	0.00000000	0.00000000	0.00000000	0.00003492	0.00000000	0.00000000	0.00000000	0.00000000	0.00000000	0.00000000
k__Bacteria|p__Sva0485|c__unidentified_Sva0485|o__unidentified_Sva0485|f__unidentified_Sva0485|g__unidentified_Sva0485|s__bacterium_enrichment_culture_clone_56	0.00026079	0.00035677	0.00006734	0.00012714	0.00002956	0.00000000	0.00000000	0.00000000	0.00000000	0.00000000	0.00000000	0.00000000	0.00000000	0.00000000
k__Bacteria|p__Verrucomicrobiota|c__Kiritimatiellae|o__WCHB1_41|f__unidentified_WCHB1_41|g__unidentified_WCHB1_41|s__Verrucomicrobia_bacterium_ADurb.Bin070	0.00000000	0.00000000	0.00000000	0.00000000	0.00000000	0.00000000	0.00000000	0.00001746	0.00000000	0.00003943	0.00000000	0.00000000	0.00000000	0.00000000
k__Bacteria|p__Verrucomicrobiota|c__Lentisphaeria|o__Oligosphaerales|f__Lenti_02|g__unidentified_Lenti_02|s__Lentisphaerae_bacterium_RIFOXYA12_64_32	0.00004012	0.00000000	0.00000000	0.00000000	0.00000000	0.00000000	0.00000000	0.00000000	0.00000000	0.00000000	0.00000000	0.00000000	0.00000000	0.00000000
k__Bacteria|p__Verrucomicrobiota|c__Lentisphaeria|o__Oligosphaerales|f__Lenti_02|g__unidentified_Lenti_02|s__Victivallales_bacterium_Lenti_02	0.00000000	0.00000000	0.00000000	0.00000000	0.00000000	0.00000000	0.00000000	0.00000000	0.00000000	0.00000000	0.00000000	0.00000000	0.00000000	0.00000000
k__Bacteria|p__Verrucomicrobiota|c__Omnitrophia|o__Omnitrophales|f__Omnitrophaceae|g__Candidatus_Omnitrophus|s__Omnitrophica_bacterium_RIFOXYB12_FULL_50_7	0.00000000	0.00005097	0.00000000	0.00000000	0.00000000	0.00000000	0.00000000	0.00000000	0.00001810	0.00000000	0.00000000	0.00000000	0.00000000	0.00000000
k__Bacteria|p__Verrucomicrobiota|c__Verrucomicrobiae|o__Verrucomicrobiales|f__Akkermansiaceae|g__Akkermansia|s__Akkermansia_muciniphila	0.00046139	0.00265027	0.00000000	0.00028606	0.00023646	0.00015567	0.00007905	0.00013968	0.00005430	0.00003943	0.00008544	0.00218929	0.00000000	0.00000000
k__Bacteria|p__WPS_2|c__unidentified_WPS_2|o__unidentified_WPS_2|f__unidentified_WPS_2|g__unidentified_WPS_2|s__Burkholderiales_bacterium_Beta_02	0.00014042	0.00050967	0.00005050	0.00003178	0.00014778	0.00010378	0.00001581	0.00005238	0.00003620	0.00005914	0.00002136	0.00007932	0.00001697	0.00000000
k__Bacteria|p__WPS_2|c__unidentified_WPS_2|o__unidentified_WPS_2|f__unidentified_WPS_2|g__unidentified_WPS_2|s__bacterium_ADurb.Bin236	0.00008024	0.00001699	0.00021884	0.00000000	0.00014778	0.00000000	0.00000000	0.00000000	0.00000000	0.00000000	0.00000000	0.00000000	0.00000000	0.00000000
k__Bacteria|p__Zixibacteria|c__unidentified_Zixibacteria|o__unidentified_Zixibacteria|f__unidentified_Zixibacteria|g__unidentified_Zixibacteria|s__bacterium_enrichment_culture_clone_Anammox_55	0.00004012	0.00005097	0.00000000	0.00009535	0.00002956	0.00000000	0.00000000	0.00000000	0.00000000	0.00000000	0.00000000	0.00000000	0.00000000	0.00000000
k__Bacteria|p__Zixibacteria|c__unidentified_Zixibacteria|o__unidentified_Zixibacteria|f__unidentified_Zixibacteria|g__unidentified_Zixibacteria|s__candidate_division_Zixibacteria_bacterium_RBG_16_43_9	0.00002006	0.00050967	0.00001683	0.00000000	0.00000000	0.00000000	0.00000000	0.00000000	0.00000000	0.00000000	0.00000000	0.00000000	0.00000000	0.00000000
k__Bacteria|p__Zixibacteria|c__unidentified_Zixibacteria|o__unidentified_Zixibacteria|f__unidentified_Zixibacteria|g__unidentified_Zixibacteria|s__candidate_division_Zixibacteria_bacterium_SM1_73	0.00000000	0.00000000	0.00000000	0.00000000	0.00000000	0.00000000	0.00000000	0.00000000	0.00000000	0.00000000	0.00000000	0.00000000	0.00000000	0.00000000
k__Bacteria|p__unidentified_Bacteria|c__Acidimicrobiia|o__unidentified_Acidimicrobiia|f__unidentified_Acidimicrobiia|g__unidentified_Acidimicrobiia|s__bacterium_YC_LK_LKJ4	0.00000000	0.00003398	0.00000000	0.00000000	0.00000000	0.00000000	0.00000000	0.00000000	0.00000000	0.00000000	0.00000000	0.00000000	0.00000000	0.00000000
k__Bacteria|p__unidentified_Bacteria|c__Alphaproteobacteria|o__Micavibrionales|f__unidentified_Micavibrionales|g__unidentified_Micavibrionales|s__bacterium_enrichment_culture_clone_SRAO_28	0.00000000	0.00000000	0.00000000	0.00000000	0.00000000	0.00000000	0.00000000	0.00003492	0.00000000	0.00000000	0.00000000	0.00000000	0.00000000	0.00008159
k__Bacteria|p__unidentified_Bacteria|c__Alphaproteobacteria|o__Rhodospirillales|f__unidentified_Rhodospirillales|g__unidentified_Rhodospirillales|s__Azospirillum_sp_47_25	0.00000000	0.00001699	0.00000000	0.00000000	0.00000000	0.00000000	0.00000000	0.00000000	0.00000000	0.00000000	0.00000000	0.00004759	0.00000000	0.00000000
k__Bacteria|p__unidentified_Bacteria|c__Alphaproteobacteria|o__unidentified_Alphaproteobacteria|f__unidentified_Alphaproteobacteria|g__unidentified_Alphaproteobacteria|s__Rhodospirillaceae_bacterium	0.00000000	0.00000000	0.00000000	0.00000000	0.00005911	0.00038918	0.00000000	0.00001746	0.00000000	0.00001971	0.00000000	0.00000000	0.00001697	0.00000000
k__Bacteria|p__unidentified_Bacteria|c__Anaerolineae|o__Caldilineales|f__Caldilineaceae|g__unidentified_Caldilineaceae|s__Chloroflexi_bacterium_ET1	0.00002006	0.00006796	0.00000000	0.00000000	0.00000000	0.00000000	0.00000000	0.00000000	0.00000000	0.00000000	0.00000000	0.00000000	0.00000000	0.00000000
k__Bacteria|p__unidentified_Bacteria|c__Babeliae|o__Babeliales|f__Babeliaceae|g__unidentified_Babeliaceae|s__candidate_division_TM6_bacterium_GW2011_GWE2_42_60	0.00000000	0.00000000	0.00000000	0.00000000	0.00000000	0.00000000	0.00000000	0.00000000	0.00005430	0.00000000	0.00000000	0.00000000	0.00000000	0.00000000
k__Bacteria|p__unidentified_Bacteria|c__Babeliae|o__Babeliales|f__unidentified_Babeliales|g__unidentified_Babeliales|s__candidate_division_TM6_bacterium_GW2011_GWF2_37_49	0.00008024	0.00003398	0.00005050	0.00009535	0.00011823	0.00007784	0.00001581	0.00000000	0.00000000	0.00003943	0.00000000	0.00000000	0.00000000	0.00000000
k__Bacteria|p__unidentified_Bacteria|c__Bacteroidia|o__Bacteroidales|f__Barnesiellaceae|g__unidentified_Barnesiellaceae|s__Bacteroidales_bacterium_36_12	0.00002006	0.00000000	0.00000000	0.00006357	0.00000000	0.00000000	0.00000000	0.00001746	0.00000000	0.00000000	0.00000000	0.00000000	0.00000000	0.00000000
k__Bacteria|p__unidentified_Bacteria|c__Bacteroidia|o__Bacteroidales|f__Marinifilaceae|g__unidentified_Marinifilaceae|s__Bacteroidetes_bacterium_GWF2_35_48	0.00002006	0.00005097	0.00000000	0.00000000	0.00000000	0.00000000	0.00000000	0.00000000	0.00000000	0.00000000	0.00000000	0.00000000	0.00000000	0.00000000
k__Bacteria|p__unidentified_Bacteria|c__Bacteroidia|o__Bacteroidales|f__Prolixibacteraceae|g__unidentified_Prolixibacteraceae|s__Bacteroidales_bacterium_6E	0.00002006	0.00000000	0.00005050	0.00000000	0.00000000	0.00000000	0.00000000	0.00010476	0.00000000	0.00009857	0.00000000	0.00000000	0.00000000	0.00001632
k__Bacteria|p__unidentified_Bacteria|c__Bacteroidia|o__Bacteroidales|f__Prolixibacteraceae|g__unidentified_Prolixibacteraceae|s__Mariniphaga_anaerophila	0.00000000	0.00000000	0.00000000	0.00000000	0.00000000	0.00000000	0.00000000	0.00003492	0.00000000	0.00000000	0.00000000	0.00000000	0.00000000	0.00000000
k__Bacteria|p__unidentified_Bacteria|c__Bacteroidia|o__Bacteroidales|f__Rikenellaceae|g__unidentified_Rikenellaceae|s__bacterium_enrichment_culture_clone_EtOH_23	0.00002006	0.00005097	0.00000000	0.00000000	0.00000000	0.00000000	0.00000000	0.00000000	0.00000000	0.00000000	0.00000000	0.00000000	0.00000000	0.00000000
k__Bacteria|p__unidentified_Bacteria|c__Bacteroidia|o__Bacteroidales|f__Rikenellaceae|g__unidentified_Rikenellaceae|s__iron_reducing_enrichment_clone_Cl_A7	0.00006018	0.00008494	0.00000000	0.00003178	0.00000000	0.00000000	0.00001581	0.00006984	0.00000000	0.00001971	0.00000000	0.00000000	0.00000000	0.00000000
k__Bacteria|p__unidentified_Bacteria|c__Bacteroidia|o__Chitinophagales|f__Saprospiraceae|g__unidentified_Saprospiraceae|s__Saprospira_sp_PdY3	0.00006018	0.00000000	0.00000000	0.00000000	0.00000000	0.00000000	0.00000000	0.00000000	0.00000000	0.00000000	0.00000000	0.00000000	0.00000000	0.00003264
k__Bacteria|p__unidentified_Bacteria|c__Bacteroidia|o__Chitinophagales|f__Saprospiraceae|g__unidentified_Saprospiraceae|s__bacterium_enrichment_culture_clone_SRAO_34	0.00018055	0.00000000	0.00000000	0.00003178	0.00002956	0.00000000	0.00000000	0.00000000	0.00000000	0.00000000	0.00000000	0.00000000	0.00000000	0.00000000
k__Bacteria|p__unidentified_Bacteria|c__Bacteroidia|o__Cytophagales|f__Microscillaceae|g__unidentified_Microscillaceae|s__Ohtaekwangia_sp	0.00000000	0.00000000	0.00000000	0.00000000	0.00000000	0.00000000	0.00000000	0.00000000	0.00000000	0.00000000	0.00000000	0.00000000	0.00000000	0.00000000
k__Bacteria|p__unidentified_Bacteria|c__Bacteroidia|o__Flavobacteriales|f__Weeksellaceae|g__unidentified_Weeksellaceae|s__Chishuiella_sp_YIM_102668	0.00000000	0.00000000	0.00000000	0.00000000	0.00000000	0.00000000	0.00000000	0.00000000	0.00001810	0.00000000	0.00000000	0.00000000	0.00011879	0.00001632
k__Bacteria|p__unidentified_Bacteria|c__Chloroflexia|o__Chloroflexales|f__Roseiflexaceae|g__unidentified_Roseiflexaceae|s__Chloroflexaceae_bacterium_sp_jj_1	0.00000000	0.00000000	0.00000000	0.00000000	0.00000000	0.00000000	0.00000000	0.00005238	0.00000000	0.00000000	0.00000000	0.00000000	0.00000000	0.00000000
k__Bacteria|p__unidentified_Bacteria|c__Clostridia|o__Lachnospirales|f__Lachnospiraceae|g__unidentified_Lachnospiraceae|s__Clostridiaceae_bacterium_SH032	0.00002006	0.00000000	0.00000000	0.00000000	0.00000000	0.00000000	0.00000000	0.00000000	0.00000000	0.00000000	0.00000000	0.00000000	0.00000000	0.00000000
k__Bacteria|p__unidentified_Bacteria|c__Clostridia|o__Lachnospirales|f__Lachnospiraceae|g__unidentified_Lachnospiraceae|s__Clostridium_sp_Culture_54	0.00002006	0.00015290	0.00001683	0.00000000	0.00000000	0.00000000	0.00000000	0.00000000	0.00001810	0.00000000	0.00000000	0.00000000	0.00000000	0.00001632
k__Bacteria|p__unidentified_Bacteria|c__Clostridia|o__Lachnospirales|f__Lachnospiraceae|g__unidentified_Lachnospiraceae|s__butyrate_producing_bacterium_L2_10	0.00000000	0.00037376	0.00000000	0.00000000	0.00000000	0.00000000	0.00000000	0.00000000	0.00000000	0.00000000	0.00000000	0.00015864	0.00000000	0.00000000
k__Bacteria|p__unidentified_Bacteria|c__Clostridia|o__Oscillospirales|f__Hungateiclostridiaceae|g__unidentified_Hungateiclostridiaceae|s__iron_reducing_bacterium_enrichment_culture_clone_FEA_2_A6	0.00002006	0.00000000	0.00005050	0.00000000	0.00005911	0.00005189	0.00000000	0.00003492	0.00000000	0.00000000	0.00000000	0.00000000	0.00000000	0.00000000
k__Bacteria|p__unidentified_Bacteria|c__Clostridia|o__Oscillospirales|f__Ruminococcaceae|g__unidentified_Ruminococcaceae|s___Clostridium__leptum	0.00004012	0.00016989	0.00000000	0.00000000	0.00000000	0.00000000	0.00000000	0.00000000	0.00000000	0.00000000	0.00000000	0.00003173	0.00000000	0.00000000
k__Bacteria|p__unidentified_Bacteria|c__Desulfobacteria|o__Desulfobacterales|f__Desulfosarcinaceae|g__unidentified_Desulfosarcinaceae|s__bacterium_enrichment_culture_clone_AOM_SR_B8	0.00000000	0.00000000	0.00000000	0.00000000	0.00000000	0.00000000	0.00003162	0.00000000	0.00000000	0.00000000	0.00000000	0.00000000	0.00000000	0.00000000
k__Bacteria|p__unidentified_Bacteria|c__Gammaproteobacteria|o__Burkholderiales|f__Neisseriaceae|g__unidentified_Neisseriaceae|s__Neisseriaceae_bacterium_DSM_100970	0.00000000	0.00000000	0.00000000	0.00000000	0.00000000	0.00000000	0.00000000	0.00000000	0.00000000	0.00000000	0.00000000	0.00000000	0.00000000	0.00000000
k__Bacteria|p__unidentified_Bacteria|c__Gammaproteobacteria|o__Burkholderiales|f__Rhodocyclaceae|g__unidentified_Rhodocyclaceae|s__Rhodocyclaceae_bacterium	0.00010030	0.00000000	0.00000000	0.00000000	0.00000000	0.00000000	0.00001581	0.00000000	0.00000000	0.00000000	0.00000000	0.00000000	0.00000000	0.00000000
k__Bacteria|p__unidentified_Bacteria|c__Gammaproteobacteria|o__Burkholderiales|f__Rhodocyclaceae|g__unidentified_Rhodocyclaceae|s__beta_proteobacterium_Rufe9	0.00000000	0.00000000	0.00000000	0.00031784	0.00000000	0.00000000	0.00000000	0.00000000	0.00000000	0.00000000	0.00000000	0.00000000	0.00000000	0.00000000
k__Bacteria|p__unidentified_Bacteria|c__Gammaproteobacteria|o__Enterobacterales|f__unidentified_Enterobacterales|g__unidentified_Enterobacterales|s__Idiomarina_sp	0.00022067	0.00000000	0.00000000	0.00006357	0.00014778	0.00000000	0.00006324	0.00005238	0.00000000	0.00001971	0.00002136	0.00001586	0.00010182	0.00000000
k__Bacteria|p__unidentified_Bacteria|c__Gammaproteobacteria|o__Salinisphaerales|f__Solimonadaceae|g__unidentified_Solimonadaceae|s__Sinobacteraceae_bacterium	0.00000000	0.00001699	0.00000000	0.00000000	0.00000000	0.00070052	0.00000000	0.00026190	0.00018099	0.00031543	0.00115348	0.00001586	0.00049212	0.00065273
k__Bacteria|p__unidentified_Bacteria|c__Kazania|o__unidentified_Kazania|f__unidentified_Kazania|g__unidentified_Kazania|s__candidate_division_Kazan_bacterium_RBG_13_50_9	0.00000000	0.00000000	0.00000000	0.00000000	0.00000000	0.00000000	0.00000000	0.00000000	0.00000000	0.00000000	0.00000000	0.00000000	0.00000000	0.00000000
k__Bacteria|p__unidentified_Bacteria|c__Negativicutes|o__Veillonellales_Selenomonadales|f__Sporomusaceae|g__unidentified_Sporomusaceae|s__Veillonellaceae_bacterium_6_15	0.00000000	0.00000000	0.00000000	0.00000000	0.00000000	0.00000000	0.00000000	0.00000000	0.00005430	0.00001971	0.00000000	0.00000000	0.00000000	0.00000000
k__Bacteria|p__unidentified_Bacteria|c__Polyangia|o__Polyangiales|f__Sandaracinaceae|g__unidentified_Sandaracinaceae|s__s____bacterium__enrichment__culture__clone__33	0.00000000	0.00006796	0.00000000	0.00000000	0.00000000	0.00000000	0.00000000	0.00000000	0.00000000	0.00000000	0.00000000	0.00000000	0.00000000	0.00000000
k__Bacteria|p__unidentified_Bacteria|c__Saccharimonadia|o__Saccharimonadales|f__unidentified_Saccharimonadales|g__unidentified_Saccharimonadales|s__Candidatus_Saccharibacteria_bacterium_UB2523	0.00000000	0.00000000	0.00129623	0.00000000	0.00000000	0.00000000	0.00000000	0.00000000	0.00000000	0.00000000	0.00000000	0.00000000	0.00000000	0.00014686
k__Bacteria|p__unidentified_Bacteria|c__Saccharimonadia|o__Saccharimonadales|f__unidentified_Saccharimonadales|g__unidentified_Saccharimonadales|s__TM7_phylum_sp_oral_clone_FR058	0.00008024	0.00000000	0.00000000	0.00000000	0.00002956	0.00000000	0.00000000	0.00000000	0.00007240	0.00000000	0.00000000	0.00000000	0.00000000	0.00000000
k__Bacteria|p__unidentified_Bacteria|c__Spirochaetia|o__Spirochaetales|f__Spirochaetaceae|g__unidentified_Spirochaetaceae|s__Leptospiraceae_bacterium_feline_oral_taxon_214	0.00004012	0.00000000	0.00000000	0.00000000	0.00002956	0.00000000	0.00000000	0.00001746	0.00000000	0.00000000	0.00002136	0.00000000	0.00000000	0.00000000
k__Bacteria|p__unidentified_Bacteria|c__Synergistia|o__Synergistales|f__Synergistaceae|g__unidentified_Synergistaceae|s__Synergistetes_bacterium_GK_MMP1	0.00002006	0.00000000	0.00000000	0.00003178	0.00000000	0.00000000	0.00000000	0.00000000	0.00007240	0.00000000	0.00000000	0.00000000	0.00001697	0.00000000
k__Bacteria|p__unidentified_Bacteria|c__Synergistia|o__Synergistales|f__Synergistaceae|g__unidentified_Synergistaceae|s__bacterium_enrichment_culture_clone_Ecwsrb046	0.00010030	0.00022086	0.00003367	0.00006357	0.00002956	0.00007784	0.00000000	0.00103014	0.00123075	0.00045343	0.00019225	0.00014278	0.00015273	0.00003264
k__Bacteria|p__unidentified_Bacteria|c__Syntrophobacteria|o__Syntrophobacterales|f__unidentified_Syntrophobacterales|g__unidentified_Syntrophobacterales|s__Deltaproteobacteria_bacterium_RBG_13_43_22	0.00062188	0.00027182	0.00016834	0.00012714	0.00008867	0.00000000	0.00001581	0.00000000	0.00000000	0.00001971	0.00000000	0.00000000	0.00000000	0.00001632
k__Bacteria|p__unidentified_Bacteria|c__Thermodesulfovibrionia|o__unidentified_Thermodesulfovibrionia|f__unidentified_Thermodesulfovibrionia|g__unidentified_Thermodesulfovibrionia|s__bacterium_enrichment_culture_clone_C11	0.00082248	0.00076450	0.00102688	0.00117602	0.00014778	0.00000000	0.00017392	0.00000000	0.00000000	0.00000000	0.00000000	0.00000000	0.00000000	0.00004895
k__Bacteria|p__unidentified_Bacteria|c__Thermodesulfovibrionia|o__unidentified_Thermodesulfovibrionia|f__unidentified_Thermodesulfovibrionia|g__unidentified_Thermodesulfovibrionia|s__saltmarsh_clone_LCP_6	0.00076230	0.00037376	0.00070703	0.00162100	0.00020690	0.00054485	0.00009486	0.00000000	0.00000000	0.00001971	0.00000000	0.00000000	0.00000000	0.00003264
k__Bacteria|p__unidentified_Bacteria|c__Thermoleophilia|o__Gaiellales|f__unidentified_Gaiellales|g__unidentified_Gaiellales|s__Gaiella_sp_EBR4_RS1	0.00000000	0.00000000	0.00000000	0.00000000	0.00000000	0.00000000	0.00000000	0.00000000	0.00009050	0.00000000	0.00000000	0.00000000	0.00005091	0.00000000
k__Bacteria|p__unidentified_Bacteria|c__Vicinamibacteria|o__Vicinamibacterales|f__unidentified_Vicinamibacterales|g__unidentified_Vicinamibacterales|s__Acidobacteria_bacterium_SCN_69_37	0.00008024	0.00000000	0.00003367	0.00000000	0.00000000	0.00000000	0.00000000	0.00000000	0.00000000	0.00000000	0.00000000	0.00001586	0.00000000	0.00004895
k__Bacteria|p__unidentified_Bacteria|c__unidentified_Bacteria|o__Gemmatales|f__Gemmataceae|g__unidentified_Gemmataceae|s__s____bacterium__enrichment__culture__clone__B145	0.00000000	0.00000000	0.00000000	0.00000000	0.00000000	0.00000000	0.00000000	0.00000000	0.00000000	0.00000000	0.00000000	0.00000000	0.00000000	0.00000000
k__Bacteria|p__unidentified_Bacteria|c__unidentified_Bacteria|o__Gemmatimonadales|f__Gemmatimonadaceae|g__unidentified_Gemmatimonadaceae|s__Gemmatimonadetes_bacterium_SCN_70_22	0.00084254	0.00023784	0.00075754	0.00034963	0.00044335	0.00150481	0.00000000	0.00033174	0.00018099	0.00043372	0.00209335	0.00417235	0.00062787	0.00200715
k__Bacteria|p__unidentified_Bacteria|c__unidentified_Bacteria|o__Propionibacteriales|f__Propionibacteriaceae|g__unidentified_Propionibacteriaceae|s__Gram_positive_bacterium_SOGA22	0.00000000	0.00000000	0.00000000	0.00000000	0.00000000	0.00000000	0.00000000	0.00000000	0.00003620	0.00000000	0.00000000	0.00000000	0.00000000	0.00000000
k__Bacteria|p__unidentified_Bacteria|c__unidentified_Bacteria|o__unidentified_Bacteria|f__unidentified_Bacteria|g__unidentified_Bacteria|s__Desulfarculaceae_bacterium_JdFR_97	0.00006018	0.00000000	0.00000000	0.00003178	0.00000000	0.00000000	0.00000000	0.00000000	0.00000000	0.00000000	0.00000000	0.00000000	0.00000000	0.00000000
k__Bacteria|p__unidentified_Bacteria|c__unidentified_Bacteria|o__unidentified_Bacteria|f__unidentified_Bacteria|g__unidentified_Bacteria|s__Myxococcales_bacterium_enrichment_culture_clone_11380	0.00002006	0.00000000	0.00000000	0.00003178	0.00000000	0.00000000	0.00000000	0.00000000	0.00000000	0.00000000	0.00000000	0.00000000	0.00000000	0.00000000
k__Bacteria|p__unidentified_Bacteria|c__unidentified_Bacteria|o__unidentified_Bacteria|f__unidentified_Bacteria|g__unidentified_Bacteria|s__anaerobic_bacterium_EtOH8	0.00006018	0.00000000	0.00000000	0.00000000	0.00000000	0.00000000	0.00000000	0.00000000	0.00000000	0.00000000	0.00000000	0.00000000	0.00000000	0.00000000
k__Bacteria|p__unidentified_Bacteria|c__unidentified_Bacteria|o__unidentified_Bacteria|f__unidentified_Bacteria|g__unidentified_Bacteria|s__anaerobic_bacterium_sk.prop8	0.00002006	0.00001699	0.00001683	0.00000000	0.00000000	0.00005189	0.00000000	0.00001746	0.00000000	0.00000000	0.00006408	0.00000000	0.00000000	0.00001632
k__Bacteria|p__unidentified_Bacteria|c__unidentified_Bacteria|o__unidentified_Bacteria|f__unidentified_Bacteria|g__unidentified_Bacteria|s__candidate_division_WS6_bacterium_GW2011_GWC2_36_7	0.00000000	0.00000000	0.00000000	0.00000000	0.00000000	0.00000000	0.00000000	0.00001746	0.00000000	0.00000000	0.00000000	0.00000000	0.00000000	0.00000000
k__Bacteria|p__unidentified_Bacteria|c__unidentified_Bacteria|o__unidentified_Bacteria|f__unidentified_Bacteria|g__unidentified_Bacteria|s__candidate_division_WS6_bacterium_GW2011_GWE2_33_157	0.00000000	0.00003398	0.00000000	0.00000000	0.00000000	0.00002595	0.00000000	0.00006984	0.00001810	0.00003943	0.00000000	0.00000000	0.00000000	0.00000000
k__Bacteria|p__unidentified_Bacteria|c__unidentified_Bacteria|o__unidentified_Bacteria|f__unidentified_Bacteria|g__unidentified_Bacteria|s__delta_proteobacterium_WX81	0.00040121	0.00220856	0.00001683	0.00000000	0.00002956	0.00012973	0.00000000	0.00003492	0.00000000	0.00000000	0.00002136	0.00007932	0.00006788	0.00001632
